execucao,variante,token,N,condicao,posicao,k,etapa,ordem,direcao,funcao,seletor,operacao_governada,gas,status,motivo_reversao,tx_hash
2026-09-23T22-01-29-998Z_n-sweep_1-2-4-8-16-32-50,V0,T1,,,,,deploy_token_T1,,,constructor,0x61016060,,1621017,1,,0xece28f063ba256e8fc65152daf61fe745a7823e8ba387b1b661409f18f6dc4cc
2026-09-23T22-01-29-998Z_n-sweep_1-2-4-8-16-32-50,V0,,,,,,deploy_registry,,,constructor,0x60806040,,4590964,1,,0x9005486642112873086c0faf3a06ce7199e3377186a80eb6eea4235f5e1c6f56
2026-09-23T22-01-29-998Z_n-sweep_1-2-4-8-16-32-50,V0,,,,,,deploy_governor_V0,,,constructor,0x6101c080,,2133394,1,,0x8b33a795df9df0e5a3cb812430955580d1fb4f654a6028dd161238e13d560524
2026-09-23T22-01-29-998Z_n-sweep_1-2-4-8-16-32-50,V0,,,,,,grant_admin_role,,,grantRole,0x2f2ff15d,,50799,1,,0xb518a3911be32f0a59dcaec3e43c7ec54010f07f3e473d550516b1aab1a18d6b
2026-09-23T22-01-29-998Z_n-sweep_1-2-4-8-16-32-50,V0,,,,,,revoke_deployer_admin_role,,,revokeRole,0xd547741f,,27116,1,,0x8cb08b8b6ca45600b76a431b4cd18aee2095374e00c890903bfaa28d83b5f82b
2026-09-23T22-01-29-998Z_n-sweep_1-2-4-8-16-32-50,V0,,1,A-unanime,,,delegate_admin,,,,0x5c19a95c,,95559,1,,0xfa43c1f7a1a1658c8aeac58119b26e806face10fc63ae3e18099942309f4d395
2026-09-23T22-01-29-998Z_n-sweep_1-2-4-8-16-32-50,V0,,1,A-unanime,,,delegate,,,,0x5c19a95c,,48347,1,,0xf96ae171d39b1290c248e3ee88c92c43e24751ff4aacf46bad404cad29a33e37
2026-09-23T22-01-29-998Z_n-sweep_1-2-4-8-16-32-50,V0,,1,A-unanime,,,transfer,,,,0xa9059cbb,,135960,1,,0x9e6fed2bbae08fedc0b25afd1aa26081230acfb932526f38c7c696787f0dd831
2026-09-23T22-01-29-998Z_n-sweep_1-2-4-8-16-32-50,V0,,1,A-unanime,,,propose,,,propose,0x7d5e81e2,WasteCategoryRegistry.updateCredits,63778,1,,0xd3c780b88666e4825d7c5126fecf93dc527376a72a77eb9ff51fd4a3ef9a4bac
2026-09-23T22-01-29-998Z_n-sweep_1-2-4-8-16-32-50,V0,,1,A-unanime,,,vote,1,for,,0x56781388,,81887,1,,0x63622eb868e529f8b2bb2c1238cc10340a925553241712582f0427ab20cffa2f
2026-09-23T22-01-29-998Z_n-sweep_1-2-4-8-16-32-50,V0,,1,A-unanime,,,execute,,,execute,0x2656227d,WasteCategoryRegistry.updateCredits,60807,1,,0x04c4a9baa29aaae041184141a4dca16ac0e36fb0b885a8aa79ae672ba9afc956
2026-09-23T22-01-29-998Z_n-sweep_1-2-4-8-16-32-50,V1,T1,,,,,deploy_token_T1,,,constructor,0x61016060,,1621017,1,,0xece28f063ba256e8fc65152daf61fe745a7823e8ba387b1b661409f18f6dc4cc
2026-09-23T22-01-29-998Z_n-sweep_1-2-4-8-16-32-50,V1,,,,,,deploy_registry,,,constructor,0x60806040,,4590964,1,,0x9005486642112873086c0faf3a06ce7199e3377186a80eb6eea4235f5e1c6f56
2026-09-23T22-01-29-998Z_n-sweep_1-2-4-8-16-32-50,V1,,,,,,deploy_governor_V1,,,constructor,0x6101c080,,2141155,1,,0xcbf032b87647649d09648621f7d61fb312aee4174486ee6f404819243ac59ca9
2026-09-23T22-01-29-998Z_n-sweep_1-2-4-8-16-32-50,V1,,,,,,grant_admin_role,,,grantRole,0x2f2ff15d,,50799,1,,0xfdc9a3875129e16eb4a0e6527cfb2e5662449c13660398cf3b7c723db6d0e009
2026-09-23T22-01-29-998Z_n-sweep_1-2-4-8-16-32-50,V1,,,,,,revoke_deployer_admin_role,,,revokeRole,0xd547741f,,27116,1,,0xc189311656167d1c4c211ee1c4f5143a8df64ff72cb449ebf7ec77ff2fd0bcbb
2026-09-23T22-01-29-998Z_n-sweep_1-2-4-8-16-32-50,V1,,1,A-unanime,,,delegate_admin,,,,0x5c19a95c,,95559,1,,0xd4695df7ceba86e36d8d32ccf756640823a0c1b729cf20e3a0b632c08e38ee6a
2026-09-23T22-01-29-998Z_n-sweep_1-2-4-8-16-32-50,V1,,1,A-unanime,,,delegate,,,,0x5c19a95c,,48347,1,,0x81d5bf8e96fad9ce8b5230dc73abbeb313b25fcb2932728690f357e6b4e905b9
2026-09-23T22-01-29-998Z_n-sweep_1-2-4-8-16-32-50,V1,,1,A-unanime,,,transfer,,,,0xa9059cbb,,135960,1,,0xe01fb086ec8d5ccdd199466999a6a1511c14b8dfc1a2cec9d7a746f64c367c4d
2026-09-23T22-01-29-998Z_n-sweep_1-2-4-8-16-32-50,V1,,1,A-unanime,,,propose,,,propose,0x7d5e81e2,WasteCategoryRegistry.updateCredits,63778,1,,0xd1a78dbf3b6655666494abe2bc8b9b7fe4ab85bdf226981406904abb3eb4dfe1
2026-09-23T22-01-29-998Z_n-sweep_1-2-4-8-16-32-50,V1,,1,A-unanime,,,vote,1,for,,0x56781388,,82468,1,,0x88a2d0513af76963e02db21828148e435b4f370bb4973d180d5afdeb07503715
2026-09-23T22-01-29-998Z_n-sweep_1-2-4-8-16-32-50,V1,,1,A-unanime,,,execute,,,execute,0x2656227d,WasteCategoryRegistry.updateCredits,60807,1,,0x1f542d13afc0f9e83452954ff65e6a70d942a9202ba4a525776ead6e28fb5c79
2026-09-23T22-01-29-998Z_n-sweep_1-2-4-8-16-32-50,V2,T1,,,,,deploy_token_T1,,,constructor,0x61016060,,1621017,1,,0xece28f063ba256e8fc65152daf61fe745a7823e8ba387b1b661409f18f6dc4cc
2026-09-23T22-01-29-998Z_n-sweep_1-2-4-8-16-32-50,V2,,,,,,deploy_registry,,,constructor,0x60806040,,4590964,1,,0x9005486642112873086c0faf3a06ce7199e3377186a80eb6eea4235f5e1c6f56
2026-09-23T22-01-29-998Z_n-sweep_1-2-4-8-16-32-50,V2,,,,,,deploy_governor_V2,,,constructor,0x6101e080,,2178840,1,,0xa32c9f3d540c0ae9eee563ea02a53e3c1648afde51e09209202bc2912d9a8532
2026-09-23T22-01-29-998Z_n-sweep_1-2-4-8-16-32-50,V2,,,,,,grant_admin_role,,,grantRole,0x2f2ff15d,,50799,1,,0x0482dd737ad13e5cf9f342f77b7f4c8d4a60575e6613b501a7a433855227e65d
2026-09-23T22-01-29-998Z_n-sweep_1-2-4-8-16-32-50,V2,,,,,,revoke_deployer_admin_role,,,revokeRole,0xd547741f,,27116,1,,0xbf6c6756b6e885a31717a4b56f3c4fc35da4780ca84e075711ea97189f58ea3d
2026-09-23T22-01-29-998Z_n-sweep_1-2-4-8-16-32-50,V2,,1,A-unanime,,,delegate_admin,,,,0x5c19a95c,,95559,1,,0xe4ed125ff7fcf34a784094393e69d7b32184f90f45a88cf0e398ac5fe2329d50
2026-09-23T22-01-29-998Z_n-sweep_1-2-4-8-16-32-50,V2,,1,A-unanime,,,delegate,,,,0x5c19a95c,,48347,1,,0x8e5cf2e817455991c3f88244f29b95e3c5703efb253d16587c3e019ace8ed4aa
2026-09-23T22-01-29-998Z_n-sweep_1-2-4-8-16-32-50,V2,,1,A-unanime,,,transfer,,,,0xa9059cbb,,135960,1,,0xe10ecb97b42138babe52528965ac198018a24ad44870bac43f92d1b923260048
2026-09-23T22-01-29-998Z_n-sweep_1-2-4-8-16-32-50,V2,,1,A-unanime,,,propose,,,propose,0x7d5e81e2,WasteCategoryRegistry.updateCredits,63778,1,,0x576b93c43255cf76636f99efbb6e1b79098288927d9bbe2d9fb562c13cc5622c
2026-09-23T22-01-29-998Z_n-sweep_1-2-4-8-16-32-50,V2,,1,A-unanime,,,vote,1,for,,0x56781388,,82468,1,,0x125b93be8cb0b7084d1d8c4bf2d0c1a9fe4f8bb8712ccf9f07c56392a7b8c8a2
2026-09-23T22-01-29-998Z_n-sweep_1-2-4-8-16-32-50,V2,,1,A-unanime,,,execute,,,execute,0x2656227d,WasteCategoryRegistry.updateCredits,60847,1,,0x68f72c97a906fbfd5c572fb52e4dbc3f97c050be4d71604ea14596b32627900a
2026-09-23T22-01-29-998Z_n-sweep_1-2-4-8-16-32-50,Ref,T1,,,,,deploy_token_T1,,,constructor,0x61016060,,1621017,1,,0x8a423d158719dafa7ff4b82bcd6f6a5661f61c993e6aaede0acbe21a849af082
2026-09-23T22-01-29-998Z_n-sweep_1-2-4-8-16-32-50,Ref,,,,,,deploy_registry,,,constructor,0x60806040,,4590964,1,,0x9005486642112873086c0faf3a06ce7199e3377186a80eb6eea4235f5e1c6f56
2026-09-23T22-01-29-998Z_n-sweep_1-2-4-8-16-32-50,Ref,,,,,,deploy_rewards_registry_for_ctor,,,constructor,0x60806040,,4590964,1,,0x484f4210d177094deb4832deb5e459c708c732becb1881e1d1417503c177d84a
2026-09-23T22-01-29-998Z_n-sweep_1-2-4-8-16-32-50,Ref,,,,,,deploy_credit,,,constructor,0x60806040,,931954,1,,0xda6265176213799bfac2d03545eb38f6f6d6d978852db5e040dec6bdc95b6a46
2026-09-23T22-01-29-998Z_n-sweep_1-2-4-8-16-32-50,Ref,,,,,,deploy_passport,,,constructor,0x60806040,,2776581,1,,0xe5a36162780b85ac2b217350036da2286056186a02d74234dd0980865a07c217
2026-09-23T22-01-29-998Z_n-sweep_1-2-4-8-16-32-50,Ref,,,,,,deploy_rewards,,,constructor,0x60803461,,1246140,1,,0x748f3eef423a29001e508633e407c909b25f0e6a89b560856468f0ac6655c439
2026-09-23T22-01-29-998Z_n-sweep_1-2-4-8-16-32-50,Ref,,,,,,deploy_stakeholders,,,constructor,0x60803461,,1679823,1,,0xd4be2e468d589ae7e76ff2c292757707613e73c2a9e8f4c774280b5fd0991072
2026-09-23T22-01-29-998Z_n-sweep_1-2-4-8-16-32-50,Ref,,,,,,deploy_governor_Ref,,,constructor,0x61018060,,4434623,1,,0xd1b6a3d1f944bdfe5c399ebf7a1e6ed8a76e5b5acd93cdfc3d211571cbc50a6e
2026-09-23T22-01-29-998Z_n-sweep_1-2-4-8-16-32-50,Ref,,,,,,grant_admin_role,,,grantRole,0x2f2ff15d,,50799,1,,0x9477ec21ceecb8e71e570a8e5c711d060981c6dc53217d4071b2c7d012604374
2026-09-23T22-01-29-998Z_n-sweep_1-2-4-8-16-32-50,Ref,,,,,,revoke_deployer_admin_role,,,revokeRole,0xd547741f,,27116,1,,0x4571f6b2b82c72e95dbfd028346a3c95cee362f1cdc4e946338a9d1e56d58c09
2026-09-23T22-01-29-998Z_n-sweep_1-2-4-8-16-32-50,Ref,,1,A-unanime,,,delegate_admin,,,,0x5c19a95c,,95559,1,,0xfca7f8e34a7a367a38495092e6c6ae53f6f6bbc6c6cdd047fed83c770b76a8c9
2026-09-23T22-01-29-998Z_n-sweep_1-2-4-8-16-32-50,Ref,,1,A-unanime,,,delegate,,,,0x5c19a95c,,48347,1,,0x2f1db724527155bbb87015320f4de9a632dd20bb0d57eddcbd649b18207511a9
2026-09-23T22-01-29-998Z_n-sweep_1-2-4-8-16-32-50,Ref,,1,A-unanime,,,transfer,,,,0xa9059cbb,,135960,1,,0xf73818cab7bec22c2873568741ee5b205f7bcf739ff4a4e81e3c97b5f44fe6a7
2026-09-23T22-01-29-998Z_n-sweep_1-2-4-8-16-32-50,Ref,,1,A-unanime,,,propose,,,propose,0x7d5e81e2,WasteCategoryRegistry.updateCredits,76501,1,,0x7cb76a6143528b5e111306a2ca78ab50803ada86da543ec457343b29f14ccaf5
2026-09-23T22-01-29-998Z_n-sweep_1-2-4-8-16-32-50,Ref,,1,A-unanime,,,vote,1,for,,0x56781388,,83098,1,,0x8a201a4c8d999c15deb121934bb272a74aa69f1590232ab96beec98ea4ff7740
2026-09-23T22-01-29-998Z_n-sweep_1-2-4-8-16-32-50,Ref,,1,A-unanime,,,execute,,,execute,0x2656227d,WasteCategoryRegistry.updateCredits,72030,1,,0x155588aed52fd6ce4e32da6564437b66163887f28ff3b5ed21a96fa50eee50dc
2026-09-23T22-01-29-998Z_n-sweep_1-2-4-8-16-32-50,V0,T1,,,,,deploy_token_T1,,,constructor,0x61016060,,1621017,1,,0xece28f063ba256e8fc65152daf61fe745a7823e8ba387b1b661409f18f6dc4cc
2026-09-23T22-01-29-998Z_n-sweep_1-2-4-8-16-32-50,V0,,,,,,deploy_registry,,,constructor,0x60806040,,4590964,1,,0x9005486642112873086c0faf3a06ce7199e3377186a80eb6eea4235f5e1c6f56
2026-09-23T22-01-29-998Z_n-sweep_1-2-4-8-16-32-50,V0,,,,,,deploy_governor_V0,,,constructor,0x6101c080,,2133394,1,,0x8b33a795df9df0e5a3cb812430955580d1fb4f654a6028dd161238e13d560524
2026-09-23T22-01-29-998Z_n-sweep_1-2-4-8-16-32-50,V0,,,,,,grant_admin_role,,,grantRole,0x2f2ff15d,,50799,1,,0xb518a3911be32f0a59dcaec3e43c7ec54010f07f3e473d550516b1aab1a18d6b
2026-09-23T22-01-29-998Z_n-sweep_1-2-4-8-16-32-50,V0,,,,,,revoke_deployer_admin_role,,,revokeRole,0xd547741f,,27116,1,,0x8cb08b8b6ca45600b76a431b4cd18aee2095374e00c890903bfaa28d83b5f82b
2026-09-23T22-01-29-998Z_n-sweep_1-2-4-8-16-32-50,V0,,2,A-unanime,,,delegate_admin,,,,0x5c19a95c,,95559,1,,0xfa43c1f7a1a1658c8aeac58119b26e806face10fc63ae3e18099942309f4d395
2026-09-23T22-01-29-998Z_n-sweep_1-2-4-8-16-32-50,V0,,2,A-unanime,,,delegate,,,,0x5c19a95c,,48347,1,,0xf96ae171d39b1290c248e3ee88c92c43e24751ff4aacf46bad404cad29a33e37
2026-09-23T22-01-29-998Z_n-sweep_1-2-4-8-16-32-50,V0,,2,A-unanime,,,delegate,,,,0x5c19a95c,,48335,1,,0x65ff74d2610d5c80f16dc62aa4e01b339a9ecd8c95911ae092d678a9792cdcb8
2026-09-23T22-01-29-998Z_n-sweep_1-2-4-8-16-32-50,V0,,2,A-unanime,,,transfer,,,,0xa9059cbb,,135960,1,,0xf847a7213af1a04e723ad73f3fdaf0da5bd64ecd26987bdf0ea0aa77aa20f35e
2026-09-23T22-01-29-998Z_n-sweep_1-2-4-8-16-32-50,V0,,2,A-unanime,,,transfer,,,,0xa9059cbb,,135948,1,,0xac8cd192b541d406443e43a6ce56ee41ec50390d7d994feb4d55b43dea0c3f85
2026-09-23T22-01-29-998Z_n-sweep_1-2-4-8-16-32-50,V0,,2,A-unanime,,,propose,,,propose,0x7d5e81e2,WasteCategoryRegistry.updateCredits,63778,1,,0x1ef2229598c1db11eb699aa208d8b4614ad338b4bec62a9b8eb0fe2c1ae89517
2026-09-23T22-01-29-998Z_n-sweep_1-2-4-8-16-32-50,V0,,2,A-unanime,,,vote,1,for,,0x56781388,,81899,1,,0xb81f8cdac347589f18b21028244da64ec353088e9e5014d41de54ed147e7b395
2026-09-23T22-01-29-998Z_n-sweep_1-2-4-8-16-32-50,V0,,2,A-unanime,,,vote,2,for,,0x56781388,,64799,1,,0x7da920acf1c38364241b1aee978b56d2afe48b3ac0d8c8da461d3b6e04c85c5c
2026-09-23T22-01-29-998Z_n-sweep_1-2-4-8-16-32-50,V0,,2,A-unanime,,,execute,,,execute,0x2656227d,WasteCategoryRegistry.updateCredits,60795,1,,0x29dd2cd3341fc598fdbad6e73011962728e6c73d93fba32f07350b4973cbc977
2026-09-23T22-01-29-998Z_n-sweep_1-2-4-8-16-32-50,V1,T1,,,,,deploy_token_T1,,,constructor,0x61016060,,1621017,1,,0xece28f063ba256e8fc65152daf61fe745a7823e8ba387b1b661409f18f6dc4cc
2026-09-23T22-01-29-998Z_n-sweep_1-2-4-8-16-32-50,V1,,,,,,deploy_registry,,,constructor,0x60806040,,4590964,1,,0x9005486642112873086c0faf3a06ce7199e3377186a80eb6eea4235f5e1c6f56
2026-09-23T22-01-29-998Z_n-sweep_1-2-4-8-16-32-50,V1,,,,,,deploy_governor_V1,,,constructor,0x6101c080,,2141155,1,,0xcbf032b87647649d09648621f7d61fb312aee4174486ee6f404819243ac59ca9
2026-09-23T22-01-29-998Z_n-sweep_1-2-4-8-16-32-50,V1,,,,,,grant_admin_role,,,grantRole,0x2f2ff15d,,50799,1,,0xfdc9a3875129e16eb4a0e6527cfb2e5662449c13660398cf3b7c723db6d0e009
2026-09-23T22-01-29-998Z_n-sweep_1-2-4-8-16-32-50,V1,,,,,,revoke_deployer_admin_role,,,revokeRole,0xd547741f,,27116,1,,0xc189311656167d1c4c211ee1c4f5143a8df64ff72cb449ebf7ec77ff2fd0bcbb
2026-09-23T22-01-29-998Z_n-sweep_1-2-4-8-16-32-50,V1,,2,A-unanime,,,delegate_admin,,,,0x5c19a95c,,95559,1,,0xd4695df7ceba86e36d8d32ccf756640823a0c1b729cf20e3a0b632c08e38ee6a
2026-09-23T22-01-29-998Z_n-sweep_1-2-4-8-16-32-50,V1,,2,A-unanime,,,delegate,,,,0x5c19a95c,,48347,1,,0x81d5bf8e96fad9ce8b5230dc73abbeb313b25fcb2932728690f357e6b4e905b9
2026-09-23T22-01-29-998Z_n-sweep_1-2-4-8-16-32-50,V1,,2,A-unanime,,,delegate,,,,0x5c19a95c,,48335,1,,0x92147b8c796bc2b0f21acc979799bbf4c5b5033d9d67806a8ad6842fe03d41df
2026-09-23T22-01-29-998Z_n-sweep_1-2-4-8-16-32-50,V1,,2,A-unanime,,,transfer,,,,0xa9059cbb,,135960,1,,0xe403f7f9cc5aa4c502792c774c8dbae560dbcdaf88be004f58b010f83bccb8a9
2026-09-23T22-01-29-998Z_n-sweep_1-2-4-8-16-32-50,V1,,2,A-unanime,,,transfer,,,,0xa9059cbb,,135948,1,,0xb8110c5d36b070119993f831c8ccdb0f14bdde9dd858237d5a8b73d1e82b4c97
2026-09-23T22-01-29-998Z_n-sweep_1-2-4-8-16-32-50,V1,,2,A-unanime,,,propose,,,propose,0x7d5e81e2,WasteCategoryRegistry.updateCredits,63778,1,,0x5ab95f9ed657309a46020a1749ead16b791643503820eeb84909df2ad337aa30
2026-09-23T22-01-29-998Z_n-sweep_1-2-4-8-16-32-50,V1,,2,A-unanime,,,vote,1,for,,0x56781388,,82468,1,,0xcb9933c45a6705c777aee9f1d1f7238736ad450dec48e5e487f5391be9b98673
2026-09-23T22-01-29-998Z_n-sweep_1-2-4-8-16-32-50,V1,,2,A-unanime,,,vote,2,for,,0x56781388,,65368,1,,0xac912d4263929b9dda8b2add705d09242be46201577557ab32c80b1860d1190b
2026-09-23T22-01-29-998Z_n-sweep_1-2-4-8-16-32-50,V1,,2,A-unanime,,,execute,,,execute,0x2656227d,WasteCategoryRegistry.updateCredits,60807,1,,0xd8cf54579b26814ae19c506b5a49ec25d4a157bb6440216cd11eafb8ee9b172b
2026-09-23T22-01-29-998Z_n-sweep_1-2-4-8-16-32-50,V2,T1,,,,,deploy_token_T1,,,constructor,0x61016060,,1621017,1,,0xece28f063ba256e8fc65152daf61fe745a7823e8ba387b1b661409f18f6dc4cc
2026-09-23T22-01-29-998Z_n-sweep_1-2-4-8-16-32-50,V2,,,,,,deploy_registry,,,constructor,0x60806040,,4590964,1,,0x9005486642112873086c0faf3a06ce7199e3377186a80eb6eea4235f5e1c6f56
2026-09-23T22-01-29-998Z_n-sweep_1-2-4-8-16-32-50,V2,,,,,,deploy_governor_V2,,,constructor,0x6101e080,,2178840,1,,0xa32c9f3d540c0ae9eee563ea02a53e3c1648afde51e09209202bc2912d9a8532
2026-09-23T22-01-29-998Z_n-sweep_1-2-4-8-16-32-50,V2,,,,,,grant_admin_role,,,grantRole,0x2f2ff15d,,50799,1,,0x0482dd737ad13e5cf9f342f77b7f4c8d4a60575e6613b501a7a433855227e65d
2026-09-23T22-01-29-998Z_n-sweep_1-2-4-8-16-32-50,V2,,,,,,revoke_deployer_admin_role,,,revokeRole,0xd547741f,,27116,1,,0xbf6c6756b6e885a31717a4b56f3c4fc35da4780ca84e075711ea97189f58ea3d
2026-09-23T22-01-29-998Z_n-sweep_1-2-4-8-16-32-50,V2,,2,A-unanime,,,delegate_admin,,,,0x5c19a95c,,95559,1,,0xe4ed125ff7fcf34a784094393e69d7b32184f90f45a88cf0e398ac5fe2329d50
2026-09-23T22-01-29-998Z_n-sweep_1-2-4-8-16-32-50,V2,,2,A-unanime,,,delegate,,,,0x5c19a95c,,48347,1,,0x8e5cf2e817455991c3f88244f29b95e3c5703efb253d16587c3e019ace8ed4aa
2026-09-23T22-01-29-998Z_n-sweep_1-2-4-8-16-32-50,V2,,2,A-unanime,,,delegate,,,,0x5c19a95c,,48335,1,,0x3a4d0b938991cc6665fddf48aab742d27a2480134e4cb1cf5b844b9724575405
2026-09-23T22-01-29-998Z_n-sweep_1-2-4-8-16-32-50,V2,,2,A-unanime,,,transfer,,,,0xa9059cbb,,135960,1,,0xe11bc16aa9d6990c6ae97c6b825ac87fa60e13a7a537212b1c4a998166459033
2026-09-23T22-01-29-998Z_n-sweep_1-2-4-8-16-32-50,V2,,2,A-unanime,,,transfer,,,,0xa9059cbb,,135948,1,,0x42ed2b421a7fefa2660d994e7e952e4db3e1272b712109ce2d4c6ccf6cea266d
2026-09-23T22-01-29-998Z_n-sweep_1-2-4-8-16-32-50,V2,,2,A-unanime,,,propose,,,propose,0x7d5e81e2,WasteCategoryRegistry.updateCredits,63778,1,,0x6291496160d6b80b6cee2d3575a45b1cc86401ca60708e25848604924e1233a7
2026-09-23T22-01-29-998Z_n-sweep_1-2-4-8-16-32-50,V2,,2,A-unanime,,,vote,1,for,,0x56781388,,82468,1,,0xc78eaa9373b8588fe743bea624218fdf4339414bcda1e51a67ac8961eb0386ff
2026-09-23T22-01-29-998Z_n-sweep_1-2-4-8-16-32-50,V2,,2,A-unanime,,,vote,2,for,,0x56781388,,65368,1,,0x8f05578c8e3c76e809e2650f166a98f9f2a98f92202de627de73a768222c9ee8
2026-09-23T22-01-29-998Z_n-sweep_1-2-4-8-16-32-50,V2,,2,A-unanime,,,execute,,,execute,0x2656227d,WasteCategoryRegistry.updateCredits,60847,1,,0xd51bb29fe34c64a100888dc602e013230cd1403cecf7e1fee393f5175ca8b71d
2026-09-23T22-01-29-998Z_n-sweep_1-2-4-8-16-32-50,Ref,T1,,,,,deploy_token_T1,,,constructor,0x61016060,,1621017,1,,0x8a423d158719dafa7ff4b82bcd6f6a5661f61c993e6aaede0acbe21a849af082
2026-09-23T22-01-29-998Z_n-sweep_1-2-4-8-16-32-50,Ref,,,,,,deploy_registry,,,constructor,0x60806040,,4590964,1,,0x9005486642112873086c0faf3a06ce7199e3377186a80eb6eea4235f5e1c6f56
2026-09-23T22-01-29-998Z_n-sweep_1-2-4-8-16-32-50,Ref,,,,,,deploy_rewards_registry_for_ctor,,,constructor,0x60806040,,4590964,1,,0x484f4210d177094deb4832deb5e459c708c732becb1881e1d1417503c177d84a
2026-09-23T22-01-29-998Z_n-sweep_1-2-4-8-16-32-50,Ref,,,,,,deploy_credit,,,constructor,0x60806040,,931954,1,,0xda6265176213799bfac2d03545eb38f6f6d6d978852db5e040dec6bdc95b6a46
2026-09-23T22-01-29-998Z_n-sweep_1-2-4-8-16-32-50,Ref,,,,,,deploy_passport,,,constructor,0x60806040,,2776581,1,,0xe5a36162780b85ac2b217350036da2286056186a02d74234dd0980865a07c217
2026-09-23T22-01-29-998Z_n-sweep_1-2-4-8-16-32-50,Ref,,,,,,deploy_rewards,,,constructor,0x60803461,,1246140,1,,0x748f3eef423a29001e508633e407c909b25f0e6a89b560856468f0ac6655c439
2026-09-23T22-01-29-998Z_n-sweep_1-2-4-8-16-32-50,Ref,,,,,,deploy_stakeholders,,,constructor,0x60803461,,1679823,1,,0xd4be2e468d589ae7e76ff2c292757707613e73c2a9e8f4c774280b5fd0991072
2026-09-23T22-01-29-998Z_n-sweep_1-2-4-8-16-32-50,Ref,,,,,,deploy_governor_Ref,,,constructor,0x61018060,,4434623,1,,0xd1b6a3d1f944bdfe5c399ebf7a1e6ed8a76e5b5acd93cdfc3d211571cbc50a6e
2026-09-23T22-01-29-998Z_n-sweep_1-2-4-8-16-32-50,Ref,,,,,,grant_admin_role,,,grantRole,0x2f2ff15d,,50799,1,,0x9477ec21ceecb8e71e570a8e5c711d060981c6dc53217d4071b2c7d012604374
2026-09-23T22-01-29-998Z_n-sweep_1-2-4-8-16-32-50,Ref,,,,,,revoke_deployer_admin_role,,,revokeRole,0xd547741f,,27116,1,,0x4571f6b2b82c72e95dbfd028346a3c95cee362f1cdc4e946338a9d1e56d58c09
2026-09-23T22-01-29-998Z_n-sweep_1-2-4-8-16-32-50,Ref,,2,A-unanime,,,delegate_admin,,,,0x5c19a95c,,95559,1,,0xfca7f8e34a7a367a38495092e6c6ae53f6f6bbc6c6cdd047fed83c770b76a8c9
2026-09-23T22-01-29-998Z_n-sweep_1-2-4-8-16-32-50,Ref,,2,A-unanime,,,delegate,,,,0x5c19a95c,,48347,1,,0x2f1db724527155bbb87015320f4de9a632dd20bb0d57eddcbd649b18207511a9
2026-09-23T22-01-29-998Z_n-sweep_1-2-4-8-16-32-50,Ref,,2,A-unanime,,,delegate,,,,0x5c19a95c,,48335,1,,0x8b0e52e67c302dbb4252eb6f968ee138c191eb8205be72d37b64b0c5ee99cc0e
2026-09-23T22-01-29-998Z_n-sweep_1-2-4-8-16-32-50,Ref,,2,A-unanime,,,transfer,,,,0xa9059cbb,,135960,1,,0x04ee73aa896deb6824f3417194f0276b8498b0ea30ea6be96c24be1e0b9df7ab
2026-09-23T22-01-29-998Z_n-sweep_1-2-4-8-16-32-50,Ref,,2,A-unanime,,,transfer,,,,0xa9059cbb,,135948,1,,0xd24b17cc9c0746ceb5a448346503005fbd3507bc931aff1f7b4a46e84a9ab463
2026-09-23T22-01-29-998Z_n-sweep_1-2-4-8-16-32-50,Ref,,2,A-unanime,,,propose,,,propose,0x7d5e81e2,WasteCategoryRegistry.updateCredits,78851,1,,0x0bdb82f51cf98c9b7ae9b9af990589b60ce56e6f4bd4ad98cd11228e98cbd614
2026-09-23T22-01-29-998Z_n-sweep_1-2-4-8-16-32-50,Ref,,2,A-unanime,,,vote,1,for,,0x56781388,,83098,1,,0x5f9eb9e80dae62527f3271019930c12c46ec9c06504fab186acc7b3b8b64b56a
2026-09-23T22-01-29-998Z_n-sweep_1-2-4-8-16-32-50,Ref,,2,A-unanime,,,vote,2,for,,0x56781388,,65998,1,,0x115759f772c462edf5096affb8580d52e0353f36d42ad4738f35c1533116637f
2026-09-23T22-01-29-998Z_n-sweep_1-2-4-8-16-32-50,Ref,,2,A-unanime,,,execute,,,execute,0x2656227d,WasteCategoryRegistry.updateCredits,72030,1,,0x0d06fab2a107dd441265a694316faacf20b925b2bf0c52a21c262c69d9545d56
2026-09-23T22-01-29-998Z_n-sweep_1-2-4-8-16-32-50,V0,T1,,,,,deploy_token_T1,,,constructor,0x61016060,,1621017,1,,0xece28f063ba256e8fc65152daf61fe745a7823e8ba387b1b661409f18f6dc4cc
2026-09-23T22-01-29-998Z_n-sweep_1-2-4-8-16-32-50,V0,,,,,,deploy_registry,,,constructor,0x60806040,,4590964,1,,0x9005486642112873086c0faf3a06ce7199e3377186a80eb6eea4235f5e1c6f56
2026-09-23T22-01-29-998Z_n-sweep_1-2-4-8-16-32-50,V0,,,,,,deploy_governor_V0,,,constructor,0x6101c080,,2133394,1,,0x8b33a795df9df0e5a3cb812430955580d1fb4f654a6028dd161238e13d560524
2026-09-23T22-01-29-998Z_n-sweep_1-2-4-8-16-32-50,V0,,,,,,grant_admin_role,,,grantRole,0x2f2ff15d,,50799,1,,0xb518a3911be32f0a59dcaec3e43c7ec54010f07f3e473d550516b1aab1a18d6b
2026-09-23T22-01-29-998Z_n-sweep_1-2-4-8-16-32-50,V0,,,,,,revoke_deployer_admin_role,,,revokeRole,0xd547741f,,27116,1,,0x8cb08b8b6ca45600b76a431b4cd18aee2095374e00c890903bfaa28d83b5f82b
2026-09-23T22-01-29-998Z_n-sweep_1-2-4-8-16-32-50,V0,,2,E-empate,,,delegate_admin,,,,0x5c19a95c,,95559,1,,0xfa43c1f7a1a1658c8aeac58119b26e806face10fc63ae3e18099942309f4d395
2026-09-23T22-01-29-998Z_n-sweep_1-2-4-8-16-32-50,V0,,2,E-empate,,,delegate,,,,0x5c19a95c,,48347,1,,0xf96ae171d39b1290c248e3ee88c92c43e24751ff4aacf46bad404cad29a33e37
2026-09-23T22-01-29-998Z_n-sweep_1-2-4-8-16-32-50,V0,,2,E-empate,,,delegate,,,,0x5c19a95c,,48335,1,,0x65ff74d2610d5c80f16dc62aa4e01b339a9ecd8c95911ae092d678a9792cdcb8
2026-09-23T22-01-29-998Z_n-sweep_1-2-4-8-16-32-50,V0,,2,E-empate,,,transfer,,,,0xa9059cbb,,135960,1,,0xf847a7213af1a04e723ad73f3fdaf0da5bd64ecd26987bdf0ea0aa77aa20f35e
2026-09-23T22-01-29-998Z_n-sweep_1-2-4-8-16-32-50,V0,,2,E-empate,,,transfer,,,,0xa9059cbb,,135948,1,,0xac8cd192b541d406443e43a6ce56ee41ec50390d7d994feb4d55b43dea0c3f85
2026-09-23T22-01-29-998Z_n-sweep_1-2-4-8-16-32-50,V0,,2,E-empate,,,propose,,,propose,0x7d5e81e2,WasteCategoryRegistry.updateCredits,63363,1,,0xd93c704e3cf8a6fc6d817a8b168d797d9c032053e4f4191f80878bf2dc284675
2026-09-23T22-01-29-998Z_n-sweep_1-2-4-8-16-32-50,V0,,2,E-empate,,,vote,1,for,,0x56781388,,81899,1,,0x8266219b4820da18b90aa59aec69f32b6ca04863befa3290f9b7c07f12ce81a4
2026-09-23T22-01-29-998Z_n-sweep_1-2-4-8-16-32-50,V0,,2,E-empate,,,vote,1,against,,0x56781388,,81847,1,,0xb597d70cf746935533408180b619ff2668a195174e592ebafd654dc5a93f0ec2
2026-09-23T22-01-29-998Z_n-sweep_1-2-4-8-16-32-50,V0,,2,E-empate,,,execute_attempt,,,execute,0x2656227d,WasteCategoryRegistry.updateCredits,40382,0,"VM Exception while processing transaction: reverted with custom error 'GovernorUnexpectedProposalState(27263571232906884293304453233399132863675212826403725062002720666973615208401, 3, '0x0000000000000000000000000000000000000000000000000000000000000030')'",0x42543ba7bb58333d89ffcea4660338c8cb8c67ceca985bd5ef1645d9af1edd7e
2026-09-23T22-01-29-998Z_n-sweep_1-2-4-8-16-32-50,V1,T1,,,,,deploy_token_T1,,,constructor,0x61016060,,1621017,1,,0xece28f063ba256e8fc65152daf61fe745a7823e8ba387b1b661409f18f6dc4cc
2026-09-23T22-01-29-998Z_n-sweep_1-2-4-8-16-32-50,V1,,,,,,deploy_registry,,,constructor,0x60806040,,4590964,1,,0x9005486642112873086c0faf3a06ce7199e3377186a80eb6eea4235f5e1c6f56
2026-09-23T22-01-29-998Z_n-sweep_1-2-4-8-16-32-50,V1,,,,,,deploy_governor_V1,,,constructor,0x6101c080,,2141155,1,,0xcbf032b87647649d09648621f7d61fb312aee4174486ee6f404819243ac59ca9
2026-09-23T22-01-29-998Z_n-sweep_1-2-4-8-16-32-50,V1,,,,,,grant_admin_role,,,grantRole,0x2f2ff15d,,50799,1,,0xfdc9a3875129e16eb4a0e6527cfb2e5662449c13660398cf3b7c723db6d0e009
2026-09-23T22-01-29-998Z_n-sweep_1-2-4-8-16-32-50,V1,,,,,,revoke_deployer_admin_role,,,revokeRole,0xd547741f,,27116,1,,0xc189311656167d1c4c211ee1c4f5143a8df64ff72cb449ebf7ec77ff2fd0bcbb
2026-09-23T22-01-29-998Z_n-sweep_1-2-4-8-16-32-50,V1,,2,E-empate,,,delegate_admin,,,,0x5c19a95c,,95559,1,,0xd4695df7ceba86e36d8d32ccf756640823a0c1b729cf20e3a0b632c08e38ee6a
2026-09-23T22-01-29-998Z_n-sweep_1-2-4-8-16-32-50,V1,,2,E-empate,,,delegate,,,,0x5c19a95c,,48347,1,,0x81d5bf8e96fad9ce8b5230dc73abbeb313b25fcb2932728690f357e6b4e905b9
2026-09-23T22-01-29-998Z_n-sweep_1-2-4-8-16-32-50,V1,,2,E-empate,,,delegate,,,,0x5c19a95c,,48335,1,,0x92147b8c796bc2b0f21acc979799bbf4c5b5033d9d67806a8ad6842fe03d41df
2026-09-23T22-01-29-998Z_n-sweep_1-2-4-8-16-32-50,V1,,2,E-empate,,,transfer,,,,0xa9059cbb,,135960,1,,0xe403f7f9cc5aa4c502792c774c8dbae560dbcdaf88be004f58b010f83bccb8a9
2026-09-23T22-01-29-998Z_n-sweep_1-2-4-8-16-32-50,V1,,2,E-empate,,,transfer,,,,0xa9059cbb,,135948,1,,0xb8110c5d36b070119993f831c8ccdb0f14bdde9dd858237d5a8b73d1e82b4c97
2026-09-23T22-01-29-998Z_n-sweep_1-2-4-8-16-32-50,V1,,2,E-empate,,,propose,,,propose,0x7d5e81e2,WasteCategoryRegistry.updateCredits,63363,1,,0xb9738d77797f6ae3225a35613c9b34b9fd4f3f317421c79ca540f48369bae9a6
2026-09-23T22-01-29-998Z_n-sweep_1-2-4-8-16-32-50,V1,,2,E-empate,,,vote,1,for,,0x56781388,,82468,1,,0x3d2d1ae02550bef963d0920e6cee6d24d92004c499c9211f087d5c151ad834f9
2026-09-23T22-01-29-998Z_n-sweep_1-2-4-8-16-32-50,V1,,2,E-empate,,,vote,1,against,,0x56781388,,82416,1,,0x3c1706b1d1d9ad27e7dab6eef3ad55dd4cf9db4c0be1413a09e49f016efb65a3
2026-09-23T22-01-29-998Z_n-sweep_1-2-4-8-16-32-50,V1,,2,E-empate,,,execute_attempt,,,execute,0x2656227d,WasteCategoryRegistry.updateCredits,40382,0,"VM Exception while processing transaction: reverted with custom error 'GovernorUnexpectedProposalState(73551667287907099059453149978023138633781436469339645183856224777571754565581, 3, '0x0000000000000000000000000000000000000000000000000000000000000030')'",0x7dfc49781e3fa4934b82b4a87c2f2e3f8a9616989aa23358e2ada7b3ee31ab17
2026-09-23T22-01-29-998Z_n-sweep_1-2-4-8-16-32-50,V2,T1,,,,,deploy_token_T1,,,constructor,0x61016060,,1621017,1,,0xece28f063ba256e8fc65152daf61fe745a7823e8ba387b1b661409f18f6dc4cc
2026-09-23T22-01-29-998Z_n-sweep_1-2-4-8-16-32-50,V2,,,,,,deploy_registry,,,constructor,0x60806040,,4590964,1,,0x9005486642112873086c0faf3a06ce7199e3377186a80eb6eea4235f5e1c6f56
2026-09-23T22-01-29-998Z_n-sweep_1-2-4-8-16-32-50,V2,,,,,,deploy_governor_V2,,,constructor,0x6101e080,,2178840,1,,0xa32c9f3d540c0ae9eee563ea02a53e3c1648afde51e09209202bc2912d9a8532
2026-09-23T22-01-29-998Z_n-sweep_1-2-4-8-16-32-50,V2,,,,,,grant_admin_role,,,grantRole,0x2f2ff15d,,50799,1,,0x0482dd737ad13e5cf9f342f77b7f4c8d4a60575e6613b501a7a433855227e65d
2026-09-23T22-01-29-998Z_n-sweep_1-2-4-8-16-32-50,V2,,,,,,revoke_deployer_admin_role,,,revokeRole,0xd547741f,,27116,1,,0xbf6c6756b6e885a31717a4b56f3c4fc35da4780ca84e075711ea97189f58ea3d
2026-09-23T22-01-29-998Z_n-sweep_1-2-4-8-16-32-50,V2,,2,E-empate,,,delegate_admin,,,,0x5c19a95c,,95559,1,,0xe4ed125ff7fcf34a784094393e69d7b32184f90f45a88cf0e398ac5fe2329d50
2026-09-23T22-01-29-998Z_n-sweep_1-2-4-8-16-32-50,V2,,2,E-empate,,,delegate,,,,0x5c19a95c,,48347,1,,0x8e5cf2e817455991c3f88244f29b95e3c5703efb253d16587c3e019ace8ed4aa
2026-09-23T22-01-29-998Z_n-sweep_1-2-4-8-16-32-50,V2,,2,E-empate,,,delegate,,,,0x5c19a95c,,48335,1,,0x3a4d0b938991cc6665fddf48aab742d27a2480134e4cb1cf5b844b9724575405
2026-09-23T22-01-29-998Z_n-sweep_1-2-4-8-16-32-50,V2,,2,E-empate,,,transfer,,,,0xa9059cbb,,135960,1,,0xe11bc16aa9d6990c6ae97c6b825ac87fa60e13a7a537212b1c4a998166459033
2026-09-23T22-01-29-998Z_n-sweep_1-2-4-8-16-32-50,V2,,2,E-empate,,,transfer,,,,0xa9059cbb,,135948,1,,0x42ed2b421a7fefa2660d994e7e952e4db3e1272b712109ce2d4c6ccf6cea266d
2026-09-23T22-01-29-998Z_n-sweep_1-2-4-8-16-32-50,V2,,2,E-empate,,,propose,,,propose,0x7d5e81e2,WasteCategoryRegistry.updateCredits,63363,1,,0x4ffdf24cc9f9465718dea2d9952718c675e1131b2a6d2484a20777389336c9a4
2026-09-23T22-01-29-998Z_n-sweep_1-2-4-8-16-32-50,V2,,2,E-empate,,,vote,1,for,,0x56781388,,82468,1,,0xdd7aee9d3b4ddfe59e2f74e0b739212f4bfe031a60eba666a997669c7da4f538
2026-09-23T22-01-29-998Z_n-sweep_1-2-4-8-16-32-50,V2,,2,E-empate,,,vote,1,against,,0x56781388,,82416,1,,0xb933a658a963f87a2cb90c88f13d42b3fdc094051cfdc07beafe86a7138ee8b8
2026-09-23T22-01-29-998Z_n-sweep_1-2-4-8-16-32-50,V2,,2,E-empate,,,execute_attempt,,,execute,0x2656227d,WasteCategoryRegistry.updateCredits,40422,0,"VM Exception while processing transaction: reverted with custom error 'GovernorUnexpectedProposalState(76833588565405198233309224512658835019424946513405431652056270586738308220328, 3, '0x0000000000000000000000000000000000000000000000000000000000000030')'",0xb34efcafe7ffcabb4311570b875d09aafe2b1240e76f2380351478aaa4a4f3c1
2026-09-23T22-01-29-998Z_n-sweep_1-2-4-8-16-32-50,Ref,T1,,,,,deploy_token_T1,,,constructor,0x61016060,,1621017,1,,0x8a423d158719dafa7ff4b82bcd6f6a5661f61c993e6aaede0acbe21a849af082
2026-09-23T22-01-29-998Z_n-sweep_1-2-4-8-16-32-50,Ref,,,,,,deploy_registry,,,constructor,0x60806040,,4590964,1,,0x9005486642112873086c0faf3a06ce7199e3377186a80eb6eea4235f5e1c6f56
2026-09-23T22-01-29-998Z_n-sweep_1-2-4-8-16-32-50,Ref,,,,,,deploy_rewards_registry_for_ctor,,,constructor,0x60806040,,4590964,1,,0x484f4210d177094deb4832deb5e459c708c732becb1881e1d1417503c177d84a
2026-09-23T22-01-29-998Z_n-sweep_1-2-4-8-16-32-50,Ref,,,,,,deploy_credit,,,constructor,0x60806040,,931954,1,,0xda6265176213799bfac2d03545eb38f6f6d6d978852db5e040dec6bdc95b6a46
2026-09-23T22-01-29-998Z_n-sweep_1-2-4-8-16-32-50,Ref,,,,,,deploy_passport,,,constructor,0x60806040,,2776581,1,,0xe5a36162780b85ac2b217350036da2286056186a02d74234dd0980865a07c217
2026-09-23T22-01-29-998Z_n-sweep_1-2-4-8-16-32-50,Ref,,,,,,deploy_rewards,,,constructor,0x60803461,,1246140,1,,0x748f3eef423a29001e508633e407c909b25f0e6a89b560856468f0ac6655c439
2026-09-23T22-01-29-998Z_n-sweep_1-2-4-8-16-32-50,Ref,,,,,,deploy_stakeholders,,,constructor,0x60803461,,1679823,1,,0xd4be2e468d589ae7e76ff2c292757707613e73c2a9e8f4c774280b5fd0991072
2026-09-23T22-01-29-998Z_n-sweep_1-2-4-8-16-32-50,Ref,,,,,,deploy_governor_Ref,,,constructor,0x61018060,,4434623,1,,0xd1b6a3d1f944bdfe5c399ebf7a1e6ed8a76e5b5acd93cdfc3d211571cbc50a6e
2026-09-23T22-01-29-998Z_n-sweep_1-2-4-8-16-32-50,Ref,,,,,,grant_admin_role,,,grantRole,0x2f2ff15d,,50799,1,,0x9477ec21ceecb8e71e570a8e5c711d060981c6dc53217d4071b2c7d012604374
2026-09-23T22-01-29-998Z_n-sweep_1-2-4-8-16-32-50,Ref,,,,,,revoke_deployer_admin_role,,,revokeRole,0xd547741f,,27116,1,,0x4571f6b2b82c72e95dbfd028346a3c95cee362f1cdc4e946338a9d1e56d58c09
2026-09-23T22-01-29-998Z_n-sweep_1-2-4-8-16-32-50,Ref,,2,E-empate,,,delegate_admin,,,,0x5c19a95c,,95559,1,,0xfca7f8e34a7a367a38495092e6c6ae53f6f6bbc6c6cdd047fed83c770b76a8c9
2026-09-23T22-01-29-998Z_n-sweep_1-2-4-8-16-32-50,Ref,,2,E-empate,,,delegate,,,,0x5c19a95c,,48347,1,,0x2f1db724527155bbb87015320f4de9a632dd20bb0d57eddcbd649b18207511a9
2026-09-23T22-01-29-998Z_n-sweep_1-2-4-8-16-32-50,Ref,,2,E-empate,,,delegate,,,,0x5c19a95c,,48335,1,,0x8b0e52e67c302dbb4252eb6f968ee138c191eb8205be72d37b64b0c5ee99cc0e
2026-09-23T22-01-29-998Z_n-sweep_1-2-4-8-16-32-50,Ref,,2,E-empate,,,transfer,,,,0xa9059cbb,,135960,1,,0x04ee73aa896deb6824f3417194f0276b8498b0ea30ea6be96c24be1e0b9df7ab
2026-09-23T22-01-29-998Z_n-sweep_1-2-4-8-16-32-50,Ref,,2,E-empate,,,transfer,,,,0xa9059cbb,,135948,1,,0xd24b17cc9c0746ceb5a448346503005fbd3507bc931aff1f7b4a46e84a9ab463
2026-09-23T22-01-29-998Z_n-sweep_1-2-4-8-16-32-50,Ref,,2,E-empate,,,propose,,,propose,0x7d5e81e2,WasteCategoryRegistry.updateCredits,78839,1,,0x8d7e5f17b7cd762668c03cb40c78a13479358b88ea25b48e32f4d4661dc95bf1
2026-09-23T22-01-29-998Z_n-sweep_1-2-4-8-16-32-50,Ref,,2,E-empate,,,vote,1,for,,0x56781388,,83098,1,,0x606e095c7abbe056e3229cd86f74e64627c9929f7365ed77b7394b23411f05f8
2026-09-23T22-01-29-998Z_n-sweep_1-2-4-8-16-32-50,Ref,,2,E-empate,,,vote,1,against,,0x56781388,,83057,1,,0x460485828391663fbdb2eb8d9a0859556beed28ea8a2059e5a4496c8a0254b08
2026-09-23T22-01-29-998Z_n-sweep_1-2-4-8-16-32-50,Ref,,2,E-empate,,,execute_attempt,,,execute,0x2656227d,WasteCategoryRegistry.updateCredits,51452,0,"VM Exception while processing transaction: reverted with custom error 'GovernorUnexpectedProposalState(33304432520550904156280850808467041893011457029411990588950426675614605722381, 3, '0x0000000000000000000000000000000000000000000000000000000000000030')'",0x51b1381cfa6ad4a6feb7b41eb1765509e343d3043e2dfca27e7fdc602baddfa8
2026-09-23T22-01-29-998Z_n-sweep_1-2-4-8-16-32-50,V0,T1,,,,,deploy_token_T1,,,constructor,0x61016060,,1621017,1,,0xece28f063ba256e8fc65152daf61fe745a7823e8ba387b1b661409f18f6dc4cc
2026-09-23T22-01-29-998Z_n-sweep_1-2-4-8-16-32-50,V0,,,,,,deploy_registry,,,constructor,0x60806040,,4590964,1,,0x9005486642112873086c0faf3a06ce7199e3377186a80eb6eea4235f5e1c6f56
2026-09-23T22-01-29-998Z_n-sweep_1-2-4-8-16-32-50,V0,,,,,,deploy_governor_V0,,,constructor,0x6101c080,,2133394,1,,0x8b33a795df9df0e5a3cb812430955580d1fb4f654a6028dd161238e13d560524
2026-09-23T22-01-29-998Z_n-sweep_1-2-4-8-16-32-50,V0,,,,,,grant_admin_role,,,grantRole,0x2f2ff15d,,50799,1,,0xb518a3911be32f0a59dcaec3e43c7ec54010f07f3e473d550516b1aab1a18d6b
2026-09-23T22-01-29-998Z_n-sweep_1-2-4-8-16-32-50,V0,,,,,,revoke_deployer_admin_role,,,revokeRole,0xd547741f,,27116,1,,0x8cb08b8b6ca45600b76a431b4cd18aee2095374e00c890903bfaa28d83b5f82b
2026-09-23T22-01-29-998Z_n-sweep_1-2-4-8-16-32-50,V0,,4,A-unanime,,,delegate_admin,,,,0x5c19a95c,,95559,1,,0xfa43c1f7a1a1658c8aeac58119b26e806face10fc63ae3e18099942309f4d395
2026-09-23T22-01-29-998Z_n-sweep_1-2-4-8-16-32-50,V0,,4,A-unanime,,,delegate,,,,0x5c19a95c,,48347,1,,0xf96ae171d39b1290c248e3ee88c92c43e24751ff4aacf46bad404cad29a33e37
2026-09-23T22-01-29-998Z_n-sweep_1-2-4-8-16-32-50,V0,,4,A-unanime,,,delegate,,,,0x5c19a95c,,48335,1,,0x65ff74d2610d5c80f16dc62aa4e01b339a9ecd8c95911ae092d678a9792cdcb8
2026-09-23T22-01-29-998Z_n-sweep_1-2-4-8-16-32-50,V0,,4,A-unanime,,,delegate,,,,0x5c19a95c,,48347,1,,0xb06e4e18b389cc3c69848b844c44927f26087a909c0e4532a1ba892e8d7bac4c
2026-09-23T22-01-29-998Z_n-sweep_1-2-4-8-16-32-50,V0,,4,A-unanime,,,delegate,,,,0x5c19a95c,,48347,1,,0xfdc5c4ae6e458adbd0780d18d4ef20dca6b7a02f3efff2f7c0eec7590e340a41
2026-09-23T22-01-29-998Z_n-sweep_1-2-4-8-16-32-50,V0,,4,A-unanime,,,transfer,,,,0xa9059cbb,,135960,1,,0x8454fc46ee821c3b2e361f5144a061d86784f9997e338307310e0d19163df808
2026-09-23T22-01-29-998Z_n-sweep_1-2-4-8-16-32-50,V0,,4,A-unanime,,,transfer,,,,0xa9059cbb,,135948,1,,0x8870895cfed9782a0c87d7563be137d4b9eb71a3e6fb289269e4f17cabd52fdb
2026-09-23T22-01-29-998Z_n-sweep_1-2-4-8-16-32-50,V0,,4,A-unanime,,,transfer,,,,0xa9059cbb,,135960,1,,0x46bab4cc12531dfe80a58ebb740a466e6ec4448aaa633c9f8445d39d73991440
2026-09-23T22-01-29-998Z_n-sweep_1-2-4-8-16-32-50,V0,,4,A-unanime,,,transfer,,,,0xa9059cbb,,135960,1,,0x058cb17e428a1f84b783d8df7e02876248e876aeeb0c73b24b5397f401270264
2026-09-23T22-01-29-998Z_n-sweep_1-2-4-8-16-32-50,V0,,4,A-unanime,,,propose,,,propose,0x7d5e81e2,WasteCategoryRegistry.updateCredits,63778,1,,0xe4f51ddc9d023524448def6b75d4623df8e160f72436c85f16ba9ad113ef5630
2026-09-23T22-01-29-998Z_n-sweep_1-2-4-8-16-32-50,V0,,4,A-unanime,,,vote,1,for,,0x56781388,,81887,1,,0x63fca14aa08b862daea358c896020a5abf956ee0cace3bb842acb1fc2dce9762
2026-09-23T22-01-29-998Z_n-sweep_1-2-4-8-16-32-50,V0,,4,A-unanime,,,vote,2,for,,0x56781388,,64787,1,,0xc92a7c848234c774164c28a5516882368b600955faa4536650b67ee8d0cc7c16
2026-09-23T22-01-29-998Z_n-sweep_1-2-4-8-16-32-50,V0,,4,A-unanime,,,vote,3,for,,0x56781388,,64787,1,,0xe3479c5481970f9edf99b454cd69aba706a6c9f4e88189aba82641af7a97ef1b
2026-09-23T22-01-29-998Z_n-sweep_1-2-4-8-16-32-50,V0,,4,A-unanime,,,vote,4,for,,0x56781388,,64787,1,,0x27d0c14f1f8db2362973a6caeab2b1f7850ee72d0b2c02c1865987c39d98565f
2026-09-23T22-01-29-998Z_n-sweep_1-2-4-8-16-32-50,V0,,4,A-unanime,,,execute,,,execute,0x2656227d,WasteCategoryRegistry.updateCredits,60795,1,,0x233f59d99e11a48f2baa11be7cc7579028f7cfaeda681f0004ee49865df2d686
2026-09-23T22-01-29-998Z_n-sweep_1-2-4-8-16-32-50,V1,T1,,,,,deploy_token_T1,,,constructor,0x61016060,,1621017,1,,0xece28f063ba256e8fc65152daf61fe745a7823e8ba387b1b661409f18f6dc4cc
2026-09-23T22-01-29-998Z_n-sweep_1-2-4-8-16-32-50,V1,,,,,,deploy_registry,,,constructor,0x60806040,,4590964,1,,0x9005486642112873086c0faf3a06ce7199e3377186a80eb6eea4235f5e1c6f56
2026-09-23T22-01-29-998Z_n-sweep_1-2-4-8-16-32-50,V1,,,,,,deploy_governor_V1,,,constructor,0x6101c080,,2141155,1,,0xcbf032b87647649d09648621f7d61fb312aee4174486ee6f404819243ac59ca9
2026-09-23T22-01-29-998Z_n-sweep_1-2-4-8-16-32-50,V1,,,,,,grant_admin_role,,,grantRole,0x2f2ff15d,,50799,1,,0xfdc9a3875129e16eb4a0e6527cfb2e5662449c13660398cf3b7c723db6d0e009
2026-09-23T22-01-29-998Z_n-sweep_1-2-4-8-16-32-50,V1,,,,,,revoke_deployer_admin_role,,,revokeRole,0xd547741f,,27116,1,,0xc189311656167d1c4c211ee1c4f5143a8df64ff72cb449ebf7ec77ff2fd0bcbb
2026-09-23T22-01-29-998Z_n-sweep_1-2-4-8-16-32-50,V1,,4,A-unanime,,,delegate_admin,,,,0x5c19a95c,,95559,1,,0xd4695df7ceba86e36d8d32ccf756640823a0c1b729cf20e3a0b632c08e38ee6a
2026-09-23T22-01-29-998Z_n-sweep_1-2-4-8-16-32-50,V1,,4,A-unanime,,,delegate,,,,0x5c19a95c,,48347,1,,0x81d5bf8e96fad9ce8b5230dc73abbeb313b25fcb2932728690f357e6b4e905b9
2026-09-23T22-01-29-998Z_n-sweep_1-2-4-8-16-32-50,V1,,4,A-unanime,,,delegate,,,,0x5c19a95c,,48335,1,,0x92147b8c796bc2b0f21acc979799bbf4c5b5033d9d67806a8ad6842fe03d41df
2026-09-23T22-01-29-998Z_n-sweep_1-2-4-8-16-32-50,V1,,4,A-unanime,,,delegate,,,,0x5c19a95c,,48347,1,,0xfff43b85310b182c6fdaa6a0b82056393aba2572b23e543b42f064dc4690e2fc
2026-09-23T22-01-29-998Z_n-sweep_1-2-4-8-16-32-50,V1,,4,A-unanime,,,delegate,,,,0x5c19a95c,,48347,1,,0xd65054394087a126f7201b8caf565d34e4b8e2c37299a2eb2e8e1e169e8753b2
2026-09-23T22-01-29-998Z_n-sweep_1-2-4-8-16-32-50,V1,,4,A-unanime,,,transfer,,,,0xa9059cbb,,135960,1,,0x8f71c833d28c879e3a9877445de3ff7f5ccc748e785a983cf06fd9ef4931b6e7
2026-09-23T22-01-29-998Z_n-sweep_1-2-4-8-16-32-50,V1,,4,A-unanime,,,transfer,,,,0xa9059cbb,,135948,1,,0xb306ff70e787167818f1b8d2e3646dbb1802f502a789294577101fb126d34356
2026-09-23T22-01-29-998Z_n-sweep_1-2-4-8-16-32-50,V1,,4,A-unanime,,,transfer,,,,0xa9059cbb,,135960,1,,0x66f2d10db29510ce6557eb69a744bdcfedcf375f00cc2361ed669313673aba99
2026-09-23T22-01-29-998Z_n-sweep_1-2-4-8-16-32-50,V1,,4,A-unanime,,,transfer,,,,0xa9059cbb,,135960,1,,0x2c645216339ebcd8c7add24fbac61782325f2f09ad45787acf8c4f7fa2f7b533
2026-09-23T22-01-29-998Z_n-sweep_1-2-4-8-16-32-50,V1,,4,A-unanime,,,propose,,,propose,0x7d5e81e2,WasteCategoryRegistry.updateCredits,63778,1,,0xb9dea0c1a0fbd92ab7c84a8cc567c04b8d2453ee29f7d5903048c5fdca0d2412
2026-09-23T22-01-29-998Z_n-sweep_1-2-4-8-16-32-50,V1,,4,A-unanime,,,vote,1,for,,0x56781388,,82468,1,,0x6673569cd1106d7cb097d95a73a0043d007eea186ecea330bb7701df83f1a99f
2026-09-23T22-01-29-998Z_n-sweep_1-2-4-8-16-32-50,V1,,4,A-unanime,,,vote,2,for,,0x56781388,,65368,1,,0x7a490e58139068107ef214cdb5b5e62718a866f587b0538474690f28a20d7692
2026-09-23T22-01-29-998Z_n-sweep_1-2-4-8-16-32-50,V1,,4,A-unanime,,,vote,3,for,,0x56781388,,65368,1,,0x16e3e8e7b0686b1af6aec901c17eeaa33fd0b6c4af3795079ef8749a8547df6f
2026-09-23T22-01-29-998Z_n-sweep_1-2-4-8-16-32-50,V1,,4,A-unanime,,,vote,4,for,,0x56781388,,65368,1,,0x00f966d992dc7160ecf0b05b66db5ef7a6a508a8682d948a0a5ab6079e749e9b
2026-09-23T22-01-29-998Z_n-sweep_1-2-4-8-16-32-50,V1,,4,A-unanime,,,execute,,,execute,0x2656227d,WasteCategoryRegistry.updateCredits,60807,1,,0xe7ce6a0f7f922f1b57650a2ca6d1d3962050c7744436a25869619bbc6c490e02
2026-09-23T22-01-29-998Z_n-sweep_1-2-4-8-16-32-50,V2,T1,,,,,deploy_token_T1,,,constructor,0x61016060,,1621017,1,,0xece28f063ba256e8fc65152daf61fe745a7823e8ba387b1b661409f18f6dc4cc
2026-09-23T22-01-29-998Z_n-sweep_1-2-4-8-16-32-50,V2,,,,,,deploy_registry,,,constructor,0x60806040,,4590964,1,,0x9005486642112873086c0faf3a06ce7199e3377186a80eb6eea4235f5e1c6f56
2026-09-23T22-01-29-998Z_n-sweep_1-2-4-8-16-32-50,V2,,,,,,deploy_governor_V2,,,constructor,0x6101e080,,2178840,1,,0xa32c9f3d540c0ae9eee563ea02a53e3c1648afde51e09209202bc2912d9a8532
2026-09-23T22-01-29-998Z_n-sweep_1-2-4-8-16-32-50,V2,,,,,,grant_admin_role,,,grantRole,0x2f2ff15d,,50799,1,,0x0482dd737ad13e5cf9f342f77b7f4c8d4a60575e6613b501a7a433855227e65d
2026-09-23T22-01-29-998Z_n-sweep_1-2-4-8-16-32-50,V2,,,,,,revoke_deployer_admin_role,,,revokeRole,0xd547741f,,27116,1,,0xbf6c6756b6e885a31717a4b56f3c4fc35da4780ca84e075711ea97189f58ea3d
2026-09-23T22-01-29-998Z_n-sweep_1-2-4-8-16-32-50,V2,,4,A-unanime,,,delegate_admin,,,,0x5c19a95c,,95559,1,,0xe4ed125ff7fcf34a784094393e69d7b32184f90f45a88cf0e398ac5fe2329d50
2026-09-23T22-01-29-998Z_n-sweep_1-2-4-8-16-32-50,V2,,4,A-unanime,,,delegate,,,,0x5c19a95c,,48347,1,,0x8e5cf2e817455991c3f88244f29b95e3c5703efb253d16587c3e019ace8ed4aa
2026-09-23T22-01-29-998Z_n-sweep_1-2-4-8-16-32-50,V2,,4,A-unanime,,,delegate,,,,0x5c19a95c,,48335,1,,0x3a4d0b938991cc6665fddf48aab742d27a2480134e4cb1cf5b844b9724575405
2026-09-23T22-01-29-998Z_n-sweep_1-2-4-8-16-32-50,V2,,4,A-unanime,,,delegate,,,,0x5c19a95c,,48347,1,,0x8df16e2387da0d9fa03469e487a72815c7ad0f22d2e3631bfcd3e8532e84566f
2026-09-23T22-01-29-998Z_n-sweep_1-2-4-8-16-32-50,V2,,4,A-unanime,,,delegate,,,,0x5c19a95c,,48347,1,,0x95612e3ccf4e98f664cb62c90a18fd3142e8f5668db18fb82a400652a6b96b06
2026-09-23T22-01-29-998Z_n-sweep_1-2-4-8-16-32-50,V2,,4,A-unanime,,,transfer,,,,0xa9059cbb,,135960,1,,0x3558cad685994c37044c2f00b8b4c7de324f0ee86bcec98f244b7ad81088ae35
2026-09-23T22-01-29-998Z_n-sweep_1-2-4-8-16-32-50,V2,,4,A-unanime,,,transfer,,,,0xa9059cbb,,135948,1,,0x529fa9953c8c684549471275424870997cf2e2a9ecf2b0e4939ff68ff78e080d
2026-09-23T22-01-29-998Z_n-sweep_1-2-4-8-16-32-50,V2,,4,A-unanime,,,transfer,,,,0xa9059cbb,,135960,1,,0x3aa1a98412da82522f8ff4a1d16ee718b64d1d11e67ba2195e962875ba373fcb
2026-09-23T22-01-29-998Z_n-sweep_1-2-4-8-16-32-50,V2,,4,A-unanime,,,transfer,,,,0xa9059cbb,,135960,1,,0xf2a6471b40edcc321f4fe3279d8384ee853dabb52a43039c6dfbb622e11a7f66
2026-09-23T22-01-29-998Z_n-sweep_1-2-4-8-16-32-50,V2,,4,A-unanime,,,propose,,,propose,0x7d5e81e2,WasteCategoryRegistry.updateCredits,63778,1,,0xacb77c3651cad8f5e28f6416d89cd763ca9c335e1d15a9bb3660a517e872550d
2026-09-23T22-01-29-998Z_n-sweep_1-2-4-8-16-32-50,V2,,4,A-unanime,,,vote,1,for,,0x56781388,,82468,1,,0x2f03e547dea2851637cb9dabe56a22815bafe8330b2fd7f4d9ea9c9212b97a21
2026-09-23T22-01-29-998Z_n-sweep_1-2-4-8-16-32-50,V2,,4,A-unanime,,,vote,2,for,,0x56781388,,65368,1,,0x951724a76a1455e6c0c9703d2a3c54303049c4f17b16735b8a86372c3cec65d2
2026-09-23T22-01-29-998Z_n-sweep_1-2-4-8-16-32-50,V2,,4,A-unanime,,,vote,3,for,,0x56781388,,65368,1,,0xdcb55cbb0c95cbd5c8b8930b01d2793e8302065380d793490121ae85ed150fa1
2026-09-23T22-01-29-998Z_n-sweep_1-2-4-8-16-32-50,V2,,4,A-unanime,,,vote,4,for,,0x56781388,,65368,1,,0x165896c642f9622c3d729231967ee77021d63712485a23053b6585d00ddfd4b6
2026-09-23T22-01-29-998Z_n-sweep_1-2-4-8-16-32-50,V2,,4,A-unanime,,,execute,,,execute,0x2656227d,WasteCategoryRegistry.updateCredits,60847,1,,0xb179ed8670a44b1fa603b7131d6a0034d09afa6ee209fc27dc9d3ab4f7055658
2026-09-23T22-01-29-998Z_n-sweep_1-2-4-8-16-32-50,Ref,T1,,,,,deploy_token_T1,,,constructor,0x61016060,,1621017,1,,0x8a423d158719dafa7ff4b82bcd6f6a5661f61c993e6aaede0acbe21a849af082
2026-09-23T22-01-29-998Z_n-sweep_1-2-4-8-16-32-50,Ref,,,,,,deploy_registry,,,constructor,0x60806040,,4590964,1,,0x9005486642112873086c0faf3a06ce7199e3377186a80eb6eea4235f5e1c6f56
2026-09-23T22-01-29-998Z_n-sweep_1-2-4-8-16-32-50,Ref,,,,,,deploy_rewards_registry_for_ctor,,,constructor,0x60806040,,4590964,1,,0x484f4210d177094deb4832deb5e459c708c732becb1881e1d1417503c177d84a
2026-09-23T22-01-29-998Z_n-sweep_1-2-4-8-16-32-50,Ref,,,,,,deploy_credit,,,constructor,0x60806040,,931954,1,,0xda6265176213799bfac2d03545eb38f6f6d6d978852db5e040dec6bdc95b6a46
2026-09-23T22-01-29-998Z_n-sweep_1-2-4-8-16-32-50,Ref,,,,,,deploy_passport,,,constructor,0x60806040,,2776581,1,,0xe5a36162780b85ac2b217350036da2286056186a02d74234dd0980865a07c217
2026-09-23T22-01-29-998Z_n-sweep_1-2-4-8-16-32-50,Ref,,,,,,deploy_rewards,,,constructor,0x60803461,,1246140,1,,0x748f3eef423a29001e508633e407c909b25f0e6a89b560856468f0ac6655c439
2026-09-23T22-01-29-998Z_n-sweep_1-2-4-8-16-32-50,Ref,,,,,,deploy_stakeholders,,,constructor,0x60803461,,1679823,1,,0xd4be2e468d589ae7e76ff2c292757707613e73c2a9e8f4c774280b5fd0991072
2026-09-23T22-01-29-998Z_n-sweep_1-2-4-8-16-32-50,Ref,,,,,,deploy_governor_Ref,,,constructor,0x61018060,,4434623,1,,0xd1b6a3d1f944bdfe5c399ebf7a1e6ed8a76e5b5acd93cdfc3d211571cbc50a6e
2026-09-23T22-01-29-998Z_n-sweep_1-2-4-8-16-32-50,Ref,,,,,,grant_admin_role,,,grantRole,0x2f2ff15d,,50799,1,,0x9477ec21ceecb8e71e570a8e5c711d060981c6dc53217d4071b2c7d012604374
2026-09-23T22-01-29-998Z_n-sweep_1-2-4-8-16-32-50,Ref,,,,,,revoke_deployer_admin_role,,,revokeRole,0xd547741f,,27116,1,,0x4571f6b2b82c72e95dbfd028346a3c95cee362f1cdc4e946338a9d1e56d58c09
2026-09-23T22-01-29-998Z_n-sweep_1-2-4-8-16-32-50,Ref,,4,A-unanime,,,delegate_admin,,,,0x5c19a95c,,95559,1,,0xfca7f8e34a7a367a38495092e6c6ae53f6f6bbc6c6cdd047fed83c770b76a8c9
2026-09-23T22-01-29-998Z_n-sweep_1-2-4-8-16-32-50,Ref,,4,A-unanime,,,delegate,,,,0x5c19a95c,,48347,1,,0x2f1db724527155bbb87015320f4de9a632dd20bb0d57eddcbd649b18207511a9
2026-09-23T22-01-29-998Z_n-sweep_1-2-4-8-16-32-50,Ref,,4,A-unanime,,,delegate,,,,0x5c19a95c,,48335,1,,0x8b0e52e67c302dbb4252eb6f968ee138c191eb8205be72d37b64b0c5ee99cc0e
2026-09-23T22-01-29-998Z_n-sweep_1-2-4-8-16-32-50,Ref,,4,A-unanime,,,delegate,,,,0x5c19a95c,,48347,1,,0x1a5bd05dacedf9e3acc8ca8d92b6aea9cf2aa84f70c77d04dab2d0257070356f
2026-09-23T22-01-29-998Z_n-sweep_1-2-4-8-16-32-50,Ref,,4,A-unanime,,,delegate,,,,0x5c19a95c,,48347,1,,0x05f7d9fd7d2dcae80248756e17e23af4963c07b10ebe32e7c079f468806ce249
2026-09-23T22-01-29-998Z_n-sweep_1-2-4-8-16-32-50,Ref,,4,A-unanime,,,transfer,,,,0xa9059cbb,,135960,1,,0xc9d809ca335bf1d5ced4527901b0550905cf37979ffb752c91a4f93e12b228a1
2026-09-23T22-01-29-998Z_n-sweep_1-2-4-8-16-32-50,Ref,,4,A-unanime,,,transfer,,,,0xa9059cbb,,135948,1,,0xc2f67b0c8c6bce22fdbe4538fd277d34e8df9d4aacf849ba0f3e7710c10b8be4
2026-09-23T22-01-29-998Z_n-sweep_1-2-4-8-16-32-50,Ref,,4,A-unanime,,,transfer,,,,0xa9059cbb,,135960,1,,0xc7a976d94ddbb9ac6c5e676faa1b8bf2463e2ff3d8d2248dc8a6f3a9cd76b1a4
2026-09-23T22-01-29-998Z_n-sweep_1-2-4-8-16-32-50,Ref,,4,A-unanime,,,transfer,,,,0xa9059cbb,,135960,1,,0xce781ec8491509024d0c5d88655d22745102938a8389f2acff845c957405c8fe
2026-09-23T22-01-29-998Z_n-sweep_1-2-4-8-16-32-50,Ref,,4,A-unanime,,,propose,,,propose,0x7d5e81e2,WasteCategoryRegistry.updateCredits,78851,1,,0xdc6cf1aa75b6583d9245dd64e4bdc9f86e34a755d75ad15cda60ff6026852e2f
2026-09-23T22-01-29-998Z_n-sweep_1-2-4-8-16-32-50,Ref,,4,A-unanime,,,vote,1,for,,0x56781388,,83098,1,,0xc845b61dc388dc901e54251c84767432deb5b4c2a0c8aba25e9df69db7fb06be
2026-09-23T22-01-29-998Z_n-sweep_1-2-4-8-16-32-50,Ref,,4,A-unanime,,,vote,2,for,,0x56781388,,65998,1,,0x63f21f6f3c22095f08b92122ba900cb6569a69513c09a41b70eb87de37016ecc
2026-09-23T22-01-29-998Z_n-sweep_1-2-4-8-16-32-50,Ref,,4,A-unanime,,,vote,3,for,,0x56781388,,65998,1,,0x5a305c028cc98701cb317bf57a4be45dcedacb005fca4a511671dfbd3b7cba29
2026-09-23T22-01-29-998Z_n-sweep_1-2-4-8-16-32-50,Ref,,4,A-unanime,,,vote,4,for,,0x56781388,,65998,1,,0x26bba94dcf7f8a47562a7ea9410f940514123e0f0953ce17b427e71c1eeb7630
2026-09-23T22-01-29-998Z_n-sweep_1-2-4-8-16-32-50,Ref,,4,A-unanime,,,execute,,,execute,0x2656227d,WasteCategoryRegistry.updateCredits,72030,1,,0x780bc37a138a7ef87698ef11b9f83c10bb5fdcfa679c41e72920b9c6ecec69a4
2026-09-23T22-01-29-998Z_n-sweep_1-2-4-8-16-32-50,V0,T1,,,,,deploy_token_T1,,,constructor,0x61016060,,1621017,1,,0xece28f063ba256e8fc65152daf61fe745a7823e8ba387b1b661409f18f6dc4cc
2026-09-23T22-01-29-998Z_n-sweep_1-2-4-8-16-32-50,V0,,,,,,deploy_registry,,,constructor,0x60806040,,4590964,1,,0x9005486642112873086c0faf3a06ce7199e3377186a80eb6eea4235f5e1c6f56
2026-09-23T22-01-29-998Z_n-sweep_1-2-4-8-16-32-50,V0,,,,,,deploy_governor_V0,,,constructor,0x6101c080,,2133394,1,,0x8b33a795df9df0e5a3cb812430955580d1fb4f654a6028dd161238e13d560524
2026-09-23T22-01-29-998Z_n-sweep_1-2-4-8-16-32-50,V0,,,,,,grant_admin_role,,,grantRole,0x2f2ff15d,,50799,1,,0xb518a3911be32f0a59dcaec3e43c7ec54010f07f3e473d550516b1aab1a18d6b
2026-09-23T22-01-29-998Z_n-sweep_1-2-4-8-16-32-50,V0,,,,,,revoke_deployer_admin_role,,,revokeRole,0xd547741f,,27116,1,,0x8cb08b8b6ca45600b76a431b4cd18aee2095374e00c890903bfaa28d83b5f82b
2026-09-23T22-01-29-998Z_n-sweep_1-2-4-8-16-32-50,V0,,4,A-maioria,,,delegate_admin,,,,0x5c19a95c,,95559,1,,0xfa43c1f7a1a1658c8aeac58119b26e806face10fc63ae3e18099942309f4d395
2026-09-23T22-01-29-998Z_n-sweep_1-2-4-8-16-32-50,V0,,4,A-maioria,,,delegate,,,,0x5c19a95c,,48347,1,,0xf96ae171d39b1290c248e3ee88c92c43e24751ff4aacf46bad404cad29a33e37
2026-09-23T22-01-29-998Z_n-sweep_1-2-4-8-16-32-50,V0,,4,A-maioria,,,delegate,,,,0x5c19a95c,,48335,1,,0x65ff74d2610d5c80f16dc62aa4e01b339a9ecd8c95911ae092d678a9792cdcb8
2026-09-23T22-01-29-998Z_n-sweep_1-2-4-8-16-32-50,V0,,4,A-maioria,,,delegate,,,,0x5c19a95c,,48347,1,,0xb06e4e18b389cc3c69848b844c44927f26087a909c0e4532a1ba892e8d7bac4c
2026-09-23T22-01-29-998Z_n-sweep_1-2-4-8-16-32-50,V0,,4,A-maioria,,,delegate,,,,0x5c19a95c,,48347,1,,0xfdc5c4ae6e458adbd0780d18d4ef20dca6b7a02f3efff2f7c0eec7590e340a41
2026-09-23T22-01-29-998Z_n-sweep_1-2-4-8-16-32-50,V0,,4,A-maioria,,,transfer,,,,0xa9059cbb,,135960,1,,0x8454fc46ee821c3b2e361f5144a061d86784f9997e338307310e0d19163df808
2026-09-23T22-01-29-998Z_n-sweep_1-2-4-8-16-32-50,V0,,4,A-maioria,,,transfer,,,,0xa9059cbb,,135948,1,,0x8870895cfed9782a0c87d7563be137d4b9eb71a3e6fb289269e4f17cabd52fdb
2026-09-23T22-01-29-998Z_n-sweep_1-2-4-8-16-32-50,V0,,4,A-maioria,,,transfer,,,,0xa9059cbb,,135960,1,,0x46bab4cc12531dfe80a58ebb740a466e6ec4448aaa633c9f8445d39d73991440
2026-09-23T22-01-29-998Z_n-sweep_1-2-4-8-16-32-50,V0,,4,A-maioria,,,transfer,,,,0xa9059cbb,,135960,1,,0x058cb17e428a1f84b783d8df7e02876248e876aeeb0c73b24b5397f401270264
2026-09-23T22-01-29-998Z_n-sweep_1-2-4-8-16-32-50,V0,,4,A-maioria,,,propose,,,propose,0x7d5e81e2,WasteCategoryRegistry.updateCredits,63778,1,,0xf7ce40ea07c14a8d60032c1bbc2becc9b3a20affe7fe4a5c2a1ddb4060db50be
2026-09-23T22-01-29-998Z_n-sweep_1-2-4-8-16-32-50,V0,,4,A-maioria,,,vote,1,for,,0x56781388,,81899,1,,0x1afaf2790fadb5c90d5aad7175fbee23add9f07dd9740e77abd76bebca4d7012
2026-09-23T22-01-29-998Z_n-sweep_1-2-4-8-16-32-50,V0,,4,A-maioria,,,vote,2,for,,0x56781388,,64799,1,,0x01144141c4d2510de988d332543fc98175a25f2480291f6adf583af0dddb9f34
2026-09-23T22-01-29-998Z_n-sweep_1-2-4-8-16-32-50,V0,,4,A-maioria,,,vote,3,for,,0x56781388,,64799,1,,0xedb270fb0f982ada0b897a6865fbdd0cb7e0799d2fe23b17b1062c95b439c4d9
2026-09-23T22-01-29-998Z_n-sweep_1-2-4-8-16-32-50,V0,,4,A-maioria,,,vote,1,against,,0x56781388,,81847,1,,0x24c3205b4e252f15324310040cc8ad5f39580a0aeb5e76bb8f6a5140be55b960
2026-09-23T22-01-29-998Z_n-sweep_1-2-4-8-16-32-50,V0,,4,A-maioria,,,execute,,,execute,0x2656227d,WasteCategoryRegistry.updateCredits,60807,1,,0xb8b35710c8b31dd303ef209c129aa862735347e1dc5c6a37db20738c76820bac
2026-09-23T22-01-29-998Z_n-sweep_1-2-4-8-16-32-50,V1,T1,,,,,deploy_token_T1,,,constructor,0x61016060,,1621017,1,,0xece28f063ba256e8fc65152daf61fe745a7823e8ba387b1b661409f18f6dc4cc
2026-09-23T22-01-29-998Z_n-sweep_1-2-4-8-16-32-50,V1,,,,,,deploy_registry,,,constructor,0x60806040,,4590964,1,,0x9005486642112873086c0faf3a06ce7199e3377186a80eb6eea4235f5e1c6f56
2026-09-23T22-01-29-998Z_n-sweep_1-2-4-8-16-32-50,V1,,,,,,deploy_governor_V1,,,constructor,0x6101c080,,2141155,1,,0xcbf032b87647649d09648621f7d61fb312aee4174486ee6f404819243ac59ca9
2026-09-23T22-01-29-998Z_n-sweep_1-2-4-8-16-32-50,V1,,,,,,grant_admin_role,,,grantRole,0x2f2ff15d,,50799,1,,0xfdc9a3875129e16eb4a0e6527cfb2e5662449c13660398cf3b7c723db6d0e009
2026-09-23T22-01-29-998Z_n-sweep_1-2-4-8-16-32-50,V1,,,,,,revoke_deployer_admin_role,,,revokeRole,0xd547741f,,27116,1,,0xc189311656167d1c4c211ee1c4f5143a8df64ff72cb449ebf7ec77ff2fd0bcbb
2026-09-23T22-01-29-998Z_n-sweep_1-2-4-8-16-32-50,V1,,4,A-maioria,,,delegate_admin,,,,0x5c19a95c,,95559,1,,0xd4695df7ceba86e36d8d32ccf756640823a0c1b729cf20e3a0b632c08e38ee6a
2026-09-23T22-01-29-998Z_n-sweep_1-2-4-8-16-32-50,V1,,4,A-maioria,,,delegate,,,,0x5c19a95c,,48347,1,,0x81d5bf8e96fad9ce8b5230dc73abbeb313b25fcb2932728690f357e6b4e905b9
2026-09-23T22-01-29-998Z_n-sweep_1-2-4-8-16-32-50,V1,,4,A-maioria,,,delegate,,,,0x5c19a95c,,48335,1,,0x92147b8c796bc2b0f21acc979799bbf4c5b5033d9d67806a8ad6842fe03d41df
2026-09-23T22-01-29-998Z_n-sweep_1-2-4-8-16-32-50,V1,,4,A-maioria,,,delegate,,,,0x5c19a95c,,48347,1,,0xfff43b85310b182c6fdaa6a0b82056393aba2572b23e543b42f064dc4690e2fc
2026-09-23T22-01-29-998Z_n-sweep_1-2-4-8-16-32-50,V1,,4,A-maioria,,,delegate,,,,0x5c19a95c,,48347,1,,0xd65054394087a126f7201b8caf565d34e4b8e2c37299a2eb2e8e1e169e8753b2
2026-09-23T22-01-29-998Z_n-sweep_1-2-4-8-16-32-50,V1,,4,A-maioria,,,transfer,,,,0xa9059cbb,,135960,1,,0x8f71c833d28c879e3a9877445de3ff7f5ccc748e785a983cf06fd9ef4931b6e7
2026-09-23T22-01-29-998Z_n-sweep_1-2-4-8-16-32-50,V1,,4,A-maioria,,,transfer,,,,0xa9059cbb,,135948,1,,0xb306ff70e787167818f1b8d2e3646dbb1802f502a789294577101fb126d34356
2026-09-23T22-01-29-998Z_n-sweep_1-2-4-8-16-32-50,V1,,4,A-maioria,,,transfer,,,,0xa9059cbb,,135960,1,,0x66f2d10db29510ce6557eb69a744bdcfedcf375f00cc2361ed669313673aba99
2026-09-23T22-01-29-998Z_n-sweep_1-2-4-8-16-32-50,V1,,4,A-maioria,,,transfer,,,,0xa9059cbb,,135960,1,,0x2c645216339ebcd8c7add24fbac61782325f2f09ad45787acf8c4f7fa2f7b533
2026-09-23T22-01-29-998Z_n-sweep_1-2-4-8-16-32-50,V1,,4,A-maioria,,,propose,,,propose,0x7d5e81e2,WasteCategoryRegistry.updateCredits,63778,1,,0xa91b4d827961731ac4eb236b2f700180dd6bd5d81a5365fcea9c6a9d9620981c
2026-09-23T22-01-29-998Z_n-sweep_1-2-4-8-16-32-50,V1,,4,A-maioria,,,vote,1,for,,0x56781388,,82468,1,,0x0dc8616d5c73943e98759e3068e0127f42e676cc1d7ed97cb4e1a6a9043845ea
2026-09-23T22-01-29-998Z_n-sweep_1-2-4-8-16-32-50,V1,,4,A-maioria,,,vote,2,for,,0x56781388,,65368,1,,0xc41335a4d0f9e0bd42912e474903ddfcc3898f2474ce414466943013504e12a1
2026-09-23T22-01-29-998Z_n-sweep_1-2-4-8-16-32-50,V1,,4,A-maioria,,,vote,3,for,,0x56781388,,65368,1,,0xf7c32830b2d2d32dc3bfad9d90914b7119c88a41a0e6d5200ec9d7d9db1d19e0
2026-09-23T22-01-29-998Z_n-sweep_1-2-4-8-16-32-50,V1,,4,A-maioria,,,vote,1,against,,0x56781388,,82416,1,,0x6456137e71194c8234f41fbed501690e95cbe7a359ce175f7f93264133299016
2026-09-23T22-01-29-998Z_n-sweep_1-2-4-8-16-32-50,V1,,4,A-maioria,,,execute,,,execute,0x2656227d,WasteCategoryRegistry.updateCredits,60807,1,,0x2e0c3c49e442f4fd54efd8f4fd80d1533197824d4baea02da9645f11e69f8516
2026-09-23T22-01-29-998Z_n-sweep_1-2-4-8-16-32-50,V2,T1,,,,,deploy_token_T1,,,constructor,0x61016060,,1621017,1,,0xece28f063ba256e8fc65152daf61fe745a7823e8ba387b1b661409f18f6dc4cc
2026-09-23T22-01-29-998Z_n-sweep_1-2-4-8-16-32-50,V2,,,,,,deploy_registry,,,constructor,0x60806040,,4590964,1,,0x9005486642112873086c0faf3a06ce7199e3377186a80eb6eea4235f5e1c6f56
2026-09-23T22-01-29-998Z_n-sweep_1-2-4-8-16-32-50,V2,,,,,,deploy_governor_V2,,,constructor,0x6101e080,,2178840,1,,0xa32c9f3d540c0ae9eee563ea02a53e3c1648afde51e09209202bc2912d9a8532
2026-09-23T22-01-29-998Z_n-sweep_1-2-4-8-16-32-50,V2,,,,,,grant_admin_role,,,grantRole,0x2f2ff15d,,50799,1,,0x0482dd737ad13e5cf9f342f77b7f4c8d4a60575e6613b501a7a433855227e65d
2026-09-23T22-01-29-998Z_n-sweep_1-2-4-8-16-32-50,V2,,,,,,revoke_deployer_admin_role,,,revokeRole,0xd547741f,,27116,1,,0xbf6c6756b6e885a31717a4b56f3c4fc35da4780ca84e075711ea97189f58ea3d
2026-09-23T22-01-29-998Z_n-sweep_1-2-4-8-16-32-50,V2,,4,A-maioria,,,delegate_admin,,,,0x5c19a95c,,95559,1,,0xe4ed125ff7fcf34a784094393e69d7b32184f90f45a88cf0e398ac5fe2329d50
2026-09-23T22-01-29-998Z_n-sweep_1-2-4-8-16-32-50,V2,,4,A-maioria,,,delegate,,,,0x5c19a95c,,48347,1,,0x8e5cf2e817455991c3f88244f29b95e3c5703efb253d16587c3e019ace8ed4aa
2026-09-23T22-01-29-998Z_n-sweep_1-2-4-8-16-32-50,V2,,4,A-maioria,,,delegate,,,,0x5c19a95c,,48335,1,,0x3a4d0b938991cc6665fddf48aab742d27a2480134e4cb1cf5b844b9724575405
2026-09-23T22-01-29-998Z_n-sweep_1-2-4-8-16-32-50,V2,,4,A-maioria,,,delegate,,,,0x5c19a95c,,48347,1,,0x8df16e2387da0d9fa03469e487a72815c7ad0f22d2e3631bfcd3e8532e84566f
2026-09-23T22-01-29-998Z_n-sweep_1-2-4-8-16-32-50,V2,,4,A-maioria,,,delegate,,,,0x5c19a95c,,48347,1,,0x95612e3ccf4e98f664cb62c90a18fd3142e8f5668db18fb82a400652a6b96b06
2026-09-23T22-01-29-998Z_n-sweep_1-2-4-8-16-32-50,V2,,4,A-maioria,,,transfer,,,,0xa9059cbb,,135960,1,,0x3558cad685994c37044c2f00b8b4c7de324f0ee86bcec98f244b7ad81088ae35
2026-09-23T22-01-29-998Z_n-sweep_1-2-4-8-16-32-50,V2,,4,A-maioria,,,transfer,,,,0xa9059cbb,,135948,1,,0x529fa9953c8c684549471275424870997cf2e2a9ecf2b0e4939ff68ff78e080d
2026-09-23T22-01-29-998Z_n-sweep_1-2-4-8-16-32-50,V2,,4,A-maioria,,,transfer,,,,0xa9059cbb,,135960,1,,0x3aa1a98412da82522f8ff4a1d16ee718b64d1d11e67ba2195e962875ba373fcb
2026-09-23T22-01-29-998Z_n-sweep_1-2-4-8-16-32-50,V2,,4,A-maioria,,,transfer,,,,0xa9059cbb,,135960,1,,0xf2a6471b40edcc321f4fe3279d8384ee853dabb52a43039c6dfbb622e11a7f66
2026-09-23T22-01-29-998Z_n-sweep_1-2-4-8-16-32-50,V2,,4,A-maioria,,,propose,,,propose,0x7d5e81e2,WasteCategoryRegistry.updateCredits,63778,1,,0xcbeb1aa2c66c5b2727be52236f8a8405b1c6e5bfecb1d26e576a5ac9abadb861
2026-09-23T22-01-29-998Z_n-sweep_1-2-4-8-16-32-50,V2,,4,A-maioria,,,vote,1,for,,0x56781388,,82456,1,,0x883b92ea77015bdc9fa64cca49bf65dc361775e65a4857f328d7aa37eaa9dd5b
2026-09-23T22-01-29-998Z_n-sweep_1-2-4-8-16-32-50,V2,,4,A-maioria,,,vote,2,for,,0x56781388,,65356,1,,0x49c5c3bb6b1f696f7831a292839c409dc7b24d53ab2f43e6896d3c452973135d
2026-09-23T22-01-29-998Z_n-sweep_1-2-4-8-16-32-50,V2,,4,A-maioria,,,vote,3,for,,0x56781388,,65356,1,,0x984f830d5b3cb6833ee381829e09d953c546ece62e578188f9aaf4ad11166ab4
2026-09-23T22-01-29-998Z_n-sweep_1-2-4-8-16-32-50,V2,,4,A-maioria,,,vote,1,against,,0x56781388,,82404,1,,0xa7353b500a4dbcf0fc4d7622a7d452bd23a21d67341b8a4c65f38bd17ccc6d8c
2026-09-23T22-01-29-998Z_n-sweep_1-2-4-8-16-32-50,V2,,4,A-maioria,,,execute,,,execute,0x2656227d,WasteCategoryRegistry.updateCredits,60847,1,,0xb5b37162a130902ddb54a56beda880a13e19ce7de800d63cae2c4fc7c0dc8967
2026-09-23T22-01-29-998Z_n-sweep_1-2-4-8-16-32-50,Ref,T1,,,,,deploy_token_T1,,,constructor,0x61016060,,1621017,1,,0x8a423d158719dafa7ff4b82bcd6f6a5661f61c993e6aaede0acbe21a849af082
2026-09-23T22-01-29-998Z_n-sweep_1-2-4-8-16-32-50,Ref,,,,,,deploy_registry,,,constructor,0x60806040,,4590964,1,,0x9005486642112873086c0faf3a06ce7199e3377186a80eb6eea4235f5e1c6f56
2026-09-23T22-01-29-998Z_n-sweep_1-2-4-8-16-32-50,Ref,,,,,,deploy_rewards_registry_for_ctor,,,constructor,0x60806040,,4590964,1,,0x484f4210d177094deb4832deb5e459c708c732becb1881e1d1417503c177d84a
2026-09-23T22-01-29-998Z_n-sweep_1-2-4-8-16-32-50,Ref,,,,,,deploy_credit,,,constructor,0x60806040,,931954,1,,0xda6265176213799bfac2d03545eb38f6f6d6d978852db5e040dec6bdc95b6a46
2026-09-23T22-01-29-998Z_n-sweep_1-2-4-8-16-32-50,Ref,,,,,,deploy_passport,,,constructor,0x60806040,,2776581,1,,0xe5a36162780b85ac2b217350036da2286056186a02d74234dd0980865a07c217
2026-09-23T22-01-29-998Z_n-sweep_1-2-4-8-16-32-50,Ref,,,,,,deploy_rewards,,,constructor,0x60803461,,1246140,1,,0x748f3eef423a29001e508633e407c909b25f0e6a89b560856468f0ac6655c439
2026-09-23T22-01-29-998Z_n-sweep_1-2-4-8-16-32-50,Ref,,,,,,deploy_stakeholders,,,constructor,0x60803461,,1679823,1,,0xd4be2e468d589ae7e76ff2c292757707613e73c2a9e8f4c774280b5fd0991072
2026-09-23T22-01-29-998Z_n-sweep_1-2-4-8-16-32-50,Ref,,,,,,deploy_governor_Ref,,,constructor,0x61018060,,4434623,1,,0xd1b6a3d1f944bdfe5c399ebf7a1e6ed8a76e5b5acd93cdfc3d211571cbc50a6e
2026-09-23T22-01-29-998Z_n-sweep_1-2-4-8-16-32-50,Ref,,,,,,grant_admin_role,,,grantRole,0x2f2ff15d,,50799,1,,0x9477ec21ceecb8e71e570a8e5c711d060981c6dc53217d4071b2c7d012604374
2026-09-23T22-01-29-998Z_n-sweep_1-2-4-8-16-32-50,Ref,,,,,,revoke_deployer_admin_role,,,revokeRole,0xd547741f,,27116,1,,0x4571f6b2b82c72e95dbfd028346a3c95cee362f1cdc4e946338a9d1e56d58c09
2026-09-23T22-01-29-998Z_n-sweep_1-2-4-8-16-32-50,Ref,,4,A-maioria,,,delegate_admin,,,,0x5c19a95c,,95559,1,,0xfca7f8e34a7a367a38495092e6c6ae53f6f6bbc6c6cdd047fed83c770b76a8c9
2026-09-23T22-01-29-998Z_n-sweep_1-2-4-8-16-32-50,Ref,,4,A-maioria,,,delegate,,,,0x5c19a95c,,48347,1,,0x2f1db724527155bbb87015320f4de9a632dd20bb0d57eddcbd649b18207511a9
2026-09-23T22-01-29-998Z_n-sweep_1-2-4-8-16-32-50,Ref,,4,A-maioria,,,delegate,,,,0x5c19a95c,,48335,1,,0x8b0e52e67c302dbb4252eb6f968ee138c191eb8205be72d37b64b0c5ee99cc0e
2026-09-23T22-01-29-998Z_n-sweep_1-2-4-8-16-32-50,Ref,,4,A-maioria,,,delegate,,,,0x5c19a95c,,48347,1,,0x1a5bd05dacedf9e3acc8ca8d92b6aea9cf2aa84f70c77d04dab2d0257070356f
2026-09-23T22-01-29-998Z_n-sweep_1-2-4-8-16-32-50,Ref,,4,A-maioria,,,delegate,,,,0x5c19a95c,,48347,1,,0x05f7d9fd7d2dcae80248756e17e23af4963c07b10ebe32e7c079f468806ce249
2026-09-23T22-01-29-998Z_n-sweep_1-2-4-8-16-32-50,Ref,,4,A-maioria,,,transfer,,,,0xa9059cbb,,135960,1,,0xc9d809ca335bf1d5ced4527901b0550905cf37979ffb752c91a4f93e12b228a1
2026-09-23T22-01-29-998Z_n-sweep_1-2-4-8-16-32-50,Ref,,4,A-maioria,,,transfer,,,,0xa9059cbb,,135948,1,,0xc2f67b0c8c6bce22fdbe4538fd277d34e8df9d4aacf849ba0f3e7710c10b8be4
2026-09-23T22-01-29-998Z_n-sweep_1-2-4-8-16-32-50,Ref,,4,A-maioria,,,transfer,,,,0xa9059cbb,,135960,1,,0xc7a976d94ddbb9ac6c5e676faa1b8bf2463e2ff3d8d2248dc8a6f3a9cd76b1a4
2026-09-23T22-01-29-998Z_n-sweep_1-2-4-8-16-32-50,Ref,,4,A-maioria,,,transfer,,,,0xa9059cbb,,135960,1,,0xce781ec8491509024d0c5d88655d22745102938a8389f2acff845c957405c8fe
2026-09-23T22-01-29-998Z_n-sweep_1-2-4-8-16-32-50,Ref,,4,A-maioria,,,propose,,,propose,0x7d5e81e2,WasteCategoryRegistry.updateCredits,78851,1,,0x0d6be50dbdca28016130ddad587c4c55123e6592f322f4be1fee48dfb1008eb1
2026-09-23T22-01-29-998Z_n-sweep_1-2-4-8-16-32-50,Ref,,4,A-maioria,,,vote,1,for,,0x56781388,,83098,1,,0xce4241edbdc3ec8f5514a68d6d8e8178b0d2e6205c99c0457cea0c8421be6422
2026-09-23T22-01-29-998Z_n-sweep_1-2-4-8-16-32-50,Ref,,4,A-maioria,,,vote,2,for,,0x56781388,,65998,1,,0x9d93b7bcaca9e493ba25d38501fcc9fb2b095e74849fdc47de43136e95c4c0c1
2026-09-23T22-01-29-998Z_n-sweep_1-2-4-8-16-32-50,Ref,,4,A-maioria,,,vote,3,for,,0x56781388,,65998,1,,0x1259e14eb58cb196f86fc876414bb60bf217ab25cb3b130498cd1289e9feda6b
2026-09-23T22-01-29-998Z_n-sweep_1-2-4-8-16-32-50,Ref,,4,A-maioria,,,vote,1,against,,0x56781388,,83057,1,,0x910aa14bd6135b93d82152e8f36ab7561eafbe80e71e29155b0c4ee42acde67c
2026-09-23T22-01-29-998Z_n-sweep_1-2-4-8-16-32-50,Ref,,4,A-maioria,,,execute,,,execute,0x2656227d,WasteCategoryRegistry.updateCredits,72030,1,,0x1330d8a0643644d02619b4a124dba0d6e45476eb9543b92b65ae8479cbf9309e
2026-09-23T22-01-29-998Z_n-sweep_1-2-4-8-16-32-50,V0,T1,,,,,deploy_token_T1,,,constructor,0x61016060,,1621017,1,,0xece28f063ba256e8fc65152daf61fe745a7823e8ba387b1b661409f18f6dc4cc
2026-09-23T22-01-29-998Z_n-sweep_1-2-4-8-16-32-50,V0,,,,,,deploy_registry,,,constructor,0x60806040,,4590964,1,,0x9005486642112873086c0faf3a06ce7199e3377186a80eb6eea4235f5e1c6f56
2026-09-23T22-01-29-998Z_n-sweep_1-2-4-8-16-32-50,V0,,,,,,deploy_governor_V0,,,constructor,0x6101c080,,2133394,1,,0x8b33a795df9df0e5a3cb812430955580d1fb4f654a6028dd161238e13d560524
2026-09-23T22-01-29-998Z_n-sweep_1-2-4-8-16-32-50,V0,,,,,,grant_admin_role,,,grantRole,0x2f2ff15d,,50799,1,,0xb518a3911be32f0a59dcaec3e43c7ec54010f07f3e473d550516b1aab1a18d6b
2026-09-23T22-01-29-998Z_n-sweep_1-2-4-8-16-32-50,V0,,,,,,revoke_deployer_admin_role,,,revokeRole,0xd547741f,,27116,1,,0x8cb08b8b6ca45600b76a431b4cd18aee2095374e00c890903bfaa28d83b5f82b
2026-09-23T22-01-29-998Z_n-sweep_1-2-4-8-16-32-50,V0,,4,D-voto,,,delegate_admin,,,,0x5c19a95c,,95559,1,,0xfa43c1f7a1a1658c8aeac58119b26e806face10fc63ae3e18099942309f4d395
2026-09-23T22-01-29-998Z_n-sweep_1-2-4-8-16-32-50,V0,,4,D-voto,,,delegate,,,,0x5c19a95c,,48347,1,,0xf96ae171d39b1290c248e3ee88c92c43e24751ff4aacf46bad404cad29a33e37
2026-09-23T22-01-29-998Z_n-sweep_1-2-4-8-16-32-50,V0,,4,D-voto,,,delegate,,,,0x5c19a95c,,48335,1,,0x65ff74d2610d5c80f16dc62aa4e01b339a9ecd8c95911ae092d678a9792cdcb8
2026-09-23T22-01-29-998Z_n-sweep_1-2-4-8-16-32-50,V0,,4,D-voto,,,delegate,,,,0x5c19a95c,,48347,1,,0xb06e4e18b389cc3c69848b844c44927f26087a909c0e4532a1ba892e8d7bac4c
2026-09-23T22-01-29-998Z_n-sweep_1-2-4-8-16-32-50,V0,,4,D-voto,,,delegate,,,,0x5c19a95c,,48347,1,,0xfdc5c4ae6e458adbd0780d18d4ef20dca6b7a02f3efff2f7c0eec7590e340a41
2026-09-23T22-01-29-998Z_n-sweep_1-2-4-8-16-32-50,V0,,4,D-voto,,,transfer,,,,0xa9059cbb,,135960,1,,0x8454fc46ee821c3b2e361f5144a061d86784f9997e338307310e0d19163df808
2026-09-23T22-01-29-998Z_n-sweep_1-2-4-8-16-32-50,V0,,4,D-voto,,,transfer,,,,0xa9059cbb,,135948,1,,0x8870895cfed9782a0c87d7563be137d4b9eb71a3e6fb289269e4f17cabd52fdb
2026-09-23T22-01-29-998Z_n-sweep_1-2-4-8-16-32-50,V0,,4,D-voto,,,transfer,,,,0xa9059cbb,,135960,1,,0x46bab4cc12531dfe80a58ebb740a466e6ec4448aaa633c9f8445d39d73991440
2026-09-23T22-01-29-998Z_n-sweep_1-2-4-8-16-32-50,V0,,4,D-voto,,,transfer,,,,0xa9059cbb,,135960,1,,0x058cb17e428a1f84b783d8df7e02876248e876aeeb0c73b24b5397f401270264
2026-09-23T22-01-29-998Z_n-sweep_1-2-4-8-16-32-50,V0,,4,D-voto,,,propose,,,propose,0x7d5e81e2,WasteCategoryRegistry.updateCredits,63339,1,,0xedaf99ad3dfb942bcc27de66c77b0b703c2c3333e32144df4e6c1afc48c741f4
2026-09-23T22-01-29-998Z_n-sweep_1-2-4-8-16-32-50,V0,,4,D-voto,,,vote,1,for,,0x56781388,,81899,1,,0x2a301e22c4a37a8ec02fabc8a60f154ee1df4cc2e165e0204159ad21596a716c
2026-09-23T22-01-29-998Z_n-sweep_1-2-4-8-16-32-50,V0,,4,D-voto,,,vote,1,against,,0x56781388,,81847,1,,0x620985f35d8c9a90cc5ebfa73259969affdc3b46e8da78922b210d92e3faecab
2026-09-23T22-01-29-998Z_n-sweep_1-2-4-8-16-32-50,V0,,4,D-voto,,,vote,2,against,,0x56781388,,64747,1,,0x1c59d2e9ed9fe6ffa1415ce51d52a2db8d35b8cf1627bd08f552a83112875317
2026-09-23T22-01-29-998Z_n-sweep_1-2-4-8-16-32-50,V0,,4,D-voto,,,vote,3,against,,0x56781388,,64747,1,,0x21b1b269c18448507e72199a3e7ce76be6b685e308d5b4fc2577ff015e0a1b2e
2026-09-23T22-01-29-998Z_n-sweep_1-2-4-8-16-32-50,V0,,4,D-voto,,,execute_attempt,,,execute,0x2656227d,WasteCategoryRegistry.updateCredits,40370,0,"VM Exception while processing transaction: reverted with custom error 'GovernorUnexpectedProposalState(8904590660550524051615090995434431851246018747694320510940254345280530778680, 3, '0x0000000000000000000000000000000000000000000000000000000000000030')'",0xd859fab114bf767027047fef8d56478e51374f269b1c31603561b9836be9a7e2
2026-09-23T22-01-29-998Z_n-sweep_1-2-4-8-16-32-50,V1,T1,,,,,deploy_token_T1,,,constructor,0x61016060,,1621017,1,,0xece28f063ba256e8fc65152daf61fe745a7823e8ba387b1b661409f18f6dc4cc
2026-09-23T22-01-29-998Z_n-sweep_1-2-4-8-16-32-50,V1,,,,,,deploy_registry,,,constructor,0x60806040,,4590964,1,,0x9005486642112873086c0faf3a06ce7199e3377186a80eb6eea4235f5e1c6f56
2026-09-23T22-01-29-998Z_n-sweep_1-2-4-8-16-32-50,V1,,,,,,deploy_governor_V1,,,constructor,0x6101c080,,2141155,1,,0xcbf032b87647649d09648621f7d61fb312aee4174486ee6f404819243ac59ca9
2026-09-23T22-01-29-998Z_n-sweep_1-2-4-8-16-32-50,V1,,,,,,grant_admin_role,,,grantRole,0x2f2ff15d,,50799,1,,0xfdc9a3875129e16eb4a0e6527cfb2e5662449c13660398cf3b7c723db6d0e009
2026-09-23T22-01-29-998Z_n-sweep_1-2-4-8-16-32-50,V1,,,,,,revoke_deployer_admin_role,,,revokeRole,0xd547741f,,27116,1,,0xc189311656167d1c4c211ee1c4f5143a8df64ff72cb449ebf7ec77ff2fd0bcbb
2026-09-23T22-01-29-998Z_n-sweep_1-2-4-8-16-32-50,V1,,4,D-voto,,,delegate_admin,,,,0x5c19a95c,,95559,1,,0xd4695df7ceba86e36d8d32ccf756640823a0c1b729cf20e3a0b632c08e38ee6a
2026-09-23T22-01-29-998Z_n-sweep_1-2-4-8-16-32-50,V1,,4,D-voto,,,delegate,,,,0x5c19a95c,,48347,1,,0x81d5bf8e96fad9ce8b5230dc73abbeb313b25fcb2932728690f357e6b4e905b9
2026-09-23T22-01-29-998Z_n-sweep_1-2-4-8-16-32-50,V1,,4,D-voto,,,delegate,,,,0x5c19a95c,,48335,1,,0x92147b8c796bc2b0f21acc979799bbf4c5b5033d9d67806a8ad6842fe03d41df
2026-09-23T22-01-29-998Z_n-sweep_1-2-4-8-16-32-50,V1,,4,D-voto,,,delegate,,,,0x5c19a95c,,48347,1,,0xfff43b85310b182c6fdaa6a0b82056393aba2572b23e543b42f064dc4690e2fc
2026-09-23T22-01-29-998Z_n-sweep_1-2-4-8-16-32-50,V1,,4,D-voto,,,delegate,,,,0x5c19a95c,,48347,1,,0xd65054394087a126f7201b8caf565d34e4b8e2c37299a2eb2e8e1e169e8753b2
2026-09-23T22-01-29-998Z_n-sweep_1-2-4-8-16-32-50,V1,,4,D-voto,,,transfer,,,,0xa9059cbb,,135960,1,,0x8f71c833d28c879e3a9877445de3ff7f5ccc748e785a983cf06fd9ef4931b6e7
2026-09-23T22-01-29-998Z_n-sweep_1-2-4-8-16-32-50,V1,,4,D-voto,,,transfer,,,,0xa9059cbb,,135948,1,,0xb306ff70e787167818f1b8d2e3646dbb1802f502a789294577101fb126d34356
2026-09-23T22-01-29-998Z_n-sweep_1-2-4-8-16-32-50,V1,,4,D-voto,,,transfer,,,,0xa9059cbb,,135960,1,,0x66f2d10db29510ce6557eb69a744bdcfedcf375f00cc2361ed669313673aba99
2026-09-23T22-01-29-998Z_n-sweep_1-2-4-8-16-32-50,V1,,4,D-voto,,,transfer,,,,0xa9059cbb,,135960,1,,0x2c645216339ebcd8c7add24fbac61782325f2f09ad45787acf8c4f7fa2f7b533
2026-09-23T22-01-29-998Z_n-sweep_1-2-4-8-16-32-50,V1,,4,D-voto,,,propose,,,propose,0x7d5e81e2,WasteCategoryRegistry.updateCredits,63339,1,,0xe009d040118a601af326e4c4ca8eb174eb5693098b020dfd03796d1d425919bf
2026-09-23T22-01-29-998Z_n-sweep_1-2-4-8-16-32-50,V1,,4,D-voto,,,vote,1,for,,0x56781388,,82468,1,,0xa2a40a978d0a35d2519c13cd6ae28ea4671fd249baa2bcb0ce13c25ebec069a0
2026-09-23T22-01-29-998Z_n-sweep_1-2-4-8-16-32-50,V1,,4,D-voto,,,vote,1,against,,0x56781388,,82416,1,,0x71fb3e5dd1fb99c58006b0a2bad835f07eecc1ff998b632b5f7814e67d75592e
2026-09-23T22-01-29-998Z_n-sweep_1-2-4-8-16-32-50,V1,,4,D-voto,,,vote,2,against,,0x56781388,,65316,1,,0x3ae850782ee0a82af5707d759e3978a8e89d4557b90c2aab3b276535b3ed9402
2026-09-23T22-01-29-998Z_n-sweep_1-2-4-8-16-32-50,V1,,4,D-voto,,,vote,3,against,,0x56781388,,65316,1,,0xd4a675eebb7eaaa75e09223359d7d9b27939d8b62d0c5216422603aa6ab4f7e7
2026-09-23T22-01-29-998Z_n-sweep_1-2-4-8-16-32-50,V1,,4,D-voto,,,execute_attempt,,,execute,0x2656227d,WasteCategoryRegistry.updateCredits,40382,0,"VM Exception while processing transaction: reverted with custom error 'GovernorUnexpectedProposalState(78773713119439018804536834126140758314929712547085598524450943657341041989110, 3, '0x0000000000000000000000000000000000000000000000000000000000000030')'",0xd520deff857de3b1a05963954906483933ddcd7e41e9ddc1292233eaa56a8e53
2026-09-23T22-01-29-998Z_n-sweep_1-2-4-8-16-32-50,V2,T1,,,,,deploy_token_T1,,,constructor,0x61016060,,1621017,1,,0xece28f063ba256e8fc65152daf61fe745a7823e8ba387b1b661409f18f6dc4cc
2026-09-23T22-01-29-998Z_n-sweep_1-2-4-8-16-32-50,V2,,,,,,deploy_registry,,,constructor,0x60806040,,4590964,1,,0x9005486642112873086c0faf3a06ce7199e3377186a80eb6eea4235f5e1c6f56
2026-09-23T22-01-29-998Z_n-sweep_1-2-4-8-16-32-50,V2,,,,,,deploy_governor_V2,,,constructor,0x6101e080,,2178840,1,,0xa32c9f3d540c0ae9eee563ea02a53e3c1648afde51e09209202bc2912d9a8532
2026-09-23T22-01-29-998Z_n-sweep_1-2-4-8-16-32-50,V2,,,,,,grant_admin_role,,,grantRole,0x2f2ff15d,,50799,1,,0x0482dd737ad13e5cf9f342f77b7f4c8d4a60575e6613b501a7a433855227e65d
2026-09-23T22-01-29-998Z_n-sweep_1-2-4-8-16-32-50,V2,,,,,,revoke_deployer_admin_role,,,revokeRole,0xd547741f,,27116,1,,0xbf6c6756b6e885a31717a4b56f3c4fc35da4780ca84e075711ea97189f58ea3d
2026-09-23T22-01-29-998Z_n-sweep_1-2-4-8-16-32-50,V2,,4,D-voto,,,delegate_admin,,,,0x5c19a95c,,95559,1,,0xe4ed125ff7fcf34a784094393e69d7b32184f90f45a88cf0e398ac5fe2329d50
2026-09-23T22-01-29-998Z_n-sweep_1-2-4-8-16-32-50,V2,,4,D-voto,,,delegate,,,,0x5c19a95c,,48347,1,,0x8e5cf2e817455991c3f88244f29b95e3c5703efb253d16587c3e019ace8ed4aa
2026-09-23T22-01-29-998Z_n-sweep_1-2-4-8-16-32-50,V2,,4,D-voto,,,delegate,,,,0x5c19a95c,,48335,1,,0x3a4d0b938991cc6665fddf48aab742d27a2480134e4cb1cf5b844b9724575405
2026-09-23T22-01-29-998Z_n-sweep_1-2-4-8-16-32-50,V2,,4,D-voto,,,delegate,,,,0x5c19a95c,,48347,1,,0x8df16e2387da0d9fa03469e487a72815c7ad0f22d2e3631bfcd3e8532e84566f
2026-09-23T22-01-29-998Z_n-sweep_1-2-4-8-16-32-50,V2,,4,D-voto,,,delegate,,,,0x5c19a95c,,48347,1,,0x95612e3ccf4e98f664cb62c90a18fd3142e8f5668db18fb82a400652a6b96b06
2026-09-23T22-01-29-998Z_n-sweep_1-2-4-8-16-32-50,V2,,4,D-voto,,,transfer,,,,0xa9059cbb,,135960,1,,0x3558cad685994c37044c2f00b8b4c7de324f0ee86bcec98f244b7ad81088ae35
2026-09-23T22-01-29-998Z_n-sweep_1-2-4-8-16-32-50,V2,,4,D-voto,,,transfer,,,,0xa9059cbb,,135948,1,,0x529fa9953c8c684549471275424870997cf2e2a9ecf2b0e4939ff68ff78e080d
2026-09-23T22-01-29-998Z_n-sweep_1-2-4-8-16-32-50,V2,,4,D-voto,,,transfer,,,,0xa9059cbb,,135960,1,,0x3aa1a98412da82522f8ff4a1d16ee718b64d1d11e67ba2195e962875ba373fcb
2026-09-23T22-01-29-998Z_n-sweep_1-2-4-8-16-32-50,V2,,4,D-voto,,,transfer,,,,0xa9059cbb,,135960,1,,0xf2a6471b40edcc321f4fe3279d8384ee853dabb52a43039c6dfbb622e11a7f66
2026-09-23T22-01-29-998Z_n-sweep_1-2-4-8-16-32-50,V2,,4,D-voto,,,propose,,,propose,0x7d5e81e2,WasteCategoryRegistry.updateCredits,63339,1,,0xb8f881efc7a378b7d2aa2f31ab137179d442e81030d8cdc110a61e6d1307675e
2026-09-23T22-01-29-998Z_n-sweep_1-2-4-8-16-32-50,V2,,4,D-voto,,,vote,1,for,,0x56781388,,82468,1,,0x85d6adb0589ce91941528ae3e2e0b93b3bd690d3ee9a0e0381c6301ba45931b3
2026-09-23T22-01-29-998Z_n-sweep_1-2-4-8-16-32-50,V2,,4,D-voto,,,vote,1,against,,0x56781388,,82416,1,,0xdd7d9d3542847dc70962dcf1fa2a93150b034d32f7af07f4c11e0751d2d50481
2026-09-23T22-01-29-998Z_n-sweep_1-2-4-8-16-32-50,V2,,4,D-voto,,,vote,2,against,,0x56781388,,65316,1,,0x3706e6e009d76e875b0016bc187064e1e8b6f183748254f7f68b6aa3f60e8cf1
2026-09-23T22-01-29-998Z_n-sweep_1-2-4-8-16-32-50,V2,,4,D-voto,,,vote,3,against,,0x56781388,,65316,1,,0x22fdc0492510ed15d347ecc397cd5924a1311e625a92fad01bdf4cfee8dd15b4
2026-09-23T22-01-29-998Z_n-sweep_1-2-4-8-16-32-50,V2,,4,D-voto,,,execute_attempt,,,execute,0x2656227d,WasteCategoryRegistry.updateCredits,40422,0,"VM Exception while processing transaction: reverted with custom error 'GovernorUnexpectedProposalState(94151438249690728898741086023483374712517940801365983103136799512638318715137, 3, '0x0000000000000000000000000000000000000000000000000000000000000030')'",0x607374085aa29c58be18f918b05bf496452be4ee3f4ad9393ff8898bb6f72d58
2026-09-23T22-01-29-998Z_n-sweep_1-2-4-8-16-32-50,Ref,T1,,,,,deploy_token_T1,,,constructor,0x61016060,,1621017,1,,0x8a423d158719dafa7ff4b82bcd6f6a5661f61c993e6aaede0acbe21a849af082
2026-09-23T22-01-29-998Z_n-sweep_1-2-4-8-16-32-50,Ref,,,,,,deploy_registry,,,constructor,0x60806040,,4590964,1,,0x9005486642112873086c0faf3a06ce7199e3377186a80eb6eea4235f5e1c6f56
2026-09-23T22-01-29-998Z_n-sweep_1-2-4-8-16-32-50,Ref,,,,,,deploy_rewards_registry_for_ctor,,,constructor,0x60806040,,4590964,1,,0x484f4210d177094deb4832deb5e459c708c732becb1881e1d1417503c177d84a
2026-09-23T22-01-29-998Z_n-sweep_1-2-4-8-16-32-50,Ref,,,,,,deploy_credit,,,constructor,0x60806040,,931954,1,,0xda6265176213799bfac2d03545eb38f6f6d6d978852db5e040dec6bdc95b6a46
2026-09-23T22-01-29-998Z_n-sweep_1-2-4-8-16-32-50,Ref,,,,,,deploy_passport,,,constructor,0x60806040,,2776581,1,,0xe5a36162780b85ac2b217350036da2286056186a02d74234dd0980865a07c217
2026-09-23T22-01-29-998Z_n-sweep_1-2-4-8-16-32-50,Ref,,,,,,deploy_rewards,,,constructor,0x60803461,,1246140,1,,0x748f3eef423a29001e508633e407c909b25f0e6a89b560856468f0ac6655c439
2026-09-23T22-01-29-998Z_n-sweep_1-2-4-8-16-32-50,Ref,,,,,,deploy_stakeholders,,,constructor,0x60803461,,1679823,1,,0xd4be2e468d589ae7e76ff2c292757707613e73c2a9e8f4c774280b5fd0991072
2026-09-23T22-01-29-998Z_n-sweep_1-2-4-8-16-32-50,Ref,,,,,,deploy_governor_Ref,,,constructor,0x61018060,,4434623,1,,0xd1b6a3d1f944bdfe5c399ebf7a1e6ed8a76e5b5acd93cdfc3d211571cbc50a6e
2026-09-23T22-01-29-998Z_n-sweep_1-2-4-8-16-32-50,Ref,,,,,,grant_admin_role,,,grantRole,0x2f2ff15d,,50799,1,,0x9477ec21ceecb8e71e570a8e5c711d060981c6dc53217d4071b2c7d012604374
2026-09-23T22-01-29-998Z_n-sweep_1-2-4-8-16-32-50,Ref,,,,,,revoke_deployer_admin_role,,,revokeRole,0xd547741f,,27116,1,,0x4571f6b2b82c72e95dbfd028346a3c95cee362f1cdc4e946338a9d1e56d58c09
2026-09-23T22-01-29-998Z_n-sweep_1-2-4-8-16-32-50,Ref,,4,D-voto,,,delegate_admin,,,,0x5c19a95c,,95559,1,,0xfca7f8e34a7a367a38495092e6c6ae53f6f6bbc6c6cdd047fed83c770b76a8c9
2026-09-23T22-01-29-998Z_n-sweep_1-2-4-8-16-32-50,Ref,,4,D-voto,,,delegate,,,,0x5c19a95c,,48347,1,,0x2f1db724527155bbb87015320f4de9a632dd20bb0d57eddcbd649b18207511a9
2026-09-23T22-01-29-998Z_n-sweep_1-2-4-8-16-32-50,Ref,,4,D-voto,,,delegate,,,,0x5c19a95c,,48335,1,,0x8b0e52e67c302dbb4252eb6f968ee138c191eb8205be72d37b64b0c5ee99cc0e
2026-09-23T22-01-29-998Z_n-sweep_1-2-4-8-16-32-50,Ref,,4,D-voto,,,delegate,,,,0x5c19a95c,,48347,1,,0x1a5bd05dacedf9e3acc8ca8d92b6aea9cf2aa84f70c77d04dab2d0257070356f
2026-09-23T22-01-29-998Z_n-sweep_1-2-4-8-16-32-50,Ref,,4,D-voto,,,delegate,,,,0x5c19a95c,,48347,1,,0x05f7d9fd7d2dcae80248756e17e23af4963c07b10ebe32e7c079f468806ce249
2026-09-23T22-01-29-998Z_n-sweep_1-2-4-8-16-32-50,Ref,,4,D-voto,,,transfer,,,,0xa9059cbb,,135960,1,,0xc9d809ca335bf1d5ced4527901b0550905cf37979ffb752c91a4f93e12b228a1
2026-09-23T22-01-29-998Z_n-sweep_1-2-4-8-16-32-50,Ref,,4,D-voto,,,transfer,,,,0xa9059cbb,,135948,1,,0xc2f67b0c8c6bce22fdbe4538fd277d34e8df9d4aacf849ba0f3e7710c10b8be4
2026-09-23T22-01-29-998Z_n-sweep_1-2-4-8-16-32-50,Ref,,4,D-voto,,,transfer,,,,0xa9059cbb,,135960,1,,0xc7a976d94ddbb9ac6c5e676faa1b8bf2463e2ff3d8d2248dc8a6f3a9cd76b1a4
2026-09-23T22-01-29-998Z_n-sweep_1-2-4-8-16-32-50,Ref,,4,D-voto,,,transfer,,,,0xa9059cbb,,135960,1,,0xce781ec8491509024d0c5d88655d22745102938a8389f2acff845c957405c8fe
2026-09-23T22-01-29-998Z_n-sweep_1-2-4-8-16-32-50,Ref,,4,D-voto,,,propose,,,propose,0x7d5e81e2,WasteCategoryRegistry.updateCredits,78412,1,,0x43cd77c437977293d1cf27352e6ca92ddf3fc2262dd7977e611523d5ac363655
2026-09-23T22-01-29-998Z_n-sweep_1-2-4-8-16-32-50,Ref,,4,D-voto,,,vote,1,for,,0x56781388,,83098,1,,0x9e5dea961bdcd66f519efcd53acaed7608b5506e8e00433682152598be06ccbb
2026-09-23T22-01-29-998Z_n-sweep_1-2-4-8-16-32-50,Ref,,4,D-voto,,,vote,1,against,,0x56781388,,83057,1,,0x832e8b2a2e209507542d7568de0e575ed32d18ad0fcabe6ffce0ba76c1a11aca
2026-09-23T22-01-29-998Z_n-sweep_1-2-4-8-16-32-50,Ref,,4,D-voto,,,vote,2,against,,0x56781388,,65957,1,,0xbf803ff025090f5b19276670db5e09abfd845c536507cf8299f6ebf5839f487d
2026-09-23T22-01-29-998Z_n-sweep_1-2-4-8-16-32-50,Ref,,4,D-voto,,,vote,3,against,,0x56781388,,65957,1,,0x7291fd8bc555f887fe1ce0aab6a5ebb4701949ff564cf8999f6de5e79a7cdc6b
2026-09-23T22-01-29-998Z_n-sweep_1-2-4-8-16-32-50,Ref,,4,D-voto,,,execute_attempt,,,execute,0x2656227d,WasteCategoryRegistry.updateCredits,51452,0,"VM Exception while processing transaction: reverted with custom error 'GovernorUnexpectedProposalState(36210736274576613354956350228989589615575585259932277529730064796635154025279, 3, '0x0000000000000000000000000000000000000000000000000000000000000030')'",0x352b7d7bee9c8119e4d6eeb888eabcdb2d0972ce26a16e99b1471b284797d8a8
2026-09-23T22-01-29-998Z_n-sweep_1-2-4-8-16-32-50,V0,T1,,,,,deploy_token_T1,,,constructor,0x61016060,,1621017,1,,0xece28f063ba256e8fc65152daf61fe745a7823e8ba387b1b661409f18f6dc4cc
2026-09-23T22-01-29-998Z_n-sweep_1-2-4-8-16-32-50,V0,,,,,,deploy_registry,,,constructor,0x60806040,,4590964,1,,0x9005486642112873086c0faf3a06ce7199e3377186a80eb6eea4235f5e1c6f56
2026-09-23T22-01-29-998Z_n-sweep_1-2-4-8-16-32-50,V0,,,,,,deploy_governor_V0,,,constructor,0x6101c080,,2133394,1,,0x8b33a795df9df0e5a3cb812430955580d1fb4f654a6028dd161238e13d560524
2026-09-23T22-01-29-998Z_n-sweep_1-2-4-8-16-32-50,V0,,,,,,grant_admin_role,,,grantRole,0x2f2ff15d,,50799,1,,0xb518a3911be32f0a59dcaec3e43c7ec54010f07f3e473d550516b1aab1a18d6b
2026-09-23T22-01-29-998Z_n-sweep_1-2-4-8-16-32-50,V0,,,,,,revoke_deployer_admin_role,,,revokeRole,0xd547741f,,27116,1,,0x8cb08b8b6ca45600b76a431b4cd18aee2095374e00c890903bfaa28d83b5f82b
2026-09-23T22-01-29-998Z_n-sweep_1-2-4-8-16-32-50,V0,,4,E-empate,,,delegate_admin,,,,0x5c19a95c,,95559,1,,0xfa43c1f7a1a1658c8aeac58119b26e806face10fc63ae3e18099942309f4d395
2026-09-23T22-01-29-998Z_n-sweep_1-2-4-8-16-32-50,V0,,4,E-empate,,,delegate,,,,0x5c19a95c,,48347,1,,0xf96ae171d39b1290c248e3ee88c92c43e24751ff4aacf46bad404cad29a33e37
2026-09-23T22-01-29-998Z_n-sweep_1-2-4-8-16-32-50,V0,,4,E-empate,,,delegate,,,,0x5c19a95c,,48335,1,,0x65ff74d2610d5c80f16dc62aa4e01b339a9ecd8c95911ae092d678a9792cdcb8
2026-09-23T22-01-29-998Z_n-sweep_1-2-4-8-16-32-50,V0,,4,E-empate,,,delegate,,,,0x5c19a95c,,48347,1,,0xb06e4e18b389cc3c69848b844c44927f26087a909c0e4532a1ba892e8d7bac4c
2026-09-23T22-01-29-998Z_n-sweep_1-2-4-8-16-32-50,V0,,4,E-empate,,,delegate,,,,0x5c19a95c,,48347,1,,0xfdc5c4ae6e458adbd0780d18d4ef20dca6b7a02f3efff2f7c0eec7590e340a41
2026-09-23T22-01-29-998Z_n-sweep_1-2-4-8-16-32-50,V0,,4,E-empate,,,transfer,,,,0xa9059cbb,,135960,1,,0x8454fc46ee821c3b2e361f5144a061d86784f9997e338307310e0d19163df808
2026-09-23T22-01-29-998Z_n-sweep_1-2-4-8-16-32-50,V0,,4,E-empate,,,transfer,,,,0xa9059cbb,,135948,1,,0x8870895cfed9782a0c87d7563be137d4b9eb71a3e6fb289269e4f17cabd52fdb
2026-09-23T22-01-29-998Z_n-sweep_1-2-4-8-16-32-50,V0,,4,E-empate,,,transfer,,,,0xa9059cbb,,135960,1,,0x46bab4cc12531dfe80a58ebb740a466e6ec4448aaa633c9f8445d39d73991440
2026-09-23T22-01-29-998Z_n-sweep_1-2-4-8-16-32-50,V0,,4,E-empate,,,transfer,,,,0xa9059cbb,,135960,1,,0x058cb17e428a1f84b783d8df7e02876248e876aeeb0c73b24b5397f401270264
2026-09-23T22-01-29-998Z_n-sweep_1-2-4-8-16-32-50,V0,,4,E-empate,,,propose,,,propose,0x7d5e81e2,WasteCategoryRegistry.updateCredits,63363,1,,0x2ef8b3e920f2a75a6802c5cabf11efd311a43e5f3a21e7998ed1e64eeeb49645
2026-09-23T22-01-29-998Z_n-sweep_1-2-4-8-16-32-50,V0,,4,E-empate,,,vote,1,for,,0x56781388,,81899,1,,0xc1eb225ebc2e490eac192a8f4910a28411b74fe6379a449d3d3969c150dd0403
2026-09-23T22-01-29-998Z_n-sweep_1-2-4-8-16-32-50,V0,,4,E-empate,,,vote,2,for,,0x56781388,,64799,1,,0x42290f958f362b735b23fc2555b74fa6a6a178cd94bf336cb26c82410d65e7b4
2026-09-23T22-01-29-998Z_n-sweep_1-2-4-8-16-32-50,V0,,4,E-empate,,,vote,1,against,,0x56781388,,81847,1,,0x47bf93620a3ae125f2ae84e679528ba15961517c59da9169d55c82945981e1aa
2026-09-23T22-01-29-998Z_n-sweep_1-2-4-8-16-32-50,V0,,4,E-empate,,,vote,2,against,,0x56781388,,64747,1,,0xa2afffa54ff29d93003fbc17bc24065a6ca1c955186f36686fc9da9e18d39a34
2026-09-23T22-01-29-998Z_n-sweep_1-2-4-8-16-32-50,V0,,4,E-empate,,,execute_attempt,,,execute,0x2656227d,WasteCategoryRegistry.updateCredits,40382,0,"VM Exception while processing transaction: reverted with custom error 'GovernorUnexpectedProposalState(90124771273831709243191759641996843281704038058808709536602277363690982925478, 3, '0x0000000000000000000000000000000000000000000000000000000000000030')'",0x3ad799be698bdfafac4c22b7486758b3f59221da6469fe5b46b7a5302a8cec17
2026-09-23T22-01-29-998Z_n-sweep_1-2-4-8-16-32-50,V1,T1,,,,,deploy_token_T1,,,constructor,0x61016060,,1621017,1,,0xece28f063ba256e8fc65152daf61fe745a7823e8ba387b1b661409f18f6dc4cc
2026-09-23T22-01-29-998Z_n-sweep_1-2-4-8-16-32-50,V1,,,,,,deploy_registry,,,constructor,0x60806040,,4590964,1,,0x9005486642112873086c0faf3a06ce7199e3377186a80eb6eea4235f5e1c6f56
2026-09-23T22-01-29-998Z_n-sweep_1-2-4-8-16-32-50,V1,,,,,,deploy_governor_V1,,,constructor,0x6101c080,,2141155,1,,0xcbf032b87647649d09648621f7d61fb312aee4174486ee6f404819243ac59ca9
2026-09-23T22-01-29-998Z_n-sweep_1-2-4-8-16-32-50,V1,,,,,,grant_admin_role,,,grantRole,0x2f2ff15d,,50799,1,,0xfdc9a3875129e16eb4a0e6527cfb2e5662449c13660398cf3b7c723db6d0e009
2026-09-23T22-01-29-998Z_n-sweep_1-2-4-8-16-32-50,V1,,,,,,revoke_deployer_admin_role,,,revokeRole,0xd547741f,,27116,1,,0xc189311656167d1c4c211ee1c4f5143a8df64ff72cb449ebf7ec77ff2fd0bcbb
2026-09-23T22-01-29-998Z_n-sweep_1-2-4-8-16-32-50,V1,,4,E-empate,,,delegate_admin,,,,0x5c19a95c,,95559,1,,0xd4695df7ceba86e36d8d32ccf756640823a0c1b729cf20e3a0b632c08e38ee6a
2026-09-23T22-01-29-998Z_n-sweep_1-2-4-8-16-32-50,V1,,4,E-empate,,,delegate,,,,0x5c19a95c,,48347,1,,0x81d5bf8e96fad9ce8b5230dc73abbeb313b25fcb2932728690f357e6b4e905b9
2026-09-23T22-01-29-998Z_n-sweep_1-2-4-8-16-32-50,V1,,4,E-empate,,,delegate,,,,0x5c19a95c,,48335,1,,0x92147b8c796bc2b0f21acc979799bbf4c5b5033d9d67806a8ad6842fe03d41df
2026-09-23T22-01-29-998Z_n-sweep_1-2-4-8-16-32-50,V1,,4,E-empate,,,delegate,,,,0x5c19a95c,,48347,1,,0xfff43b85310b182c6fdaa6a0b82056393aba2572b23e543b42f064dc4690e2fc
2026-09-23T22-01-29-998Z_n-sweep_1-2-4-8-16-32-50,V1,,4,E-empate,,,delegate,,,,0x5c19a95c,,48347,1,,0xd65054394087a126f7201b8caf565d34e4b8e2c37299a2eb2e8e1e169e8753b2
2026-09-23T22-01-29-998Z_n-sweep_1-2-4-8-16-32-50,V1,,4,E-empate,,,transfer,,,,0xa9059cbb,,135960,1,,0x8f71c833d28c879e3a9877445de3ff7f5ccc748e785a983cf06fd9ef4931b6e7
2026-09-23T22-01-29-998Z_n-sweep_1-2-4-8-16-32-50,V1,,4,E-empate,,,transfer,,,,0xa9059cbb,,135948,1,,0xb306ff70e787167818f1b8d2e3646dbb1802f502a789294577101fb126d34356
2026-09-23T22-01-29-998Z_n-sweep_1-2-4-8-16-32-50,V1,,4,E-empate,,,transfer,,,,0xa9059cbb,,135960,1,,0x66f2d10db29510ce6557eb69a744bdcfedcf375f00cc2361ed669313673aba99
2026-09-23T22-01-29-998Z_n-sweep_1-2-4-8-16-32-50,V1,,4,E-empate,,,transfer,,,,0xa9059cbb,,135960,1,,0x2c645216339ebcd8c7add24fbac61782325f2f09ad45787acf8c4f7fa2f7b533
2026-09-23T22-01-29-998Z_n-sweep_1-2-4-8-16-32-50,V1,,4,E-empate,,,propose,,,propose,0x7d5e81e2,WasteCategoryRegistry.updateCredits,63363,1,,0x63421df8298f0d613cefa6158b9c178c30b0d390352e13f019db3ef521e74ccb
2026-09-23T22-01-29-998Z_n-sweep_1-2-4-8-16-32-50,V1,,4,E-empate,,,vote,1,for,,0x56781388,,82468,1,,0xfd3a72fba8baa7d14f2df56429c48df164c2454e33710c3129d190b345c596fc
2026-09-23T22-01-29-998Z_n-sweep_1-2-4-8-16-32-50,V1,,4,E-empate,,,vote,2,for,,0x56781388,,65368,1,,0xf261ee6883c9ff632c08ce3270fc3d2f98d40703b91311e56e113b756c85d29e
2026-09-23T22-01-29-998Z_n-sweep_1-2-4-8-16-32-50,V1,,4,E-empate,,,vote,1,against,,0x56781388,,82416,1,,0x8dac3c92fd001c66edeee6e93af082d7636568bbd66793c9909f7a7b4a98b55d
2026-09-23T22-01-29-998Z_n-sweep_1-2-4-8-16-32-50,V1,,4,E-empate,,,vote,2,against,,0x56781388,,65316,1,,0xf77e11d67b19d949f4fc81b2e980215c357c7bd53786701c6e58c954b77c8562
2026-09-23T22-01-29-998Z_n-sweep_1-2-4-8-16-32-50,V1,,4,E-empate,,,execute_attempt,,,execute,0x2656227d,WasteCategoryRegistry.updateCredits,40382,0,"VM Exception while processing transaction: reverted with custom error 'GovernorUnexpectedProposalState(68029378864108757979288676462743043655759639495301912863133730809491852133336, 3, '0x0000000000000000000000000000000000000000000000000000000000000030')'",0x5e1e2b37f81fe6d51d69715f19e1c5fe24d59182dda9fd170fedd0c8f93fbaab
2026-09-23T22-01-29-998Z_n-sweep_1-2-4-8-16-32-50,V2,T1,,,,,deploy_token_T1,,,constructor,0x61016060,,1621017,1,,0xece28f063ba256e8fc65152daf61fe745a7823e8ba387b1b661409f18f6dc4cc
2026-09-23T22-01-29-998Z_n-sweep_1-2-4-8-16-32-50,V2,,,,,,deploy_registry,,,constructor,0x60806040,,4590964,1,,0x9005486642112873086c0faf3a06ce7199e3377186a80eb6eea4235f5e1c6f56
2026-09-23T22-01-29-998Z_n-sweep_1-2-4-8-16-32-50,V2,,,,,,deploy_governor_V2,,,constructor,0x6101e080,,2178840,1,,0xa32c9f3d540c0ae9eee563ea02a53e3c1648afde51e09209202bc2912d9a8532
2026-09-23T22-01-29-998Z_n-sweep_1-2-4-8-16-32-50,V2,,,,,,grant_admin_role,,,grantRole,0x2f2ff15d,,50799,1,,0x0482dd737ad13e5cf9f342f77b7f4c8d4a60575e6613b501a7a433855227e65d
2026-09-23T22-01-29-998Z_n-sweep_1-2-4-8-16-32-50,V2,,,,,,revoke_deployer_admin_role,,,revokeRole,0xd547741f,,27116,1,,0xbf6c6756b6e885a31717a4b56f3c4fc35da4780ca84e075711ea97189f58ea3d
2026-09-23T22-01-29-998Z_n-sweep_1-2-4-8-16-32-50,V2,,4,E-empate,,,delegate_admin,,,,0x5c19a95c,,95559,1,,0xe4ed125ff7fcf34a784094393e69d7b32184f90f45a88cf0e398ac5fe2329d50
2026-09-23T22-01-29-998Z_n-sweep_1-2-4-8-16-32-50,V2,,4,E-empate,,,delegate,,,,0x5c19a95c,,48347,1,,0x8e5cf2e817455991c3f88244f29b95e3c5703efb253d16587c3e019ace8ed4aa
2026-09-23T22-01-29-998Z_n-sweep_1-2-4-8-16-32-50,V2,,4,E-empate,,,delegate,,,,0x5c19a95c,,48335,1,,0x3a4d0b938991cc6665fddf48aab742d27a2480134e4cb1cf5b844b9724575405
2026-09-23T22-01-29-998Z_n-sweep_1-2-4-8-16-32-50,V2,,4,E-empate,,,delegate,,,,0x5c19a95c,,48347,1,,0x8df16e2387da0d9fa03469e487a72815c7ad0f22d2e3631bfcd3e8532e84566f
2026-09-23T22-01-29-998Z_n-sweep_1-2-4-8-16-32-50,V2,,4,E-empate,,,delegate,,,,0x5c19a95c,,48347,1,,0x95612e3ccf4e98f664cb62c90a18fd3142e8f5668db18fb82a400652a6b96b06
2026-09-23T22-01-29-998Z_n-sweep_1-2-4-8-16-32-50,V2,,4,E-empate,,,transfer,,,,0xa9059cbb,,135960,1,,0x3558cad685994c37044c2f00b8b4c7de324f0ee86bcec98f244b7ad81088ae35
2026-09-23T22-01-29-998Z_n-sweep_1-2-4-8-16-32-50,V2,,4,E-empate,,,transfer,,,,0xa9059cbb,,135948,1,,0x529fa9953c8c684549471275424870997cf2e2a9ecf2b0e4939ff68ff78e080d
2026-09-23T22-01-29-998Z_n-sweep_1-2-4-8-16-32-50,V2,,4,E-empate,,,transfer,,,,0xa9059cbb,,135960,1,,0x3aa1a98412da82522f8ff4a1d16ee718b64d1d11e67ba2195e962875ba373fcb
2026-09-23T22-01-29-998Z_n-sweep_1-2-4-8-16-32-50,V2,,4,E-empate,,,transfer,,,,0xa9059cbb,,135960,1,,0xf2a6471b40edcc321f4fe3279d8384ee853dabb52a43039c6dfbb622e11a7f66
2026-09-23T22-01-29-998Z_n-sweep_1-2-4-8-16-32-50,V2,,4,E-empate,,,propose,,,propose,0x7d5e81e2,WasteCategoryRegistry.updateCredits,63363,1,,0xd3ac2b8bc4d49eab3873c856af8421bf6d26fc78bf8d148126a50f599738870a
2026-09-23T22-01-29-998Z_n-sweep_1-2-4-8-16-32-50,V2,,4,E-empate,,,vote,1,for,,0x56781388,,82468,1,,0x15af024f62931447338e62fc5fabcca2b730088dec50f29ffc8d3a2af3d0e3e2
2026-09-23T22-01-29-998Z_n-sweep_1-2-4-8-16-32-50,V2,,4,E-empate,,,vote,2,for,,0x56781388,,65368,1,,0xe64a5b2c609b78570c5378345898f11f0c4b57da4262ac048f5cf7a44f4cbb91
2026-09-23T22-01-29-998Z_n-sweep_1-2-4-8-16-32-50,V2,,4,E-empate,,,vote,1,against,,0x56781388,,82416,1,,0x68cca5a2898b6ea8d91a038f296f4362b436fbc0fb25af34dbd28e51443b36f0
2026-09-23T22-01-29-998Z_n-sweep_1-2-4-8-16-32-50,V2,,4,E-empate,,,vote,2,against,,0x56781388,,65316,1,,0x03bcac9c090feb71505d69c617ce077b4930dd2c786a3768de176b449b8a32bc
2026-09-23T22-01-29-998Z_n-sweep_1-2-4-8-16-32-50,V2,,4,E-empate,,,execute_attempt,,,execute,0x2656227d,WasteCategoryRegistry.updateCredits,40422,0,"VM Exception while processing transaction: reverted with custom error 'GovernorUnexpectedProposalState(33381279802574491117110532450239383178518989909711794453336878448412220192845, 3, '0x0000000000000000000000000000000000000000000000000000000000000030')'",0x0d575aad474fd38925ef7ce6c3bc9b677115212b9fda3b87195d1c6b2a856071
2026-09-23T22-01-29-998Z_n-sweep_1-2-4-8-16-32-50,Ref,T1,,,,,deploy_token_T1,,,constructor,0x61016060,,1621017,1,,0x8a423d158719dafa7ff4b82bcd6f6a5661f61c993e6aaede0acbe21a849af082
2026-09-23T22-01-29-998Z_n-sweep_1-2-4-8-16-32-50,Ref,,,,,,deploy_registry,,,constructor,0x60806040,,4590964,1,,0x9005486642112873086c0faf3a06ce7199e3377186a80eb6eea4235f5e1c6f56
2026-09-23T22-01-29-998Z_n-sweep_1-2-4-8-16-32-50,Ref,,,,,,deploy_rewards_registry_for_ctor,,,constructor,0x60806040,,4590964,1,,0x484f4210d177094deb4832deb5e459c708c732becb1881e1d1417503c177d84a
2026-09-23T22-01-29-998Z_n-sweep_1-2-4-8-16-32-50,Ref,,,,,,deploy_credit,,,constructor,0x60806040,,931954,1,,0xda6265176213799bfac2d03545eb38f6f6d6d978852db5e040dec6bdc95b6a46
2026-09-23T22-01-29-998Z_n-sweep_1-2-4-8-16-32-50,Ref,,,,,,deploy_passport,,,constructor,0x60806040,,2776581,1,,0xe5a36162780b85ac2b217350036da2286056186a02d74234dd0980865a07c217
2026-09-23T22-01-29-998Z_n-sweep_1-2-4-8-16-32-50,Ref,,,,,,deploy_rewards,,,constructor,0x60803461,,1246140,1,,0x748f3eef423a29001e508633e407c909b25f0e6a89b560856468f0ac6655c439
2026-09-23T22-01-29-998Z_n-sweep_1-2-4-8-16-32-50,Ref,,,,,,deploy_stakeholders,,,constructor,0x60803461,,1679823,1,,0xd4be2e468d589ae7e76ff2c292757707613e73c2a9e8f4c774280b5fd0991072
2026-09-23T22-01-29-998Z_n-sweep_1-2-4-8-16-32-50,Ref,,,,,,deploy_governor_Ref,,,constructor,0x61018060,,4434623,1,,0xd1b6a3d1f944bdfe5c399ebf7a1e6ed8a76e5b5acd93cdfc3d211571cbc50a6e
2026-09-23T22-01-29-998Z_n-sweep_1-2-4-8-16-32-50,Ref,,,,,,grant_admin_role,,,grantRole,0x2f2ff15d,,50799,1,,0x9477ec21ceecb8e71e570a8e5c711d060981c6dc53217d4071b2c7d012604374
2026-09-23T22-01-29-998Z_n-sweep_1-2-4-8-16-32-50,Ref,,,,,,revoke_deployer_admin_role,,,revokeRole,0xd547741f,,27116,1,,0x4571f6b2b82c72e95dbfd028346a3c95cee362f1cdc4e946338a9d1e56d58c09
2026-09-23T22-01-29-998Z_n-sweep_1-2-4-8-16-32-50,Ref,,4,E-empate,,,delegate_admin,,,,0x5c19a95c,,95559,1,,0xfca7f8e34a7a367a38495092e6c6ae53f6f6bbc6c6cdd047fed83c770b76a8c9
2026-09-23T22-01-29-998Z_n-sweep_1-2-4-8-16-32-50,Ref,,4,E-empate,,,delegate,,,,0x5c19a95c,,48347,1,,0x2f1db724527155bbb87015320f4de9a632dd20bb0d57eddcbd649b18207511a9
2026-09-23T22-01-29-998Z_n-sweep_1-2-4-8-16-32-50,Ref,,4,E-empate,,,delegate,,,,0x5c19a95c,,48335,1,,0x8b0e52e67c302dbb4252eb6f968ee138c191eb8205be72d37b64b0c5ee99cc0e
2026-09-23T22-01-29-998Z_n-sweep_1-2-4-8-16-32-50,Ref,,4,E-empate,,,delegate,,,,0x5c19a95c,,48347,1,,0x1a5bd05dacedf9e3acc8ca8d92b6aea9cf2aa84f70c77d04dab2d0257070356f
2026-09-23T22-01-29-998Z_n-sweep_1-2-4-8-16-32-50,Ref,,4,E-empate,,,delegate,,,,0x5c19a95c,,48347,1,,0x05f7d9fd7d2dcae80248756e17e23af4963c07b10ebe32e7c079f468806ce249
2026-09-23T22-01-29-998Z_n-sweep_1-2-4-8-16-32-50,Ref,,4,E-empate,,,transfer,,,,0xa9059cbb,,135960,1,,0xc9d809ca335bf1d5ced4527901b0550905cf37979ffb752c91a4f93e12b228a1
2026-09-23T22-01-29-998Z_n-sweep_1-2-4-8-16-32-50,Ref,,4,E-empate,,,transfer,,,,0xa9059cbb,,135948,1,,0xc2f67b0c8c6bce22fdbe4538fd277d34e8df9d4aacf849ba0f3e7710c10b8be4
2026-09-23T22-01-29-998Z_n-sweep_1-2-4-8-16-32-50,Ref,,4,E-empate,,,transfer,,,,0xa9059cbb,,135960,1,,0xc7a976d94ddbb9ac6c5e676faa1b8bf2463e2ff3d8d2248dc8a6f3a9cd76b1a4
2026-09-23T22-01-29-998Z_n-sweep_1-2-4-8-16-32-50,Ref,,4,E-empate,,,transfer,,,,0xa9059cbb,,135960,1,,0xce781ec8491509024d0c5d88655d22745102938a8389f2acff845c957405c8fe
2026-09-23T22-01-29-998Z_n-sweep_1-2-4-8-16-32-50,Ref,,4,E-empate,,,propose,,,propose,0x7d5e81e2,WasteCategoryRegistry.updateCredits,78839,1,,0x0f82ac7a6a3d0453783cdbd3a04019a568e763eed8bfbc1298be35a55d0603db
2026-09-23T22-01-29-998Z_n-sweep_1-2-4-8-16-32-50,Ref,,4,E-empate,,,vote,1,for,,0x56781388,,83098,1,,0xe8637402c5d76eb287a2189aea0dc8604bbf7e88be066068c9a6debad47b4cb8
2026-09-23T22-01-29-998Z_n-sweep_1-2-4-8-16-32-50,Ref,,4,E-empate,,,vote,2,for,,0x56781388,,65998,1,,0xd4c9d52e13994c59cf10aa8c63aa7f955ffa8d9e868634325b55531ddcf5cbb4
2026-09-23T22-01-29-998Z_n-sweep_1-2-4-8-16-32-50,Ref,,4,E-empate,,,vote,1,against,,0x56781388,,83057,1,,0x3e7d6edafef738ca1deff315a9ce79bb50d5fcb2107ab054322a08dab5f1d651
2026-09-23T22-01-29-998Z_n-sweep_1-2-4-8-16-32-50,Ref,,4,E-empate,,,vote,2,against,,0x56781388,,65957,1,,0xcde3be874341e12b419316102266c95bfd6fe5be01657ca145963ac114b268e9
2026-09-23T22-01-29-998Z_n-sweep_1-2-4-8-16-32-50,Ref,,4,E-empate,,,execute_attempt,,,execute,0x2656227d,WasteCategoryRegistry.updateCredits,51452,0,"VM Exception while processing transaction: reverted with custom error 'GovernorUnexpectedProposalState(115567978099516557306882076302780613751623327473381837945316980961030305383972, 3, '0x0000000000000000000000000000000000000000000000000000000000000030')'",0x4df0f3d0472cb8dbfdc300d94b7fbba512693152ec6d0d4877769c6d425de8a6
2026-09-23T22-01-29-998Z_n-sweep_1-2-4-8-16-32-50,V0,T1,,,,,deploy_token_T1,,,constructor,0x61016060,,1621017,1,,0xece28f063ba256e8fc65152daf61fe745a7823e8ba387b1b661409f18f6dc4cc
2026-09-23T22-01-29-998Z_n-sweep_1-2-4-8-16-32-50,V0,,,,,,deploy_registry,,,constructor,0x60806040,,4590964,1,,0x9005486642112873086c0faf3a06ce7199e3377186a80eb6eea4235f5e1c6f56
2026-09-23T22-01-29-998Z_n-sweep_1-2-4-8-16-32-50,V0,,,,,,deploy_governor_V0,,,constructor,0x6101c080,,2133394,1,,0x8b33a795df9df0e5a3cb812430955580d1fb4f654a6028dd161238e13d560524
2026-09-23T22-01-29-998Z_n-sweep_1-2-4-8-16-32-50,V0,,,,,,grant_admin_role,,,grantRole,0x2f2ff15d,,50799,1,,0xb518a3911be32f0a59dcaec3e43c7ec54010f07f3e473d550516b1aab1a18d6b
2026-09-23T22-01-29-998Z_n-sweep_1-2-4-8-16-32-50,V0,,,,,,revoke_deployer_admin_role,,,revokeRole,0xd547741f,,27116,1,,0x8cb08b8b6ca45600b76a431b4cd18aee2095374e00c890903bfaa28d83b5f82b
2026-09-23T22-01-29-998Z_n-sweep_1-2-4-8-16-32-50,V0,,8,A-unanime,,,delegate_admin,,,,0x5c19a95c,,95559,1,,0xfa43c1f7a1a1658c8aeac58119b26e806face10fc63ae3e18099942309f4d395
2026-09-23T22-01-29-998Z_n-sweep_1-2-4-8-16-32-50,V0,,8,A-unanime,,,delegate,,,,0x5c19a95c,,48347,1,,0xf96ae171d39b1290c248e3ee88c92c43e24751ff4aacf46bad404cad29a33e37
2026-09-23T22-01-29-998Z_n-sweep_1-2-4-8-16-32-50,V0,,8,A-unanime,,,delegate,,,,0x5c19a95c,,48335,1,,0x65ff74d2610d5c80f16dc62aa4e01b339a9ecd8c95911ae092d678a9792cdcb8
2026-09-23T22-01-29-998Z_n-sweep_1-2-4-8-16-32-50,V0,,8,A-unanime,,,delegate,,,,0x5c19a95c,,48347,1,,0xb06e4e18b389cc3c69848b844c44927f26087a909c0e4532a1ba892e8d7bac4c
2026-09-23T22-01-29-998Z_n-sweep_1-2-4-8-16-32-50,V0,,8,A-unanime,,,delegate,,,,0x5c19a95c,,48347,1,,0xfdc5c4ae6e458adbd0780d18d4ef20dca6b7a02f3efff2f7c0eec7590e340a41
2026-09-23T22-01-29-998Z_n-sweep_1-2-4-8-16-32-50,V0,,8,A-unanime,,,delegate,,,,0x5c19a95c,,48347,1,,0x5c4d4bc02e09949d860a2c409a26209335f7c4e4eca7ac13d0e60a5cf0d0f233
2026-09-23T22-01-29-998Z_n-sweep_1-2-4-8-16-32-50,V0,,8,A-unanime,,,delegate,,,,0x5c19a95c,,48347,1,,0x8eb2597a239d7d5a9d780141fa850308f21a221b62b2f0b2cd01922a25b294b2
2026-09-23T22-01-29-998Z_n-sweep_1-2-4-8-16-32-50,V0,,8,A-unanime,,,delegate,,,,0x5c19a95c,,48347,1,,0x61b0a2cbceae6ab3b47dbad41fbaa57485b4b4545814b177fb76f5e80989f4b6
2026-09-23T22-01-29-998Z_n-sweep_1-2-4-8-16-32-50,V0,,8,A-unanime,,,delegate,,,,0x5c19a95c,,48347,1,,0x8e8293e79ce57e8b2bd6c914c167b0ec5858ded7d332cc962607075acbcc0b43
2026-09-23T22-01-29-998Z_n-sweep_1-2-4-8-16-32-50,V0,,8,A-unanime,,,transfer,,,,0xa9059cbb,,135960,1,,0x64168a5434eabf73b0837b721544a4cc06ef6a34e1c4450773c58082258dcca0
2026-09-23T22-01-29-998Z_n-sweep_1-2-4-8-16-32-50,V0,,8,A-unanime,,,transfer,,,,0xa9059cbb,,135948,1,,0xb4e18f79c6446604effaf109dce94429a512388a43df1126882c8e5cca868b7f
2026-09-23T22-01-29-998Z_n-sweep_1-2-4-8-16-32-50,V0,,8,A-unanime,,,transfer,,,,0xa9059cbb,,135960,1,,0xce056104bca756fc0ba8f7fbf1c6b9aff343642e27c04af69ec57f8a64bbcb85
2026-09-23T22-01-29-998Z_n-sweep_1-2-4-8-16-32-50,V0,,8,A-unanime,,,transfer,,,,0xa9059cbb,,135960,1,,0x5f3f58d2bb088aa6fc81497c7fc7456836488df613560e6bcb700adf45bfea2a
2026-09-23T22-01-29-998Z_n-sweep_1-2-4-8-16-32-50,V0,,8,A-unanime,,,transfer,,,,0xa9059cbb,,135960,1,,0x4e9ed30eb962504e5d56173f8a4b1de130c73b1ca07dce26f8178dcbb537b0fb
2026-09-23T22-01-29-998Z_n-sweep_1-2-4-8-16-32-50,V0,,8,A-unanime,,,transfer,,,,0xa9059cbb,,135960,1,,0xd66ce4d198d298bdd4b5dea73866d2000a0ef49ec8a03732e0761dd58681e01d
2026-09-23T22-01-29-998Z_n-sweep_1-2-4-8-16-32-50,V0,,8,A-unanime,,,transfer,,,,0xa9059cbb,,135960,1,,0x31c8459ef336643269731c1bb6d02b9a719ad31d14bd890cfbc82f6a2e7d687b
2026-09-23T22-01-29-998Z_n-sweep_1-2-4-8-16-32-50,V0,,8,A-unanime,,,transfer,,,,0xa9059cbb,,135960,1,,0x84367e6fcee837f9170bc662ed268d918c68db8b23a8a17d84394aed377a8613
2026-09-23T22-01-29-998Z_n-sweep_1-2-4-8-16-32-50,V0,,8,A-unanime,,,propose,,,propose,0x7d5e81e2,WasteCategoryRegistry.updateCredits,63778,1,,0x78f9d223be82f4e94a38a7b3c4f963f003b417d9347c24ef857899f0a61fe9d8
2026-09-23T22-01-29-998Z_n-sweep_1-2-4-8-16-32-50,V0,,8,A-unanime,,,vote,1,for,,0x56781388,,81899,1,,0x9b17639aed6f247377533207cd737e97a09e47b4e698cc9cc464bbc95f6abd95
2026-09-23T22-01-29-998Z_n-sweep_1-2-4-8-16-32-50,V0,,8,A-unanime,,,vote,2,for,,0x56781388,,64799,1,,0x105885cad99e882d6e97cc911076dc9e41f3648d0e6798a8a03bc929936e44fe
2026-09-23T22-01-29-998Z_n-sweep_1-2-4-8-16-32-50,V0,,8,A-unanime,,,vote,3,for,,0x56781388,,64799,1,,0x5005573af7a455fc05a396dd239d261a0f07592e8b32188b652bb182bb3bc02f
2026-09-23T22-01-29-998Z_n-sweep_1-2-4-8-16-32-50,V0,,8,A-unanime,,,vote,4,for,,0x56781388,,64799,1,,0xad072f1b1a8a28c0e44888adb5eb9c03f787cfd6ebff7bd3b613db92d6c631c8
2026-09-23T22-01-29-998Z_n-sweep_1-2-4-8-16-32-50,V0,,8,A-unanime,,,vote,5,for,,0x56781388,,64799,1,,0x3f1847bc36cb4c3279c1a7d30e4b7ad58cb8ce6ad962e4285c54dcd7e938cbf2
2026-09-23T22-01-29-998Z_n-sweep_1-2-4-8-16-32-50,V0,,8,A-unanime,,,vote,6,for,,0x56781388,,64799,1,,0xd9e7c14e9798b76f728f655f19a59ffa5b88f2e0f2bcd761f76b888affe31491
2026-09-23T22-01-29-998Z_n-sweep_1-2-4-8-16-32-50,V0,,8,A-unanime,,,vote,7,for,,0x56781388,,64799,1,,0x026c7471437f06aef17ecaa2b6302596c446e39f4a1f525eb9a2787f5492c370
2026-09-23T22-01-29-998Z_n-sweep_1-2-4-8-16-32-50,V0,,8,A-unanime,,,vote,8,for,,0x56781388,,64799,1,,0x0b5262975661d8c4ca4dcc6adb552d6d214a78b6fae51e3a53045e6f54fd66b7
2026-09-23T22-01-29-998Z_n-sweep_1-2-4-8-16-32-50,V0,,8,A-unanime,,,execute,,,execute,0x2656227d,WasteCategoryRegistry.updateCredits,60795,1,,0xbbca401951f48c56a76ecea5f46bfbe491d6f5bb6cc0a3c33104add344240d1c
2026-09-23T22-01-29-998Z_n-sweep_1-2-4-8-16-32-50,V1,T1,,,,,deploy_token_T1,,,constructor,0x61016060,,1621017,1,,0xece28f063ba256e8fc65152daf61fe745a7823e8ba387b1b661409f18f6dc4cc
2026-09-23T22-01-29-998Z_n-sweep_1-2-4-8-16-32-50,V1,,,,,,deploy_registry,,,constructor,0x60806040,,4590964,1,,0x9005486642112873086c0faf3a06ce7199e3377186a80eb6eea4235f5e1c6f56
2026-09-23T22-01-29-998Z_n-sweep_1-2-4-8-16-32-50,V1,,,,,,deploy_governor_V1,,,constructor,0x6101c080,,2141155,1,,0xcbf032b87647649d09648621f7d61fb312aee4174486ee6f404819243ac59ca9
2026-09-23T22-01-29-998Z_n-sweep_1-2-4-8-16-32-50,V1,,,,,,grant_admin_role,,,grantRole,0x2f2ff15d,,50799,1,,0xfdc9a3875129e16eb4a0e6527cfb2e5662449c13660398cf3b7c723db6d0e009
2026-09-23T22-01-29-998Z_n-sweep_1-2-4-8-16-32-50,V1,,,,,,revoke_deployer_admin_role,,,revokeRole,0xd547741f,,27116,1,,0xc189311656167d1c4c211ee1c4f5143a8df64ff72cb449ebf7ec77ff2fd0bcbb
2026-09-23T22-01-29-998Z_n-sweep_1-2-4-8-16-32-50,V1,,8,A-unanime,,,delegate_admin,,,,0x5c19a95c,,95559,1,,0xd4695df7ceba86e36d8d32ccf756640823a0c1b729cf20e3a0b632c08e38ee6a
2026-09-23T22-01-29-998Z_n-sweep_1-2-4-8-16-32-50,V1,,8,A-unanime,,,delegate,,,,0x5c19a95c,,48347,1,,0x81d5bf8e96fad9ce8b5230dc73abbeb313b25fcb2932728690f357e6b4e905b9
2026-09-23T22-01-29-998Z_n-sweep_1-2-4-8-16-32-50,V1,,8,A-unanime,,,delegate,,,,0x5c19a95c,,48335,1,,0x92147b8c796bc2b0f21acc979799bbf4c5b5033d9d67806a8ad6842fe03d41df
2026-09-23T22-01-29-998Z_n-sweep_1-2-4-8-16-32-50,V1,,8,A-unanime,,,delegate,,,,0x5c19a95c,,48347,1,,0xfff43b85310b182c6fdaa6a0b82056393aba2572b23e543b42f064dc4690e2fc
2026-09-23T22-01-29-998Z_n-sweep_1-2-4-8-16-32-50,V1,,8,A-unanime,,,delegate,,,,0x5c19a95c,,48347,1,,0xd65054394087a126f7201b8caf565d34e4b8e2c37299a2eb2e8e1e169e8753b2
2026-09-23T22-01-29-998Z_n-sweep_1-2-4-8-16-32-50,V1,,8,A-unanime,,,delegate,,,,0x5c19a95c,,48347,1,,0x0c6ee11e6f4f09c9119d3c03df89d743f104be74b800d0b47cbfa2e1629e917b
2026-09-23T22-01-29-998Z_n-sweep_1-2-4-8-16-32-50,V1,,8,A-unanime,,,delegate,,,,0x5c19a95c,,48347,1,,0x9e4c58d93f5292a4566258e1c10f556eb9dc4074e322b7c357bf5ad65da50cae
2026-09-23T22-01-29-998Z_n-sweep_1-2-4-8-16-32-50,V1,,8,A-unanime,,,delegate,,,,0x5c19a95c,,48347,1,,0x6ebf0fe5777b4feb07a84b604e7094e789e104c0aa39284dccf1b9da9c17904e
2026-09-23T22-01-29-998Z_n-sweep_1-2-4-8-16-32-50,V1,,8,A-unanime,,,delegate,,,,0x5c19a95c,,48347,1,,0xfe42119cc5b68fbfd433dffe547dcf50b55480a011d31795da0f08ec660c70b3
2026-09-23T22-01-29-998Z_n-sweep_1-2-4-8-16-32-50,V1,,8,A-unanime,,,transfer,,,,0xa9059cbb,,135960,1,,0x364926a72ecc473ffcbb0e9b181d54e6f72eeab140f25a9b24544a3e10cab7c7
2026-09-23T22-01-29-998Z_n-sweep_1-2-4-8-16-32-50,V1,,8,A-unanime,,,transfer,,,,0xa9059cbb,,135948,1,,0x1e82330c65247db307e915b5788ed34fd87ff6c6b02936ff7c1c6af495a4a8dd
2026-09-23T22-01-29-998Z_n-sweep_1-2-4-8-16-32-50,V1,,8,A-unanime,,,transfer,,,,0xa9059cbb,,135960,1,,0x17309f3a1f22d04c586dec981ececfb7fa55b4ba88d0ecb3ca73c50ef27be438
2026-09-23T22-01-29-998Z_n-sweep_1-2-4-8-16-32-50,V1,,8,A-unanime,,,transfer,,,,0xa9059cbb,,135960,1,,0xba165ac6fab73acb892a36f5df754a0ee061d768af616d32a2ad01f5c309a217
2026-09-23T22-01-29-998Z_n-sweep_1-2-4-8-16-32-50,V1,,8,A-unanime,,,transfer,,,,0xa9059cbb,,135960,1,,0x66f6077ee27e748575b2ec6779230f2fc46c81373f7cae4239d541f1b47af55c
2026-09-23T22-01-29-998Z_n-sweep_1-2-4-8-16-32-50,V1,,8,A-unanime,,,transfer,,,,0xa9059cbb,,135960,1,,0x914bf01a25aa59a8061b0a1fe33c0d7bf8e891ee7eaabf67808aa970e7dc30bf
2026-09-23T22-01-29-998Z_n-sweep_1-2-4-8-16-32-50,V1,,8,A-unanime,,,transfer,,,,0xa9059cbb,,135960,1,,0x18aa687804cbafa1a01ff19bb5d40c5f7fbde23b47296c2829519b9711b85fd1
2026-09-23T22-01-29-998Z_n-sweep_1-2-4-8-16-32-50,V1,,8,A-unanime,,,transfer,,,,0xa9059cbb,,135960,1,,0x9024f98682894614861fda29d99d66b4318ea20e398a09717282b4adb025ce52
2026-09-23T22-01-29-998Z_n-sweep_1-2-4-8-16-32-50,V1,,8,A-unanime,,,propose,,,propose,0x7d5e81e2,WasteCategoryRegistry.updateCredits,63778,1,,0x8dc2bf7526138e9f035b7bee42f304deb268d7884c8966e1924f882deceba282
2026-09-23T22-01-29-998Z_n-sweep_1-2-4-8-16-32-50,V1,,8,A-unanime,,,vote,1,for,,0x56781388,,82468,1,,0xac073409fb642b1b7b595e3e38102aab11921b8e39e7bd650d4208d3f2d7ab04
2026-09-23T22-01-29-998Z_n-sweep_1-2-4-8-16-32-50,V1,,8,A-unanime,,,vote,2,for,,0x56781388,,65368,1,,0x26008cb8d8e890e8eacfedaa01b71846ff6f5ae221d0d6fcee35f0099eddc90b
2026-09-23T22-01-29-998Z_n-sweep_1-2-4-8-16-32-50,V1,,8,A-unanime,,,vote,3,for,,0x56781388,,65368,1,,0x4d903b402b00bc5138e26511a571d39942f87d128c89419fd6b03a4d50870e38
2026-09-23T22-01-29-998Z_n-sweep_1-2-4-8-16-32-50,V1,,8,A-unanime,,,vote,4,for,,0x56781388,,65368,1,,0x09d65114ac0fbd8bd3473c83894bffc88e6fcf248a287b48e6b27090189cd1fa
2026-09-23T22-01-29-998Z_n-sweep_1-2-4-8-16-32-50,V1,,8,A-unanime,,,vote,5,for,,0x56781388,,65368,1,,0xef797e237c4e6ede173703e2ea80f5b5f89f0e0aa1be433127373bbd2bc9961c
2026-09-23T22-01-29-998Z_n-sweep_1-2-4-8-16-32-50,V1,,8,A-unanime,,,vote,6,for,,0x56781388,,65368,1,,0x39ba1d3c66843b56e9621bf40ece2a1e9be0198873027aca594ff485fa0d3291
2026-09-23T22-01-29-998Z_n-sweep_1-2-4-8-16-32-50,V1,,8,A-unanime,,,vote,7,for,,0x56781388,,65368,1,,0xd047d274867aa252e8dd5abbb1480bba088f848b36dc2e2805608a80fe29efbf
2026-09-23T22-01-29-998Z_n-sweep_1-2-4-8-16-32-50,V1,,8,A-unanime,,,vote,8,for,,0x56781388,,65368,1,,0x7d04ec6aa17066c6e8a009858cfec1725d662d4aed5f5b808510e3d07e9557d1
2026-09-23T22-01-29-998Z_n-sweep_1-2-4-8-16-32-50,V1,,8,A-unanime,,,execute,,,execute,0x2656227d,WasteCategoryRegistry.updateCredits,60807,1,,0x246cab263a4f8553425d70f6264cdde391dbee443e4382e8e34bc1e9c76bd506
2026-09-23T22-01-29-998Z_n-sweep_1-2-4-8-16-32-50,V2,T1,,,,,deploy_token_T1,,,constructor,0x61016060,,1621017,1,,0xece28f063ba256e8fc65152daf61fe745a7823e8ba387b1b661409f18f6dc4cc
2026-09-23T22-01-29-998Z_n-sweep_1-2-4-8-16-32-50,V2,,,,,,deploy_registry,,,constructor,0x60806040,,4590964,1,,0x9005486642112873086c0faf3a06ce7199e3377186a80eb6eea4235f5e1c6f56
2026-09-23T22-01-29-998Z_n-sweep_1-2-4-8-16-32-50,V2,,,,,,deploy_governor_V2,,,constructor,0x6101e080,,2178840,1,,0xa32c9f3d540c0ae9eee563ea02a53e3c1648afde51e09209202bc2912d9a8532
2026-09-23T22-01-29-998Z_n-sweep_1-2-4-8-16-32-50,V2,,,,,,grant_admin_role,,,grantRole,0x2f2ff15d,,50799,1,,0x0482dd737ad13e5cf9f342f77b7f4c8d4a60575e6613b501a7a433855227e65d
2026-09-23T22-01-29-998Z_n-sweep_1-2-4-8-16-32-50,V2,,,,,,revoke_deployer_admin_role,,,revokeRole,0xd547741f,,27116,1,,0xbf6c6756b6e885a31717a4b56f3c4fc35da4780ca84e075711ea97189f58ea3d
2026-09-23T22-01-29-998Z_n-sweep_1-2-4-8-16-32-50,V2,,8,A-unanime,,,delegate_admin,,,,0x5c19a95c,,95559,1,,0xe4ed125ff7fcf34a784094393e69d7b32184f90f45a88cf0e398ac5fe2329d50
2026-09-23T22-01-29-998Z_n-sweep_1-2-4-8-16-32-50,V2,,8,A-unanime,,,delegate,,,,0x5c19a95c,,48347,1,,0x8e5cf2e817455991c3f88244f29b95e3c5703efb253d16587c3e019ace8ed4aa
2026-09-23T22-01-29-998Z_n-sweep_1-2-4-8-16-32-50,V2,,8,A-unanime,,,delegate,,,,0x5c19a95c,,48335,1,,0x3a4d0b938991cc6665fddf48aab742d27a2480134e4cb1cf5b844b9724575405
2026-09-23T22-01-29-998Z_n-sweep_1-2-4-8-16-32-50,V2,,8,A-unanime,,,delegate,,,,0x5c19a95c,,48347,1,,0x8df16e2387da0d9fa03469e487a72815c7ad0f22d2e3631bfcd3e8532e84566f
2026-09-23T22-01-29-998Z_n-sweep_1-2-4-8-16-32-50,V2,,8,A-unanime,,,delegate,,,,0x5c19a95c,,48347,1,,0x95612e3ccf4e98f664cb62c90a18fd3142e8f5668db18fb82a400652a6b96b06
2026-09-23T22-01-29-998Z_n-sweep_1-2-4-8-16-32-50,V2,,8,A-unanime,,,delegate,,,,0x5c19a95c,,48347,1,,0x8cfbd9c8afd095297879c4ea5a6d41c276c3b770abd2f751b06ec63384df15d6
2026-09-23T22-01-29-998Z_n-sweep_1-2-4-8-16-32-50,V2,,8,A-unanime,,,delegate,,,,0x5c19a95c,,48347,1,,0x96ff47bd12ed3260165a9b3c82bacf4a9f1cfd47a5f8548491ee35c1066f2e38
2026-09-23T22-01-29-998Z_n-sweep_1-2-4-8-16-32-50,V2,,8,A-unanime,,,delegate,,,,0x5c19a95c,,48347,1,,0x3c7464a5135ef0630048da3b891f6f95d941c4b44dfb27d1230d6c7015af52d6
2026-09-23T22-01-29-998Z_n-sweep_1-2-4-8-16-32-50,V2,,8,A-unanime,,,delegate,,,,0x5c19a95c,,48347,1,,0xcef7f0dbdf22e7ddd7612e11e8e4d04d07ff7ed50742fa593a04379c3fb4c79a
2026-09-23T22-01-29-998Z_n-sweep_1-2-4-8-16-32-50,V2,,8,A-unanime,,,transfer,,,,0xa9059cbb,,135960,1,,0x7c052333044c2288623248aa49302d5e2b271fd34865af063eff829354a8b683
2026-09-23T22-01-29-998Z_n-sweep_1-2-4-8-16-32-50,V2,,8,A-unanime,,,transfer,,,,0xa9059cbb,,135948,1,,0xa70b19aecefd6fc37e47200f0ee7be8b67ae1fd23270d845de15d0e55868e8c7
2026-09-23T22-01-29-998Z_n-sweep_1-2-4-8-16-32-50,V2,,8,A-unanime,,,transfer,,,,0xa9059cbb,,135960,1,,0xc6c252567ba64c72646e826d5ce83077e7e29b0d7e739c32a06142eedc3ac88b
2026-09-23T22-01-29-998Z_n-sweep_1-2-4-8-16-32-50,V2,,8,A-unanime,,,transfer,,,,0xa9059cbb,,135960,1,,0xd536c2011d0413da3ef64131702fb3a285c5ada7f6b4492504b2ab9a5fbdbe23
2026-09-23T22-01-29-998Z_n-sweep_1-2-4-8-16-32-50,V2,,8,A-unanime,,,transfer,,,,0xa9059cbb,,135960,1,,0xd87e504bc80e209db7bc55b7b3d109104d1759045b16de491835faf2a58af9f5
2026-09-23T22-01-29-998Z_n-sweep_1-2-4-8-16-32-50,V2,,8,A-unanime,,,transfer,,,,0xa9059cbb,,135960,1,,0xb4000e4cc890a963ba948c2333d7cfe1cee46cd6bc6cc618b5666e6d69ecc15e
2026-09-23T22-01-29-998Z_n-sweep_1-2-4-8-16-32-50,V2,,8,A-unanime,,,transfer,,,,0xa9059cbb,,135960,1,,0x39a69759f41857048a62b13eca96e9b06ce234415de624be503ffdb08ed092e8
2026-09-23T22-01-29-998Z_n-sweep_1-2-4-8-16-32-50,V2,,8,A-unanime,,,transfer,,,,0xa9059cbb,,135960,1,,0x90c0510f905229c10a6503306d6e1badbfb1c5de847b607d4930d8e3522b96eb
2026-09-23T22-01-29-998Z_n-sweep_1-2-4-8-16-32-50,V2,,8,A-unanime,,,propose,,,propose,0x7d5e81e2,WasteCategoryRegistry.updateCredits,63778,1,,0xbe829bcd56b4140381b4eab8b37673b67ce3ff8064c06fb2d80880ec81943bec
2026-09-23T22-01-29-998Z_n-sweep_1-2-4-8-16-32-50,V2,,8,A-unanime,,,vote,1,for,,0x56781388,,82468,1,,0xc976831514b53668c311c7108ce7bff59e9add2dfdd940622e74c2cf635e18a3
2026-09-23T22-01-29-998Z_n-sweep_1-2-4-8-16-32-50,V2,,8,A-unanime,,,vote,2,for,,0x56781388,,65368,1,,0xb871c8b64b1f227a729e6e6ed7d741750c85a6361c260337e88135fc3015b963
2026-09-23T22-01-29-998Z_n-sweep_1-2-4-8-16-32-50,V2,,8,A-unanime,,,vote,3,for,,0x56781388,,65368,1,,0x9c42173f63293b7bb3859bf1551e9b79e9d8462fabc6ce6d5023c9cb62568ebc
2026-09-23T22-01-29-998Z_n-sweep_1-2-4-8-16-32-50,V2,,8,A-unanime,,,vote,4,for,,0x56781388,,65368,1,,0x333b9fc1d04405c99884573a40a21d09ca4db376d9d9ff7403f921c404dd9498
2026-09-23T22-01-29-998Z_n-sweep_1-2-4-8-16-32-50,V2,,8,A-unanime,,,vote,5,for,,0x56781388,,65368,1,,0xad315be94e6861d01baad7a0f26c2adca19556247fcc174162ba8a678fc7a08a
2026-09-23T22-01-29-998Z_n-sweep_1-2-4-8-16-32-50,V2,,8,A-unanime,,,vote,6,for,,0x56781388,,65368,1,,0x53b8f37ba802d5ce1ce18b008a7565d7685c96886a0e4699865fb810945f7c26
2026-09-23T22-01-29-998Z_n-sweep_1-2-4-8-16-32-50,V2,,8,A-unanime,,,vote,7,for,,0x56781388,,65368,1,,0x8e9afdc90f347990c29ea064991932f666b96050ff902f1feec0dde47297f527
2026-09-23T22-01-29-998Z_n-sweep_1-2-4-8-16-32-50,V2,,8,A-unanime,,,vote,8,for,,0x56781388,,65368,1,,0xbaff4a36894ff835f450aa25ae6a94a3ec280ca62387a7d15a6a2f7748b1da11
2026-09-23T22-01-29-998Z_n-sweep_1-2-4-8-16-32-50,V2,,8,A-unanime,,,execute,,,execute,0x2656227d,WasteCategoryRegistry.updateCredits,60847,1,,0x8d7070c16fc15ce89a1effd3e2c940265c0d47c864cc2ef79c6670f1608831ab
2026-09-23T22-01-29-998Z_n-sweep_1-2-4-8-16-32-50,Ref,T1,,,,,deploy_token_T1,,,constructor,0x61016060,,1621017,1,,0x8a423d158719dafa7ff4b82bcd6f6a5661f61c993e6aaede0acbe21a849af082
2026-09-23T22-01-29-998Z_n-sweep_1-2-4-8-16-32-50,Ref,,,,,,deploy_registry,,,constructor,0x60806040,,4590964,1,,0x9005486642112873086c0faf3a06ce7199e3377186a80eb6eea4235f5e1c6f56
2026-09-23T22-01-29-998Z_n-sweep_1-2-4-8-16-32-50,Ref,,,,,,deploy_rewards_registry_for_ctor,,,constructor,0x60806040,,4590964,1,,0x484f4210d177094deb4832deb5e459c708c732becb1881e1d1417503c177d84a
2026-09-23T22-01-29-998Z_n-sweep_1-2-4-8-16-32-50,Ref,,,,,,deploy_credit,,,constructor,0x60806040,,931954,1,,0xda6265176213799bfac2d03545eb38f6f6d6d978852db5e040dec6bdc95b6a46
2026-09-23T22-01-29-998Z_n-sweep_1-2-4-8-16-32-50,Ref,,,,,,deploy_passport,,,constructor,0x60806040,,2776581,1,,0xe5a36162780b85ac2b217350036da2286056186a02d74234dd0980865a07c217
2026-09-23T22-01-29-998Z_n-sweep_1-2-4-8-16-32-50,Ref,,,,,,deploy_rewards,,,constructor,0x60803461,,1246140,1,,0x748f3eef423a29001e508633e407c909b25f0e6a89b560856468f0ac6655c439
2026-09-23T22-01-29-998Z_n-sweep_1-2-4-8-16-32-50,Ref,,,,,,deploy_stakeholders,,,constructor,0x60803461,,1679823,1,,0xd4be2e468d589ae7e76ff2c292757707613e73c2a9e8f4c774280b5fd0991072
2026-09-23T22-01-29-998Z_n-sweep_1-2-4-8-16-32-50,Ref,,,,,,deploy_governor_Ref,,,constructor,0x61018060,,4434623,1,,0xd1b6a3d1f944bdfe5c399ebf7a1e6ed8a76e5b5acd93cdfc3d211571cbc50a6e
2026-09-23T22-01-29-998Z_n-sweep_1-2-4-8-16-32-50,Ref,,,,,,grant_admin_role,,,grantRole,0x2f2ff15d,,50799,1,,0x9477ec21ceecb8e71e570a8e5c711d060981c6dc53217d4071b2c7d012604374
2026-09-23T22-01-29-998Z_n-sweep_1-2-4-8-16-32-50,Ref,,,,,,revoke_deployer_admin_role,,,revokeRole,0xd547741f,,27116,1,,0x4571f6b2b82c72e95dbfd028346a3c95cee362f1cdc4e946338a9d1e56d58c09
2026-09-23T22-01-29-998Z_n-sweep_1-2-4-8-16-32-50,Ref,,8,A-unanime,,,delegate_admin,,,,0x5c19a95c,,95559,1,,0xfca7f8e34a7a367a38495092e6c6ae53f6f6bbc6c6cdd047fed83c770b76a8c9
2026-09-23T22-01-29-998Z_n-sweep_1-2-4-8-16-32-50,Ref,,8,A-unanime,,,delegate,,,,0x5c19a95c,,48347,1,,0x2f1db724527155bbb87015320f4de9a632dd20bb0d57eddcbd649b18207511a9
2026-09-23T22-01-29-998Z_n-sweep_1-2-4-8-16-32-50,Ref,,8,A-unanime,,,delegate,,,,0x5c19a95c,,48335,1,,0x8b0e52e67c302dbb4252eb6f968ee138c191eb8205be72d37b64b0c5ee99cc0e
2026-09-23T22-01-29-998Z_n-sweep_1-2-4-8-16-32-50,Ref,,8,A-unanime,,,delegate,,,,0x5c19a95c,,48347,1,,0x1a5bd05dacedf9e3acc8ca8d92b6aea9cf2aa84f70c77d04dab2d0257070356f
2026-09-23T22-01-29-998Z_n-sweep_1-2-4-8-16-32-50,Ref,,8,A-unanime,,,delegate,,,,0x5c19a95c,,48347,1,,0x05f7d9fd7d2dcae80248756e17e23af4963c07b10ebe32e7c079f468806ce249
2026-09-23T22-01-29-998Z_n-sweep_1-2-4-8-16-32-50,Ref,,8,A-unanime,,,delegate,,,,0x5c19a95c,,48347,1,,0xc692236193a870ec74b2ae8543ffbfe39b6bd5462442ea5a4e078b2d3116adeb
2026-09-23T22-01-29-998Z_n-sweep_1-2-4-8-16-32-50,Ref,,8,A-unanime,,,delegate,,,,0x5c19a95c,,48347,1,,0x69a8f9be879966443d3229422f1c20ad3c5a2104215131e80047b7236df1a439
2026-09-23T22-01-29-998Z_n-sweep_1-2-4-8-16-32-50,Ref,,8,A-unanime,,,delegate,,,,0x5c19a95c,,48347,1,,0x14477638203890fae6e03b6d8872fdc619692fcbe0c9a0a0fd173ec8ce55cf6a
2026-09-23T22-01-29-998Z_n-sweep_1-2-4-8-16-32-50,Ref,,8,A-unanime,,,delegate,,,,0x5c19a95c,,48347,1,,0x9f65b07d974009afeb2495f5f83544615b836d4a15a53225fe23457a4ef7529a
2026-09-23T22-01-29-998Z_n-sweep_1-2-4-8-16-32-50,Ref,,8,A-unanime,,,transfer,,,,0xa9059cbb,,135960,1,,0x12b3632a1c52f60659d3425eb84c14a360f46d22294646303c80dcd17527a70f
2026-09-23T22-01-29-998Z_n-sweep_1-2-4-8-16-32-50,Ref,,8,A-unanime,,,transfer,,,,0xa9059cbb,,135948,1,,0xa87d7f8246e76c0946b3305c7ea05587f75bf947d30a70200a3d94a9979a67f9
2026-09-23T22-01-29-998Z_n-sweep_1-2-4-8-16-32-50,Ref,,8,A-unanime,,,transfer,,,,0xa9059cbb,,135960,1,,0x6b91ff6906a7caffe23d306052b97e16a1f90c7da929362ec72da357dbf7ba87
2026-09-23T22-01-29-998Z_n-sweep_1-2-4-8-16-32-50,Ref,,8,A-unanime,,,transfer,,,,0xa9059cbb,,135960,1,,0x550f990a9496317dfcab1757938268690cc2c4c5f84c63fb48ff401640775ae9
2026-09-23T22-01-29-998Z_n-sweep_1-2-4-8-16-32-50,Ref,,8,A-unanime,,,transfer,,,,0xa9059cbb,,135960,1,,0x29e320945b4bb30987a45db328a639dbdf74cb2fe2acd0799f33779f4b3dfc64
2026-09-23T22-01-29-998Z_n-sweep_1-2-4-8-16-32-50,Ref,,8,A-unanime,,,transfer,,,,0xa9059cbb,,135960,1,,0xaa06e204a774dfcf13570bea2f8d88b2f9412f6ae05012efaa4bc390eaf174be
2026-09-23T22-01-29-998Z_n-sweep_1-2-4-8-16-32-50,Ref,,8,A-unanime,,,transfer,,,,0xa9059cbb,,135960,1,,0x15ade4e82d47a042ce2d5c68363b890b77a019b2caaa7759c89f052bd6c791e6
2026-09-23T22-01-29-998Z_n-sweep_1-2-4-8-16-32-50,Ref,,8,A-unanime,,,transfer,,,,0xa9059cbb,,135960,1,,0x9be7d09348efd06342937a9cd970ecb43a5d3e048e12ac4eff9b9548c71de591
2026-09-23T22-01-29-998Z_n-sweep_1-2-4-8-16-32-50,Ref,,8,A-unanime,,,propose,,,propose,0x7d5e81e2,WasteCategoryRegistry.updateCredits,79692,1,,0xd0d2c3bae5e622b95597c00e8a51600dcdee8cba9e0f483f1a9a2c8f07fad3ab
2026-09-23T22-01-29-998Z_n-sweep_1-2-4-8-16-32-50,Ref,,8,A-unanime,,,vote,1,for,,0x56781388,,83086,1,,0x509b9afed9d087714daada0702f02e6999f8bb7cba33329d48b09faef881bb68
2026-09-23T22-01-29-998Z_n-sweep_1-2-4-8-16-32-50,Ref,,8,A-unanime,,,vote,2,for,,0x56781388,,65986,1,,0xf986381b312c52427f2c9f392f70de445611e8e923a8e78ffb757b714b0173c8
2026-09-23T22-01-29-998Z_n-sweep_1-2-4-8-16-32-50,Ref,,8,A-unanime,,,vote,3,for,,0x56781388,,65986,1,,0x1a94107e94b4cc2ae6a288ebcf3f0a3fd631d3a0b31d60c4020c09178207cc15
2026-09-23T22-01-29-998Z_n-sweep_1-2-4-8-16-32-50,Ref,,8,A-unanime,,,vote,4,for,,0x56781388,,65986,1,,0x2d7ed5d997b6651aad47abd4ab986f5a3794cc144612210a873c5062e1c11f88
2026-09-23T22-01-29-998Z_n-sweep_1-2-4-8-16-32-50,Ref,,8,A-unanime,,,vote,5,for,,0x56781388,,65986,1,,0x1cda2c99fdcbeadf08c6fe65abb6b2d692b9e83b5fd8d2a0f20b31def35bc143
2026-09-23T22-01-29-998Z_n-sweep_1-2-4-8-16-32-50,Ref,,8,A-unanime,,,vote,6,for,,0x56781388,,65986,1,,0x3d1fa2797f082c30c3e36d7bd1c47d162a8912576c6dbed07b75ada4fac319a7
2026-09-23T22-01-29-998Z_n-sweep_1-2-4-8-16-32-50,Ref,,8,A-unanime,,,vote,7,for,,0x56781388,,65986,1,,0x07afe17915e9affb3dc00e4d56f7f13e3fed424a718000f53ffd0b1a68548dbb
2026-09-23T22-01-29-998Z_n-sweep_1-2-4-8-16-32-50,Ref,,8,A-unanime,,,vote,8,for,,0x56781388,,65986,1,,0x25531b782a54130b5650e623ef1c11dcc602c0b9781bfff5cccee8cfb2130516
2026-09-23T22-01-29-998Z_n-sweep_1-2-4-8-16-32-50,Ref,,8,A-unanime,,,execute,,,execute,0x2656227d,WasteCategoryRegistry.updateCredits,72030,1,,0x2990c293a664fc04b92c4b15af15329c96a87c24119c1d6921212822e3cc8ed5
2026-09-23T22-01-29-998Z_n-sweep_1-2-4-8-16-32-50,V0,T1,,,,,deploy_token_T1,,,constructor,0x61016060,,1621017,1,,0xece28f063ba256e8fc65152daf61fe745a7823e8ba387b1b661409f18f6dc4cc
2026-09-23T22-01-29-998Z_n-sweep_1-2-4-8-16-32-50,V0,,,,,,deploy_registry,,,constructor,0x60806040,,4590964,1,,0x9005486642112873086c0faf3a06ce7199e3377186a80eb6eea4235f5e1c6f56
2026-09-23T22-01-29-998Z_n-sweep_1-2-4-8-16-32-50,V0,,,,,,deploy_governor_V0,,,constructor,0x6101c080,,2133394,1,,0x8b33a795df9df0e5a3cb812430955580d1fb4f654a6028dd161238e13d560524
2026-09-23T22-01-29-998Z_n-sweep_1-2-4-8-16-32-50,V0,,,,,,grant_admin_role,,,grantRole,0x2f2ff15d,,50799,1,,0xb518a3911be32f0a59dcaec3e43c7ec54010f07f3e473d550516b1aab1a18d6b
2026-09-23T22-01-29-998Z_n-sweep_1-2-4-8-16-32-50,V0,,,,,,revoke_deployer_admin_role,,,revokeRole,0xd547741f,,27116,1,,0x8cb08b8b6ca45600b76a431b4cd18aee2095374e00c890903bfaa28d83b5f82b
2026-09-23T22-01-29-998Z_n-sweep_1-2-4-8-16-32-50,V0,,8,A-maioria,,,delegate_admin,,,,0x5c19a95c,,95559,1,,0xfa43c1f7a1a1658c8aeac58119b26e806face10fc63ae3e18099942309f4d395
2026-09-23T22-01-29-998Z_n-sweep_1-2-4-8-16-32-50,V0,,8,A-maioria,,,delegate,,,,0x5c19a95c,,48347,1,,0xf96ae171d39b1290c248e3ee88c92c43e24751ff4aacf46bad404cad29a33e37
2026-09-23T22-01-29-998Z_n-sweep_1-2-4-8-16-32-50,V0,,8,A-maioria,,,delegate,,,,0x5c19a95c,,48335,1,,0x65ff74d2610d5c80f16dc62aa4e01b339a9ecd8c95911ae092d678a9792cdcb8
2026-09-23T22-01-29-998Z_n-sweep_1-2-4-8-16-32-50,V0,,8,A-maioria,,,delegate,,,,0x5c19a95c,,48347,1,,0xb06e4e18b389cc3c69848b844c44927f26087a909c0e4532a1ba892e8d7bac4c
2026-09-23T22-01-29-998Z_n-sweep_1-2-4-8-16-32-50,V0,,8,A-maioria,,,delegate,,,,0x5c19a95c,,48347,1,,0xfdc5c4ae6e458adbd0780d18d4ef20dca6b7a02f3efff2f7c0eec7590e340a41
2026-09-23T22-01-29-998Z_n-sweep_1-2-4-8-16-32-50,V0,,8,A-maioria,,,delegate,,,,0x5c19a95c,,48347,1,,0x5c4d4bc02e09949d860a2c409a26209335f7c4e4eca7ac13d0e60a5cf0d0f233
2026-09-23T22-01-29-998Z_n-sweep_1-2-4-8-16-32-50,V0,,8,A-maioria,,,delegate,,,,0x5c19a95c,,48347,1,,0x8eb2597a239d7d5a9d780141fa850308f21a221b62b2f0b2cd01922a25b294b2
2026-09-23T22-01-29-998Z_n-sweep_1-2-4-8-16-32-50,V0,,8,A-maioria,,,delegate,,,,0x5c19a95c,,48347,1,,0x61b0a2cbceae6ab3b47dbad41fbaa57485b4b4545814b177fb76f5e80989f4b6
2026-09-23T22-01-29-998Z_n-sweep_1-2-4-8-16-32-50,V0,,8,A-maioria,,,delegate,,,,0x5c19a95c,,48347,1,,0x8e8293e79ce57e8b2bd6c914c167b0ec5858ded7d332cc962607075acbcc0b43
2026-09-23T22-01-29-998Z_n-sweep_1-2-4-8-16-32-50,V0,,8,A-maioria,,,transfer,,,,0xa9059cbb,,135960,1,,0x64168a5434eabf73b0837b721544a4cc06ef6a34e1c4450773c58082258dcca0
2026-09-23T22-01-29-998Z_n-sweep_1-2-4-8-16-32-50,V0,,8,A-maioria,,,transfer,,,,0xa9059cbb,,135948,1,,0xb4e18f79c6446604effaf109dce94429a512388a43df1126882c8e5cca868b7f
2026-09-23T22-01-29-998Z_n-sweep_1-2-4-8-16-32-50,V0,,8,A-maioria,,,transfer,,,,0xa9059cbb,,135960,1,,0xce056104bca756fc0ba8f7fbf1c6b9aff343642e27c04af69ec57f8a64bbcb85
2026-09-23T22-01-29-998Z_n-sweep_1-2-4-8-16-32-50,V0,,8,A-maioria,,,transfer,,,,0xa9059cbb,,135960,1,,0x5f3f58d2bb088aa6fc81497c7fc7456836488df613560e6bcb700adf45bfea2a
2026-09-23T22-01-29-998Z_n-sweep_1-2-4-8-16-32-50,V0,,8,A-maioria,,,transfer,,,,0xa9059cbb,,135960,1,,0x4e9ed30eb962504e5d56173f8a4b1de130c73b1ca07dce26f8178dcbb537b0fb
2026-09-23T22-01-29-998Z_n-sweep_1-2-4-8-16-32-50,V0,,8,A-maioria,,,transfer,,,,0xa9059cbb,,135960,1,,0xd66ce4d198d298bdd4b5dea73866d2000a0ef49ec8a03732e0761dd58681e01d
2026-09-23T22-01-29-998Z_n-sweep_1-2-4-8-16-32-50,V0,,8,A-maioria,,,transfer,,,,0xa9059cbb,,135960,1,,0x31c8459ef336643269731c1bb6d02b9a719ad31d14bd890cfbc82f6a2e7d687b
2026-09-23T22-01-29-998Z_n-sweep_1-2-4-8-16-32-50,V0,,8,A-maioria,,,transfer,,,,0xa9059cbb,,135960,1,,0x84367e6fcee837f9170bc662ed268d918c68db8b23a8a17d84394aed377a8613
2026-09-23T22-01-29-998Z_n-sweep_1-2-4-8-16-32-50,V0,,8,A-maioria,,,propose,,,propose,0x7d5e81e2,WasteCategoryRegistry.updateCredits,63778,1,,0x461ee606a946efc1245271f5420e6ab7ffd58820bf3e4e7b2f63dbd287db33c1
2026-09-23T22-01-29-998Z_n-sweep_1-2-4-8-16-32-50,V0,,8,A-maioria,,,vote,1,for,,0x56781388,,81887,1,,0xa99f25fb6d663687ad5f15dd9a540e858ec0a2f6b187aca11741018b36d23488
2026-09-23T22-01-29-998Z_n-sweep_1-2-4-8-16-32-50,V0,,8,A-maioria,,,vote,2,for,,0x56781388,,64787,1,,0x2680ff3cf1bc9ea40460e1b4a20199d78fd3895533b3b90e5c25ce32eedd5717
2026-09-23T22-01-29-998Z_n-sweep_1-2-4-8-16-32-50,V0,,8,A-maioria,,,vote,3,for,,0x56781388,,64787,1,,0x90f5bd41b96cdffda1cf93d340698404dc37a5eea9775847a10ed2a9fe0e967c
2026-09-23T22-01-29-998Z_n-sweep_1-2-4-8-16-32-50,V0,,8,A-maioria,,,vote,4,for,,0x56781388,,64787,1,,0xe2a847b592e5025ae530e89efd9a722c52aded963bff234efc74a6650d8116e5
2026-09-23T22-01-29-998Z_n-sweep_1-2-4-8-16-32-50,V0,,8,A-maioria,,,vote,5,for,,0x56781388,,64787,1,,0xd75c46cdc4cbdb5777e3f64fb7f36c83be92cee01e173cbc800ff4bb07e34081
2026-09-23T22-01-29-998Z_n-sweep_1-2-4-8-16-32-50,V0,,8,A-maioria,,,vote,1,against,,0x56781388,,81835,1,,0xa9bdc8fbc210ab51b24c321c81ab4904591e792264555af0ed286470bda3b21e
2026-09-23T22-01-29-998Z_n-sweep_1-2-4-8-16-32-50,V0,,8,A-maioria,,,vote,2,against,,0x56781388,,64735,1,,0xcc1ed6ec5c55343327fc581501e1ada5469f99e40190a483c0a39b9bc7d3b30f
2026-09-23T22-01-29-998Z_n-sweep_1-2-4-8-16-32-50,V0,,8,A-maioria,,,vote,3,against,,0x56781388,,64735,1,,0xf08391a25bd351956f52fcc369a47539d94de79a4ffbd3255a5f7bbd23da9941
2026-09-23T22-01-29-998Z_n-sweep_1-2-4-8-16-32-50,V0,,8,A-maioria,,,execute,,,execute,0x2656227d,WasteCategoryRegistry.updateCredits,60807,1,,0x2b716217c7a08aa531013bf4cd8f566ec52794daa36b5b38d83c27b64b44597a
2026-09-23T22-01-29-998Z_n-sweep_1-2-4-8-16-32-50,V1,T1,,,,,deploy_token_T1,,,constructor,0x61016060,,1621017,1,,0xece28f063ba256e8fc65152daf61fe745a7823e8ba387b1b661409f18f6dc4cc
2026-09-23T22-01-29-998Z_n-sweep_1-2-4-8-16-32-50,V1,,,,,,deploy_registry,,,constructor,0x60806040,,4590964,1,,0x9005486642112873086c0faf3a06ce7199e3377186a80eb6eea4235f5e1c6f56
2026-09-23T22-01-29-998Z_n-sweep_1-2-4-8-16-32-50,V1,,,,,,deploy_governor_V1,,,constructor,0x6101c080,,2141155,1,,0xcbf032b87647649d09648621f7d61fb312aee4174486ee6f404819243ac59ca9
2026-09-23T22-01-29-998Z_n-sweep_1-2-4-8-16-32-50,V1,,,,,,grant_admin_role,,,grantRole,0x2f2ff15d,,50799,1,,0xfdc9a3875129e16eb4a0e6527cfb2e5662449c13660398cf3b7c723db6d0e009
2026-09-23T22-01-29-998Z_n-sweep_1-2-4-8-16-32-50,V1,,,,,,revoke_deployer_admin_role,,,revokeRole,0xd547741f,,27116,1,,0xc189311656167d1c4c211ee1c4f5143a8df64ff72cb449ebf7ec77ff2fd0bcbb
2026-09-23T22-01-29-998Z_n-sweep_1-2-4-8-16-32-50,V1,,8,A-maioria,,,delegate_admin,,,,0x5c19a95c,,95559,1,,0xd4695df7ceba86e36d8d32ccf756640823a0c1b729cf20e3a0b632c08e38ee6a
2026-09-23T22-01-29-998Z_n-sweep_1-2-4-8-16-32-50,V1,,8,A-maioria,,,delegate,,,,0x5c19a95c,,48347,1,,0x81d5bf8e96fad9ce8b5230dc73abbeb313b25fcb2932728690f357e6b4e905b9
2026-09-23T22-01-29-998Z_n-sweep_1-2-4-8-16-32-50,V1,,8,A-maioria,,,delegate,,,,0x5c19a95c,,48335,1,,0x92147b8c796bc2b0f21acc979799bbf4c5b5033d9d67806a8ad6842fe03d41df
2026-09-23T22-01-29-998Z_n-sweep_1-2-4-8-16-32-50,V1,,8,A-maioria,,,delegate,,,,0x5c19a95c,,48347,1,,0xfff43b85310b182c6fdaa6a0b82056393aba2572b23e543b42f064dc4690e2fc
2026-09-23T22-01-29-998Z_n-sweep_1-2-4-8-16-32-50,V1,,8,A-maioria,,,delegate,,,,0x5c19a95c,,48347,1,,0xd65054394087a126f7201b8caf565d34e4b8e2c37299a2eb2e8e1e169e8753b2
2026-09-23T22-01-29-998Z_n-sweep_1-2-4-8-16-32-50,V1,,8,A-maioria,,,delegate,,,,0x5c19a95c,,48347,1,,0x0c6ee11e6f4f09c9119d3c03df89d743f104be74b800d0b47cbfa2e1629e917b
2026-09-23T22-01-29-998Z_n-sweep_1-2-4-8-16-32-50,V1,,8,A-maioria,,,delegate,,,,0x5c19a95c,,48347,1,,0x9e4c58d93f5292a4566258e1c10f556eb9dc4074e322b7c357bf5ad65da50cae
2026-09-23T22-01-29-998Z_n-sweep_1-2-4-8-16-32-50,V1,,8,A-maioria,,,delegate,,,,0x5c19a95c,,48347,1,,0x6ebf0fe5777b4feb07a84b604e7094e789e104c0aa39284dccf1b9da9c17904e
2026-09-23T22-01-29-998Z_n-sweep_1-2-4-8-16-32-50,V1,,8,A-maioria,,,delegate,,,,0x5c19a95c,,48347,1,,0xfe42119cc5b68fbfd433dffe547dcf50b55480a011d31795da0f08ec660c70b3
2026-09-23T22-01-29-998Z_n-sweep_1-2-4-8-16-32-50,V1,,8,A-maioria,,,transfer,,,,0xa9059cbb,,135960,1,,0x364926a72ecc473ffcbb0e9b181d54e6f72eeab140f25a9b24544a3e10cab7c7
2026-09-23T22-01-29-998Z_n-sweep_1-2-4-8-16-32-50,V1,,8,A-maioria,,,transfer,,,,0xa9059cbb,,135948,1,,0x1e82330c65247db307e915b5788ed34fd87ff6c6b02936ff7c1c6af495a4a8dd
2026-09-23T22-01-29-998Z_n-sweep_1-2-4-8-16-32-50,V1,,8,A-maioria,,,transfer,,,,0xa9059cbb,,135960,1,,0x17309f3a1f22d04c586dec981ececfb7fa55b4ba88d0ecb3ca73c50ef27be438
2026-09-23T22-01-29-998Z_n-sweep_1-2-4-8-16-32-50,V1,,8,A-maioria,,,transfer,,,,0xa9059cbb,,135960,1,,0xba165ac6fab73acb892a36f5df754a0ee061d768af616d32a2ad01f5c309a217
2026-09-23T22-01-29-998Z_n-sweep_1-2-4-8-16-32-50,V1,,8,A-maioria,,,transfer,,,,0xa9059cbb,,135960,1,,0x66f6077ee27e748575b2ec6779230f2fc46c81373f7cae4239d541f1b47af55c
2026-09-23T22-01-29-998Z_n-sweep_1-2-4-8-16-32-50,V1,,8,A-maioria,,,transfer,,,,0xa9059cbb,,135960,1,,0x914bf01a25aa59a8061b0a1fe33c0d7bf8e891ee7eaabf67808aa970e7dc30bf
2026-09-23T22-01-29-998Z_n-sweep_1-2-4-8-16-32-50,V1,,8,A-maioria,,,transfer,,,,0xa9059cbb,,135960,1,,0x18aa687804cbafa1a01ff19bb5d40c5f7fbde23b47296c2829519b9711b85fd1
2026-09-23T22-01-29-998Z_n-sweep_1-2-4-8-16-32-50,V1,,8,A-maioria,,,transfer,,,,0xa9059cbb,,135960,1,,0x9024f98682894614861fda29d99d66b4318ea20e398a09717282b4adb025ce52
2026-09-23T22-01-29-998Z_n-sweep_1-2-4-8-16-32-50,V1,,8,A-maioria,,,propose,,,propose,0x7d5e81e2,WasteCategoryRegistry.updateCredits,63778,1,,0x22576057221244457cc41b80b071126b0e1023b1ceb946ff0b09c7a27c275cc4
2026-09-23T22-01-29-998Z_n-sweep_1-2-4-8-16-32-50,V1,,8,A-maioria,,,vote,1,for,,0x56781388,,82468,1,,0xfb64479beacd9c35c1133ff21dda2962941b5af5e408bc15fe6d5bdfc89850cd
2026-09-23T22-01-29-998Z_n-sweep_1-2-4-8-16-32-50,V1,,8,A-maioria,,,vote,2,for,,0x56781388,,65368,1,,0xf578e7e43e9d01f825a760c67b034d87776966380534cddd1f8d8fbb0f5e491b
2026-09-23T22-01-29-998Z_n-sweep_1-2-4-8-16-32-50,V1,,8,A-maioria,,,vote,3,for,,0x56781388,,65368,1,,0x8108a6e8a875efd3ebb7615cd261f0db19c6bfa0f294b493c79b63db74c368d7
2026-09-23T22-01-29-998Z_n-sweep_1-2-4-8-16-32-50,V1,,8,A-maioria,,,vote,4,for,,0x56781388,,65368,1,,0x9b5dfcc5c6fe25062353d078eb6e83151d867b0d04f2c9301f724ec8c91bea2e
2026-09-23T22-01-29-998Z_n-sweep_1-2-4-8-16-32-50,V1,,8,A-maioria,,,vote,5,for,,0x56781388,,65368,1,,0x0edf2998d291203a5b3a87f32c8ec90b08fbdb0e463e1a35f110d3a4385b57e9
2026-09-23T22-01-29-998Z_n-sweep_1-2-4-8-16-32-50,V1,,8,A-maioria,,,vote,1,against,,0x56781388,,82416,1,,0x94c788b63fafe0523270206615aa5b0ca8b1170f78d3eb12ce7327eb6afad76b
2026-09-23T22-01-29-998Z_n-sweep_1-2-4-8-16-32-50,V1,,8,A-maioria,,,vote,2,against,,0x56781388,,65316,1,,0x65344a5c4a2178e139bc6942ab7eeb1f335005816016ae34c6069da084979435
2026-09-23T22-01-29-998Z_n-sweep_1-2-4-8-16-32-50,V1,,8,A-maioria,,,vote,3,against,,0x56781388,,65316,1,,0xb87b1b8c002554f0f6321e23f7bc54d47a8fac9222b85be54b23862d6dba32bb
2026-09-23T22-01-29-998Z_n-sweep_1-2-4-8-16-32-50,V1,,8,A-maioria,,,execute,,,execute,0x2656227d,WasteCategoryRegistry.updateCredits,60807,1,,0xe770eaf602ce951940bb9dec38514a87bf8a50a973b54521eb77b5443a5d475b
2026-09-23T22-01-29-998Z_n-sweep_1-2-4-8-16-32-50,V2,T1,,,,,deploy_token_T1,,,constructor,0x61016060,,1621017,1,,0xece28f063ba256e8fc65152daf61fe745a7823e8ba387b1b661409f18f6dc4cc
2026-09-23T22-01-29-998Z_n-sweep_1-2-4-8-16-32-50,V2,,,,,,deploy_registry,,,constructor,0x60806040,,4590964,1,,0x9005486642112873086c0faf3a06ce7199e3377186a80eb6eea4235f5e1c6f56
2026-09-23T22-01-29-998Z_n-sweep_1-2-4-8-16-32-50,V2,,,,,,deploy_governor_V2,,,constructor,0x6101e080,,2178840,1,,0xa32c9f3d540c0ae9eee563ea02a53e3c1648afde51e09209202bc2912d9a8532
2026-09-23T22-01-29-998Z_n-sweep_1-2-4-8-16-32-50,V2,,,,,,grant_admin_role,,,grantRole,0x2f2ff15d,,50799,1,,0x0482dd737ad13e5cf9f342f77b7f4c8d4a60575e6613b501a7a433855227e65d
2026-09-23T22-01-29-998Z_n-sweep_1-2-4-8-16-32-50,V2,,,,,,revoke_deployer_admin_role,,,revokeRole,0xd547741f,,27116,1,,0xbf6c6756b6e885a31717a4b56f3c4fc35da4780ca84e075711ea97189f58ea3d
2026-09-23T22-01-29-998Z_n-sweep_1-2-4-8-16-32-50,V2,,8,A-maioria,,,delegate_admin,,,,0x5c19a95c,,95559,1,,0xe4ed125ff7fcf34a784094393e69d7b32184f90f45a88cf0e398ac5fe2329d50
2026-09-23T22-01-29-998Z_n-sweep_1-2-4-8-16-32-50,V2,,8,A-maioria,,,delegate,,,,0x5c19a95c,,48347,1,,0x8e5cf2e817455991c3f88244f29b95e3c5703efb253d16587c3e019ace8ed4aa
2026-09-23T22-01-29-998Z_n-sweep_1-2-4-8-16-32-50,V2,,8,A-maioria,,,delegate,,,,0x5c19a95c,,48335,1,,0x3a4d0b938991cc6665fddf48aab742d27a2480134e4cb1cf5b844b9724575405
2026-09-23T22-01-29-998Z_n-sweep_1-2-4-8-16-32-50,V2,,8,A-maioria,,,delegate,,,,0x5c19a95c,,48347,1,,0x8df16e2387da0d9fa03469e487a72815c7ad0f22d2e3631bfcd3e8532e84566f
2026-09-23T22-01-29-998Z_n-sweep_1-2-4-8-16-32-50,V2,,8,A-maioria,,,delegate,,,,0x5c19a95c,,48347,1,,0x95612e3ccf4e98f664cb62c90a18fd3142e8f5668db18fb82a400652a6b96b06
2026-09-23T22-01-29-998Z_n-sweep_1-2-4-8-16-32-50,V2,,8,A-maioria,,,delegate,,,,0x5c19a95c,,48347,1,,0x8cfbd9c8afd095297879c4ea5a6d41c276c3b770abd2f751b06ec63384df15d6
2026-09-23T22-01-29-998Z_n-sweep_1-2-4-8-16-32-50,V2,,8,A-maioria,,,delegate,,,,0x5c19a95c,,48347,1,,0x96ff47bd12ed3260165a9b3c82bacf4a9f1cfd47a5f8548491ee35c1066f2e38
2026-09-23T22-01-29-998Z_n-sweep_1-2-4-8-16-32-50,V2,,8,A-maioria,,,delegate,,,,0x5c19a95c,,48347,1,,0x3c7464a5135ef0630048da3b891f6f95d941c4b44dfb27d1230d6c7015af52d6
2026-09-23T22-01-29-998Z_n-sweep_1-2-4-8-16-32-50,V2,,8,A-maioria,,,delegate,,,,0x5c19a95c,,48347,1,,0xcef7f0dbdf22e7ddd7612e11e8e4d04d07ff7ed50742fa593a04379c3fb4c79a
2026-09-23T22-01-29-998Z_n-sweep_1-2-4-8-16-32-50,V2,,8,A-maioria,,,transfer,,,,0xa9059cbb,,135960,1,,0x7c052333044c2288623248aa49302d5e2b271fd34865af063eff829354a8b683
2026-09-23T22-01-29-998Z_n-sweep_1-2-4-8-16-32-50,V2,,8,A-maioria,,,transfer,,,,0xa9059cbb,,135948,1,,0xa70b19aecefd6fc37e47200f0ee7be8b67ae1fd23270d845de15d0e55868e8c7
2026-09-23T22-01-29-998Z_n-sweep_1-2-4-8-16-32-50,V2,,8,A-maioria,,,transfer,,,,0xa9059cbb,,135960,1,,0xc6c252567ba64c72646e826d5ce83077e7e29b0d7e739c32a06142eedc3ac88b
2026-09-23T22-01-29-998Z_n-sweep_1-2-4-8-16-32-50,V2,,8,A-maioria,,,transfer,,,,0xa9059cbb,,135960,1,,0xd536c2011d0413da3ef64131702fb3a285c5ada7f6b4492504b2ab9a5fbdbe23
2026-09-23T22-01-29-998Z_n-sweep_1-2-4-8-16-32-50,V2,,8,A-maioria,,,transfer,,,,0xa9059cbb,,135960,1,,0xd87e504bc80e209db7bc55b7b3d109104d1759045b16de491835faf2a58af9f5
2026-09-23T22-01-29-998Z_n-sweep_1-2-4-8-16-32-50,V2,,8,A-maioria,,,transfer,,,,0xa9059cbb,,135960,1,,0xb4000e4cc890a963ba948c2333d7cfe1cee46cd6bc6cc618b5666e6d69ecc15e
2026-09-23T22-01-29-998Z_n-sweep_1-2-4-8-16-32-50,V2,,8,A-maioria,,,transfer,,,,0xa9059cbb,,135960,1,,0x39a69759f41857048a62b13eca96e9b06ce234415de624be503ffdb08ed092e8
2026-09-23T22-01-29-998Z_n-sweep_1-2-4-8-16-32-50,V2,,8,A-maioria,,,transfer,,,,0xa9059cbb,,135960,1,,0x90c0510f905229c10a6503306d6e1badbfb1c5de847b607d4930d8e3522b96eb
2026-09-23T22-01-29-998Z_n-sweep_1-2-4-8-16-32-50,V2,,8,A-maioria,,,propose,,,propose,0x7d5e81e2,WasteCategoryRegistry.updateCredits,63778,1,,0xa51afc6c6d632d2b193dc111d190d0d477030ac593a048812cb4c4a0424e4983
2026-09-23T22-01-29-998Z_n-sweep_1-2-4-8-16-32-50,V2,,8,A-maioria,,,vote,1,for,,0x56781388,,82468,1,,0xa094f6e2568a973079912dafd6158674f9ef1f9764bd226af7705ca4a0e08396
2026-09-23T22-01-29-998Z_n-sweep_1-2-4-8-16-32-50,V2,,8,A-maioria,,,vote,2,for,,0x56781388,,65368,1,,0xcefef3c2cb032ccfba254485353a725749c58329f0b9641d5546d7d2f26696e4
2026-09-23T22-01-29-998Z_n-sweep_1-2-4-8-16-32-50,V2,,8,A-maioria,,,vote,3,for,,0x56781388,,65368,1,,0x80dbf595a4e0973dafffc4d1f36af909080fca11ca7657f54f98c02859fe6501
2026-09-23T22-01-29-998Z_n-sweep_1-2-4-8-16-32-50,V2,,8,A-maioria,,,vote,4,for,,0x56781388,,65368,1,,0xbf7a89ed8c15733b4e8601cb36aa94d57fddeeed81162056012856eb94b94cf9
2026-09-23T22-01-29-998Z_n-sweep_1-2-4-8-16-32-50,V2,,8,A-maioria,,,vote,5,for,,0x56781388,,65368,1,,0xee5bcc60adddcd91f2e552665a980a1cac779429cb766c6ebe7148219290c29a
2026-09-23T22-01-29-998Z_n-sweep_1-2-4-8-16-32-50,V2,,8,A-maioria,,,vote,1,against,,0x56781388,,82416,1,,0x15e0026b3a0c35822d69049173d4206216417ba0e384ce2fafa4647ee3f3d5f9
2026-09-23T22-01-29-998Z_n-sweep_1-2-4-8-16-32-50,V2,,8,A-maioria,,,vote,2,against,,0x56781388,,65316,1,,0x6093868eba1f6405b3f2d32b8c58c38f264999cd342732166102aa64a00830b1
2026-09-23T22-01-29-998Z_n-sweep_1-2-4-8-16-32-50,V2,,8,A-maioria,,,vote,3,against,,0x56781388,,65316,1,,0x84c688e6f70d7407a244c9a4903ecfd144f2e8a2aa51e1fe17ed3cadcf1c5e58
2026-09-23T22-01-29-998Z_n-sweep_1-2-4-8-16-32-50,V2,,8,A-maioria,,,execute,,,execute,0x2656227d,WasteCategoryRegistry.updateCredits,60847,1,,0x53cdc0a9fd1361ac2d9097725a9801ccf117e1eed51a668740947c6932811ad5
2026-09-23T22-01-29-998Z_n-sweep_1-2-4-8-16-32-50,Ref,T1,,,,,deploy_token_T1,,,constructor,0x61016060,,1621017,1,,0x8a423d158719dafa7ff4b82bcd6f6a5661f61c993e6aaede0acbe21a849af082
2026-09-23T22-01-29-998Z_n-sweep_1-2-4-8-16-32-50,Ref,,,,,,deploy_registry,,,constructor,0x60806040,,4590964,1,,0x9005486642112873086c0faf3a06ce7199e3377186a80eb6eea4235f5e1c6f56
2026-09-23T22-01-29-998Z_n-sweep_1-2-4-8-16-32-50,Ref,,,,,,deploy_rewards_registry_for_ctor,,,constructor,0x60806040,,4590964,1,,0x484f4210d177094deb4832deb5e459c708c732becb1881e1d1417503c177d84a
2026-09-23T22-01-29-998Z_n-sweep_1-2-4-8-16-32-50,Ref,,,,,,deploy_credit,,,constructor,0x60806040,,931954,1,,0xda6265176213799bfac2d03545eb38f6f6d6d978852db5e040dec6bdc95b6a46
2026-09-23T22-01-29-998Z_n-sweep_1-2-4-8-16-32-50,Ref,,,,,,deploy_passport,,,constructor,0x60806040,,2776581,1,,0xe5a36162780b85ac2b217350036da2286056186a02d74234dd0980865a07c217
2026-09-23T22-01-29-998Z_n-sweep_1-2-4-8-16-32-50,Ref,,,,,,deploy_rewards,,,constructor,0x60803461,,1246140,1,,0x748f3eef423a29001e508633e407c909b25f0e6a89b560856468f0ac6655c439
2026-09-23T22-01-29-998Z_n-sweep_1-2-4-8-16-32-50,Ref,,,,,,deploy_stakeholders,,,constructor,0x60803461,,1679823,1,,0xd4be2e468d589ae7e76ff2c292757707613e73c2a9e8f4c774280b5fd0991072
2026-09-23T22-01-29-998Z_n-sweep_1-2-4-8-16-32-50,Ref,,,,,,deploy_governor_Ref,,,constructor,0x61018060,,4434623,1,,0xd1b6a3d1f944bdfe5c399ebf7a1e6ed8a76e5b5acd93cdfc3d211571cbc50a6e
2026-09-23T22-01-29-998Z_n-sweep_1-2-4-8-16-32-50,Ref,,,,,,grant_admin_role,,,grantRole,0x2f2ff15d,,50799,1,,0x9477ec21ceecb8e71e570a8e5c711d060981c6dc53217d4071b2c7d012604374
2026-09-23T22-01-29-998Z_n-sweep_1-2-4-8-16-32-50,Ref,,,,,,revoke_deployer_admin_role,,,revokeRole,0xd547741f,,27116,1,,0x4571f6b2b82c72e95dbfd028346a3c95cee362f1cdc4e946338a9d1e56d58c09
2026-09-23T22-01-29-998Z_n-sweep_1-2-4-8-16-32-50,Ref,,8,A-maioria,,,delegate_admin,,,,0x5c19a95c,,95559,1,,0xfca7f8e34a7a367a38495092e6c6ae53f6f6bbc6c6cdd047fed83c770b76a8c9
2026-09-23T22-01-29-998Z_n-sweep_1-2-4-8-16-32-50,Ref,,8,A-maioria,,,delegate,,,,0x5c19a95c,,48347,1,,0x2f1db724527155bbb87015320f4de9a632dd20bb0d57eddcbd649b18207511a9
2026-09-23T22-01-29-998Z_n-sweep_1-2-4-8-16-32-50,Ref,,8,A-maioria,,,delegate,,,,0x5c19a95c,,48335,1,,0x8b0e52e67c302dbb4252eb6f968ee138c191eb8205be72d37b64b0c5ee99cc0e
2026-09-23T22-01-29-998Z_n-sweep_1-2-4-8-16-32-50,Ref,,8,A-maioria,,,delegate,,,,0x5c19a95c,,48347,1,,0x1a5bd05dacedf9e3acc8ca8d92b6aea9cf2aa84f70c77d04dab2d0257070356f
2026-09-23T22-01-29-998Z_n-sweep_1-2-4-8-16-32-50,Ref,,8,A-maioria,,,delegate,,,,0x5c19a95c,,48347,1,,0x05f7d9fd7d2dcae80248756e17e23af4963c07b10ebe32e7c079f468806ce249
2026-09-23T22-01-29-998Z_n-sweep_1-2-4-8-16-32-50,Ref,,8,A-maioria,,,delegate,,,,0x5c19a95c,,48347,1,,0xc692236193a870ec74b2ae8543ffbfe39b6bd5462442ea5a4e078b2d3116adeb
2026-09-23T22-01-29-998Z_n-sweep_1-2-4-8-16-32-50,Ref,,8,A-maioria,,,delegate,,,,0x5c19a95c,,48347,1,,0x69a8f9be879966443d3229422f1c20ad3c5a2104215131e80047b7236df1a439
2026-09-23T22-01-29-998Z_n-sweep_1-2-4-8-16-32-50,Ref,,8,A-maioria,,,delegate,,,,0x5c19a95c,,48347,1,,0x14477638203890fae6e03b6d8872fdc619692fcbe0c9a0a0fd173ec8ce55cf6a
2026-09-23T22-01-29-998Z_n-sweep_1-2-4-8-16-32-50,Ref,,8,A-maioria,,,delegate,,,,0x5c19a95c,,48347,1,,0x9f65b07d974009afeb2495f5f83544615b836d4a15a53225fe23457a4ef7529a
2026-09-23T22-01-29-998Z_n-sweep_1-2-4-8-16-32-50,Ref,,8,A-maioria,,,transfer,,,,0xa9059cbb,,135960,1,,0x12b3632a1c52f60659d3425eb84c14a360f46d22294646303c80dcd17527a70f
2026-09-23T22-01-29-998Z_n-sweep_1-2-4-8-16-32-50,Ref,,8,A-maioria,,,transfer,,,,0xa9059cbb,,135948,1,,0xa87d7f8246e76c0946b3305c7ea05587f75bf947d30a70200a3d94a9979a67f9
2026-09-23T22-01-29-998Z_n-sweep_1-2-4-8-16-32-50,Ref,,8,A-maioria,,,transfer,,,,0xa9059cbb,,135960,1,,0x6b91ff6906a7caffe23d306052b97e16a1f90c7da929362ec72da357dbf7ba87
2026-09-23T22-01-29-998Z_n-sweep_1-2-4-8-16-32-50,Ref,,8,A-maioria,,,transfer,,,,0xa9059cbb,,135960,1,,0x550f990a9496317dfcab1757938268690cc2c4c5f84c63fb48ff401640775ae9
2026-09-23T22-01-29-998Z_n-sweep_1-2-4-8-16-32-50,Ref,,8,A-maioria,,,transfer,,,,0xa9059cbb,,135960,1,,0x29e320945b4bb30987a45db328a639dbdf74cb2fe2acd0799f33779f4b3dfc64
2026-09-23T22-01-29-998Z_n-sweep_1-2-4-8-16-32-50,Ref,,8,A-maioria,,,transfer,,,,0xa9059cbb,,135960,1,,0xaa06e204a774dfcf13570bea2f8d88b2f9412f6ae05012efaa4bc390eaf174be
2026-09-23T22-01-29-998Z_n-sweep_1-2-4-8-16-32-50,Ref,,8,A-maioria,,,transfer,,,,0xa9059cbb,,135960,1,,0x15ade4e82d47a042ce2d5c68363b890b77a019b2caaa7759c89f052bd6c791e6
2026-09-23T22-01-29-998Z_n-sweep_1-2-4-8-16-32-50,Ref,,8,A-maioria,,,transfer,,,,0xa9059cbb,,135960,1,,0x9be7d09348efd06342937a9cd970ecb43a5d3e048e12ac4eff9b9548c71de591
2026-09-23T22-01-29-998Z_n-sweep_1-2-4-8-16-32-50,Ref,,8,A-maioria,,,propose,,,propose,0x7d5e81e2,WasteCategoryRegistry.updateCredits,79692,1,,0x5d0ea783ea5c7902e54ff0452e2977a07c97c13de0ba3b6cbb1a547c82d33316
2026-09-23T22-01-29-998Z_n-sweep_1-2-4-8-16-32-50,Ref,,8,A-maioria,,,vote,1,for,,0x56781388,,83098,1,,0xdaa8231da9e3e8d9c63336ca22610b348ef719e08f5f4468fc54a54b0d4614b7
2026-09-23T22-01-29-998Z_n-sweep_1-2-4-8-16-32-50,Ref,,8,A-maioria,,,vote,2,for,,0x56781388,,65998,1,,0xf023c53975d556ab884dee22063a0a3f733915663074f865fe19b5d119ef88e0
2026-09-23T22-01-29-998Z_n-sweep_1-2-4-8-16-32-50,Ref,,8,A-maioria,,,vote,3,for,,0x56781388,,65998,1,,0x760448f12b3ebaafb37d0cb6a9b32f7b87d98e7e3a29ea4326b15c5189b3b2d5
2026-09-23T22-01-29-998Z_n-sweep_1-2-4-8-16-32-50,Ref,,8,A-maioria,,,vote,4,for,,0x56781388,,65998,1,,0x9c98b962930f5471802cc6cbdb326ea51d8ac1ec14a3718b1cbe12105d58902c
2026-09-23T22-01-29-998Z_n-sweep_1-2-4-8-16-32-50,Ref,,8,A-maioria,,,vote,5,for,,0x56781388,,65998,1,,0x69140bb0d57a207bbba2b440c4c1a14928f734b3e300b13c4e796471f1a7a648
2026-09-23T22-01-29-998Z_n-sweep_1-2-4-8-16-32-50,Ref,,8,A-maioria,,,vote,1,against,,0x56781388,,83057,1,,0x9eebf41bb61733219d870c8052c959cd3f552a02a8d16e10f0ded1898ab26900
2026-09-23T22-01-29-998Z_n-sweep_1-2-4-8-16-32-50,Ref,,8,A-maioria,,,vote,2,against,,0x56781388,,65957,1,,0x9fc0aa564865e4c0ece9e29252a4d87bc418c4d5dab15ca85faf1b70c6a5a962
2026-09-23T22-01-29-998Z_n-sweep_1-2-4-8-16-32-50,Ref,,8,A-maioria,,,vote,3,against,,0x56781388,,65957,1,,0x5fd3460c3aeffa1d16491423587e5519dae37d67f04a16fb0a7c053a2cbca9ff
2026-09-23T22-01-29-998Z_n-sweep_1-2-4-8-16-32-50,Ref,,8,A-maioria,,,execute,,,execute,0x2656227d,WasteCategoryRegistry.updateCredits,72030,1,,0x19f10e75853e98fea963770d94fe0233539299451fe3fe525ace18efcbf69929
2026-09-23T22-01-29-998Z_n-sweep_1-2-4-8-16-32-50,V0,T1,,,,,deploy_token_T1,,,constructor,0x61016060,,1621017,1,,0xece28f063ba256e8fc65152daf61fe745a7823e8ba387b1b661409f18f6dc4cc
2026-09-23T22-01-29-998Z_n-sweep_1-2-4-8-16-32-50,V0,,,,,,deploy_registry,,,constructor,0x60806040,,4590964,1,,0x9005486642112873086c0faf3a06ce7199e3377186a80eb6eea4235f5e1c6f56
2026-09-23T22-01-29-998Z_n-sweep_1-2-4-8-16-32-50,V0,,,,,,deploy_governor_V0,,,constructor,0x6101c080,,2133394,1,,0x8b33a795df9df0e5a3cb812430955580d1fb4f654a6028dd161238e13d560524
2026-09-23T22-01-29-998Z_n-sweep_1-2-4-8-16-32-50,V0,,,,,,grant_admin_role,,,grantRole,0x2f2ff15d,,50799,1,,0xb518a3911be32f0a59dcaec3e43c7ec54010f07f3e473d550516b1aab1a18d6b
2026-09-23T22-01-29-998Z_n-sweep_1-2-4-8-16-32-50,V0,,,,,,revoke_deployer_admin_role,,,revokeRole,0xd547741f,,27116,1,,0x8cb08b8b6ca45600b76a431b4cd18aee2095374e00c890903bfaa28d83b5f82b
2026-09-23T22-01-29-998Z_n-sweep_1-2-4-8-16-32-50,V0,,8,D-voto,,,delegate_admin,,,,0x5c19a95c,,95559,1,,0xfa43c1f7a1a1658c8aeac58119b26e806face10fc63ae3e18099942309f4d395
2026-09-23T22-01-29-998Z_n-sweep_1-2-4-8-16-32-50,V0,,8,D-voto,,,delegate,,,,0x5c19a95c,,48347,1,,0xf96ae171d39b1290c248e3ee88c92c43e24751ff4aacf46bad404cad29a33e37
2026-09-23T22-01-29-998Z_n-sweep_1-2-4-8-16-32-50,V0,,8,D-voto,,,delegate,,,,0x5c19a95c,,48335,1,,0x65ff74d2610d5c80f16dc62aa4e01b339a9ecd8c95911ae092d678a9792cdcb8
2026-09-23T22-01-29-998Z_n-sweep_1-2-4-8-16-32-50,V0,,8,D-voto,,,delegate,,,,0x5c19a95c,,48347,1,,0xb06e4e18b389cc3c69848b844c44927f26087a909c0e4532a1ba892e8d7bac4c
2026-09-23T22-01-29-998Z_n-sweep_1-2-4-8-16-32-50,V0,,8,D-voto,,,delegate,,,,0x5c19a95c,,48347,1,,0xfdc5c4ae6e458adbd0780d18d4ef20dca6b7a02f3efff2f7c0eec7590e340a41
2026-09-23T22-01-29-998Z_n-sweep_1-2-4-8-16-32-50,V0,,8,D-voto,,,delegate,,,,0x5c19a95c,,48347,1,,0x5c4d4bc02e09949d860a2c409a26209335f7c4e4eca7ac13d0e60a5cf0d0f233
2026-09-23T22-01-29-998Z_n-sweep_1-2-4-8-16-32-50,V0,,8,D-voto,,,delegate,,,,0x5c19a95c,,48347,1,,0x8eb2597a239d7d5a9d780141fa850308f21a221b62b2f0b2cd01922a25b294b2
2026-09-23T22-01-29-998Z_n-sweep_1-2-4-8-16-32-50,V0,,8,D-voto,,,delegate,,,,0x5c19a95c,,48347,1,,0x61b0a2cbceae6ab3b47dbad41fbaa57485b4b4545814b177fb76f5e80989f4b6
2026-09-23T22-01-29-998Z_n-sweep_1-2-4-8-16-32-50,V0,,8,D-voto,,,delegate,,,,0x5c19a95c,,48347,1,,0x8e8293e79ce57e8b2bd6c914c167b0ec5858ded7d332cc962607075acbcc0b43
2026-09-23T22-01-29-998Z_n-sweep_1-2-4-8-16-32-50,V0,,8,D-voto,,,transfer,,,,0xa9059cbb,,135960,1,,0x64168a5434eabf73b0837b721544a4cc06ef6a34e1c4450773c58082258dcca0
2026-09-23T22-01-29-998Z_n-sweep_1-2-4-8-16-32-50,V0,,8,D-voto,,,transfer,,,,0xa9059cbb,,135948,1,,0xb4e18f79c6446604effaf109dce94429a512388a43df1126882c8e5cca868b7f
2026-09-23T22-01-29-998Z_n-sweep_1-2-4-8-16-32-50,V0,,8,D-voto,,,transfer,,,,0xa9059cbb,,135960,1,,0xce056104bca756fc0ba8f7fbf1c6b9aff343642e27c04af69ec57f8a64bbcb85
2026-09-23T22-01-29-998Z_n-sweep_1-2-4-8-16-32-50,V0,,8,D-voto,,,transfer,,,,0xa9059cbb,,135960,1,,0x5f3f58d2bb088aa6fc81497c7fc7456836488df613560e6bcb700adf45bfea2a
2026-09-23T22-01-29-998Z_n-sweep_1-2-4-8-16-32-50,V0,,8,D-voto,,,transfer,,,,0xa9059cbb,,135960,1,,0x4e9ed30eb962504e5d56173f8a4b1de130c73b1ca07dce26f8178dcbb537b0fb
2026-09-23T22-01-29-998Z_n-sweep_1-2-4-8-16-32-50,V0,,8,D-voto,,,transfer,,,,0xa9059cbb,,135960,1,,0xd66ce4d198d298bdd4b5dea73866d2000a0ef49ec8a03732e0761dd58681e01d
2026-09-23T22-01-29-998Z_n-sweep_1-2-4-8-16-32-50,V0,,8,D-voto,,,transfer,,,,0xa9059cbb,,135960,1,,0x31c8459ef336643269731c1bb6d02b9a719ad31d14bd890cfbc82f6a2e7d687b
2026-09-23T22-01-29-998Z_n-sweep_1-2-4-8-16-32-50,V0,,8,D-voto,,,transfer,,,,0xa9059cbb,,135960,1,,0x84367e6fcee837f9170bc662ed268d918c68db8b23a8a17d84394aed377a8613
2026-09-23T22-01-29-998Z_n-sweep_1-2-4-8-16-32-50,V0,,8,D-voto,,,propose,,,propose,0x7d5e81e2,WasteCategoryRegistry.updateCredits,63339,1,,0x70d23e4097d764d4a907aad9f58cb1f44643f90843b162116e784cbce0178e43
2026-09-23T22-01-29-998Z_n-sweep_1-2-4-8-16-32-50,V0,,8,D-voto,,,vote,1,for,,0x56781388,,81899,1,,0xae3a59c078affab0f8f56e747e99e2b64a7bf035b44345b61c80518e686ac04d
2026-09-23T22-01-29-998Z_n-sweep_1-2-4-8-16-32-50,V0,,8,D-voto,,,vote,2,for,,0x56781388,,64799,1,,0xb6a35cdaefaf75c3a6fa6ddbd4240ab2293a26b13b46ce96b150d48bb285100f
2026-09-23T22-01-29-998Z_n-sweep_1-2-4-8-16-32-50,V0,,8,D-voto,,,vote,3,for,,0x56781388,,64799,1,,0xf43e1a7be71d1f2bbf37eca187a393b8c8b029d2d142c25012c450ec7fd634a6
2026-09-23T22-01-29-998Z_n-sweep_1-2-4-8-16-32-50,V0,,8,D-voto,,,vote,1,against,,0x56781388,,81847,1,,0x935147e79afa959341c22fc37423d72e05eca0864ad5d683a93ca91ab3c41ac2
2026-09-23T22-01-29-998Z_n-sweep_1-2-4-8-16-32-50,V0,,8,D-voto,,,vote,2,against,,0x56781388,,64747,1,,0xde04130ca7843671cfc443387fb89995ad097d5f91e5f60aecb60bbfe7761a55
2026-09-23T22-01-29-998Z_n-sweep_1-2-4-8-16-32-50,V0,,8,D-voto,,,vote,3,against,,0x56781388,,64747,1,,0x22768c6f26a4f99b5adccb7cea2508def811db3ea044365256eb2895f6d363d4
2026-09-23T22-01-29-998Z_n-sweep_1-2-4-8-16-32-50,V0,,8,D-voto,,,vote,4,against,,0x56781388,,64747,1,,0x0de6cf245649d4328a80bc2b02b59a2ca3d6081e2326082949a0767ce67dd703
2026-09-23T22-01-29-998Z_n-sweep_1-2-4-8-16-32-50,V0,,8,D-voto,,,vote,5,against,,0x56781388,,64747,1,,0xf54fc6b785da03a5ff80fc0d64cbec58ca2c39ab0fc285798d353bb1fa6ce5c0
2026-09-23T22-01-29-998Z_n-sweep_1-2-4-8-16-32-50,V0,,8,D-voto,,,execute_attempt,,,execute,0x2656227d,WasteCategoryRegistry.updateCredits,40382,0,"VM Exception while processing transaction: reverted with custom error 'GovernorUnexpectedProposalState(61861490597784258828583356149255342859400533779629069452298116930251237368778, 3, '0x0000000000000000000000000000000000000000000000000000000000000030')'",0x26146424f0ef5d3c72b75bf856649c01c1239a8069ec7542d514423aa771b19d
2026-09-23T22-01-29-998Z_n-sweep_1-2-4-8-16-32-50,V1,T1,,,,,deploy_token_T1,,,constructor,0x61016060,,1621017,1,,0xece28f063ba256e8fc65152daf61fe745a7823e8ba387b1b661409f18f6dc4cc
2026-09-23T22-01-29-998Z_n-sweep_1-2-4-8-16-32-50,V1,,,,,,deploy_registry,,,constructor,0x60806040,,4590964,1,,0x9005486642112873086c0faf3a06ce7199e3377186a80eb6eea4235f5e1c6f56
2026-09-23T22-01-29-998Z_n-sweep_1-2-4-8-16-32-50,V1,,,,,,deploy_governor_V1,,,constructor,0x6101c080,,2141155,1,,0xcbf032b87647649d09648621f7d61fb312aee4174486ee6f404819243ac59ca9
2026-09-23T22-01-29-998Z_n-sweep_1-2-4-8-16-32-50,V1,,,,,,grant_admin_role,,,grantRole,0x2f2ff15d,,50799,1,,0xfdc9a3875129e16eb4a0e6527cfb2e5662449c13660398cf3b7c723db6d0e009
2026-09-23T22-01-29-998Z_n-sweep_1-2-4-8-16-32-50,V1,,,,,,revoke_deployer_admin_role,,,revokeRole,0xd547741f,,27116,1,,0xc189311656167d1c4c211ee1c4f5143a8df64ff72cb449ebf7ec77ff2fd0bcbb
2026-09-23T22-01-29-998Z_n-sweep_1-2-4-8-16-32-50,V1,,8,D-voto,,,delegate_admin,,,,0x5c19a95c,,95559,1,,0xd4695df7ceba86e36d8d32ccf756640823a0c1b729cf20e3a0b632c08e38ee6a
2026-09-23T22-01-29-998Z_n-sweep_1-2-4-8-16-32-50,V1,,8,D-voto,,,delegate,,,,0x5c19a95c,,48347,1,,0x81d5bf8e96fad9ce8b5230dc73abbeb313b25fcb2932728690f357e6b4e905b9
2026-09-23T22-01-29-998Z_n-sweep_1-2-4-8-16-32-50,V1,,8,D-voto,,,delegate,,,,0x5c19a95c,,48335,1,,0x92147b8c796bc2b0f21acc979799bbf4c5b5033d9d67806a8ad6842fe03d41df
2026-09-23T22-01-29-998Z_n-sweep_1-2-4-8-16-32-50,V1,,8,D-voto,,,delegate,,,,0x5c19a95c,,48347,1,,0xfff43b85310b182c6fdaa6a0b82056393aba2572b23e543b42f064dc4690e2fc
2026-09-23T22-01-29-998Z_n-sweep_1-2-4-8-16-32-50,V1,,8,D-voto,,,delegate,,,,0x5c19a95c,,48347,1,,0xd65054394087a126f7201b8caf565d34e4b8e2c37299a2eb2e8e1e169e8753b2
2026-09-23T22-01-29-998Z_n-sweep_1-2-4-8-16-32-50,V1,,8,D-voto,,,delegate,,,,0x5c19a95c,,48347,1,,0x0c6ee11e6f4f09c9119d3c03df89d743f104be74b800d0b47cbfa2e1629e917b
2026-09-23T22-01-29-998Z_n-sweep_1-2-4-8-16-32-50,V1,,8,D-voto,,,delegate,,,,0x5c19a95c,,48347,1,,0x9e4c58d93f5292a4566258e1c10f556eb9dc4074e322b7c357bf5ad65da50cae
2026-09-23T22-01-29-998Z_n-sweep_1-2-4-8-16-32-50,V1,,8,D-voto,,,delegate,,,,0x5c19a95c,,48347,1,,0x6ebf0fe5777b4feb07a84b604e7094e789e104c0aa39284dccf1b9da9c17904e
2026-09-23T22-01-29-998Z_n-sweep_1-2-4-8-16-32-50,V1,,8,D-voto,,,delegate,,,,0x5c19a95c,,48347,1,,0xfe42119cc5b68fbfd433dffe547dcf50b55480a011d31795da0f08ec660c70b3
2026-09-23T22-01-29-998Z_n-sweep_1-2-4-8-16-32-50,V1,,8,D-voto,,,transfer,,,,0xa9059cbb,,135960,1,,0x364926a72ecc473ffcbb0e9b181d54e6f72eeab140f25a9b24544a3e10cab7c7
2026-09-23T22-01-29-998Z_n-sweep_1-2-4-8-16-32-50,V1,,8,D-voto,,,transfer,,,,0xa9059cbb,,135948,1,,0x1e82330c65247db307e915b5788ed34fd87ff6c6b02936ff7c1c6af495a4a8dd
2026-09-23T22-01-29-998Z_n-sweep_1-2-4-8-16-32-50,V1,,8,D-voto,,,transfer,,,,0xa9059cbb,,135960,1,,0x17309f3a1f22d04c586dec981ececfb7fa55b4ba88d0ecb3ca73c50ef27be438
2026-09-23T22-01-29-998Z_n-sweep_1-2-4-8-16-32-50,V1,,8,D-voto,,,transfer,,,,0xa9059cbb,,135960,1,,0xba165ac6fab73acb892a36f5df754a0ee061d768af616d32a2ad01f5c309a217
2026-09-23T22-01-29-998Z_n-sweep_1-2-4-8-16-32-50,V1,,8,D-voto,,,transfer,,,,0xa9059cbb,,135960,1,,0x66f6077ee27e748575b2ec6779230f2fc46c81373f7cae4239d541f1b47af55c
2026-09-23T22-01-29-998Z_n-sweep_1-2-4-8-16-32-50,V1,,8,D-voto,,,transfer,,,,0xa9059cbb,,135960,1,,0x914bf01a25aa59a8061b0a1fe33c0d7bf8e891ee7eaabf67808aa970e7dc30bf
2026-09-23T22-01-29-998Z_n-sweep_1-2-4-8-16-32-50,V1,,8,D-voto,,,transfer,,,,0xa9059cbb,,135960,1,,0x18aa687804cbafa1a01ff19bb5d40c5f7fbde23b47296c2829519b9711b85fd1
2026-09-23T22-01-29-998Z_n-sweep_1-2-4-8-16-32-50,V1,,8,D-voto,,,transfer,,,,0xa9059cbb,,135960,1,,0x9024f98682894614861fda29d99d66b4318ea20e398a09717282b4adb025ce52
2026-09-23T22-01-29-998Z_n-sweep_1-2-4-8-16-32-50,V1,,8,D-voto,,,propose,,,propose,0x7d5e81e2,WasteCategoryRegistry.updateCredits,63339,1,,0x62760f4ce97229200f249facfb74c5d6ec123650991d881c3281fa7e9d9c60ab
2026-09-23T22-01-29-998Z_n-sweep_1-2-4-8-16-32-50,V1,,8,D-voto,,,vote,1,for,,0x56781388,,82468,1,,0x3afd2e5ff30af0f5b924e12fff9c2a6ac6b56bc0b466afbacaa9d791ac8332b8
2026-09-23T22-01-29-998Z_n-sweep_1-2-4-8-16-32-50,V1,,8,D-voto,,,vote,2,for,,0x56781388,,65368,1,,0x9d1384a1c90a536a117f75d4626cfac6d378bf18f804ce0e28968fbea5759ba3
2026-09-23T22-01-29-998Z_n-sweep_1-2-4-8-16-32-50,V1,,8,D-voto,,,vote,3,for,,0x56781388,,65368,1,,0xe6db9c401ba66648ebe6ce31f2a0f5d98e7b7d0d4b36cdd99fe610698637b449
2026-09-23T22-01-29-998Z_n-sweep_1-2-4-8-16-32-50,V1,,8,D-voto,,,vote,1,against,,0x56781388,,82416,1,,0xf3b17639ce7b903d912d7669bc4571d36dc21e44cb834f30714c20cca7189a80
2026-09-23T22-01-29-998Z_n-sweep_1-2-4-8-16-32-50,V1,,8,D-voto,,,vote,2,against,,0x56781388,,65316,1,,0xf03374e857c73a689f1138733ddfbaffefacf55edd2f58d9f7a8e4c727af51d7
2026-09-23T22-01-29-998Z_n-sweep_1-2-4-8-16-32-50,V1,,8,D-voto,,,vote,3,against,,0x56781388,,65316,1,,0x887abd57aebe7e588e2ee4371e07577b55f53f245776bb7e5f821a9c93d19818
2026-09-23T22-01-29-998Z_n-sweep_1-2-4-8-16-32-50,V1,,8,D-voto,,,vote,4,against,,0x56781388,,65316,1,,0x5b1f8a83c77025d5e6bc5b64d10e1c0eb470543995af9503ddb11b3a83ef0a52
2026-09-23T22-01-29-998Z_n-sweep_1-2-4-8-16-32-50,V1,,8,D-voto,,,vote,5,against,,0x56781388,,65316,1,,0x045f25866b11ecf52f9a4ba6fa8e1034fad5c1770d17b5e214880f907a472e45
2026-09-23T22-01-29-998Z_n-sweep_1-2-4-8-16-32-50,V1,,8,D-voto,,,execute_attempt,,,execute,0x2656227d,WasteCategoryRegistry.updateCredits,40382,0,"VM Exception while processing transaction: reverted with custom error 'GovernorUnexpectedProposalState(42285343010554580875216675548421240939231528800795781316254394355085624575505, 3, '0x0000000000000000000000000000000000000000000000000000000000000030')'",0x9ce5790894d89f25e5238028ccb7d6c37b104c68c64bb00d68e5c6f7e9279eaa
2026-09-23T22-01-29-998Z_n-sweep_1-2-4-8-16-32-50,V2,T1,,,,,deploy_token_T1,,,constructor,0x61016060,,1621017,1,,0xece28f063ba256e8fc65152daf61fe745a7823e8ba387b1b661409f18f6dc4cc
2026-09-23T22-01-29-998Z_n-sweep_1-2-4-8-16-32-50,V2,,,,,,deploy_registry,,,constructor,0x60806040,,4590964,1,,0x9005486642112873086c0faf3a06ce7199e3377186a80eb6eea4235f5e1c6f56
2026-09-23T22-01-29-998Z_n-sweep_1-2-4-8-16-32-50,V2,,,,,,deploy_governor_V2,,,constructor,0x6101e080,,2178840,1,,0xa32c9f3d540c0ae9eee563ea02a53e3c1648afde51e09209202bc2912d9a8532
2026-09-23T22-01-29-998Z_n-sweep_1-2-4-8-16-32-50,V2,,,,,,grant_admin_role,,,grantRole,0x2f2ff15d,,50799,1,,0x0482dd737ad13e5cf9f342f77b7f4c8d4a60575e6613b501a7a433855227e65d
2026-09-23T22-01-29-998Z_n-sweep_1-2-4-8-16-32-50,V2,,,,,,revoke_deployer_admin_role,,,revokeRole,0xd547741f,,27116,1,,0xbf6c6756b6e885a31717a4b56f3c4fc35da4780ca84e075711ea97189f58ea3d
2026-09-23T22-01-29-998Z_n-sweep_1-2-4-8-16-32-50,V2,,8,D-voto,,,delegate_admin,,,,0x5c19a95c,,95559,1,,0xe4ed125ff7fcf34a784094393e69d7b32184f90f45a88cf0e398ac5fe2329d50
2026-09-23T22-01-29-998Z_n-sweep_1-2-4-8-16-32-50,V2,,8,D-voto,,,delegate,,,,0x5c19a95c,,48347,1,,0x8e5cf2e817455991c3f88244f29b95e3c5703efb253d16587c3e019ace8ed4aa
2026-09-23T22-01-29-998Z_n-sweep_1-2-4-8-16-32-50,V2,,8,D-voto,,,delegate,,,,0x5c19a95c,,48335,1,,0x3a4d0b938991cc6665fddf48aab742d27a2480134e4cb1cf5b844b9724575405
2026-09-23T22-01-29-998Z_n-sweep_1-2-4-8-16-32-50,V2,,8,D-voto,,,delegate,,,,0x5c19a95c,,48347,1,,0x8df16e2387da0d9fa03469e487a72815c7ad0f22d2e3631bfcd3e8532e84566f
2026-09-23T22-01-29-998Z_n-sweep_1-2-4-8-16-32-50,V2,,8,D-voto,,,delegate,,,,0x5c19a95c,,48347,1,,0x95612e3ccf4e98f664cb62c90a18fd3142e8f5668db18fb82a400652a6b96b06
2026-09-23T22-01-29-998Z_n-sweep_1-2-4-8-16-32-50,V2,,8,D-voto,,,delegate,,,,0x5c19a95c,,48347,1,,0x8cfbd9c8afd095297879c4ea5a6d41c276c3b770abd2f751b06ec63384df15d6
2026-09-23T22-01-29-998Z_n-sweep_1-2-4-8-16-32-50,V2,,8,D-voto,,,delegate,,,,0x5c19a95c,,48347,1,,0x96ff47bd12ed3260165a9b3c82bacf4a9f1cfd47a5f8548491ee35c1066f2e38
2026-09-23T22-01-29-998Z_n-sweep_1-2-4-8-16-32-50,V2,,8,D-voto,,,delegate,,,,0x5c19a95c,,48347,1,,0x3c7464a5135ef0630048da3b891f6f95d941c4b44dfb27d1230d6c7015af52d6
2026-09-23T22-01-29-998Z_n-sweep_1-2-4-8-16-32-50,V2,,8,D-voto,,,delegate,,,,0x5c19a95c,,48347,1,,0xcef7f0dbdf22e7ddd7612e11e8e4d04d07ff7ed50742fa593a04379c3fb4c79a
2026-09-23T22-01-29-998Z_n-sweep_1-2-4-8-16-32-50,V2,,8,D-voto,,,transfer,,,,0xa9059cbb,,135960,1,,0x7c052333044c2288623248aa49302d5e2b271fd34865af063eff829354a8b683
2026-09-23T22-01-29-998Z_n-sweep_1-2-4-8-16-32-50,V2,,8,D-voto,,,transfer,,,,0xa9059cbb,,135948,1,,0xa70b19aecefd6fc37e47200f0ee7be8b67ae1fd23270d845de15d0e55868e8c7
2026-09-23T22-01-29-998Z_n-sweep_1-2-4-8-16-32-50,V2,,8,D-voto,,,transfer,,,,0xa9059cbb,,135960,1,,0xc6c252567ba64c72646e826d5ce83077e7e29b0d7e739c32a06142eedc3ac88b
2026-09-23T22-01-29-998Z_n-sweep_1-2-4-8-16-32-50,V2,,8,D-voto,,,transfer,,,,0xa9059cbb,,135960,1,,0xd536c2011d0413da3ef64131702fb3a285c5ada7f6b4492504b2ab9a5fbdbe23
2026-09-23T22-01-29-998Z_n-sweep_1-2-4-8-16-32-50,V2,,8,D-voto,,,transfer,,,,0xa9059cbb,,135960,1,,0xd87e504bc80e209db7bc55b7b3d109104d1759045b16de491835faf2a58af9f5
2026-09-23T22-01-29-998Z_n-sweep_1-2-4-8-16-32-50,V2,,8,D-voto,,,transfer,,,,0xa9059cbb,,135960,1,,0xb4000e4cc890a963ba948c2333d7cfe1cee46cd6bc6cc618b5666e6d69ecc15e
2026-09-23T22-01-29-998Z_n-sweep_1-2-4-8-16-32-50,V2,,8,D-voto,,,transfer,,,,0xa9059cbb,,135960,1,,0x39a69759f41857048a62b13eca96e9b06ce234415de624be503ffdb08ed092e8
2026-09-23T22-01-29-998Z_n-sweep_1-2-4-8-16-32-50,V2,,8,D-voto,,,transfer,,,,0xa9059cbb,,135960,1,,0x90c0510f905229c10a6503306d6e1badbfb1c5de847b607d4930d8e3522b96eb
2026-09-23T22-01-29-998Z_n-sweep_1-2-4-8-16-32-50,V2,,8,D-voto,,,propose,,,propose,0x7d5e81e2,WasteCategoryRegistry.updateCredits,63339,1,,0xe37076e5aed258c221c7ea2dffac5c853e2d3fb436e83967e84b6a43bf054845
2026-09-23T22-01-29-998Z_n-sweep_1-2-4-8-16-32-50,V2,,8,D-voto,,,vote,1,for,,0x56781388,,82468,1,,0x3915737bae34f0b767c26b40d8a120b2b94974fea685b652041bb73c70191403
2026-09-23T22-01-29-998Z_n-sweep_1-2-4-8-16-32-50,V2,,8,D-voto,,,vote,2,for,,0x56781388,,65368,1,,0xe44b1a5fdb7b196ec901cb8ce2e2a58a58a45b05991ea9dbb1c7196d5e317a0c
2026-09-23T22-01-29-998Z_n-sweep_1-2-4-8-16-32-50,V2,,8,D-voto,,,vote,3,for,,0x56781388,,65368,1,,0xc7f699ecc017e0ee4b4d8ca0eea482eacb934333b5e362642e95a18d124bdaad
2026-09-23T22-01-29-998Z_n-sweep_1-2-4-8-16-32-50,V2,,8,D-voto,,,vote,1,against,,0x56781388,,82416,1,,0x3bb170fcabca4b0880606aebd44df89f204c4e364740d339d6fa0689eade9d3e
2026-09-23T22-01-29-998Z_n-sweep_1-2-4-8-16-32-50,V2,,8,D-voto,,,vote,2,against,,0x56781388,,65316,1,,0x50e46e0a9b8cff25435c40fb85f4f6d5d4bb356af49ece807ae2111eab27abe3
2026-09-23T22-01-29-998Z_n-sweep_1-2-4-8-16-32-50,V2,,8,D-voto,,,vote,3,against,,0x56781388,,65316,1,,0xf5b84276f464fe30b6626e91183b26eaa34200b23011b3a313f69bbc136b9dc1
2026-09-23T22-01-29-998Z_n-sweep_1-2-4-8-16-32-50,V2,,8,D-voto,,,vote,4,against,,0x56781388,,65316,1,,0xc295b2ab5f097815af1f706d96a47acb78365f3fb7aaeb0fb50b9fb052b2a1c3
2026-09-23T22-01-29-998Z_n-sweep_1-2-4-8-16-32-50,V2,,8,D-voto,,,vote,5,against,,0x56781388,,65316,1,,0x3a76d6829da230a1450a99ab6b9ac2fc41e8f82972fd5fbbcf2cd20ab39334dc
2026-09-23T22-01-29-998Z_n-sweep_1-2-4-8-16-32-50,V2,,8,D-voto,,,execute_attempt,,,execute,0x2656227d,WasteCategoryRegistry.updateCredits,40410,0,"VM Exception while processing transaction: reverted with custom error 'GovernorUnexpectedProposalState(99589243228484587312542871049688684860046151092429522680778425358839454735046, 3, '0x0000000000000000000000000000000000000000000000000000000000000030')'",0x552a88efe81aa69cdb11cb2ecb6178744058a07f12e0769a642a3e2e924e7313
2026-09-23T22-01-29-998Z_n-sweep_1-2-4-8-16-32-50,Ref,T1,,,,,deploy_token_T1,,,constructor,0x61016060,,1621017,1,,0x8a423d158719dafa7ff4b82bcd6f6a5661f61c993e6aaede0acbe21a849af082
2026-09-23T22-01-29-998Z_n-sweep_1-2-4-8-16-32-50,Ref,,,,,,deploy_registry,,,constructor,0x60806040,,4590964,1,,0x9005486642112873086c0faf3a06ce7199e3377186a80eb6eea4235f5e1c6f56
2026-09-23T22-01-29-998Z_n-sweep_1-2-4-8-16-32-50,Ref,,,,,,deploy_rewards_registry_for_ctor,,,constructor,0x60806040,,4590964,1,,0x484f4210d177094deb4832deb5e459c708c732becb1881e1d1417503c177d84a
2026-09-23T22-01-29-998Z_n-sweep_1-2-4-8-16-32-50,Ref,,,,,,deploy_credit,,,constructor,0x60806040,,931954,1,,0xda6265176213799bfac2d03545eb38f6f6d6d978852db5e040dec6bdc95b6a46
2026-09-23T22-01-29-998Z_n-sweep_1-2-4-8-16-32-50,Ref,,,,,,deploy_passport,,,constructor,0x60806040,,2776581,1,,0xe5a36162780b85ac2b217350036da2286056186a02d74234dd0980865a07c217
2026-09-23T22-01-29-998Z_n-sweep_1-2-4-8-16-32-50,Ref,,,,,,deploy_rewards,,,constructor,0x60803461,,1246140,1,,0x748f3eef423a29001e508633e407c909b25f0e6a89b560856468f0ac6655c439
2026-09-23T22-01-29-998Z_n-sweep_1-2-4-8-16-32-50,Ref,,,,,,deploy_stakeholders,,,constructor,0x60803461,,1679823,1,,0xd4be2e468d589ae7e76ff2c292757707613e73c2a9e8f4c774280b5fd0991072
2026-09-23T22-01-29-998Z_n-sweep_1-2-4-8-16-32-50,Ref,,,,,,deploy_governor_Ref,,,constructor,0x61018060,,4434623,1,,0xd1b6a3d1f944bdfe5c399ebf7a1e6ed8a76e5b5acd93cdfc3d211571cbc50a6e
2026-09-23T22-01-29-998Z_n-sweep_1-2-4-8-16-32-50,Ref,,,,,,grant_admin_role,,,grantRole,0x2f2ff15d,,50799,1,,0x9477ec21ceecb8e71e570a8e5c711d060981c6dc53217d4071b2c7d012604374
2026-09-23T22-01-29-998Z_n-sweep_1-2-4-8-16-32-50,Ref,,,,,,revoke_deployer_admin_role,,,revokeRole,0xd547741f,,27116,1,,0x4571f6b2b82c72e95dbfd028346a3c95cee362f1cdc4e946338a9d1e56d58c09
2026-09-23T22-01-29-998Z_n-sweep_1-2-4-8-16-32-50,Ref,,8,D-voto,,,delegate_admin,,,,0x5c19a95c,,95559,1,,0xfca7f8e34a7a367a38495092e6c6ae53f6f6bbc6c6cdd047fed83c770b76a8c9
2026-09-23T22-01-29-998Z_n-sweep_1-2-4-8-16-32-50,Ref,,8,D-voto,,,delegate,,,,0x5c19a95c,,48347,1,,0x2f1db724527155bbb87015320f4de9a632dd20bb0d57eddcbd649b18207511a9
2026-09-23T22-01-29-998Z_n-sweep_1-2-4-8-16-32-50,Ref,,8,D-voto,,,delegate,,,,0x5c19a95c,,48335,1,,0x8b0e52e67c302dbb4252eb6f968ee138c191eb8205be72d37b64b0c5ee99cc0e
2026-09-23T22-01-29-998Z_n-sweep_1-2-4-8-16-32-50,Ref,,8,D-voto,,,delegate,,,,0x5c19a95c,,48347,1,,0x1a5bd05dacedf9e3acc8ca8d92b6aea9cf2aa84f70c77d04dab2d0257070356f
2026-09-23T22-01-29-998Z_n-sweep_1-2-4-8-16-32-50,Ref,,8,D-voto,,,delegate,,,,0x5c19a95c,,48347,1,,0x05f7d9fd7d2dcae80248756e17e23af4963c07b10ebe32e7c079f468806ce249
2026-09-23T22-01-29-998Z_n-sweep_1-2-4-8-16-32-50,Ref,,8,D-voto,,,delegate,,,,0x5c19a95c,,48347,1,,0xc692236193a870ec74b2ae8543ffbfe39b6bd5462442ea5a4e078b2d3116adeb
2026-09-23T22-01-29-998Z_n-sweep_1-2-4-8-16-32-50,Ref,,8,D-voto,,,delegate,,,,0x5c19a95c,,48347,1,,0x69a8f9be879966443d3229422f1c20ad3c5a2104215131e80047b7236df1a439
2026-09-23T22-01-29-998Z_n-sweep_1-2-4-8-16-32-50,Ref,,8,D-voto,,,delegate,,,,0x5c19a95c,,48347,1,,0x14477638203890fae6e03b6d8872fdc619692fcbe0c9a0a0fd173ec8ce55cf6a
2026-09-23T22-01-29-998Z_n-sweep_1-2-4-8-16-32-50,Ref,,8,D-voto,,,delegate,,,,0x5c19a95c,,48347,1,,0x9f65b07d974009afeb2495f5f83544615b836d4a15a53225fe23457a4ef7529a
2026-09-23T22-01-29-998Z_n-sweep_1-2-4-8-16-32-50,Ref,,8,D-voto,,,transfer,,,,0xa9059cbb,,135960,1,,0x12b3632a1c52f60659d3425eb84c14a360f46d22294646303c80dcd17527a70f
2026-09-23T22-01-29-998Z_n-sweep_1-2-4-8-16-32-50,Ref,,8,D-voto,,,transfer,,,,0xa9059cbb,,135948,1,,0xa87d7f8246e76c0946b3305c7ea05587f75bf947d30a70200a3d94a9979a67f9
2026-09-23T22-01-29-998Z_n-sweep_1-2-4-8-16-32-50,Ref,,8,D-voto,,,transfer,,,,0xa9059cbb,,135960,1,,0x6b91ff6906a7caffe23d306052b97e16a1f90c7da929362ec72da357dbf7ba87
2026-09-23T22-01-29-998Z_n-sweep_1-2-4-8-16-32-50,Ref,,8,D-voto,,,transfer,,,,0xa9059cbb,,135960,1,,0x550f990a9496317dfcab1757938268690cc2c4c5f84c63fb48ff401640775ae9
2026-09-23T22-01-29-998Z_n-sweep_1-2-4-8-16-32-50,Ref,,8,D-voto,,,transfer,,,,0xa9059cbb,,135960,1,,0x29e320945b4bb30987a45db328a639dbdf74cb2fe2acd0799f33779f4b3dfc64
2026-09-23T22-01-29-998Z_n-sweep_1-2-4-8-16-32-50,Ref,,8,D-voto,,,transfer,,,,0xa9059cbb,,135960,1,,0xaa06e204a774dfcf13570bea2f8d88b2f9412f6ae05012efaa4bc390eaf174be
2026-09-23T22-01-29-998Z_n-sweep_1-2-4-8-16-32-50,Ref,,8,D-voto,,,transfer,,,,0xa9059cbb,,135960,1,,0x15ade4e82d47a042ce2d5c68363b890b77a019b2caaa7759c89f052bd6c791e6
2026-09-23T22-01-29-998Z_n-sweep_1-2-4-8-16-32-50,Ref,,8,D-voto,,,transfer,,,,0xa9059cbb,,135960,1,,0x9be7d09348efd06342937a9cd970ecb43a5d3e048e12ac4eff9b9548c71de591
2026-09-23T22-01-29-998Z_n-sweep_1-2-4-8-16-32-50,Ref,,8,D-voto,,,propose,,,propose,0x7d5e81e2,WasteCategoryRegistry.updateCredits,79253,1,,0xca828fac42b02be1596e2cb0e0aa0e64eaf726bfb0a876b39e8ad0716aad2791
2026-09-23T22-01-29-998Z_n-sweep_1-2-4-8-16-32-50,Ref,,8,D-voto,,,vote,1,for,,0x56781388,,83098,1,,0x6bbb9b76d72767be5937d2f07409c94e67bf0ff24ab5a3056ea8b78ca65833aa
2026-09-23T22-01-29-998Z_n-sweep_1-2-4-8-16-32-50,Ref,,8,D-voto,,,vote,2,for,,0x56781388,,65998,1,,0xf88a13203aa1886326c0c9e86b41e5b8a3784739758bebe28335949a26336cfa
2026-09-23T22-01-29-998Z_n-sweep_1-2-4-8-16-32-50,Ref,,8,D-voto,,,vote,3,for,,0x56781388,,65998,1,,0x44e4b9e7020b3f1b53a2d29eb210678e06d733d45c7fa3b0c4efeba96069f9d7
2026-09-23T22-01-29-998Z_n-sweep_1-2-4-8-16-32-50,Ref,,8,D-voto,,,vote,1,against,,0x56781388,,83057,1,,0x951e1139fb966b14b40575b0833e5a2d181842e0d3072d65e4c35779e34bbca8
2026-09-23T22-01-29-998Z_n-sweep_1-2-4-8-16-32-50,Ref,,8,D-voto,,,vote,2,against,,0x56781388,,65957,1,,0xc7181496ab4773b9bf0296e39e84b5906e109203f0f8818dec874902618f80d5
2026-09-23T22-01-29-998Z_n-sweep_1-2-4-8-16-32-50,Ref,,8,D-voto,,,vote,3,against,,0x56781388,,65957,1,,0x165c0bf0cc4c1e2adb4f933d6dee12425b7774fe67d3e76accc60f18f9ae5cfe
2026-09-23T22-01-29-998Z_n-sweep_1-2-4-8-16-32-50,Ref,,8,D-voto,,,vote,4,against,,0x56781388,,65957,1,,0xfaebe944feb8e58482e84e238b0dc228dd054144e31ddabe281f22e2a12d58cc
2026-09-23T22-01-29-998Z_n-sweep_1-2-4-8-16-32-50,Ref,,8,D-voto,,,vote,5,against,,0x56781388,,65957,1,,0x879e6bae8ab6ecd2aaf9cd8632390d7318e2ea970b97781431029e22d74ad95b
2026-09-23T22-01-29-998Z_n-sweep_1-2-4-8-16-32-50,Ref,,8,D-voto,,,execute_attempt,,,execute,0x2656227d,WasteCategoryRegistry.updateCredits,51452,0,"VM Exception while processing transaction: reverted with custom error 'GovernorUnexpectedProposalState(74787374022191862554058932421823091076465252535131789194155716988047971977668, 3, '0x0000000000000000000000000000000000000000000000000000000000000030')'",0xb866a5192ef6e2bebfc4af92f95c703d92de053deb3baac2c2d95f00a4453902
2026-09-23T22-01-29-998Z_n-sweep_1-2-4-8-16-32-50,V0,T1,,,,,deploy_token_T1,,,constructor,0x61016060,,1621017,1,,0xece28f063ba256e8fc65152daf61fe745a7823e8ba387b1b661409f18f6dc4cc
2026-09-23T22-01-29-998Z_n-sweep_1-2-4-8-16-32-50,V0,,,,,,deploy_registry,,,constructor,0x60806040,,4590964,1,,0x9005486642112873086c0faf3a06ce7199e3377186a80eb6eea4235f5e1c6f56
2026-09-23T22-01-29-998Z_n-sweep_1-2-4-8-16-32-50,V0,,,,,,deploy_governor_V0,,,constructor,0x6101c080,,2133394,1,,0x8b33a795df9df0e5a3cb812430955580d1fb4f654a6028dd161238e13d560524
2026-09-23T22-01-29-998Z_n-sweep_1-2-4-8-16-32-50,V0,,,,,,grant_admin_role,,,grantRole,0x2f2ff15d,,50799,1,,0xb518a3911be32f0a59dcaec3e43c7ec54010f07f3e473d550516b1aab1a18d6b
2026-09-23T22-01-29-998Z_n-sweep_1-2-4-8-16-32-50,V0,,,,,,revoke_deployer_admin_role,,,revokeRole,0xd547741f,,27116,1,,0x8cb08b8b6ca45600b76a431b4cd18aee2095374e00c890903bfaa28d83b5f82b
2026-09-23T22-01-29-998Z_n-sweep_1-2-4-8-16-32-50,V0,,8,E-empate,,,delegate_admin,,,,0x5c19a95c,,95559,1,,0xfa43c1f7a1a1658c8aeac58119b26e806face10fc63ae3e18099942309f4d395
2026-09-23T22-01-29-998Z_n-sweep_1-2-4-8-16-32-50,V0,,8,E-empate,,,delegate,,,,0x5c19a95c,,48347,1,,0xf96ae171d39b1290c248e3ee88c92c43e24751ff4aacf46bad404cad29a33e37
2026-09-23T22-01-29-998Z_n-sweep_1-2-4-8-16-32-50,V0,,8,E-empate,,,delegate,,,,0x5c19a95c,,48335,1,,0x65ff74d2610d5c80f16dc62aa4e01b339a9ecd8c95911ae092d678a9792cdcb8
2026-09-23T22-01-29-998Z_n-sweep_1-2-4-8-16-32-50,V0,,8,E-empate,,,delegate,,,,0x5c19a95c,,48347,1,,0xb06e4e18b389cc3c69848b844c44927f26087a909c0e4532a1ba892e8d7bac4c
2026-09-23T22-01-29-998Z_n-sweep_1-2-4-8-16-32-50,V0,,8,E-empate,,,delegate,,,,0x5c19a95c,,48347,1,,0xfdc5c4ae6e458adbd0780d18d4ef20dca6b7a02f3efff2f7c0eec7590e340a41
2026-09-23T22-01-29-998Z_n-sweep_1-2-4-8-16-32-50,V0,,8,E-empate,,,delegate,,,,0x5c19a95c,,48347,1,,0x5c4d4bc02e09949d860a2c409a26209335f7c4e4eca7ac13d0e60a5cf0d0f233
2026-09-23T22-01-29-998Z_n-sweep_1-2-4-8-16-32-50,V0,,8,E-empate,,,delegate,,,,0x5c19a95c,,48347,1,,0x8eb2597a239d7d5a9d780141fa850308f21a221b62b2f0b2cd01922a25b294b2
2026-09-23T22-01-29-998Z_n-sweep_1-2-4-8-16-32-50,V0,,8,E-empate,,,delegate,,,,0x5c19a95c,,48347,1,,0x61b0a2cbceae6ab3b47dbad41fbaa57485b4b4545814b177fb76f5e80989f4b6
2026-09-23T22-01-29-998Z_n-sweep_1-2-4-8-16-32-50,V0,,8,E-empate,,,delegate,,,,0x5c19a95c,,48347,1,,0x8e8293e79ce57e8b2bd6c914c167b0ec5858ded7d332cc962607075acbcc0b43
2026-09-23T22-01-29-998Z_n-sweep_1-2-4-8-16-32-50,V0,,8,E-empate,,,transfer,,,,0xa9059cbb,,135960,1,,0x64168a5434eabf73b0837b721544a4cc06ef6a34e1c4450773c58082258dcca0
2026-09-23T22-01-29-998Z_n-sweep_1-2-4-8-16-32-50,V0,,8,E-empate,,,transfer,,,,0xa9059cbb,,135948,1,,0xb4e18f79c6446604effaf109dce94429a512388a43df1126882c8e5cca868b7f
2026-09-23T22-01-29-998Z_n-sweep_1-2-4-8-16-32-50,V0,,8,E-empate,,,transfer,,,,0xa9059cbb,,135960,1,,0xce056104bca756fc0ba8f7fbf1c6b9aff343642e27c04af69ec57f8a64bbcb85
2026-09-23T22-01-29-998Z_n-sweep_1-2-4-8-16-32-50,V0,,8,E-empate,,,transfer,,,,0xa9059cbb,,135960,1,,0x5f3f58d2bb088aa6fc81497c7fc7456836488df613560e6bcb700adf45bfea2a
2026-09-23T22-01-29-998Z_n-sweep_1-2-4-8-16-32-50,V0,,8,E-empate,,,transfer,,,,0xa9059cbb,,135960,1,,0x4e9ed30eb962504e5d56173f8a4b1de130c73b1ca07dce26f8178dcbb537b0fb
2026-09-23T22-01-29-998Z_n-sweep_1-2-4-8-16-32-50,V0,,8,E-empate,,,transfer,,,,0xa9059cbb,,135960,1,,0xd66ce4d198d298bdd4b5dea73866d2000a0ef49ec8a03732e0761dd58681e01d
2026-09-23T22-01-29-998Z_n-sweep_1-2-4-8-16-32-50,V0,,8,E-empate,,,transfer,,,,0xa9059cbb,,135960,1,,0x31c8459ef336643269731c1bb6d02b9a719ad31d14bd890cfbc82f6a2e7d687b
2026-09-23T22-01-29-998Z_n-sweep_1-2-4-8-16-32-50,V0,,8,E-empate,,,transfer,,,,0xa9059cbb,,135960,1,,0x84367e6fcee837f9170bc662ed268d918c68db8b23a8a17d84394aed377a8613
2026-09-23T22-01-29-998Z_n-sweep_1-2-4-8-16-32-50,V0,,8,E-empate,,,propose,,,propose,0x7d5e81e2,WasteCategoryRegistry.updateCredits,63363,1,,0x8190dc0309a7cfa9ede9fdf082fd0b1b2849522247b295c6bf97a179d2c211d6
2026-09-23T22-01-29-998Z_n-sweep_1-2-4-8-16-32-50,V0,,8,E-empate,,,vote,1,for,,0x56781388,,81899,1,,0xed34035588c2140aa61ab5a9db8454d47b514c877d75bdaec2d982914c689026
2026-09-23T22-01-29-998Z_n-sweep_1-2-4-8-16-32-50,V0,,8,E-empate,,,vote,2,for,,0x56781388,,64799,1,,0x2468061063af988c1a5d1c702e79dbbfd87771cfb2ed0d0252191fcf4c844d55
2026-09-23T22-01-29-998Z_n-sweep_1-2-4-8-16-32-50,V0,,8,E-empate,,,vote,3,for,,0x56781388,,64799,1,,0xaad8317e3304ad749d2ebae6bdd06bfd77863573b17c345973e17d39b7f58adc
2026-09-23T22-01-29-998Z_n-sweep_1-2-4-8-16-32-50,V0,,8,E-empate,,,vote,4,for,,0x56781388,,64799,1,,0x4f403f5c908c9580d6f324676da59670a39a9fbf5a7899c06bd5e709da61b9ac
2026-09-23T22-01-29-998Z_n-sweep_1-2-4-8-16-32-50,V0,,8,E-empate,,,vote,1,against,,0x56781388,,81847,1,,0x11dee405236626d60b539a9fee7098285fa84d6b7f58c714f33049ae394472f2
2026-09-23T22-01-29-998Z_n-sweep_1-2-4-8-16-32-50,V0,,8,E-empate,,,vote,2,against,,0x56781388,,64747,1,,0x512de3ca6321cfad5d80b145d1f69505317a68805c53dfb5dacffcf3d5071872
2026-09-23T22-01-29-998Z_n-sweep_1-2-4-8-16-32-50,V0,,8,E-empate,,,vote,3,against,,0x56781388,,64747,1,,0x704c4763d0dce0523201f48b8aa7a843afa0fdc9d2d8433d162bf423a73e90cf
2026-09-23T22-01-29-998Z_n-sweep_1-2-4-8-16-32-50,V0,,8,E-empate,,,vote,4,against,,0x56781388,,64747,1,,0x64b1121a71bee2117f88c53ceac14691fff4ab7bf68a95341bf9aedcd4e03068
2026-09-23T22-01-29-998Z_n-sweep_1-2-4-8-16-32-50,V0,,8,E-empate,,,execute_attempt,,,execute,0x2656227d,WasteCategoryRegistry.updateCredits,40382,0,"VM Exception while processing transaction: reverted with custom error 'GovernorUnexpectedProposalState(50875394558239343048524210210555886842353039222283538917393883117228774934766, 3, '0x0000000000000000000000000000000000000000000000000000000000000030')'",0xf6485a97ea82a5d9f1ac47a431b0a7db11221704872483aed7ce74de287408fa
2026-09-23T22-01-29-998Z_n-sweep_1-2-4-8-16-32-50,V1,T1,,,,,deploy_token_T1,,,constructor,0x61016060,,1621017,1,,0xece28f063ba256e8fc65152daf61fe745a7823e8ba387b1b661409f18f6dc4cc
2026-09-23T22-01-29-998Z_n-sweep_1-2-4-8-16-32-50,V1,,,,,,deploy_registry,,,constructor,0x60806040,,4590964,1,,0x9005486642112873086c0faf3a06ce7199e3377186a80eb6eea4235f5e1c6f56
2026-09-23T22-01-29-998Z_n-sweep_1-2-4-8-16-32-50,V1,,,,,,deploy_governor_V1,,,constructor,0x6101c080,,2141155,1,,0xcbf032b87647649d09648621f7d61fb312aee4174486ee6f404819243ac59ca9
2026-09-23T22-01-29-998Z_n-sweep_1-2-4-8-16-32-50,V1,,,,,,grant_admin_role,,,grantRole,0x2f2ff15d,,50799,1,,0xfdc9a3875129e16eb4a0e6527cfb2e5662449c13660398cf3b7c723db6d0e009
2026-09-23T22-01-29-998Z_n-sweep_1-2-4-8-16-32-50,V1,,,,,,revoke_deployer_admin_role,,,revokeRole,0xd547741f,,27116,1,,0xc189311656167d1c4c211ee1c4f5143a8df64ff72cb449ebf7ec77ff2fd0bcbb
2026-09-23T22-01-29-998Z_n-sweep_1-2-4-8-16-32-50,V1,,8,E-empate,,,delegate_admin,,,,0x5c19a95c,,95559,1,,0xd4695df7ceba86e36d8d32ccf756640823a0c1b729cf20e3a0b632c08e38ee6a
2026-09-23T22-01-29-998Z_n-sweep_1-2-4-8-16-32-50,V1,,8,E-empate,,,delegate,,,,0x5c19a95c,,48347,1,,0x81d5bf8e96fad9ce8b5230dc73abbeb313b25fcb2932728690f357e6b4e905b9
2026-09-23T22-01-29-998Z_n-sweep_1-2-4-8-16-32-50,V1,,8,E-empate,,,delegate,,,,0x5c19a95c,,48335,1,,0x92147b8c796bc2b0f21acc979799bbf4c5b5033d9d67806a8ad6842fe03d41df
2026-09-23T22-01-29-998Z_n-sweep_1-2-4-8-16-32-50,V1,,8,E-empate,,,delegate,,,,0x5c19a95c,,48347,1,,0xfff43b85310b182c6fdaa6a0b82056393aba2572b23e543b42f064dc4690e2fc
2026-09-23T22-01-29-998Z_n-sweep_1-2-4-8-16-32-50,V1,,8,E-empate,,,delegate,,,,0x5c19a95c,,48347,1,,0xd65054394087a126f7201b8caf565d34e4b8e2c37299a2eb2e8e1e169e8753b2
2026-09-23T22-01-29-998Z_n-sweep_1-2-4-8-16-32-50,V1,,8,E-empate,,,delegate,,,,0x5c19a95c,,48347,1,,0x0c6ee11e6f4f09c9119d3c03df89d743f104be74b800d0b47cbfa2e1629e917b
2026-09-23T22-01-29-998Z_n-sweep_1-2-4-8-16-32-50,V1,,8,E-empate,,,delegate,,,,0x5c19a95c,,48347,1,,0x9e4c58d93f5292a4566258e1c10f556eb9dc4074e322b7c357bf5ad65da50cae
2026-09-23T22-01-29-998Z_n-sweep_1-2-4-8-16-32-50,V1,,8,E-empate,,,delegate,,,,0x5c19a95c,,48347,1,,0x6ebf0fe5777b4feb07a84b604e7094e789e104c0aa39284dccf1b9da9c17904e
2026-09-23T22-01-29-998Z_n-sweep_1-2-4-8-16-32-50,V1,,8,E-empate,,,delegate,,,,0x5c19a95c,,48347,1,,0xfe42119cc5b68fbfd433dffe547dcf50b55480a011d31795da0f08ec660c70b3
2026-09-23T22-01-29-998Z_n-sweep_1-2-4-8-16-32-50,V1,,8,E-empate,,,transfer,,,,0xa9059cbb,,135960,1,,0x364926a72ecc473ffcbb0e9b181d54e6f72eeab140f25a9b24544a3e10cab7c7
2026-09-23T22-01-29-998Z_n-sweep_1-2-4-8-16-32-50,V1,,8,E-empate,,,transfer,,,,0xa9059cbb,,135948,1,,0x1e82330c65247db307e915b5788ed34fd87ff6c6b02936ff7c1c6af495a4a8dd
2026-09-23T22-01-29-998Z_n-sweep_1-2-4-8-16-32-50,V1,,8,E-empate,,,transfer,,,,0xa9059cbb,,135960,1,,0x17309f3a1f22d04c586dec981ececfb7fa55b4ba88d0ecb3ca73c50ef27be438
2026-09-23T22-01-29-998Z_n-sweep_1-2-4-8-16-32-50,V1,,8,E-empate,,,transfer,,,,0xa9059cbb,,135960,1,,0xba165ac6fab73acb892a36f5df754a0ee061d768af616d32a2ad01f5c309a217
2026-09-23T22-01-29-998Z_n-sweep_1-2-4-8-16-32-50,V1,,8,E-empate,,,transfer,,,,0xa9059cbb,,135960,1,,0x66f6077ee27e748575b2ec6779230f2fc46c81373f7cae4239d541f1b47af55c
2026-09-23T22-01-29-998Z_n-sweep_1-2-4-8-16-32-50,V1,,8,E-empate,,,transfer,,,,0xa9059cbb,,135960,1,,0x914bf01a25aa59a8061b0a1fe33c0d7bf8e891ee7eaabf67808aa970e7dc30bf
2026-09-23T22-01-29-998Z_n-sweep_1-2-4-8-16-32-50,V1,,8,E-empate,,,transfer,,,,0xa9059cbb,,135960,1,,0x18aa687804cbafa1a01ff19bb5d40c5f7fbde23b47296c2829519b9711b85fd1
2026-09-23T22-01-29-998Z_n-sweep_1-2-4-8-16-32-50,V1,,8,E-empate,,,transfer,,,,0xa9059cbb,,135960,1,,0x9024f98682894614861fda29d99d66b4318ea20e398a09717282b4adb025ce52
2026-09-23T22-01-29-998Z_n-sweep_1-2-4-8-16-32-50,V1,,8,E-empate,,,propose,,,propose,0x7d5e81e2,WasteCategoryRegistry.updateCredits,63363,1,,0x54b6026d25601c1c436783f6d6a26e393653ef66320a1d28e1101ed745b53329
2026-09-23T22-01-29-998Z_n-sweep_1-2-4-8-16-32-50,V1,,8,E-empate,,,vote,1,for,,0x56781388,,82468,1,,0x1b2ccc6ba212c0d169949f066d7f4d64f57cccbec032bc703abd1ae56432c95b
2026-09-23T22-01-29-998Z_n-sweep_1-2-4-8-16-32-50,V1,,8,E-empate,,,vote,2,for,,0x56781388,,65368,1,,0xe4674064529bf465afeef66478f719c7d0244e51df7f5ccd3838112c1e07f719
2026-09-23T22-01-29-998Z_n-sweep_1-2-4-8-16-32-50,V1,,8,E-empate,,,vote,3,for,,0x56781388,,65368,1,,0xf62d5b1daa60e12a194b7c8b2af6e767cb19d14ae42234fcbf22bdc012f4712a
2026-09-23T22-01-29-998Z_n-sweep_1-2-4-8-16-32-50,V1,,8,E-empate,,,vote,4,for,,0x56781388,,65368,1,,0x762fa7dd3af7bf8f7f0299f1c19a7c8b96ec1155ec5db6661b36d8b1a5ae4787
2026-09-23T22-01-29-998Z_n-sweep_1-2-4-8-16-32-50,V1,,8,E-empate,,,vote,1,against,,0x56781388,,82416,1,,0x388b37d0292c85d9b8c9b2c72fc59949f329f4fc8fa636b56549f701245f4bf5
2026-09-23T22-01-29-998Z_n-sweep_1-2-4-8-16-32-50,V1,,8,E-empate,,,vote,2,against,,0x56781388,,65316,1,,0xda8f45b1f590c4439d695a3cbc67cfe98bdd5eb2b6df905a2ab48856ae344a6c
2026-09-23T22-01-29-998Z_n-sweep_1-2-4-8-16-32-50,V1,,8,E-empate,,,vote,3,against,,0x56781388,,65316,1,,0xff7a20b83cf7a78d8df3b113df2d9ee923d7ced743404febacc7d3385eec1de5
2026-09-23T22-01-29-998Z_n-sweep_1-2-4-8-16-32-50,V1,,8,E-empate,,,vote,4,against,,0x56781388,,65316,1,,0x10dc8ca6dc237f9a4be8c9924253f22820c270294fd6714d4e348ec2b18dc591
2026-09-23T22-01-29-998Z_n-sweep_1-2-4-8-16-32-50,V1,,8,E-empate,,,execute_attempt,,,execute,0x2656227d,WasteCategoryRegistry.updateCredits,40382,0,"VM Exception while processing transaction: reverted with custom error 'GovernorUnexpectedProposalState(82897214047332128522619127982705690581175627501953627333143850761048873977716, 3, '0x0000000000000000000000000000000000000000000000000000000000000030')'",0xd113112266c6f56e55efccf0ed7b704d4af7fa42c7d6e47089e70a843c42bc82
2026-09-23T22-01-29-998Z_n-sweep_1-2-4-8-16-32-50,V2,T1,,,,,deploy_token_T1,,,constructor,0x61016060,,1621017,1,,0xece28f063ba256e8fc65152daf61fe745a7823e8ba387b1b661409f18f6dc4cc
2026-09-23T22-01-29-998Z_n-sweep_1-2-4-8-16-32-50,V2,,,,,,deploy_registry,,,constructor,0x60806040,,4590964,1,,0x9005486642112873086c0faf3a06ce7199e3377186a80eb6eea4235f5e1c6f56
2026-09-23T22-01-29-998Z_n-sweep_1-2-4-8-16-32-50,V2,,,,,,deploy_governor_V2,,,constructor,0x6101e080,,2178840,1,,0xa32c9f3d540c0ae9eee563ea02a53e3c1648afde51e09209202bc2912d9a8532
2026-09-23T22-01-29-998Z_n-sweep_1-2-4-8-16-32-50,V2,,,,,,grant_admin_role,,,grantRole,0x2f2ff15d,,50799,1,,0x0482dd737ad13e5cf9f342f77b7f4c8d4a60575e6613b501a7a433855227e65d
2026-09-23T22-01-29-998Z_n-sweep_1-2-4-8-16-32-50,V2,,,,,,revoke_deployer_admin_role,,,revokeRole,0xd547741f,,27116,1,,0xbf6c6756b6e885a31717a4b56f3c4fc35da4780ca84e075711ea97189f58ea3d
2026-09-23T22-01-29-998Z_n-sweep_1-2-4-8-16-32-50,V2,,8,E-empate,,,delegate_admin,,,,0x5c19a95c,,95559,1,,0xe4ed125ff7fcf34a784094393e69d7b32184f90f45a88cf0e398ac5fe2329d50
2026-09-23T22-01-29-998Z_n-sweep_1-2-4-8-16-32-50,V2,,8,E-empate,,,delegate,,,,0x5c19a95c,,48347,1,,0x8e5cf2e817455991c3f88244f29b95e3c5703efb253d16587c3e019ace8ed4aa
2026-09-23T22-01-29-998Z_n-sweep_1-2-4-8-16-32-50,V2,,8,E-empate,,,delegate,,,,0x5c19a95c,,48335,1,,0x3a4d0b938991cc6665fddf48aab742d27a2480134e4cb1cf5b844b9724575405
2026-09-23T22-01-29-998Z_n-sweep_1-2-4-8-16-32-50,V2,,8,E-empate,,,delegate,,,,0x5c19a95c,,48347,1,,0x8df16e2387da0d9fa03469e487a72815c7ad0f22d2e3631bfcd3e8532e84566f
2026-09-23T22-01-29-998Z_n-sweep_1-2-4-8-16-32-50,V2,,8,E-empate,,,delegate,,,,0x5c19a95c,,48347,1,,0x95612e3ccf4e98f664cb62c90a18fd3142e8f5668db18fb82a400652a6b96b06
2026-09-23T22-01-29-998Z_n-sweep_1-2-4-8-16-32-50,V2,,8,E-empate,,,delegate,,,,0x5c19a95c,,48347,1,,0x8cfbd9c8afd095297879c4ea5a6d41c276c3b770abd2f751b06ec63384df15d6
2026-09-23T22-01-29-998Z_n-sweep_1-2-4-8-16-32-50,V2,,8,E-empate,,,delegate,,,,0x5c19a95c,,48347,1,,0x96ff47bd12ed3260165a9b3c82bacf4a9f1cfd47a5f8548491ee35c1066f2e38
2026-09-23T22-01-29-998Z_n-sweep_1-2-4-8-16-32-50,V2,,8,E-empate,,,delegate,,,,0x5c19a95c,,48347,1,,0x3c7464a5135ef0630048da3b891f6f95d941c4b44dfb27d1230d6c7015af52d6
2026-09-23T22-01-29-998Z_n-sweep_1-2-4-8-16-32-50,V2,,8,E-empate,,,delegate,,,,0x5c19a95c,,48347,1,,0xcef7f0dbdf22e7ddd7612e11e8e4d04d07ff7ed50742fa593a04379c3fb4c79a
2026-09-23T22-01-29-998Z_n-sweep_1-2-4-8-16-32-50,V2,,8,E-empate,,,transfer,,,,0xa9059cbb,,135960,1,,0x7c052333044c2288623248aa49302d5e2b271fd34865af063eff829354a8b683
2026-09-23T22-01-29-998Z_n-sweep_1-2-4-8-16-32-50,V2,,8,E-empate,,,transfer,,,,0xa9059cbb,,135948,1,,0xa70b19aecefd6fc37e47200f0ee7be8b67ae1fd23270d845de15d0e55868e8c7
2026-09-23T22-01-29-998Z_n-sweep_1-2-4-8-16-32-50,V2,,8,E-empate,,,transfer,,,,0xa9059cbb,,135960,1,,0xc6c252567ba64c72646e826d5ce83077e7e29b0d7e739c32a06142eedc3ac88b
2026-09-23T22-01-29-998Z_n-sweep_1-2-4-8-16-32-50,V2,,8,E-empate,,,transfer,,,,0xa9059cbb,,135960,1,,0xd536c2011d0413da3ef64131702fb3a285c5ada7f6b4492504b2ab9a5fbdbe23
2026-09-23T22-01-29-998Z_n-sweep_1-2-4-8-16-32-50,V2,,8,E-empate,,,transfer,,,,0xa9059cbb,,135960,1,,0xd87e504bc80e209db7bc55b7b3d109104d1759045b16de491835faf2a58af9f5
2026-09-23T22-01-29-998Z_n-sweep_1-2-4-8-16-32-50,V2,,8,E-empate,,,transfer,,,,0xa9059cbb,,135960,1,,0xb4000e4cc890a963ba948c2333d7cfe1cee46cd6bc6cc618b5666e6d69ecc15e
2026-09-23T22-01-29-998Z_n-sweep_1-2-4-8-16-32-50,V2,,8,E-empate,,,transfer,,,,0xa9059cbb,,135960,1,,0x39a69759f41857048a62b13eca96e9b06ce234415de624be503ffdb08ed092e8
2026-09-23T22-01-29-998Z_n-sweep_1-2-4-8-16-32-50,V2,,8,E-empate,,,transfer,,,,0xa9059cbb,,135960,1,,0x90c0510f905229c10a6503306d6e1badbfb1c5de847b607d4930d8e3522b96eb
2026-09-23T22-01-29-998Z_n-sweep_1-2-4-8-16-32-50,V2,,8,E-empate,,,propose,,,propose,0x7d5e81e2,WasteCategoryRegistry.updateCredits,63363,1,,0x476d18fd6e8821309c4f196e144865cba68e4db3dbbedcce7854b77f72dea175
2026-09-23T22-01-29-998Z_n-sweep_1-2-4-8-16-32-50,V2,,8,E-empate,,,vote,1,for,,0x56781388,,82468,1,,0xe8f8b3f539865ff935582ee4c4d460ee2d16a251a1181ccf632d007b739e8d8f
2026-09-23T22-01-29-998Z_n-sweep_1-2-4-8-16-32-50,V2,,8,E-empate,,,vote,2,for,,0x56781388,,65368,1,,0xe0c7ea0599e36c8fe7fcd91602cdd236bd4da50cf90bc6578ae9e580820d47ec
2026-09-23T22-01-29-998Z_n-sweep_1-2-4-8-16-32-50,V2,,8,E-empate,,,vote,3,for,,0x56781388,,65368,1,,0x65ffcb36ddd2afe4a604c3aa98069e730b361ef292faee5789cf2ab35b0010ac
2026-09-23T22-01-29-998Z_n-sweep_1-2-4-8-16-32-50,V2,,8,E-empate,,,vote,4,for,,0x56781388,,65368,1,,0x6a20371167a8355a3fe1318149b119944c216f1d0556e4402f1331dec0029b99
2026-09-23T22-01-29-998Z_n-sweep_1-2-4-8-16-32-50,V2,,8,E-empate,,,vote,1,against,,0x56781388,,82416,1,,0x6bd729851ba8cc24cd998621962a676c4a792c81f7fba71a7fdbc9cdb43f7d13
2026-09-23T22-01-29-998Z_n-sweep_1-2-4-8-16-32-50,V2,,8,E-empate,,,vote,2,against,,0x56781388,,65316,1,,0x6232b606a796b1d2ba7f90896985765f78b33dd0ef873801f1f53942bb24abcb
2026-09-23T22-01-29-998Z_n-sweep_1-2-4-8-16-32-50,V2,,8,E-empate,,,vote,3,against,,0x56781388,,65316,1,,0xb0c08d2f9aa9193dabe949c69da7cc2264e3e65056fffd9b4b5ef7ce062a5a9f
2026-09-23T22-01-29-998Z_n-sweep_1-2-4-8-16-32-50,V2,,8,E-empate,,,vote,4,against,,0x56781388,,65316,1,,0xcb820af25570ca431b53f1bc490ce2663871217670888070bf88bc0230cf2b49
2026-09-23T22-01-29-998Z_n-sweep_1-2-4-8-16-32-50,V2,,8,E-empate,,,execute_attempt,,,execute,0x2656227d,WasteCategoryRegistry.updateCredits,40422,0,"VM Exception while processing transaction: reverted with custom error 'GovernorUnexpectedProposalState(65607795037298512410566049022470033785066909468664603598682167815411855233859, 3, '0x0000000000000000000000000000000000000000000000000000000000000030')'",0x73de961dc80c7769248f3a3b59a0ef53dadd4342be9494e9fa55d0bb6b5c65fe
2026-09-23T22-01-29-998Z_n-sweep_1-2-4-8-16-32-50,Ref,T1,,,,,deploy_token_T1,,,constructor,0x61016060,,1621017,1,,0x8a423d158719dafa7ff4b82bcd6f6a5661f61c993e6aaede0acbe21a849af082
2026-09-23T22-01-29-998Z_n-sweep_1-2-4-8-16-32-50,Ref,,,,,,deploy_registry,,,constructor,0x60806040,,4590964,1,,0x9005486642112873086c0faf3a06ce7199e3377186a80eb6eea4235f5e1c6f56
2026-09-23T22-01-29-998Z_n-sweep_1-2-4-8-16-32-50,Ref,,,,,,deploy_rewards_registry_for_ctor,,,constructor,0x60806040,,4590964,1,,0x484f4210d177094deb4832deb5e459c708c732becb1881e1d1417503c177d84a
2026-09-23T22-01-29-998Z_n-sweep_1-2-4-8-16-32-50,Ref,,,,,,deploy_credit,,,constructor,0x60806040,,931954,1,,0xda6265176213799bfac2d03545eb38f6f6d6d978852db5e040dec6bdc95b6a46
2026-09-23T22-01-29-998Z_n-sweep_1-2-4-8-16-32-50,Ref,,,,,,deploy_passport,,,constructor,0x60806040,,2776581,1,,0xe5a36162780b85ac2b217350036da2286056186a02d74234dd0980865a07c217
2026-09-23T22-01-29-998Z_n-sweep_1-2-4-8-16-32-50,Ref,,,,,,deploy_rewards,,,constructor,0x60803461,,1246140,1,,0x748f3eef423a29001e508633e407c909b25f0e6a89b560856468f0ac6655c439
2026-09-23T22-01-29-998Z_n-sweep_1-2-4-8-16-32-50,Ref,,,,,,deploy_stakeholders,,,constructor,0x60803461,,1679823,1,,0xd4be2e468d589ae7e76ff2c292757707613e73c2a9e8f4c774280b5fd0991072
2026-09-23T22-01-29-998Z_n-sweep_1-2-4-8-16-32-50,Ref,,,,,,deploy_governor_Ref,,,constructor,0x61018060,,4434623,1,,0xd1b6a3d1f944bdfe5c399ebf7a1e6ed8a76e5b5acd93cdfc3d211571cbc50a6e
2026-09-23T22-01-29-998Z_n-sweep_1-2-4-8-16-32-50,Ref,,,,,,grant_admin_role,,,grantRole,0x2f2ff15d,,50799,1,,0x9477ec21ceecb8e71e570a8e5c711d060981c6dc53217d4071b2c7d012604374
2026-09-23T22-01-29-998Z_n-sweep_1-2-4-8-16-32-50,Ref,,,,,,revoke_deployer_admin_role,,,revokeRole,0xd547741f,,27116,1,,0x4571f6b2b82c72e95dbfd028346a3c95cee362f1cdc4e946338a9d1e56d58c09
2026-09-23T22-01-29-998Z_n-sweep_1-2-4-8-16-32-50,Ref,,8,E-empate,,,delegate_admin,,,,0x5c19a95c,,95559,1,,0xfca7f8e34a7a367a38495092e6c6ae53f6f6bbc6c6cdd047fed83c770b76a8c9
2026-09-23T22-01-29-998Z_n-sweep_1-2-4-8-16-32-50,Ref,,8,E-empate,,,delegate,,,,0x5c19a95c,,48347,1,,0x2f1db724527155bbb87015320f4de9a632dd20bb0d57eddcbd649b18207511a9
2026-09-23T22-01-29-998Z_n-sweep_1-2-4-8-16-32-50,Ref,,8,E-empate,,,delegate,,,,0x5c19a95c,,48335,1,,0x8b0e52e67c302dbb4252eb6f968ee138c191eb8205be72d37b64b0c5ee99cc0e
2026-09-23T22-01-29-998Z_n-sweep_1-2-4-8-16-32-50,Ref,,8,E-empate,,,delegate,,,,0x5c19a95c,,48347,1,,0x1a5bd05dacedf9e3acc8ca8d92b6aea9cf2aa84f70c77d04dab2d0257070356f
2026-09-23T22-01-29-998Z_n-sweep_1-2-4-8-16-32-50,Ref,,8,E-empate,,,delegate,,,,0x5c19a95c,,48347,1,,0x05f7d9fd7d2dcae80248756e17e23af4963c07b10ebe32e7c079f468806ce249
2026-09-23T22-01-29-998Z_n-sweep_1-2-4-8-16-32-50,Ref,,8,E-empate,,,delegate,,,,0x5c19a95c,,48347,1,,0xc692236193a870ec74b2ae8543ffbfe39b6bd5462442ea5a4e078b2d3116adeb
2026-09-23T22-01-29-998Z_n-sweep_1-2-4-8-16-32-50,Ref,,8,E-empate,,,delegate,,,,0x5c19a95c,,48347,1,,0x69a8f9be879966443d3229422f1c20ad3c5a2104215131e80047b7236df1a439
2026-09-23T22-01-29-998Z_n-sweep_1-2-4-8-16-32-50,Ref,,8,E-empate,,,delegate,,,,0x5c19a95c,,48347,1,,0x14477638203890fae6e03b6d8872fdc619692fcbe0c9a0a0fd173ec8ce55cf6a
2026-09-23T22-01-29-998Z_n-sweep_1-2-4-8-16-32-50,Ref,,8,E-empate,,,delegate,,,,0x5c19a95c,,48347,1,,0x9f65b07d974009afeb2495f5f83544615b836d4a15a53225fe23457a4ef7529a
2026-09-23T22-01-29-998Z_n-sweep_1-2-4-8-16-32-50,Ref,,8,E-empate,,,transfer,,,,0xa9059cbb,,135960,1,,0x12b3632a1c52f60659d3425eb84c14a360f46d22294646303c80dcd17527a70f
2026-09-23T22-01-29-998Z_n-sweep_1-2-4-8-16-32-50,Ref,,8,E-empate,,,transfer,,,,0xa9059cbb,,135948,1,,0xa87d7f8246e76c0946b3305c7ea05587f75bf947d30a70200a3d94a9979a67f9
2026-09-23T22-01-29-998Z_n-sweep_1-2-4-8-16-32-50,Ref,,8,E-empate,,,transfer,,,,0xa9059cbb,,135960,1,,0x6b91ff6906a7caffe23d306052b97e16a1f90c7da929362ec72da357dbf7ba87
2026-09-23T22-01-29-998Z_n-sweep_1-2-4-8-16-32-50,Ref,,8,E-empate,,,transfer,,,,0xa9059cbb,,135960,1,,0x550f990a9496317dfcab1757938268690cc2c4c5f84c63fb48ff401640775ae9
2026-09-23T22-01-29-998Z_n-sweep_1-2-4-8-16-32-50,Ref,,8,E-empate,,,transfer,,,,0xa9059cbb,,135960,1,,0x29e320945b4bb30987a45db328a639dbdf74cb2fe2acd0799f33779f4b3dfc64
2026-09-23T22-01-29-998Z_n-sweep_1-2-4-8-16-32-50,Ref,,8,E-empate,,,transfer,,,,0xa9059cbb,,135960,1,,0xaa06e204a774dfcf13570bea2f8d88b2f9412f6ae05012efaa4bc390eaf174be
2026-09-23T22-01-29-998Z_n-sweep_1-2-4-8-16-32-50,Ref,,8,E-empate,,,transfer,,,,0xa9059cbb,,135960,1,,0x15ade4e82d47a042ce2d5c68363b890b77a019b2caaa7759c89f052bd6c791e6
2026-09-23T22-01-29-998Z_n-sweep_1-2-4-8-16-32-50,Ref,,8,E-empate,,,transfer,,,,0xa9059cbb,,135960,1,,0x9be7d09348efd06342937a9cd970ecb43a5d3e048e12ac4eff9b9548c71de591
2026-09-23T22-01-29-998Z_n-sweep_1-2-4-8-16-32-50,Ref,,8,E-empate,,,propose,,,propose,0x7d5e81e2,WasteCategoryRegistry.updateCredits,79680,1,,0x87f7a52dee8648cecf9a31acb21989f0af890a750578924d0b1a755fc1b8986b
2026-09-23T22-01-29-998Z_n-sweep_1-2-4-8-16-32-50,Ref,,8,E-empate,,,vote,1,for,,0x56781388,,83098,1,,0x445d8b4cfed4cc72e494762d131ad4106c7aa27c956f7b89050f0bfdb6dc6f7b
2026-09-23T22-01-29-998Z_n-sweep_1-2-4-8-16-32-50,Ref,,8,E-empate,,,vote,2,for,,0x56781388,,65998,1,,0xd96b8a38e578fb3c7716a19a783266965d18ef93319515e50f3bfb9bdeba0558
2026-09-23T22-01-29-998Z_n-sweep_1-2-4-8-16-32-50,Ref,,8,E-empate,,,vote,3,for,,0x56781388,,65998,1,,0x8717ecaefe6deec7a69384ec24ae27337f9e81b0f6468421240fa97b16a3df75
2026-09-23T22-01-29-998Z_n-sweep_1-2-4-8-16-32-50,Ref,,8,E-empate,,,vote,4,for,,0x56781388,,65998,1,,0xc4463f480c58a59eb7af6522fb2d5bd9a9a24687b8626fe4c17dd10099e0c0be
2026-09-23T22-01-29-998Z_n-sweep_1-2-4-8-16-32-50,Ref,,8,E-empate,,,vote,1,against,,0x56781388,,83057,1,,0x866e27068b6096c7979d2e33cd21cc91a539e7e0fe8dbbd06ea603328eccba40
2026-09-23T22-01-29-998Z_n-sweep_1-2-4-8-16-32-50,Ref,,8,E-empate,,,vote,2,against,,0x56781388,,65957,1,,0x589be0519c56212cd8bad8a3bc90fe16c9f4534955881c4295d92c5d3208fe4f
2026-09-23T22-01-29-998Z_n-sweep_1-2-4-8-16-32-50,Ref,,8,E-empate,,,vote,3,against,,0x56781388,,65957,1,,0xf1e97a187faebd8a29ae6fbf2a41807883e3f3b30ef613a37e598e4952d0be72
2026-09-23T22-01-29-998Z_n-sweep_1-2-4-8-16-32-50,Ref,,8,E-empate,,,vote,4,against,,0x56781388,,65957,1,,0xb1ee71bdf0169738f6646bdde38bda466ff875e2cdbf8d191c853cc1c68b0d62
2026-09-23T22-01-29-998Z_n-sweep_1-2-4-8-16-32-50,Ref,,8,E-empate,,,execute_attempt,,,execute,0x2656227d,WasteCategoryRegistry.updateCredits,51440,0,"VM Exception while processing transaction: reverted with custom error 'GovernorUnexpectedProposalState(48979806425037939712676504355240463403724659878623766155195817378679919607542, 3, '0x0000000000000000000000000000000000000000000000000000000000000030')'",0x99f0a06ef12b767585e86ea9063a12c0ee69d71b6fc01756d976c88e14861a02
2026-09-23T22-01-29-998Z_n-sweep_1-2-4-8-16-32-50,V0,T1,,,,,deploy_token_T1,,,constructor,0x61016060,,1621017,1,,0xece28f063ba256e8fc65152daf61fe745a7823e8ba387b1b661409f18f6dc4cc
2026-09-23T22-01-29-998Z_n-sweep_1-2-4-8-16-32-50,V0,,,,,,deploy_registry,,,constructor,0x60806040,,4590964,1,,0x9005486642112873086c0faf3a06ce7199e3377186a80eb6eea4235f5e1c6f56
2026-09-23T22-01-29-998Z_n-sweep_1-2-4-8-16-32-50,V0,,,,,,deploy_governor_V0,,,constructor,0x6101c080,,2133394,1,,0x8b33a795df9df0e5a3cb812430955580d1fb4f654a6028dd161238e13d560524
2026-09-23T22-01-29-998Z_n-sweep_1-2-4-8-16-32-50,V0,,,,,,grant_admin_role,,,grantRole,0x2f2ff15d,,50799,1,,0xb518a3911be32f0a59dcaec3e43c7ec54010f07f3e473d550516b1aab1a18d6b
2026-09-23T22-01-29-998Z_n-sweep_1-2-4-8-16-32-50,V0,,,,,,revoke_deployer_admin_role,,,revokeRole,0xd547741f,,27116,1,,0x8cb08b8b6ca45600b76a431b4cd18aee2095374e00c890903bfaa28d83b5f82b
2026-09-23T22-01-29-998Z_n-sweep_1-2-4-8-16-32-50,V0,,16,A-unanime,,,delegate_admin,,,,0x5c19a95c,,95559,1,,0xfa43c1f7a1a1658c8aeac58119b26e806face10fc63ae3e18099942309f4d395
2026-09-23T22-01-29-998Z_n-sweep_1-2-4-8-16-32-50,V0,,16,A-unanime,,,delegate,,,,0x5c19a95c,,48347,1,,0xf96ae171d39b1290c248e3ee88c92c43e24751ff4aacf46bad404cad29a33e37
2026-09-23T22-01-29-998Z_n-sweep_1-2-4-8-16-32-50,V0,,16,A-unanime,,,delegate,,,,0x5c19a95c,,48335,1,,0x65ff74d2610d5c80f16dc62aa4e01b339a9ecd8c95911ae092d678a9792cdcb8
2026-09-23T22-01-29-998Z_n-sweep_1-2-4-8-16-32-50,V0,,16,A-unanime,,,delegate,,,,0x5c19a95c,,48347,1,,0xb06e4e18b389cc3c69848b844c44927f26087a909c0e4532a1ba892e8d7bac4c
2026-09-23T22-01-29-998Z_n-sweep_1-2-4-8-16-32-50,V0,,16,A-unanime,,,delegate,,,,0x5c19a95c,,48347,1,,0xfdc5c4ae6e458adbd0780d18d4ef20dca6b7a02f3efff2f7c0eec7590e340a41
2026-09-23T22-01-29-998Z_n-sweep_1-2-4-8-16-32-50,V0,,16,A-unanime,,,delegate,,,,0x5c19a95c,,48347,1,,0x5c4d4bc02e09949d860a2c409a26209335f7c4e4eca7ac13d0e60a5cf0d0f233
2026-09-23T22-01-29-998Z_n-sweep_1-2-4-8-16-32-50,V0,,16,A-unanime,,,delegate,,,,0x5c19a95c,,48347,1,,0x8eb2597a239d7d5a9d780141fa850308f21a221b62b2f0b2cd01922a25b294b2
2026-09-23T22-01-29-998Z_n-sweep_1-2-4-8-16-32-50,V0,,16,A-unanime,,,delegate,,,,0x5c19a95c,,48347,1,,0x61b0a2cbceae6ab3b47dbad41fbaa57485b4b4545814b177fb76f5e80989f4b6
2026-09-23T22-01-29-998Z_n-sweep_1-2-4-8-16-32-50,V0,,16,A-unanime,,,delegate,,,,0x5c19a95c,,48347,1,,0x8e8293e79ce57e8b2bd6c914c167b0ec5858ded7d332cc962607075acbcc0b43
2026-09-23T22-01-29-998Z_n-sweep_1-2-4-8-16-32-50,V0,,16,A-unanime,,,delegate,,,,0x5c19a95c,,48347,1,,0x700d26ece381a9328c0c0607c8015a890a8cc373fc0ec5e3e5957a9b1720c821
2026-09-23T22-01-29-998Z_n-sweep_1-2-4-8-16-32-50,V0,,16,A-unanime,,,delegate,,,,0x5c19a95c,,48335,1,,0x827f347ed9162ee5aa31942cb2cd15f5b7940183deaee5d4a11b6efe87452173
2026-09-23T22-01-29-998Z_n-sweep_1-2-4-8-16-32-50,V0,,16,A-unanime,,,delegate,,,,0x5c19a95c,,48347,1,,0x05e0616bb804c3cd4df19f7b0cf511dbcb6e9524c52bcfbf8b39223490cc0846
2026-09-23T22-01-29-998Z_n-sweep_1-2-4-8-16-32-50,V0,,16,A-unanime,,,delegate,,,,0x5c19a95c,,48347,1,,0x7409a97667b08d9b70b0d678843340d442fad8337ae46944499977e000325f92
2026-09-23T22-01-29-998Z_n-sweep_1-2-4-8-16-32-50,V0,,16,A-unanime,,,delegate,,,,0x5c19a95c,,48347,1,,0x06bc39c687cf89ca2626bc142b16cf4a83fd68b90155fd6344acd5c17148d8a6
2026-09-23T22-01-29-998Z_n-sweep_1-2-4-8-16-32-50,V0,,16,A-unanime,,,delegate,,,,0x5c19a95c,,48347,1,,0xe5d3691fe9ffad366e158fc098b74dd6635f083c235a6588c23e1d5313889cc9
2026-09-23T22-01-29-998Z_n-sweep_1-2-4-8-16-32-50,V0,,16,A-unanime,,,delegate,,,,0x5c19a95c,,48347,1,,0x75300fe9f7d70fbe306b3cefadf0423a64334a4470eee34e958b76b4418900c0
2026-09-23T22-01-29-998Z_n-sweep_1-2-4-8-16-32-50,V0,,16,A-unanime,,,delegate,,,,0x5c19a95c,,48347,1,,0xef2cf8fae96fa4c95b9eb5fc78e668af4f5126a23f921c90e15afdcffccd9bf9
2026-09-23T22-01-29-998Z_n-sweep_1-2-4-8-16-32-50,V0,,16,A-unanime,,,transfer,,,,0xa9059cbb,,135960,1,,0x9d2051ce1ac7772280ee95bb88f17e9d6d2578fc8bb5cf446ecc31be953ece96
2026-09-23T22-01-29-998Z_n-sweep_1-2-4-8-16-32-50,V0,,16,A-unanime,,,transfer,,,,0xa9059cbb,,135948,1,,0x3a4a298943ef01cc714afe43386e5742cf073e1f035be6fc7cbb5dfeed0493f0
2026-09-23T22-01-29-998Z_n-sweep_1-2-4-8-16-32-50,V0,,16,A-unanime,,,transfer,,,,0xa9059cbb,,135960,1,,0xd44510bb270dde35eff14b4a5a859736433c0ee8550691fdd95ee07cd99c95c6
2026-09-23T22-01-29-998Z_n-sweep_1-2-4-8-16-32-50,V0,,16,A-unanime,,,transfer,,,,0xa9059cbb,,135960,1,,0x63d205467f9416ccd0167cac0adeba7bd37f330003391c910238fd6d39d44d93
2026-09-23T22-01-29-998Z_n-sweep_1-2-4-8-16-32-50,V0,,16,A-unanime,,,transfer,,,,0xa9059cbb,,135960,1,,0xb3c9dc135bc39577971e96905eec64c6559bad01b2a06ea5376e696e1224dcde
2026-09-23T22-01-29-998Z_n-sweep_1-2-4-8-16-32-50,V0,,16,A-unanime,,,transfer,,,,0xa9059cbb,,135960,1,,0xb1ad3c2f5839ceda9ea23f9e801964e613c95948448563bf3c2b4cda05309531
2026-09-23T22-01-29-998Z_n-sweep_1-2-4-8-16-32-50,V0,,16,A-unanime,,,transfer,,,,0xa9059cbb,,135960,1,,0x0e8c2da5137db8ba2577088f9b4385a8b03e6bb749d506e3131715b6ab0e5c85
2026-09-23T22-01-29-998Z_n-sweep_1-2-4-8-16-32-50,V0,,16,A-unanime,,,transfer,,,,0xa9059cbb,,135960,1,,0xcc0dce854b4d22a13a4ee19c4382a43b7378b6dbf7459e801d2c21eaf406c0b3
2026-09-23T22-01-29-998Z_n-sweep_1-2-4-8-16-32-50,V0,,16,A-unanime,,,transfer,,,,0xa9059cbb,,135960,1,,0x34389a152f83ec0b3169ab7573cf459e4ff8bcef869ec65da6da6b0d63fcf965
2026-09-23T22-01-29-998Z_n-sweep_1-2-4-8-16-32-50,V0,,16,A-unanime,,,transfer,,,,0xa9059cbb,,135948,1,,0x299f4a4d3aaa7cddd715472eecd4b373cf92705af8c26fb1ecee302a0fb4879f
2026-09-23T22-01-29-998Z_n-sweep_1-2-4-8-16-32-50,V0,,16,A-unanime,,,transfer,,,,0xa9059cbb,,135960,1,,0xb238377ddc32c50ae1eecf6d5ef004977a9773a3ed7d4a7733ee2c54f9c86f9a
2026-09-23T22-01-29-998Z_n-sweep_1-2-4-8-16-32-50,V0,,16,A-unanime,,,transfer,,,,0xa9059cbb,,135960,1,,0xe6cba7e768e8f544e5f277d2fcf207d101cc00453070eca3afe77aeaab1e66a2
2026-09-23T22-01-29-998Z_n-sweep_1-2-4-8-16-32-50,V0,,16,A-unanime,,,transfer,,,,0xa9059cbb,,135960,1,,0x9c81e5a07e6bfd0ca52efa66d70f843f87beead64a024ffaec14204514567a4a
2026-09-23T22-01-29-998Z_n-sweep_1-2-4-8-16-32-50,V0,,16,A-unanime,,,transfer,,,,0xa9059cbb,,135960,1,,0x92ea0b3b1a4fc09939bde5de610cab2c9ee4919860af647811507c3f42e77406
2026-09-23T22-01-29-998Z_n-sweep_1-2-4-8-16-32-50,V0,,16,A-unanime,,,transfer,,,,0xa9059cbb,,135960,1,,0xca1c8911abf0980ae6c3603deb4c531c0c4af41602a546328a15a0fceb3594e8
2026-09-23T22-01-29-998Z_n-sweep_1-2-4-8-16-32-50,V0,,16,A-unanime,,,transfer,,,,0xa9059cbb,,135960,1,,0x51f7bdc75c4813064555dffa674146a5a204bbfdc6f6bc63abfa47c352cc9ab2
2026-09-23T22-01-29-998Z_n-sweep_1-2-4-8-16-32-50,V0,,16,A-unanime,,,propose,,,propose,0x7d5e81e2,WasteCategoryRegistry.updateCredits,63790,1,,0x2aa8e41658dc7245395a9fae8464127d32a1cfff8eacfd9fe00cea22cd091b18
2026-09-23T22-01-29-998Z_n-sweep_1-2-4-8-16-32-50,V0,,16,A-unanime,,,vote,1,for,,0x56781388,,81899,1,,0x046e6d4e2279cd41889b8aaeb499631afe4300e39177bffbbed27a9faf3af617
2026-09-23T22-01-29-998Z_n-sweep_1-2-4-8-16-32-50,V0,,16,A-unanime,,,vote,2,for,,0x56781388,,64799,1,,0xe5599ef445585d3fdf6f37e86e2571d1585ebb8f659709a216ff37c94f632e82
2026-09-23T22-01-29-998Z_n-sweep_1-2-4-8-16-32-50,V0,,16,A-unanime,,,vote,3,for,,0x56781388,,64799,1,,0x75c04528767d60457e709f8e9ad6f726198a843ece5688c4048ebdbac4b2c36b
2026-09-23T22-01-29-998Z_n-sweep_1-2-4-8-16-32-50,V0,,16,A-unanime,,,vote,4,for,,0x56781388,,64799,1,,0x12ee75b157d3d473344c9ce0dc26ae8a8b99571cac52379a28d154bc72888957
2026-09-23T22-01-29-998Z_n-sweep_1-2-4-8-16-32-50,V0,,16,A-unanime,,,vote,5,for,,0x56781388,,64799,1,,0xe6c90311e9e5aabfd2c13b8707e84f8d9a59eb3c2b5c394bfd8f145d9637a8eb
2026-09-23T22-01-29-998Z_n-sweep_1-2-4-8-16-32-50,V0,,16,A-unanime,,,vote,6,for,,0x56781388,,64799,1,,0xd47769b125984ea45ccfe1466afe3dcceacbe66f280e503e1f4ef2f843ce6ef5
2026-09-23T22-01-29-998Z_n-sweep_1-2-4-8-16-32-50,V0,,16,A-unanime,,,vote,7,for,,0x56781388,,64799,1,,0x67203b569fcfe96df6c3811729cbd6c446fcc2908fe4963c4fd0dedf6d04da9d
2026-09-23T22-01-29-998Z_n-sweep_1-2-4-8-16-32-50,V0,,16,A-unanime,,,vote,8,for,,0x56781388,,64799,1,,0x5fe9e585848abbd9860e8f86b64bbb25c16e44e24b28c4ef4028015c9ec0e98c
2026-09-23T22-01-29-998Z_n-sweep_1-2-4-8-16-32-50,V0,,16,A-unanime,,,vote,9,for,,0x56781388,,64799,1,,0x1e7d1ed9ecadf167a5c6a2329750239c60d1f0a43d4d8695b11536308be3ddf1
2026-09-23T22-01-29-998Z_n-sweep_1-2-4-8-16-32-50,V0,,16,A-unanime,,,vote,10,for,,0x56781388,,64799,1,,0x18e2ca22e81a7ec51d656e0bda8c37a8b762fd4e695a71da908f5bfda5aa1063
2026-09-23T22-01-29-998Z_n-sweep_1-2-4-8-16-32-50,V0,,16,A-unanime,,,vote,11,for,,0x56781388,,64799,1,,0xb6c098dfed20113539027f305df3c1196c1abb6cadae7f2e14b19e69475c2b29
2026-09-23T22-01-29-998Z_n-sweep_1-2-4-8-16-32-50,V0,,16,A-unanime,,,vote,12,for,,0x56781388,,64799,1,,0x6869ca1db1ef2d03a63d1b7a68516243fb2ad9751e7a0b072d9961d35c323ba5
2026-09-23T22-01-29-998Z_n-sweep_1-2-4-8-16-32-50,V0,,16,A-unanime,,,vote,13,for,,0x56781388,,64799,1,,0x46c041410d67741136ede736874fe96b722e5a684376e1a24d86a2d5a26d9152
2026-09-23T22-01-29-998Z_n-sweep_1-2-4-8-16-32-50,V0,,16,A-unanime,,,vote,14,for,,0x56781388,,64799,1,,0x4bdbe1acf8e6619c237a3928f9a9d18b75a42161a20d22f321aabbe74b8fa8aa
2026-09-23T22-01-29-998Z_n-sweep_1-2-4-8-16-32-50,V0,,16,A-unanime,,,vote,15,for,,0x56781388,,64799,1,,0xa5845bfdad1fda4dfc4582ab2803da53ebeb4fdc4309441f15c4cbf147a26e97
2026-09-23T22-01-29-998Z_n-sweep_1-2-4-8-16-32-50,V0,,16,A-unanime,,,vote,16,for,,0x56781388,,64799,1,,0x8b12622a148f07ae57bc0dd736e5b2950ec7ea3b9a79bcad2681e99cbeb4bf52
2026-09-23T22-01-29-998Z_n-sweep_1-2-4-8-16-32-50,V0,,16,A-unanime,,,execute,,,execute,0x2656227d,WasteCategoryRegistry.updateCredits,60807,1,,0xa42fd73559d3d08920d7298307a94e4824adc33c7cae7b28f2657991e60c54d1
2026-09-23T22-01-29-998Z_n-sweep_1-2-4-8-16-32-50,V1,T1,,,,,deploy_token_T1,,,constructor,0x61016060,,1621017,1,,0xece28f063ba256e8fc65152daf61fe745a7823e8ba387b1b661409f18f6dc4cc
2026-09-23T22-01-29-998Z_n-sweep_1-2-4-8-16-32-50,V1,,,,,,deploy_registry,,,constructor,0x60806040,,4590964,1,,0x9005486642112873086c0faf3a06ce7199e3377186a80eb6eea4235f5e1c6f56
2026-09-23T22-01-29-998Z_n-sweep_1-2-4-8-16-32-50,V1,,,,,,deploy_governor_V1,,,constructor,0x6101c080,,2141155,1,,0xcbf032b87647649d09648621f7d61fb312aee4174486ee6f404819243ac59ca9
2026-09-23T22-01-29-998Z_n-sweep_1-2-4-8-16-32-50,V1,,,,,,grant_admin_role,,,grantRole,0x2f2ff15d,,50799,1,,0xfdc9a3875129e16eb4a0e6527cfb2e5662449c13660398cf3b7c723db6d0e009
2026-09-23T22-01-29-998Z_n-sweep_1-2-4-8-16-32-50,V1,,,,,,revoke_deployer_admin_role,,,revokeRole,0xd547741f,,27116,1,,0xc189311656167d1c4c211ee1c4f5143a8df64ff72cb449ebf7ec77ff2fd0bcbb
2026-09-23T22-01-29-998Z_n-sweep_1-2-4-8-16-32-50,V1,,16,A-unanime,,,delegate_admin,,,,0x5c19a95c,,95559,1,,0xd4695df7ceba86e36d8d32ccf756640823a0c1b729cf20e3a0b632c08e38ee6a
2026-09-23T22-01-29-998Z_n-sweep_1-2-4-8-16-32-50,V1,,16,A-unanime,,,delegate,,,,0x5c19a95c,,48347,1,,0x81d5bf8e96fad9ce8b5230dc73abbeb313b25fcb2932728690f357e6b4e905b9
2026-09-23T22-01-29-998Z_n-sweep_1-2-4-8-16-32-50,V1,,16,A-unanime,,,delegate,,,,0x5c19a95c,,48335,1,,0x92147b8c796bc2b0f21acc979799bbf4c5b5033d9d67806a8ad6842fe03d41df
2026-09-23T22-01-29-998Z_n-sweep_1-2-4-8-16-32-50,V1,,16,A-unanime,,,delegate,,,,0x5c19a95c,,48347,1,,0xfff43b85310b182c6fdaa6a0b82056393aba2572b23e543b42f064dc4690e2fc
2026-09-23T22-01-29-998Z_n-sweep_1-2-4-8-16-32-50,V1,,16,A-unanime,,,delegate,,,,0x5c19a95c,,48347,1,,0xd65054394087a126f7201b8caf565d34e4b8e2c37299a2eb2e8e1e169e8753b2
2026-09-23T22-01-29-998Z_n-sweep_1-2-4-8-16-32-50,V1,,16,A-unanime,,,delegate,,,,0x5c19a95c,,48347,1,,0x0c6ee11e6f4f09c9119d3c03df89d743f104be74b800d0b47cbfa2e1629e917b
2026-09-23T22-01-29-998Z_n-sweep_1-2-4-8-16-32-50,V1,,16,A-unanime,,,delegate,,,,0x5c19a95c,,48347,1,,0x9e4c58d93f5292a4566258e1c10f556eb9dc4074e322b7c357bf5ad65da50cae
2026-09-23T22-01-29-998Z_n-sweep_1-2-4-8-16-32-50,V1,,16,A-unanime,,,delegate,,,,0x5c19a95c,,48347,1,,0x6ebf0fe5777b4feb07a84b604e7094e789e104c0aa39284dccf1b9da9c17904e
2026-09-23T22-01-29-998Z_n-sweep_1-2-4-8-16-32-50,V1,,16,A-unanime,,,delegate,,,,0x5c19a95c,,48347,1,,0xfe42119cc5b68fbfd433dffe547dcf50b55480a011d31795da0f08ec660c70b3
2026-09-23T22-01-29-998Z_n-sweep_1-2-4-8-16-32-50,V1,,16,A-unanime,,,delegate,,,,0x5c19a95c,,48347,1,,0x1cd5ec1a28c590b58fdf7467e7fffeb349eed4d261a6e6dd6bbe64d73d17bd59
2026-09-23T22-01-29-998Z_n-sweep_1-2-4-8-16-32-50,V1,,16,A-unanime,,,delegate,,,,0x5c19a95c,,48335,1,,0x44f126ec5cf68cfd276b82e1245a8bb78ca6d635813f085d1a125f483e4d5924
2026-09-23T22-01-29-998Z_n-sweep_1-2-4-8-16-32-50,V1,,16,A-unanime,,,delegate,,,,0x5c19a95c,,48347,1,,0xe3c56247fde6ff45e5ce391eac68170bdc36be578302a953ddcf8384ecd07aa8
2026-09-23T22-01-29-998Z_n-sweep_1-2-4-8-16-32-50,V1,,16,A-unanime,,,delegate,,,,0x5c19a95c,,48347,1,,0x97563cc4398d7b02943ad3e3ef1bdae06351c02ad3fb2d2b948579fc1d32295f
2026-09-23T22-01-29-998Z_n-sweep_1-2-4-8-16-32-50,V1,,16,A-unanime,,,delegate,,,,0x5c19a95c,,48347,1,,0x2254c00b60e2f0581478274e6123b6295b391cc3698f1951fb660335b3cd6c33
2026-09-23T22-01-29-998Z_n-sweep_1-2-4-8-16-32-50,V1,,16,A-unanime,,,delegate,,,,0x5c19a95c,,48347,1,,0xc3e2689cb93afecc73f02fe2fc704ca424bfebf2840b02e15e94e2eacaca6d1c
2026-09-23T22-01-29-998Z_n-sweep_1-2-4-8-16-32-50,V1,,16,A-unanime,,,delegate,,,,0x5c19a95c,,48347,1,,0xf481a9d9df12d0c5f7b29cc5bd284c8ca3e14873afc209155e790bf19f68d897
2026-09-23T22-01-29-998Z_n-sweep_1-2-4-8-16-32-50,V1,,16,A-unanime,,,delegate,,,,0x5c19a95c,,48347,1,,0x8975637550f485546f85f8e6d9a6ed6447c7e76fff1ec5f6c9e76fb534393987
2026-09-23T22-01-29-998Z_n-sweep_1-2-4-8-16-32-50,V1,,16,A-unanime,,,transfer,,,,0xa9059cbb,,135960,1,,0xdd222b00fca52171e793193ffd85834d971539cb41bfa569e6c443334217eadd
2026-09-23T22-01-29-998Z_n-sweep_1-2-4-8-16-32-50,V1,,16,A-unanime,,,transfer,,,,0xa9059cbb,,135948,1,,0x8a79afcb52be6f90c33e1e815566c9ce69071c9b524c3a07ed1dedd801b5c7e3
2026-09-23T22-01-29-998Z_n-sweep_1-2-4-8-16-32-50,V1,,16,A-unanime,,,transfer,,,,0xa9059cbb,,135960,1,,0x930696174a43d4b193fbc0ef290f12a6fcc288e1ffbec19dccef94a271e40c5a
2026-09-23T22-01-29-998Z_n-sweep_1-2-4-8-16-32-50,V1,,16,A-unanime,,,transfer,,,,0xa9059cbb,,135960,1,,0xae2fb42a80146f85b63f82c9c164b8d1fb21ee265f5ae0e05ae2997b94c94e8b
2026-09-23T22-01-29-998Z_n-sweep_1-2-4-8-16-32-50,V1,,16,A-unanime,,,transfer,,,,0xa9059cbb,,135960,1,,0x4da24e5dd69239f6621bd3f6b49ad8282c299e4f035729dc5e3e57e0fa2d5cf5
2026-09-23T22-01-29-998Z_n-sweep_1-2-4-8-16-32-50,V1,,16,A-unanime,,,transfer,,,,0xa9059cbb,,135960,1,,0x78ed7677a72a68eff2d7f2feb88cdc6fa9ed96d419871d5a98fb78f60c90118d
2026-09-23T22-01-29-998Z_n-sweep_1-2-4-8-16-32-50,V1,,16,A-unanime,,,transfer,,,,0xa9059cbb,,135960,1,,0x295714d390a8a38a316fdd4e6aa1a6d91f67c27d366ad3abaec2f658fc78703e
2026-09-23T22-01-29-998Z_n-sweep_1-2-4-8-16-32-50,V1,,16,A-unanime,,,transfer,,,,0xa9059cbb,,135960,1,,0x766cac572d1b94c31c7eaa125eca5cc9577173f8fbf696afdde38559651e0d71
2026-09-23T22-01-29-998Z_n-sweep_1-2-4-8-16-32-50,V1,,16,A-unanime,,,transfer,,,,0xa9059cbb,,135960,1,,0x8150f759e197851e9b1f50af638e7de175ad2f0036cec81cddab423b6da1b532
2026-09-23T22-01-29-998Z_n-sweep_1-2-4-8-16-32-50,V1,,16,A-unanime,,,transfer,,,,0xa9059cbb,,135948,1,,0x37db5e98635fd505c2742f6f9ec14e14fa864bc75ac8bf700fe621ceb78ec7b1
2026-09-23T22-01-29-998Z_n-sweep_1-2-4-8-16-32-50,V1,,16,A-unanime,,,transfer,,,,0xa9059cbb,,135960,1,,0x2b98b2f0bfa050738696710d3077be31e7d18092ead2669ed0aab897397ef7c5
2026-09-23T22-01-29-998Z_n-sweep_1-2-4-8-16-32-50,V1,,16,A-unanime,,,transfer,,,,0xa9059cbb,,135960,1,,0x2cd6a8d19ba5eee525ca7478c59ef562956789c879ecb628465092751d63f675
2026-09-23T22-01-29-998Z_n-sweep_1-2-4-8-16-32-50,V1,,16,A-unanime,,,transfer,,,,0xa9059cbb,,135960,1,,0x894a856067085ca6a85eef4e0e038f211e095cc7a1c2a4c0df57044a32321a71
2026-09-23T22-01-29-998Z_n-sweep_1-2-4-8-16-32-50,V1,,16,A-unanime,,,transfer,,,,0xa9059cbb,,135960,1,,0xf9b9050027aa6c6847ff83cfbc53f49eb269adbeefd72c132c17e6bd1f164eda
2026-09-23T22-01-29-998Z_n-sweep_1-2-4-8-16-32-50,V1,,16,A-unanime,,,transfer,,,,0xa9059cbb,,135960,1,,0x95e1e72f055da737df7dd466bafd3e18c1a9a5ceb0628e78d919152d872698ac
2026-09-23T22-01-29-998Z_n-sweep_1-2-4-8-16-32-50,V1,,16,A-unanime,,,transfer,,,,0xa9059cbb,,135960,1,,0x9a970a784adbfb9310ca85d585c32690c45a878597f869edefc96888379a0904
2026-09-23T22-01-29-998Z_n-sweep_1-2-4-8-16-32-50,V1,,16,A-unanime,,,propose,,,propose,0x7d5e81e2,WasteCategoryRegistry.updateCredits,63790,1,,0x37dece24811651957773bbf2af67236df093be7238da6db102ca6bd6d599596f
2026-09-23T22-01-29-998Z_n-sweep_1-2-4-8-16-32-50,V1,,16,A-unanime,,,vote,1,for,,0x56781388,,82468,1,,0x43e954f961a3a4a7f08220267d51139e483760bdae883571a56db578ac3139ee
2026-09-23T22-01-29-998Z_n-sweep_1-2-4-8-16-32-50,V1,,16,A-unanime,,,vote,2,for,,0x56781388,,65368,1,,0x0f7f66f7751251bb4887de2e681b896f379806b8a7d5b1cbc56eefde41917945
2026-09-23T22-01-29-998Z_n-sweep_1-2-4-8-16-32-50,V1,,16,A-unanime,,,vote,3,for,,0x56781388,,65368,1,,0x276b86fa2a11c8ffe0f0f9fcc1fcfdec961dd7704281e2a1d2f78754478f05f8
2026-09-23T22-01-29-998Z_n-sweep_1-2-4-8-16-32-50,V1,,16,A-unanime,,,vote,4,for,,0x56781388,,65368,1,,0xfc0e0c7351c2367f9375b197a7943d9cc0b1c6a020d515ac1c1cac2438bb8e2c
2026-09-23T22-01-29-998Z_n-sweep_1-2-4-8-16-32-50,V1,,16,A-unanime,,,vote,5,for,,0x56781388,,65368,1,,0x4ad85485be673a9fc003d8505ddf5638460003fa5e09a110917b4b37e2c49b9c
2026-09-23T22-01-29-998Z_n-sweep_1-2-4-8-16-32-50,V1,,16,A-unanime,,,vote,6,for,,0x56781388,,65368,1,,0x90b46fbd0d60bcfa0fcf30dcc66854498a199efa533d382839ef2492f321fcaa
2026-09-23T22-01-29-998Z_n-sweep_1-2-4-8-16-32-50,V1,,16,A-unanime,,,vote,7,for,,0x56781388,,65368,1,,0xe0fca7512d5fe823d83bda8be607511ed82bc328f3d3a71fb9c96a0d5ac0fe7f
2026-09-23T22-01-29-998Z_n-sweep_1-2-4-8-16-32-50,V1,,16,A-unanime,,,vote,8,for,,0x56781388,,65368,1,,0x24e325bc96facd9f9b03c44a8b74897624ff9fee0442d646f30530e9edd2c507
2026-09-23T22-01-29-998Z_n-sweep_1-2-4-8-16-32-50,V1,,16,A-unanime,,,vote,9,for,,0x56781388,,65368,1,,0x3bf266a1b049c3951fc6a019e85b7b3a00b79223230b60fee3dbb6fdc0320ef3
2026-09-23T22-01-29-998Z_n-sweep_1-2-4-8-16-32-50,V1,,16,A-unanime,,,vote,10,for,,0x56781388,,65368,1,,0x54e4e8bdc7e2027a5bab0508c5ddae6cc36d01923630ee4363edae09651bcc83
2026-09-23T22-01-29-998Z_n-sweep_1-2-4-8-16-32-50,V1,,16,A-unanime,,,vote,11,for,,0x56781388,,65368,1,,0xda915483f35645f3013758ee6561f3c808e67441960a3ae4b8139b6b351f85c1
2026-09-23T22-01-29-998Z_n-sweep_1-2-4-8-16-32-50,V1,,16,A-unanime,,,vote,12,for,,0x56781388,,65368,1,,0x0307ff24bf04e598275e59130d7ea8a5298c9a6d37393c92220e607330ad1bfe
2026-09-23T22-01-29-998Z_n-sweep_1-2-4-8-16-32-50,V1,,16,A-unanime,,,vote,13,for,,0x56781388,,65368,1,,0x55d38731e15f313d9983ee2e997b62d0687510686aa5be27acb1ce980ee24610
2026-09-23T22-01-29-998Z_n-sweep_1-2-4-8-16-32-50,V1,,16,A-unanime,,,vote,14,for,,0x56781388,,65368,1,,0x771af11c9d77f8f2b556fd24fd3c8acdbf88279ecab1126f3ba994a85b33ec1b
2026-09-23T22-01-29-998Z_n-sweep_1-2-4-8-16-32-50,V1,,16,A-unanime,,,vote,15,for,,0x56781388,,65368,1,,0xdf88281d08e06a00943bf3a2068b6714aa8f058814124544b0fd2e5733b04f6f
2026-09-23T22-01-29-998Z_n-sweep_1-2-4-8-16-32-50,V1,,16,A-unanime,,,vote,16,for,,0x56781388,,65368,1,,0xc439a4e18213e2f9cd103ec16859394d2cb0b4fe67ede47ab4b3b70757cf7d17
2026-09-23T22-01-29-998Z_n-sweep_1-2-4-8-16-32-50,V1,,16,A-unanime,,,execute,,,execute,0x2656227d,WasteCategoryRegistry.updateCredits,60807,1,,0x7e1b271a677b34676ef3e7bed80d5c95ac0592e33b59ac4043e2414d50401df6
2026-09-23T22-01-29-998Z_n-sweep_1-2-4-8-16-32-50,V2,T1,,,,,deploy_token_T1,,,constructor,0x61016060,,1621017,1,,0xece28f063ba256e8fc65152daf61fe745a7823e8ba387b1b661409f18f6dc4cc
2026-09-23T22-01-29-998Z_n-sweep_1-2-4-8-16-32-50,V2,,,,,,deploy_registry,,,constructor,0x60806040,,4590964,1,,0x9005486642112873086c0faf3a06ce7199e3377186a80eb6eea4235f5e1c6f56
2026-09-23T22-01-29-998Z_n-sweep_1-2-4-8-16-32-50,V2,,,,,,deploy_governor_V2,,,constructor,0x6101e080,,2178840,1,,0xa32c9f3d540c0ae9eee563ea02a53e3c1648afde51e09209202bc2912d9a8532
2026-09-23T22-01-29-998Z_n-sweep_1-2-4-8-16-32-50,V2,,,,,,grant_admin_role,,,grantRole,0x2f2ff15d,,50799,1,,0x0482dd737ad13e5cf9f342f77b7f4c8d4a60575e6613b501a7a433855227e65d
2026-09-23T22-01-29-998Z_n-sweep_1-2-4-8-16-32-50,V2,,,,,,revoke_deployer_admin_role,,,revokeRole,0xd547741f,,27116,1,,0xbf6c6756b6e885a31717a4b56f3c4fc35da4780ca84e075711ea97189f58ea3d
2026-09-23T22-01-29-998Z_n-sweep_1-2-4-8-16-32-50,V2,,16,A-unanime,,,delegate_admin,,,,0x5c19a95c,,95559,1,,0xe4ed125ff7fcf34a784094393e69d7b32184f90f45a88cf0e398ac5fe2329d50
2026-09-23T22-01-29-998Z_n-sweep_1-2-4-8-16-32-50,V2,,16,A-unanime,,,delegate,,,,0x5c19a95c,,48347,1,,0x8e5cf2e817455991c3f88244f29b95e3c5703efb253d16587c3e019ace8ed4aa
2026-09-23T22-01-29-998Z_n-sweep_1-2-4-8-16-32-50,V2,,16,A-unanime,,,delegate,,,,0x5c19a95c,,48335,1,,0x3a4d0b938991cc6665fddf48aab742d27a2480134e4cb1cf5b844b9724575405
2026-09-23T22-01-29-998Z_n-sweep_1-2-4-8-16-32-50,V2,,16,A-unanime,,,delegate,,,,0x5c19a95c,,48347,1,,0x8df16e2387da0d9fa03469e487a72815c7ad0f22d2e3631bfcd3e8532e84566f
2026-09-23T22-01-29-998Z_n-sweep_1-2-4-8-16-32-50,V2,,16,A-unanime,,,delegate,,,,0x5c19a95c,,48347,1,,0x95612e3ccf4e98f664cb62c90a18fd3142e8f5668db18fb82a400652a6b96b06
2026-09-23T22-01-29-998Z_n-sweep_1-2-4-8-16-32-50,V2,,16,A-unanime,,,delegate,,,,0x5c19a95c,,48347,1,,0x8cfbd9c8afd095297879c4ea5a6d41c276c3b770abd2f751b06ec63384df15d6
2026-09-23T22-01-29-998Z_n-sweep_1-2-4-8-16-32-50,V2,,16,A-unanime,,,delegate,,,,0x5c19a95c,,48347,1,,0x96ff47bd12ed3260165a9b3c82bacf4a9f1cfd47a5f8548491ee35c1066f2e38
2026-09-23T22-01-29-998Z_n-sweep_1-2-4-8-16-32-50,V2,,16,A-unanime,,,delegate,,,,0x5c19a95c,,48347,1,,0x3c7464a5135ef0630048da3b891f6f95d941c4b44dfb27d1230d6c7015af52d6
2026-09-23T22-01-29-998Z_n-sweep_1-2-4-8-16-32-50,V2,,16,A-unanime,,,delegate,,,,0x5c19a95c,,48347,1,,0xcef7f0dbdf22e7ddd7612e11e8e4d04d07ff7ed50742fa593a04379c3fb4c79a
2026-09-23T22-01-29-998Z_n-sweep_1-2-4-8-16-32-50,V2,,16,A-unanime,,,delegate,,,,0x5c19a95c,,48347,1,,0x2a05bf2175c5ddc1c903f568e1aef2d66314124f75bcf8379ba8adf2782fee08
2026-09-23T22-01-29-998Z_n-sweep_1-2-4-8-16-32-50,V2,,16,A-unanime,,,delegate,,,,0x5c19a95c,,48335,1,,0xed076a3bb603efd5d8a71a2cc98ed4047b12d152a544a7d1d7a341433c9a4602
2026-09-23T22-01-29-998Z_n-sweep_1-2-4-8-16-32-50,V2,,16,A-unanime,,,delegate,,,,0x5c19a95c,,48347,1,,0x10be283a8ec30b680dc3aca50b759e0cf9c8afc082d9e83402cea754eca72a1f
2026-09-23T22-01-29-998Z_n-sweep_1-2-4-8-16-32-50,V2,,16,A-unanime,,,delegate,,,,0x5c19a95c,,48347,1,,0x2a30f5270f05f3f17e6177f9b77f58b934718ec7c2e872415fd5bb3af3d1a729
2026-09-23T22-01-29-998Z_n-sweep_1-2-4-8-16-32-50,V2,,16,A-unanime,,,delegate,,,,0x5c19a95c,,48347,1,,0x8627a7ad29f66cec2d29399f287974e7802b96ce1c1094b9f03f71ebb4aee554
2026-09-23T22-01-29-998Z_n-sweep_1-2-4-8-16-32-50,V2,,16,A-unanime,,,delegate,,,,0x5c19a95c,,48347,1,,0x09935171751aaaad6b28f8c0a6e1389d805ea4048b73d32206a0f9fb56fe6526
2026-09-23T22-01-29-998Z_n-sweep_1-2-4-8-16-32-50,V2,,16,A-unanime,,,delegate,,,,0x5c19a95c,,48347,1,,0xcc0bb7cbd2d0f3f8fa2b739bbaa5db203755fbd70b3eefc00d112f1bb589ceaf
2026-09-23T22-01-29-998Z_n-sweep_1-2-4-8-16-32-50,V2,,16,A-unanime,,,delegate,,,,0x5c19a95c,,48347,1,,0xc76339288f99a2e44a4485a1794ebb0cad6215adbb061dde8b472b5783d68437
2026-09-23T22-01-29-998Z_n-sweep_1-2-4-8-16-32-50,V2,,16,A-unanime,,,transfer,,,,0xa9059cbb,,135960,1,,0xb836d62feb297e668e346c78d0b20d52a7b9821222625c27e5c0ef2143a41b4e
2026-09-23T22-01-29-998Z_n-sweep_1-2-4-8-16-32-50,V2,,16,A-unanime,,,transfer,,,,0xa9059cbb,,135948,1,,0xeec073fdf6c2881d67acfddce89c8a39f28ac881e6a86c1401774c2c6f4c8ce8
2026-09-23T22-01-29-998Z_n-sweep_1-2-4-8-16-32-50,V2,,16,A-unanime,,,transfer,,,,0xa9059cbb,,135960,1,,0x33e39fa04f92fbbd9aa58fabf58a668f164049ae4f8233ca2e7421889732783b
2026-09-23T22-01-29-998Z_n-sweep_1-2-4-8-16-32-50,V2,,16,A-unanime,,,transfer,,,,0xa9059cbb,,135960,1,,0x81477eec290eb018116786644c793bf9e54b85f9b9211615b0daf364546023cf
2026-09-23T22-01-29-998Z_n-sweep_1-2-4-8-16-32-50,V2,,16,A-unanime,,,transfer,,,,0xa9059cbb,,135960,1,,0x140f510894d20886aa01692e058b4b6b270942eec09bb7a8d900d440748eb9c7
2026-09-23T22-01-29-998Z_n-sweep_1-2-4-8-16-32-50,V2,,16,A-unanime,,,transfer,,,,0xa9059cbb,,135960,1,,0xf1a302c48b8ca440e920d472261ca95fc5bd198ac019b47d653558d7f4aa5e61
2026-09-23T22-01-29-998Z_n-sweep_1-2-4-8-16-32-50,V2,,16,A-unanime,,,transfer,,,,0xa9059cbb,,135960,1,,0x5d854896984ec999b47248d46879a46855e5f69e0b9c3fd33c03a51ab9d8e3fb
2026-09-23T22-01-29-998Z_n-sweep_1-2-4-8-16-32-50,V2,,16,A-unanime,,,transfer,,,,0xa9059cbb,,135960,1,,0x20ea6bbd3d86dd63628e64a0f216e1c226cb46c80e0884e6185c2ff80d0495e0
2026-09-23T22-01-29-998Z_n-sweep_1-2-4-8-16-32-50,V2,,16,A-unanime,,,transfer,,,,0xa9059cbb,,135960,1,,0xc7158ea6c5ad90c8d4ba5f0649040f8441cc380aa11e64ebade66fc61fa24397
2026-09-23T22-01-29-998Z_n-sweep_1-2-4-8-16-32-50,V2,,16,A-unanime,,,transfer,,,,0xa9059cbb,,135948,1,,0x515f2e48dabcfc0496d2a5057f34c910872d475581580dc72ba87df918cd1f33
2026-09-23T22-01-29-998Z_n-sweep_1-2-4-8-16-32-50,V2,,16,A-unanime,,,transfer,,,,0xa9059cbb,,135960,1,,0x86e40a5b217a51edb94ee320d3c4ac158a3d160c5303cf22dd20358e01c2e72a
2026-09-23T22-01-29-998Z_n-sweep_1-2-4-8-16-32-50,V2,,16,A-unanime,,,transfer,,,,0xa9059cbb,,135960,1,,0x295ea3a0574c4a4a0638c8b748f99cca7b1dc03b7a86cbaa09862263afd0e56b
2026-09-23T22-01-29-998Z_n-sweep_1-2-4-8-16-32-50,V2,,16,A-unanime,,,transfer,,,,0xa9059cbb,,135960,1,,0x09f7076225d56e8567870bdb08c98c02711d79fb176367a3acd546d4fe5054ba
2026-09-23T22-01-29-998Z_n-sweep_1-2-4-8-16-32-50,V2,,16,A-unanime,,,transfer,,,,0xa9059cbb,,135960,1,,0xfedae9a29adf6903ed30e6fbe1cbf04fb962ae3696a638e3bdd85384244e2f89
2026-09-23T22-01-29-998Z_n-sweep_1-2-4-8-16-32-50,V2,,16,A-unanime,,,transfer,,,,0xa9059cbb,,135960,1,,0xcd7f4eeb23ab8f1523a1f3b3ccb9fa84ccaee9d7ea0e7acc3867478b556e7c66
2026-09-23T22-01-29-998Z_n-sweep_1-2-4-8-16-32-50,V2,,16,A-unanime,,,transfer,,,,0xa9059cbb,,135960,1,,0x1107214fe3d15d73a46b0972e8a23e11eea18adbc85ae8cffde0e60620558e0e
2026-09-23T22-01-29-998Z_n-sweep_1-2-4-8-16-32-50,V2,,16,A-unanime,,,propose,,,propose,0x7d5e81e2,WasteCategoryRegistry.updateCredits,63790,1,,0x237bc53d621c633e3528d126c232b8164ce86f89047c641bd89fd122fdbc096e
2026-09-23T22-01-29-998Z_n-sweep_1-2-4-8-16-32-50,V2,,16,A-unanime,,,vote,1,for,,0x56781388,,82456,1,,0x997a10278610aea171c79a26b9514f2af0f22a24ab8252a6a9e35cd2dca9ad82
2026-09-23T22-01-29-998Z_n-sweep_1-2-4-8-16-32-50,V2,,16,A-unanime,,,vote,2,for,,0x56781388,,65356,1,,0xd65b20641d494445750e1de0bb155cb7a99fd4e5a9e38842d455be3c40a106b3
2026-09-23T22-01-29-998Z_n-sweep_1-2-4-8-16-32-50,V2,,16,A-unanime,,,vote,3,for,,0x56781388,,65356,1,,0x2bfa8961a43c4e98c1ba3370a643a0110312925540c4a2329f66963a78ef5ed1
2026-09-23T22-01-29-998Z_n-sweep_1-2-4-8-16-32-50,V2,,16,A-unanime,,,vote,4,for,,0x56781388,,65356,1,,0x759fdee5286695659040e05254be205bceb031d65992302e3ee443ab14148f1c
2026-09-23T22-01-29-998Z_n-sweep_1-2-4-8-16-32-50,V2,,16,A-unanime,,,vote,5,for,,0x56781388,,65356,1,,0x353529f82768b6c64a355836b4c084aef297ef07f275f1c72075b0c436e615f8
2026-09-23T22-01-29-998Z_n-sweep_1-2-4-8-16-32-50,V2,,16,A-unanime,,,vote,6,for,,0x56781388,,65356,1,,0x4411870d02502ab3bf8d4e9d9a776e70acf59b564f03714eac1793e21e86b014
2026-09-23T22-01-29-998Z_n-sweep_1-2-4-8-16-32-50,V2,,16,A-unanime,,,vote,7,for,,0x56781388,,65356,1,,0x1639048237d0f6f07b0ee3a88819339448b41eb297cac95e37a9de236055514e
2026-09-23T22-01-29-998Z_n-sweep_1-2-4-8-16-32-50,V2,,16,A-unanime,,,vote,8,for,,0x56781388,,65356,1,,0x0756328e4b6f533b2adad0f9974399688a5836491d8d84446ba7e7eba6a75f8e
2026-09-23T22-01-29-998Z_n-sweep_1-2-4-8-16-32-50,V2,,16,A-unanime,,,vote,9,for,,0x56781388,,65356,1,,0x0f39929f2a0a7fe0c09c035b50ed79effeaf96757d677148222a0b4989ebd79d
2026-09-23T22-01-29-998Z_n-sweep_1-2-4-8-16-32-50,V2,,16,A-unanime,,,vote,10,for,,0x56781388,,65356,1,,0x4de809541193048b50dd4552f5ecbcb2d0ffeacab28b04e40f53ece8d7ced1f7
2026-09-23T22-01-29-998Z_n-sweep_1-2-4-8-16-32-50,V2,,16,A-unanime,,,vote,11,for,,0x56781388,,65356,1,,0x205eb0e7e7e5b647731ef634335176ddede3b236331f5bb5611418bc2e3fb9eb
2026-09-23T22-01-29-998Z_n-sweep_1-2-4-8-16-32-50,V2,,16,A-unanime,,,vote,12,for,,0x56781388,,65356,1,,0x810c8d483b0e25a89253761cc9ecd62f852a9fd8e993ca9067f5ae1619209b8d
2026-09-23T22-01-29-998Z_n-sweep_1-2-4-8-16-32-50,V2,,16,A-unanime,,,vote,13,for,,0x56781388,,65356,1,,0x748079dac5e50bf4bfa6890f0c2891376f91835f7023074d1c4f66fec784ffa6
2026-09-23T22-01-29-998Z_n-sweep_1-2-4-8-16-32-50,V2,,16,A-unanime,,,vote,14,for,,0x56781388,,65356,1,,0x67cebade0f9445b2c8e78f127a3de07fb8aff61f1c6d74599ab55d782697eeb1
2026-09-23T22-01-29-998Z_n-sweep_1-2-4-8-16-32-50,V2,,16,A-unanime,,,vote,15,for,,0x56781388,,65356,1,,0xc1ce8c437c15bf5210910915fb9a3bbefb887c554b3edb8007ce97b439e3c09c
2026-09-23T22-01-29-998Z_n-sweep_1-2-4-8-16-32-50,V2,,16,A-unanime,,,vote,16,for,,0x56781388,,65356,1,,0xd46b259a0a217b8d351c536d11df495b378700d2da8cfea4922652d747dc4720
2026-09-23T22-01-29-998Z_n-sweep_1-2-4-8-16-32-50,V2,,16,A-unanime,,,execute,,,execute,0x2656227d,WasteCategoryRegistry.updateCredits,60835,1,,0xfcf02775dbf04ea21492bb279257ec559f1076a817a2db21fb0918d13bca05c8
2026-09-23T22-01-29-998Z_n-sweep_1-2-4-8-16-32-50,Ref,T1,,,,,deploy_token_T1,,,constructor,0x61016060,,1621017,1,,0x8a423d158719dafa7ff4b82bcd6f6a5661f61c993e6aaede0acbe21a849af082
2026-09-23T22-01-29-998Z_n-sweep_1-2-4-8-16-32-50,Ref,,,,,,deploy_registry,,,constructor,0x60806040,,4590964,1,,0x9005486642112873086c0faf3a06ce7199e3377186a80eb6eea4235f5e1c6f56
2026-09-23T22-01-29-998Z_n-sweep_1-2-4-8-16-32-50,Ref,,,,,,deploy_rewards_registry_for_ctor,,,constructor,0x60806040,,4590964,1,,0x484f4210d177094deb4832deb5e459c708c732becb1881e1d1417503c177d84a
2026-09-23T22-01-29-998Z_n-sweep_1-2-4-8-16-32-50,Ref,,,,,,deploy_credit,,,constructor,0x60806040,,931954,1,,0xda6265176213799bfac2d03545eb38f6f6d6d978852db5e040dec6bdc95b6a46
2026-09-23T22-01-29-998Z_n-sweep_1-2-4-8-16-32-50,Ref,,,,,,deploy_passport,,,constructor,0x60806040,,2776581,1,,0xe5a36162780b85ac2b217350036da2286056186a02d74234dd0980865a07c217
2026-09-23T22-01-29-998Z_n-sweep_1-2-4-8-16-32-50,Ref,,,,,,deploy_rewards,,,constructor,0x60803461,,1246140,1,,0x748f3eef423a29001e508633e407c909b25f0e6a89b560856468f0ac6655c439
2026-09-23T22-01-29-998Z_n-sweep_1-2-4-8-16-32-50,Ref,,,,,,deploy_stakeholders,,,constructor,0x60803461,,1679823,1,,0xd4be2e468d589ae7e76ff2c292757707613e73c2a9e8f4c774280b5fd0991072
2026-09-23T22-01-29-998Z_n-sweep_1-2-4-8-16-32-50,Ref,,,,,,deploy_governor_Ref,,,constructor,0x61018060,,4434623,1,,0xd1b6a3d1f944bdfe5c399ebf7a1e6ed8a76e5b5acd93cdfc3d211571cbc50a6e
2026-09-23T22-01-29-998Z_n-sweep_1-2-4-8-16-32-50,Ref,,,,,,grant_admin_role,,,grantRole,0x2f2ff15d,,50799,1,,0x9477ec21ceecb8e71e570a8e5c711d060981c6dc53217d4071b2c7d012604374
2026-09-23T22-01-29-998Z_n-sweep_1-2-4-8-16-32-50,Ref,,,,,,revoke_deployer_admin_role,,,revokeRole,0xd547741f,,27116,1,,0x4571f6b2b82c72e95dbfd028346a3c95cee362f1cdc4e946338a9d1e56d58c09
2026-09-23T22-01-29-998Z_n-sweep_1-2-4-8-16-32-50,Ref,,16,A-unanime,,,delegate_admin,,,,0x5c19a95c,,95559,1,,0xfca7f8e34a7a367a38495092e6c6ae53f6f6bbc6c6cdd047fed83c770b76a8c9
2026-09-23T22-01-29-998Z_n-sweep_1-2-4-8-16-32-50,Ref,,16,A-unanime,,,delegate,,,,0x5c19a95c,,48347,1,,0x2f1db724527155bbb87015320f4de9a632dd20bb0d57eddcbd649b18207511a9
2026-09-23T22-01-29-998Z_n-sweep_1-2-4-8-16-32-50,Ref,,16,A-unanime,,,delegate,,,,0x5c19a95c,,48335,1,,0x8b0e52e67c302dbb4252eb6f968ee138c191eb8205be72d37b64b0c5ee99cc0e
2026-09-23T22-01-29-998Z_n-sweep_1-2-4-8-16-32-50,Ref,,16,A-unanime,,,delegate,,,,0x5c19a95c,,48347,1,,0x1a5bd05dacedf9e3acc8ca8d92b6aea9cf2aa84f70c77d04dab2d0257070356f
2026-09-23T22-01-29-998Z_n-sweep_1-2-4-8-16-32-50,Ref,,16,A-unanime,,,delegate,,,,0x5c19a95c,,48347,1,,0x05f7d9fd7d2dcae80248756e17e23af4963c07b10ebe32e7c079f468806ce249
2026-09-23T22-01-29-998Z_n-sweep_1-2-4-8-16-32-50,Ref,,16,A-unanime,,,delegate,,,,0x5c19a95c,,48347,1,,0xc692236193a870ec74b2ae8543ffbfe39b6bd5462442ea5a4e078b2d3116adeb
2026-09-23T22-01-29-998Z_n-sweep_1-2-4-8-16-32-50,Ref,,16,A-unanime,,,delegate,,,,0x5c19a95c,,48347,1,,0x69a8f9be879966443d3229422f1c20ad3c5a2104215131e80047b7236df1a439
2026-09-23T22-01-29-998Z_n-sweep_1-2-4-8-16-32-50,Ref,,16,A-unanime,,,delegate,,,,0x5c19a95c,,48347,1,,0x14477638203890fae6e03b6d8872fdc619692fcbe0c9a0a0fd173ec8ce55cf6a
2026-09-23T22-01-29-998Z_n-sweep_1-2-4-8-16-32-50,Ref,,16,A-unanime,,,delegate,,,,0x5c19a95c,,48347,1,,0x9f65b07d974009afeb2495f5f83544615b836d4a15a53225fe23457a4ef7529a
2026-09-23T22-01-29-998Z_n-sweep_1-2-4-8-16-32-50,Ref,,16,A-unanime,,,delegate,,,,0x5c19a95c,,48347,1,,0xa0971290a91aaca9bef42b2510df553f4ebee2f2d38ba046d76d2691243fb7dd
2026-09-23T22-01-29-998Z_n-sweep_1-2-4-8-16-32-50,Ref,,16,A-unanime,,,delegate,,,,0x5c19a95c,,48335,1,,0xf4bd663b316a97cdf28dc55b27e731573031aea8aab195f90366a39b05dc631b
2026-09-23T22-01-29-998Z_n-sweep_1-2-4-8-16-32-50,Ref,,16,A-unanime,,,delegate,,,,0x5c19a95c,,48347,1,,0x55e216d1fd4a57f4b14ecf096eae768c82f748bc8c3f110c2fc2ba1820ce2744
2026-09-23T22-01-29-998Z_n-sweep_1-2-4-8-16-32-50,Ref,,16,A-unanime,,,delegate,,,,0x5c19a95c,,48347,1,,0xbeccf0fe707163bf021a0c3ffd89fd06dd965e84aaeeb5376b88e31618e0b3ef
2026-09-23T22-01-29-998Z_n-sweep_1-2-4-8-16-32-50,Ref,,16,A-unanime,,,delegate,,,,0x5c19a95c,,48347,1,,0xed73e3faa352679f7bf43132dd18ad217d7dffba0cc24f3713a202326244db62
2026-09-23T22-01-29-998Z_n-sweep_1-2-4-8-16-32-50,Ref,,16,A-unanime,,,delegate,,,,0x5c19a95c,,48347,1,,0x5374bf6eb24d592b0acaebd034fe51028190ab20647a23e2d7f82be4b0b4b62a
2026-09-23T22-01-29-998Z_n-sweep_1-2-4-8-16-32-50,Ref,,16,A-unanime,,,delegate,,,,0x5c19a95c,,48347,1,,0x6aae91bc64c7d2f749cdc72d4c86dc056214e39b94dea5beb29c9770a782550c
2026-09-23T22-01-29-998Z_n-sweep_1-2-4-8-16-32-50,Ref,,16,A-unanime,,,delegate,,,,0x5c19a95c,,48347,1,,0x0ec09445c5c783300c5f7634f26cc80e02bfc4833b0c856f952ea96a2adb5606
2026-09-23T22-01-29-998Z_n-sweep_1-2-4-8-16-32-50,Ref,,16,A-unanime,,,transfer,,,,0xa9059cbb,,135960,1,,0x434b98a72067cb327a9eac3a342b7f47ca18effbd1b40d0224b82fb27ad512e0
2026-09-23T22-01-29-998Z_n-sweep_1-2-4-8-16-32-50,Ref,,16,A-unanime,,,transfer,,,,0xa9059cbb,,135948,1,,0xc8ccca71ba2311545fd7543aa69516b8a372bce0c8f41848d3bcd3ba3c44779a
2026-09-23T22-01-29-998Z_n-sweep_1-2-4-8-16-32-50,Ref,,16,A-unanime,,,transfer,,,,0xa9059cbb,,135960,1,,0x925a617bc303f1b088cec680d74dd66843d5f4c3dc702b98f282bd0842b11957
2026-09-23T22-01-29-998Z_n-sweep_1-2-4-8-16-32-50,Ref,,16,A-unanime,,,transfer,,,,0xa9059cbb,,135960,1,,0x59a9abfa1d21895759a2db87a286cb9d34f755e39824632c3f50997395f11ee5
2026-09-23T22-01-29-998Z_n-sweep_1-2-4-8-16-32-50,Ref,,16,A-unanime,,,transfer,,,,0xa9059cbb,,135960,1,,0x709a0686f17bb479fda0f406b6c3c63838b08a4eaef022850866c3fc2071237b
2026-09-23T22-01-29-998Z_n-sweep_1-2-4-8-16-32-50,Ref,,16,A-unanime,,,transfer,,,,0xa9059cbb,,135960,1,,0xb0eac06619547e241ec35274f15509fb5c770db50192de6a1103406050a1438c
2026-09-23T22-01-29-998Z_n-sweep_1-2-4-8-16-32-50,Ref,,16,A-unanime,,,transfer,,,,0xa9059cbb,,135960,1,,0x51a2b6d5c32651b623f1d6c6d540db593effaf95342fa3f2319603e65ea66000
2026-09-23T22-01-29-998Z_n-sweep_1-2-4-8-16-32-50,Ref,,16,A-unanime,,,transfer,,,,0xa9059cbb,,135960,1,,0x13e4e034fa5ecff267597b9545aba150c38765efef59593d84dd5b6f670c7d51
2026-09-23T22-01-29-998Z_n-sweep_1-2-4-8-16-32-50,Ref,,16,A-unanime,,,transfer,,,,0xa9059cbb,,135960,1,,0xb50ca5dd46a975583d571c6bf23c67ae3e137f92737ba93d2ea1b9b4e7613c68
2026-09-23T22-01-29-998Z_n-sweep_1-2-4-8-16-32-50,Ref,,16,A-unanime,,,transfer,,,,0xa9059cbb,,135948,1,,0x4710c50cd82fb4f8ac04d723ac5c8d42c6543fdb3a9268342c0ae90e7ce7bc22
2026-09-23T22-01-29-998Z_n-sweep_1-2-4-8-16-32-50,Ref,,16,A-unanime,,,transfer,,,,0xa9059cbb,,135960,1,,0x1b245ffd7c4312f3b7eacced4fb57463afe5ce87642680cd5f65eae6187e1439
2026-09-23T22-01-29-998Z_n-sweep_1-2-4-8-16-32-50,Ref,,16,A-unanime,,,transfer,,,,0xa9059cbb,,135960,1,,0xd8557dba87cb129629f44383c80d70a6708f507e977241fbb62b88d35afebd94
2026-09-23T22-01-29-998Z_n-sweep_1-2-4-8-16-32-50,Ref,,16,A-unanime,,,transfer,,,,0xa9059cbb,,135960,1,,0xe994057952dc8d3e8a8666279ac41416a2fe0fb476cb3827b4db2e75fe136704
2026-09-23T22-01-29-998Z_n-sweep_1-2-4-8-16-32-50,Ref,,16,A-unanime,,,transfer,,,,0xa9059cbb,,135960,1,,0xb60ac622a66279a59148d696405bd2db92019f515117a73345c81cfc8fe2666f
2026-09-23T22-01-29-998Z_n-sweep_1-2-4-8-16-32-50,Ref,,16,A-unanime,,,transfer,,,,0xa9059cbb,,135960,1,,0x0583d0039c47214dc4d3794215cbfb5621cce4645ca4d52477e1dbef820be994
2026-09-23T22-01-29-998Z_n-sweep_1-2-4-8-16-32-50,Ref,,16,A-unanime,,,transfer,,,,0xa9059cbb,,135960,1,,0xeabacdab51ac72295bcf6e3a06331d102444daeebe0f93c75b37098f68e1b3a4
2026-09-23T22-01-29-998Z_n-sweep_1-2-4-8-16-32-50,Ref,,16,A-unanime,,,propose,,,propose,0x7d5e81e2,WasteCategoryRegistry.updateCredits,82066,1,,0xe876a9ada7ecb13acca92e430fcbce46c809ea881d3cdb369a83f9ee75c08bd4
2026-09-23T22-01-29-998Z_n-sweep_1-2-4-8-16-32-50,Ref,,16,A-unanime,,,vote,1,for,,0x56781388,,83098,1,,0xacd033e2c18bd3b8cbd5824f06d4114eb7569a61d1b4cff699c5e14a2fd0cc9f
2026-09-23T22-01-29-998Z_n-sweep_1-2-4-8-16-32-50,Ref,,16,A-unanime,,,vote,2,for,,0x56781388,,65998,1,,0x23c4aab72cfbba73284b97b075f3820ee954d4c4106753b300c5a024d271a808
2026-09-23T22-01-29-998Z_n-sweep_1-2-4-8-16-32-50,Ref,,16,A-unanime,,,vote,3,for,,0x56781388,,65998,1,,0xbe923546b05ed6eb4f626e1b8a025396bb9537e0d768b8b5279a11e6644eb052
2026-09-23T22-01-29-998Z_n-sweep_1-2-4-8-16-32-50,Ref,,16,A-unanime,,,vote,4,for,,0x56781388,,65998,1,,0x1cc378ec389e81c702b33291be4dd0c55dbfbbe1cef40d18f3d3358a8741503f
2026-09-23T22-01-29-998Z_n-sweep_1-2-4-8-16-32-50,Ref,,16,A-unanime,,,vote,5,for,,0x56781388,,65998,1,,0x1d8a6fd09ea5648dea77c0458b3eebda8e13ab9ac3fe821cb2ebaafdf281ccf5
2026-09-23T22-01-29-998Z_n-sweep_1-2-4-8-16-32-50,Ref,,16,A-unanime,,,vote,6,for,,0x56781388,,65998,1,,0x5e3dc269da1d296822c483aadaa0b1ac0b14b289697f2011dbee943e30647697
2026-09-23T22-01-29-998Z_n-sweep_1-2-4-8-16-32-50,Ref,,16,A-unanime,,,vote,7,for,,0x56781388,,65998,1,,0x286e187303b8d6cdbc69f8272872d0bddb6b4f411d52627f9ff6b52eda89d073
2026-09-23T22-01-29-998Z_n-sweep_1-2-4-8-16-32-50,Ref,,16,A-unanime,,,vote,8,for,,0x56781388,,65998,1,,0x2c5049cb0472bf9096a7e0b6c1b84cf77e50c9a6c3bfe2ae78aa6a476bb57a19
2026-09-23T22-01-29-998Z_n-sweep_1-2-4-8-16-32-50,Ref,,16,A-unanime,,,vote,9,for,,0x56781388,,65998,1,,0x2ba660afcb440a67788a2d88fceb5fc589ddb78fd5d50ef1fc8b00813235f946
2026-09-23T22-01-29-998Z_n-sweep_1-2-4-8-16-32-50,Ref,,16,A-unanime,,,vote,10,for,,0x56781388,,65998,1,,0x93aa039c7e1ba4b3b9df47ca2db512efe1e7dbf83f1e56568d8695500c169503
2026-09-23T22-01-29-998Z_n-sweep_1-2-4-8-16-32-50,Ref,,16,A-unanime,,,vote,11,for,,0x56781388,,65998,1,,0xfe0e4c6fafcf017ee861e9c4e79c4804d669376a645e55ac4a28f29b62238b08
2026-09-23T22-01-29-998Z_n-sweep_1-2-4-8-16-32-50,Ref,,16,A-unanime,,,vote,12,for,,0x56781388,,65998,1,,0x7462ae7a60f6b10c1b60066bcec5bf29380c156adaee7f3f8a9331970978b6e3
2026-09-23T22-01-29-998Z_n-sweep_1-2-4-8-16-32-50,Ref,,16,A-unanime,,,vote,13,for,,0x56781388,,65998,1,,0x8826e6cc7ee789cff0a492e3fce9fb276acab1d35b60253d2b1532076b700f19
2026-09-23T22-01-29-998Z_n-sweep_1-2-4-8-16-32-50,Ref,,16,A-unanime,,,vote,14,for,,0x56781388,,65998,1,,0xd27b21e0720d96022b195975535513dace60ad8ef288bf1232209dabcf222f4e
2026-09-23T22-01-29-998Z_n-sweep_1-2-4-8-16-32-50,Ref,,16,A-unanime,,,vote,15,for,,0x56781388,,65998,1,,0x3c2cb87da3595c175353fc7ac761cc14ca27535cfcdccad2229f22dcd4ccb06b
2026-09-23T22-01-29-998Z_n-sweep_1-2-4-8-16-32-50,Ref,,16,A-unanime,,,vote,16,for,,0x56781388,,65998,1,,0x243d1e425b2191e6a83909d9f7a96c7009dd6e76a1828c0bcc1d60bc54e7d1f3
2026-09-23T22-01-29-998Z_n-sweep_1-2-4-8-16-32-50,Ref,,16,A-unanime,,,execute,,,execute,0x2656227d,WasteCategoryRegistry.updateCredits,72030,1,,0x678ff456aafbbec88806e29ec0e5f8a5335696b89b71e8f83a4861745ffae4a6
2026-09-23T22-01-29-998Z_n-sweep_1-2-4-8-16-32-50,V0,T1,,,,,deploy_token_T1,,,constructor,0x61016060,,1621017,1,,0xece28f063ba256e8fc65152daf61fe745a7823e8ba387b1b661409f18f6dc4cc
2026-09-23T22-01-29-998Z_n-sweep_1-2-4-8-16-32-50,V0,,,,,,deploy_registry,,,constructor,0x60806040,,4590964,1,,0x9005486642112873086c0faf3a06ce7199e3377186a80eb6eea4235f5e1c6f56
2026-09-23T22-01-29-998Z_n-sweep_1-2-4-8-16-32-50,V0,,,,,,deploy_governor_V0,,,constructor,0x6101c080,,2133394,1,,0x8b33a795df9df0e5a3cb812430955580d1fb4f654a6028dd161238e13d560524
2026-09-23T22-01-29-998Z_n-sweep_1-2-4-8-16-32-50,V0,,,,,,grant_admin_role,,,grantRole,0x2f2ff15d,,50799,1,,0xb518a3911be32f0a59dcaec3e43c7ec54010f07f3e473d550516b1aab1a18d6b
2026-09-23T22-01-29-998Z_n-sweep_1-2-4-8-16-32-50,V0,,,,,,revoke_deployer_admin_role,,,revokeRole,0xd547741f,,27116,1,,0x8cb08b8b6ca45600b76a431b4cd18aee2095374e00c890903bfaa28d83b5f82b
2026-09-23T22-01-29-998Z_n-sweep_1-2-4-8-16-32-50,V0,,16,A-maioria,,,delegate_admin,,,,0x5c19a95c,,95559,1,,0xfa43c1f7a1a1658c8aeac58119b26e806face10fc63ae3e18099942309f4d395
2026-09-23T22-01-29-998Z_n-sweep_1-2-4-8-16-32-50,V0,,16,A-maioria,,,delegate,,,,0x5c19a95c,,48347,1,,0xf96ae171d39b1290c248e3ee88c92c43e24751ff4aacf46bad404cad29a33e37
2026-09-23T22-01-29-998Z_n-sweep_1-2-4-8-16-32-50,V0,,16,A-maioria,,,delegate,,,,0x5c19a95c,,48335,1,,0x65ff74d2610d5c80f16dc62aa4e01b339a9ecd8c95911ae092d678a9792cdcb8
2026-09-23T22-01-29-998Z_n-sweep_1-2-4-8-16-32-50,V0,,16,A-maioria,,,delegate,,,,0x5c19a95c,,48347,1,,0xb06e4e18b389cc3c69848b844c44927f26087a909c0e4532a1ba892e8d7bac4c
2026-09-23T22-01-29-998Z_n-sweep_1-2-4-8-16-32-50,V0,,16,A-maioria,,,delegate,,,,0x5c19a95c,,48347,1,,0xfdc5c4ae6e458adbd0780d18d4ef20dca6b7a02f3efff2f7c0eec7590e340a41
2026-09-23T22-01-29-998Z_n-sweep_1-2-4-8-16-32-50,V0,,16,A-maioria,,,delegate,,,,0x5c19a95c,,48347,1,,0x5c4d4bc02e09949d860a2c409a26209335f7c4e4eca7ac13d0e60a5cf0d0f233
2026-09-23T22-01-29-998Z_n-sweep_1-2-4-8-16-32-50,V0,,16,A-maioria,,,delegate,,,,0x5c19a95c,,48347,1,,0x8eb2597a239d7d5a9d780141fa850308f21a221b62b2f0b2cd01922a25b294b2
2026-09-23T22-01-29-998Z_n-sweep_1-2-4-8-16-32-50,V0,,16,A-maioria,,,delegate,,,,0x5c19a95c,,48347,1,,0x61b0a2cbceae6ab3b47dbad41fbaa57485b4b4545814b177fb76f5e80989f4b6
2026-09-23T22-01-29-998Z_n-sweep_1-2-4-8-16-32-50,V0,,16,A-maioria,,,delegate,,,,0x5c19a95c,,48347,1,,0x8e8293e79ce57e8b2bd6c914c167b0ec5858ded7d332cc962607075acbcc0b43
2026-09-23T22-01-29-998Z_n-sweep_1-2-4-8-16-32-50,V0,,16,A-maioria,,,delegate,,,,0x5c19a95c,,48347,1,,0x700d26ece381a9328c0c0607c8015a890a8cc373fc0ec5e3e5957a9b1720c821
2026-09-23T22-01-29-998Z_n-sweep_1-2-4-8-16-32-50,V0,,16,A-maioria,,,delegate,,,,0x5c19a95c,,48335,1,,0x827f347ed9162ee5aa31942cb2cd15f5b7940183deaee5d4a11b6efe87452173
2026-09-23T22-01-29-998Z_n-sweep_1-2-4-8-16-32-50,V0,,16,A-maioria,,,delegate,,,,0x5c19a95c,,48347,1,,0x05e0616bb804c3cd4df19f7b0cf511dbcb6e9524c52bcfbf8b39223490cc0846
2026-09-23T22-01-29-998Z_n-sweep_1-2-4-8-16-32-50,V0,,16,A-maioria,,,delegate,,,,0x5c19a95c,,48347,1,,0x7409a97667b08d9b70b0d678843340d442fad8337ae46944499977e000325f92
2026-09-23T22-01-29-998Z_n-sweep_1-2-4-8-16-32-50,V0,,16,A-maioria,,,delegate,,,,0x5c19a95c,,48347,1,,0x06bc39c687cf89ca2626bc142b16cf4a83fd68b90155fd6344acd5c17148d8a6
2026-09-23T22-01-29-998Z_n-sweep_1-2-4-8-16-32-50,V0,,16,A-maioria,,,delegate,,,,0x5c19a95c,,48347,1,,0xe5d3691fe9ffad366e158fc098b74dd6635f083c235a6588c23e1d5313889cc9
2026-09-23T22-01-29-998Z_n-sweep_1-2-4-8-16-32-50,V0,,16,A-maioria,,,delegate,,,,0x5c19a95c,,48347,1,,0x75300fe9f7d70fbe306b3cefadf0423a64334a4470eee34e958b76b4418900c0
2026-09-23T22-01-29-998Z_n-sweep_1-2-4-8-16-32-50,V0,,16,A-maioria,,,delegate,,,,0x5c19a95c,,48347,1,,0xef2cf8fae96fa4c95b9eb5fc78e668af4f5126a23f921c90e15afdcffccd9bf9
2026-09-23T22-01-29-998Z_n-sweep_1-2-4-8-16-32-50,V0,,16,A-maioria,,,transfer,,,,0xa9059cbb,,135960,1,,0x9d2051ce1ac7772280ee95bb88f17e9d6d2578fc8bb5cf446ecc31be953ece96
2026-09-23T22-01-29-998Z_n-sweep_1-2-4-8-16-32-50,V0,,16,A-maioria,,,transfer,,,,0xa9059cbb,,135948,1,,0x3a4a298943ef01cc714afe43386e5742cf073e1f035be6fc7cbb5dfeed0493f0
2026-09-23T22-01-29-998Z_n-sweep_1-2-4-8-16-32-50,V0,,16,A-maioria,,,transfer,,,,0xa9059cbb,,135960,1,,0xd44510bb270dde35eff14b4a5a859736433c0ee8550691fdd95ee07cd99c95c6
2026-09-23T22-01-29-998Z_n-sweep_1-2-4-8-16-32-50,V0,,16,A-maioria,,,transfer,,,,0xa9059cbb,,135960,1,,0x63d205467f9416ccd0167cac0adeba7bd37f330003391c910238fd6d39d44d93
2026-09-23T22-01-29-998Z_n-sweep_1-2-4-8-16-32-50,V0,,16,A-maioria,,,transfer,,,,0xa9059cbb,,135960,1,,0xb3c9dc135bc39577971e96905eec64c6559bad01b2a06ea5376e696e1224dcde
2026-09-23T22-01-29-998Z_n-sweep_1-2-4-8-16-32-50,V0,,16,A-maioria,,,transfer,,,,0xa9059cbb,,135960,1,,0xb1ad3c2f5839ceda9ea23f9e801964e613c95948448563bf3c2b4cda05309531
2026-09-23T22-01-29-998Z_n-sweep_1-2-4-8-16-32-50,V0,,16,A-maioria,,,transfer,,,,0xa9059cbb,,135960,1,,0x0e8c2da5137db8ba2577088f9b4385a8b03e6bb749d506e3131715b6ab0e5c85
2026-09-23T22-01-29-998Z_n-sweep_1-2-4-8-16-32-50,V0,,16,A-maioria,,,transfer,,,,0xa9059cbb,,135960,1,,0xcc0dce854b4d22a13a4ee19c4382a43b7378b6dbf7459e801d2c21eaf406c0b3
2026-09-23T22-01-29-998Z_n-sweep_1-2-4-8-16-32-50,V0,,16,A-maioria,,,transfer,,,,0xa9059cbb,,135960,1,,0x34389a152f83ec0b3169ab7573cf459e4ff8bcef869ec65da6da6b0d63fcf965
2026-09-23T22-01-29-998Z_n-sweep_1-2-4-8-16-32-50,V0,,16,A-maioria,,,transfer,,,,0xa9059cbb,,135948,1,,0x299f4a4d3aaa7cddd715472eecd4b373cf92705af8c26fb1ecee302a0fb4879f
2026-09-23T22-01-29-998Z_n-sweep_1-2-4-8-16-32-50,V0,,16,A-maioria,,,transfer,,,,0xa9059cbb,,135960,1,,0xb238377ddc32c50ae1eecf6d5ef004977a9773a3ed7d4a7733ee2c54f9c86f9a
2026-09-23T22-01-29-998Z_n-sweep_1-2-4-8-16-32-50,V0,,16,A-maioria,,,transfer,,,,0xa9059cbb,,135960,1,,0xe6cba7e768e8f544e5f277d2fcf207d101cc00453070eca3afe77aeaab1e66a2
2026-09-23T22-01-29-998Z_n-sweep_1-2-4-8-16-32-50,V0,,16,A-maioria,,,transfer,,,,0xa9059cbb,,135960,1,,0x9c81e5a07e6bfd0ca52efa66d70f843f87beead64a024ffaec14204514567a4a
2026-09-23T22-01-29-998Z_n-sweep_1-2-4-8-16-32-50,V0,,16,A-maioria,,,transfer,,,,0xa9059cbb,,135960,1,,0x92ea0b3b1a4fc09939bde5de610cab2c9ee4919860af647811507c3f42e77406
2026-09-23T22-01-29-998Z_n-sweep_1-2-4-8-16-32-50,V0,,16,A-maioria,,,transfer,,,,0xa9059cbb,,135960,1,,0xca1c8911abf0980ae6c3603deb4c531c0c4af41602a546328a15a0fceb3594e8
2026-09-23T22-01-29-998Z_n-sweep_1-2-4-8-16-32-50,V0,,16,A-maioria,,,transfer,,,,0xa9059cbb,,135960,1,,0x51f7bdc75c4813064555dffa674146a5a204bbfdc6f6bc63abfa47c352cc9ab2
2026-09-23T22-01-29-998Z_n-sweep_1-2-4-8-16-32-50,V0,,16,A-maioria,,,propose,,,propose,0x7d5e81e2,WasteCategoryRegistry.updateCredits,63790,1,,0x6b3aa0a8c671d9ca8a5143d1f399ee5bde9650496a1f9ef6c40c8a6c82555be7
2026-09-23T22-01-29-998Z_n-sweep_1-2-4-8-16-32-50,V0,,16,A-maioria,,,vote,1,for,,0x56781388,,81887,1,,0x8ba5daa86bb59e153436956b94b1f396b30db6d4b8f9659d710a168559f9a5ee
2026-09-23T22-01-29-998Z_n-sweep_1-2-4-8-16-32-50,V0,,16,A-maioria,,,vote,2,for,,0x56781388,,64787,1,,0xd151f0cc86e3001cf4bb0ee4e6e74d5dc0f183af57d9169d730cd456d6a0bd66
2026-09-23T22-01-29-998Z_n-sweep_1-2-4-8-16-32-50,V0,,16,A-maioria,,,vote,3,for,,0x56781388,,64787,1,,0xcc8b4e8fc27a069014a80128423bf5a5deaf2db6ebe7179bc1b443fe44c5c2f6
2026-09-23T22-01-29-998Z_n-sweep_1-2-4-8-16-32-50,V0,,16,A-maioria,,,vote,4,for,,0x56781388,,64787,1,,0x7a49f0ab69cc8949df91be16f1b29b3e4d515f7a4c3043a8f5b83cc20080770d
2026-09-23T22-01-29-998Z_n-sweep_1-2-4-8-16-32-50,V0,,16,A-maioria,,,vote,5,for,,0x56781388,,64787,1,,0xa12938076b7d1f3d6bf182e03659726bce68ffd6299ae8079a83b81035f075e6
2026-09-23T22-01-29-998Z_n-sweep_1-2-4-8-16-32-50,V0,,16,A-maioria,,,vote,6,for,,0x56781388,,64787,1,,0xb9f576cf5e4b835626b1059895838f80a0c4e7e7908bc6cb60ae9d63bf259864
2026-09-23T22-01-29-998Z_n-sweep_1-2-4-8-16-32-50,V0,,16,A-maioria,,,vote,7,for,,0x56781388,,64787,1,,0x2c95b6e9b8040efc8134394184e7c070bcfa7d6a0810c7a06cb7f65247ee0618
2026-09-23T22-01-29-998Z_n-sweep_1-2-4-8-16-32-50,V0,,16,A-maioria,,,vote,8,for,,0x56781388,,64787,1,,0x84500e6c401311691363c271764dd25962b13a39f37854b97999791e0280187f
2026-09-23T22-01-29-998Z_n-sweep_1-2-4-8-16-32-50,V0,,16,A-maioria,,,vote,9,for,,0x56781388,,64787,1,,0x26cedd4617b5686247ba119eeb0f27560d70dd1c0be69972741bbdc5c41f1c8b
2026-09-23T22-01-29-998Z_n-sweep_1-2-4-8-16-32-50,V0,,16,A-maioria,,,vote,1,against,,0x56781388,,81835,1,,0xe350e37d89831f9bc5c4f665cd45c097354f7727478edf454a7074c1625e46a3
2026-09-23T22-01-29-998Z_n-sweep_1-2-4-8-16-32-50,V0,,16,A-maioria,,,vote,2,against,,0x56781388,,64735,1,,0xd2aa0acd9c8134ca1b413d52d1ef29a80ec071574fe0e88223f73b735f6514f0
2026-09-23T22-01-29-998Z_n-sweep_1-2-4-8-16-32-50,V0,,16,A-maioria,,,vote,3,against,,0x56781388,,64735,1,,0xc83024665fdd1309668d4e4cf046baefb3abdec3a53b7a38733ef4312079867d
2026-09-23T22-01-29-998Z_n-sweep_1-2-4-8-16-32-50,V0,,16,A-maioria,,,vote,4,against,,0x56781388,,64735,1,,0xd850ad9351dd9e7f9182ea941a41dc59b30dbdc69b4a8faddf766bb9212b2597
2026-09-23T22-01-29-998Z_n-sweep_1-2-4-8-16-32-50,V0,,16,A-maioria,,,vote,5,against,,0x56781388,,64735,1,,0x61be6c1c4d96230e767fa13ffa2838c1a6b23b0bb624eec7df57a55b7a6ef346
2026-09-23T22-01-29-998Z_n-sweep_1-2-4-8-16-32-50,V0,,16,A-maioria,,,vote,6,against,,0x56781388,,64735,1,,0x6463a380e87918c1bcde4e950047864686635b9a7a8dc1cf909f526c785466e0
2026-09-23T22-01-29-998Z_n-sweep_1-2-4-8-16-32-50,V0,,16,A-maioria,,,vote,7,against,,0x56781388,,64735,1,,0x9828a937dcfc5afaaad2a357c63ce7b944693cde78a6e461feff53918fc04c48
2026-09-23T22-01-29-998Z_n-sweep_1-2-4-8-16-32-50,V0,,16,A-maioria,,,execute,,,execute,0x2656227d,WasteCategoryRegistry.updateCredits,60807,1,,0x1cdfb311279ceb99f1b95bb325fd075beec0f19fc57aec73cbe5ef12011b1606
2026-09-23T22-01-29-998Z_n-sweep_1-2-4-8-16-32-50,V1,T1,,,,,deploy_token_T1,,,constructor,0x61016060,,1621017,1,,0xece28f063ba256e8fc65152daf61fe745a7823e8ba387b1b661409f18f6dc4cc
2026-09-23T22-01-29-998Z_n-sweep_1-2-4-8-16-32-50,V1,,,,,,deploy_registry,,,constructor,0x60806040,,4590964,1,,0x9005486642112873086c0faf3a06ce7199e3377186a80eb6eea4235f5e1c6f56
2026-09-23T22-01-29-998Z_n-sweep_1-2-4-8-16-32-50,V1,,,,,,deploy_governor_V1,,,constructor,0x6101c080,,2141155,1,,0xcbf032b87647649d09648621f7d61fb312aee4174486ee6f404819243ac59ca9
2026-09-23T22-01-29-998Z_n-sweep_1-2-4-8-16-32-50,V1,,,,,,grant_admin_role,,,grantRole,0x2f2ff15d,,50799,1,,0xfdc9a3875129e16eb4a0e6527cfb2e5662449c13660398cf3b7c723db6d0e009
2026-09-23T22-01-29-998Z_n-sweep_1-2-4-8-16-32-50,V1,,,,,,revoke_deployer_admin_role,,,revokeRole,0xd547741f,,27116,1,,0xc189311656167d1c4c211ee1c4f5143a8df64ff72cb449ebf7ec77ff2fd0bcbb
2026-09-23T22-01-29-998Z_n-sweep_1-2-4-8-16-32-50,V1,,16,A-maioria,,,delegate_admin,,,,0x5c19a95c,,95559,1,,0xd4695df7ceba86e36d8d32ccf756640823a0c1b729cf20e3a0b632c08e38ee6a
2026-09-23T22-01-29-998Z_n-sweep_1-2-4-8-16-32-50,V1,,16,A-maioria,,,delegate,,,,0x5c19a95c,,48347,1,,0x81d5bf8e96fad9ce8b5230dc73abbeb313b25fcb2932728690f357e6b4e905b9
2026-09-23T22-01-29-998Z_n-sweep_1-2-4-8-16-32-50,V1,,16,A-maioria,,,delegate,,,,0x5c19a95c,,48335,1,,0x92147b8c796bc2b0f21acc979799bbf4c5b5033d9d67806a8ad6842fe03d41df
2026-09-23T22-01-29-998Z_n-sweep_1-2-4-8-16-32-50,V1,,16,A-maioria,,,delegate,,,,0x5c19a95c,,48347,1,,0xfff43b85310b182c6fdaa6a0b82056393aba2572b23e543b42f064dc4690e2fc
2026-09-23T22-01-29-998Z_n-sweep_1-2-4-8-16-32-50,V1,,16,A-maioria,,,delegate,,,,0x5c19a95c,,48347,1,,0xd65054394087a126f7201b8caf565d34e4b8e2c37299a2eb2e8e1e169e8753b2
2026-09-23T22-01-29-998Z_n-sweep_1-2-4-8-16-32-50,V1,,16,A-maioria,,,delegate,,,,0x5c19a95c,,48347,1,,0x0c6ee11e6f4f09c9119d3c03df89d743f104be74b800d0b47cbfa2e1629e917b
2026-09-23T22-01-29-998Z_n-sweep_1-2-4-8-16-32-50,V1,,16,A-maioria,,,delegate,,,,0x5c19a95c,,48347,1,,0x9e4c58d93f5292a4566258e1c10f556eb9dc4074e322b7c357bf5ad65da50cae
2026-09-23T22-01-29-998Z_n-sweep_1-2-4-8-16-32-50,V1,,16,A-maioria,,,delegate,,,,0x5c19a95c,,48347,1,,0x6ebf0fe5777b4feb07a84b604e7094e789e104c0aa39284dccf1b9da9c17904e
2026-09-23T22-01-29-998Z_n-sweep_1-2-4-8-16-32-50,V1,,16,A-maioria,,,delegate,,,,0x5c19a95c,,48347,1,,0xfe42119cc5b68fbfd433dffe547dcf50b55480a011d31795da0f08ec660c70b3
2026-09-23T22-01-29-998Z_n-sweep_1-2-4-8-16-32-50,V1,,16,A-maioria,,,delegate,,,,0x5c19a95c,,48347,1,,0x1cd5ec1a28c590b58fdf7467e7fffeb349eed4d261a6e6dd6bbe64d73d17bd59
2026-09-23T22-01-29-998Z_n-sweep_1-2-4-8-16-32-50,V1,,16,A-maioria,,,delegate,,,,0x5c19a95c,,48335,1,,0x44f126ec5cf68cfd276b82e1245a8bb78ca6d635813f085d1a125f483e4d5924
2026-09-23T22-01-29-998Z_n-sweep_1-2-4-8-16-32-50,V1,,16,A-maioria,,,delegate,,,,0x5c19a95c,,48347,1,,0xe3c56247fde6ff45e5ce391eac68170bdc36be578302a953ddcf8384ecd07aa8
2026-09-23T22-01-29-998Z_n-sweep_1-2-4-8-16-32-50,V1,,16,A-maioria,,,delegate,,,,0x5c19a95c,,48347,1,,0x97563cc4398d7b02943ad3e3ef1bdae06351c02ad3fb2d2b948579fc1d32295f
2026-09-23T22-01-29-998Z_n-sweep_1-2-4-8-16-32-50,V1,,16,A-maioria,,,delegate,,,,0x5c19a95c,,48347,1,,0x2254c00b60e2f0581478274e6123b6295b391cc3698f1951fb660335b3cd6c33
2026-09-23T22-01-29-998Z_n-sweep_1-2-4-8-16-32-50,V1,,16,A-maioria,,,delegate,,,,0x5c19a95c,,48347,1,,0xc3e2689cb93afecc73f02fe2fc704ca424bfebf2840b02e15e94e2eacaca6d1c
2026-09-23T22-01-29-998Z_n-sweep_1-2-4-8-16-32-50,V1,,16,A-maioria,,,delegate,,,,0x5c19a95c,,48347,1,,0xf481a9d9df12d0c5f7b29cc5bd284c8ca3e14873afc209155e790bf19f68d897
2026-09-23T22-01-29-998Z_n-sweep_1-2-4-8-16-32-50,V1,,16,A-maioria,,,delegate,,,,0x5c19a95c,,48347,1,,0x8975637550f485546f85f8e6d9a6ed6447c7e76fff1ec5f6c9e76fb534393987
2026-09-23T22-01-29-998Z_n-sweep_1-2-4-8-16-32-50,V1,,16,A-maioria,,,transfer,,,,0xa9059cbb,,135960,1,,0xdd222b00fca52171e793193ffd85834d971539cb41bfa569e6c443334217eadd
2026-09-23T22-01-29-998Z_n-sweep_1-2-4-8-16-32-50,V1,,16,A-maioria,,,transfer,,,,0xa9059cbb,,135948,1,,0x8a79afcb52be6f90c33e1e815566c9ce69071c9b524c3a07ed1dedd801b5c7e3
2026-09-23T22-01-29-998Z_n-sweep_1-2-4-8-16-32-50,V1,,16,A-maioria,,,transfer,,,,0xa9059cbb,,135960,1,,0x930696174a43d4b193fbc0ef290f12a6fcc288e1ffbec19dccef94a271e40c5a
2026-09-23T22-01-29-998Z_n-sweep_1-2-4-8-16-32-50,V1,,16,A-maioria,,,transfer,,,,0xa9059cbb,,135960,1,,0xae2fb42a80146f85b63f82c9c164b8d1fb21ee265f5ae0e05ae2997b94c94e8b
2026-09-23T22-01-29-998Z_n-sweep_1-2-4-8-16-32-50,V1,,16,A-maioria,,,transfer,,,,0xa9059cbb,,135960,1,,0x4da24e5dd69239f6621bd3f6b49ad8282c299e4f035729dc5e3e57e0fa2d5cf5
2026-09-23T22-01-29-998Z_n-sweep_1-2-4-8-16-32-50,V1,,16,A-maioria,,,transfer,,,,0xa9059cbb,,135960,1,,0x78ed7677a72a68eff2d7f2feb88cdc6fa9ed96d419871d5a98fb78f60c90118d
2026-09-23T22-01-29-998Z_n-sweep_1-2-4-8-16-32-50,V1,,16,A-maioria,,,transfer,,,,0xa9059cbb,,135960,1,,0x295714d390a8a38a316fdd4e6aa1a6d91f67c27d366ad3abaec2f658fc78703e
2026-09-23T22-01-29-998Z_n-sweep_1-2-4-8-16-32-50,V1,,16,A-maioria,,,transfer,,,,0xa9059cbb,,135960,1,,0x766cac572d1b94c31c7eaa125eca5cc9577173f8fbf696afdde38559651e0d71
2026-09-23T22-01-29-998Z_n-sweep_1-2-4-8-16-32-50,V1,,16,A-maioria,,,transfer,,,,0xa9059cbb,,135960,1,,0x8150f759e197851e9b1f50af638e7de175ad2f0036cec81cddab423b6da1b532
2026-09-23T22-01-29-998Z_n-sweep_1-2-4-8-16-32-50,V1,,16,A-maioria,,,transfer,,,,0xa9059cbb,,135948,1,,0x37db5e98635fd505c2742f6f9ec14e14fa864bc75ac8bf700fe621ceb78ec7b1
2026-09-23T22-01-29-998Z_n-sweep_1-2-4-8-16-32-50,V1,,16,A-maioria,,,transfer,,,,0xa9059cbb,,135960,1,,0x2b98b2f0bfa050738696710d3077be31e7d18092ead2669ed0aab897397ef7c5
2026-09-23T22-01-29-998Z_n-sweep_1-2-4-8-16-32-50,V1,,16,A-maioria,,,transfer,,,,0xa9059cbb,,135960,1,,0x2cd6a8d19ba5eee525ca7478c59ef562956789c879ecb628465092751d63f675
2026-09-23T22-01-29-998Z_n-sweep_1-2-4-8-16-32-50,V1,,16,A-maioria,,,transfer,,,,0xa9059cbb,,135960,1,,0x894a856067085ca6a85eef4e0e038f211e095cc7a1c2a4c0df57044a32321a71
2026-09-23T22-01-29-998Z_n-sweep_1-2-4-8-16-32-50,V1,,16,A-maioria,,,transfer,,,,0xa9059cbb,,135960,1,,0xf9b9050027aa6c6847ff83cfbc53f49eb269adbeefd72c132c17e6bd1f164eda
2026-09-23T22-01-29-998Z_n-sweep_1-2-4-8-16-32-50,V1,,16,A-maioria,,,transfer,,,,0xa9059cbb,,135960,1,,0x95e1e72f055da737df7dd466bafd3e18c1a9a5ceb0628e78d919152d872698ac
2026-09-23T22-01-29-998Z_n-sweep_1-2-4-8-16-32-50,V1,,16,A-maioria,,,transfer,,,,0xa9059cbb,,135960,1,,0x9a970a784adbfb9310ca85d585c32690c45a878597f869edefc96888379a0904
2026-09-23T22-01-29-998Z_n-sweep_1-2-4-8-16-32-50,V1,,16,A-maioria,,,propose,,,propose,0x7d5e81e2,WasteCategoryRegistry.updateCredits,63790,1,,0xfae078c1749711cd2ff4d9479f573181b754d63d60b568f22a5a0e0be989a205
2026-09-23T22-01-29-998Z_n-sweep_1-2-4-8-16-32-50,V1,,16,A-maioria,,,vote,1,for,,0x56781388,,82468,1,,0x76a0f511022c1f9a8b1e1b72595bcfe9df007480d8e03b7f5853544941f1ad83
2026-09-23T22-01-29-998Z_n-sweep_1-2-4-8-16-32-50,V1,,16,A-maioria,,,vote,2,for,,0x56781388,,65368,1,,0xcd9f7c3e1ff8abf4580a6ccde9e3f9e4627b0ae84c726ee48e088fc2e37e6976
2026-09-23T22-01-29-998Z_n-sweep_1-2-4-8-16-32-50,V1,,16,A-maioria,,,vote,3,for,,0x56781388,,65368,1,,0xd550d482833bb8128678dcb552c5503a50fa1e27d2b09c5f6edc3e93cbfd868d
2026-09-23T22-01-29-998Z_n-sweep_1-2-4-8-16-32-50,V1,,16,A-maioria,,,vote,4,for,,0x56781388,,65368,1,,0xac0b1531af4ceba89e6cb0be61b7d4dceb1fc5a72567ba71c5982ddd41993c09
2026-09-23T22-01-29-998Z_n-sweep_1-2-4-8-16-32-50,V1,,16,A-maioria,,,vote,5,for,,0x56781388,,65368,1,,0xdacce1dc270255778fe51d1cbed0cdad0e2442c68509674268024b0c07c1df12
2026-09-23T22-01-29-998Z_n-sweep_1-2-4-8-16-32-50,V1,,16,A-maioria,,,vote,6,for,,0x56781388,,65368,1,,0x3a7c29444f8c2e3e2b4e793b187e813ad31c769bda91e2fc99a4f870b24a3812
2026-09-23T22-01-29-998Z_n-sweep_1-2-4-8-16-32-50,V1,,16,A-maioria,,,vote,7,for,,0x56781388,,65368,1,,0x92ea619357c188d35c198e50484c490fbca57f39d097fc20301687ed5a55d001
2026-09-23T22-01-29-998Z_n-sweep_1-2-4-8-16-32-50,V1,,16,A-maioria,,,vote,8,for,,0x56781388,,65368,1,,0x7dfd4aaa162d0a788c0f5844c5c16882dbccf0674751e2181ab4c49d5f5c2d7d
2026-09-23T22-01-29-998Z_n-sweep_1-2-4-8-16-32-50,V1,,16,A-maioria,,,vote,9,for,,0x56781388,,65368,1,,0x818dba081b8882538162f2b6fc3be15e8f29d0db381cff7c0564a35db748671e
2026-09-23T22-01-29-998Z_n-sweep_1-2-4-8-16-32-50,V1,,16,A-maioria,,,vote,1,against,,0x56781388,,82416,1,,0x3db3bdf63a1531a2deb8016174971d90a1c8349cc0f8dd8ad9498ae3a15818bc
2026-09-23T22-01-29-998Z_n-sweep_1-2-4-8-16-32-50,V1,,16,A-maioria,,,vote,2,against,,0x56781388,,65316,1,,0x7c707c72830ba2441b68be1a85f7e1d740a2b0bf58869ad9eeeea8fb56af00c9
2026-09-23T22-01-29-998Z_n-sweep_1-2-4-8-16-32-50,V1,,16,A-maioria,,,vote,3,against,,0x56781388,,65316,1,,0xa8e062d8bfd45fb9098ed32756b063db88a685feaa5d8527a3b04d936e692423
2026-09-23T22-01-29-998Z_n-sweep_1-2-4-8-16-32-50,V1,,16,A-maioria,,,vote,4,against,,0x56781388,,65316,1,,0x92a235e0b6b45a4c01bc19ccab3463b45a0d0c6e6ef6a18b7b86b68a21465c87
2026-09-23T22-01-29-998Z_n-sweep_1-2-4-8-16-32-50,V1,,16,A-maioria,,,vote,5,against,,0x56781388,,65316,1,,0x9cff5b4f526ddd78359cff7926e15590da7f56363c1d60b3a2a20cf1812e282c
2026-09-23T22-01-29-998Z_n-sweep_1-2-4-8-16-32-50,V1,,16,A-maioria,,,vote,6,against,,0x56781388,,65316,1,,0xa68a576535f96022336236aa16f5cefb4b9e5fa2e5d0df8a7b40ff1d25a55278
2026-09-23T22-01-29-998Z_n-sweep_1-2-4-8-16-32-50,V1,,16,A-maioria,,,vote,7,against,,0x56781388,,65316,1,,0x97e52770cc9fc8cf31a4540b99776764bc20700eab6426d3df49579a1ad43316
2026-09-23T22-01-29-998Z_n-sweep_1-2-4-8-16-32-50,V1,,16,A-maioria,,,execute,,,execute,0x2656227d,WasteCategoryRegistry.updateCredits,60807,1,,0x5ea09e1cb63681e84973c3a2c7924399409ad87c0a2c378e0cd8dafa8cc0b7f2
2026-09-23T22-01-29-998Z_n-sweep_1-2-4-8-16-32-50,V2,T1,,,,,deploy_token_T1,,,constructor,0x61016060,,1621017,1,,0xece28f063ba256e8fc65152daf61fe745a7823e8ba387b1b661409f18f6dc4cc
2026-09-23T22-01-29-998Z_n-sweep_1-2-4-8-16-32-50,V2,,,,,,deploy_registry,,,constructor,0x60806040,,4590964,1,,0x9005486642112873086c0faf3a06ce7199e3377186a80eb6eea4235f5e1c6f56
2026-09-23T22-01-29-998Z_n-sweep_1-2-4-8-16-32-50,V2,,,,,,deploy_governor_V2,,,constructor,0x6101e080,,2178840,1,,0xa32c9f3d540c0ae9eee563ea02a53e3c1648afde51e09209202bc2912d9a8532
2026-09-23T22-01-29-998Z_n-sweep_1-2-4-8-16-32-50,V2,,,,,,grant_admin_role,,,grantRole,0x2f2ff15d,,50799,1,,0x0482dd737ad13e5cf9f342f77b7f4c8d4a60575e6613b501a7a433855227e65d
2026-09-23T22-01-29-998Z_n-sweep_1-2-4-8-16-32-50,V2,,,,,,revoke_deployer_admin_role,,,revokeRole,0xd547741f,,27116,1,,0xbf6c6756b6e885a31717a4b56f3c4fc35da4780ca84e075711ea97189f58ea3d
2026-09-23T22-01-29-998Z_n-sweep_1-2-4-8-16-32-50,V2,,16,A-maioria,,,delegate_admin,,,,0x5c19a95c,,95559,1,,0xe4ed125ff7fcf34a784094393e69d7b32184f90f45a88cf0e398ac5fe2329d50
2026-09-23T22-01-29-998Z_n-sweep_1-2-4-8-16-32-50,V2,,16,A-maioria,,,delegate,,,,0x5c19a95c,,48347,1,,0x8e5cf2e817455991c3f88244f29b95e3c5703efb253d16587c3e019ace8ed4aa
2026-09-23T22-01-29-998Z_n-sweep_1-2-4-8-16-32-50,V2,,16,A-maioria,,,delegate,,,,0x5c19a95c,,48335,1,,0x3a4d0b938991cc6665fddf48aab742d27a2480134e4cb1cf5b844b9724575405
2026-09-23T22-01-29-998Z_n-sweep_1-2-4-8-16-32-50,V2,,16,A-maioria,,,delegate,,,,0x5c19a95c,,48347,1,,0x8df16e2387da0d9fa03469e487a72815c7ad0f22d2e3631bfcd3e8532e84566f
2026-09-23T22-01-29-998Z_n-sweep_1-2-4-8-16-32-50,V2,,16,A-maioria,,,delegate,,,,0x5c19a95c,,48347,1,,0x95612e3ccf4e98f664cb62c90a18fd3142e8f5668db18fb82a400652a6b96b06
2026-09-23T22-01-29-998Z_n-sweep_1-2-4-8-16-32-50,V2,,16,A-maioria,,,delegate,,,,0x5c19a95c,,48347,1,,0x8cfbd9c8afd095297879c4ea5a6d41c276c3b770abd2f751b06ec63384df15d6
2026-09-23T22-01-29-998Z_n-sweep_1-2-4-8-16-32-50,V2,,16,A-maioria,,,delegate,,,,0x5c19a95c,,48347,1,,0x96ff47bd12ed3260165a9b3c82bacf4a9f1cfd47a5f8548491ee35c1066f2e38
2026-09-23T22-01-29-998Z_n-sweep_1-2-4-8-16-32-50,V2,,16,A-maioria,,,delegate,,,,0x5c19a95c,,48347,1,,0x3c7464a5135ef0630048da3b891f6f95d941c4b44dfb27d1230d6c7015af52d6
2026-09-23T22-01-29-998Z_n-sweep_1-2-4-8-16-32-50,V2,,16,A-maioria,,,delegate,,,,0x5c19a95c,,48347,1,,0xcef7f0dbdf22e7ddd7612e11e8e4d04d07ff7ed50742fa593a04379c3fb4c79a
2026-09-23T22-01-29-998Z_n-sweep_1-2-4-8-16-32-50,V2,,16,A-maioria,,,delegate,,,,0x5c19a95c,,48347,1,,0x2a05bf2175c5ddc1c903f568e1aef2d66314124f75bcf8379ba8adf2782fee08
2026-09-23T22-01-29-998Z_n-sweep_1-2-4-8-16-32-50,V2,,16,A-maioria,,,delegate,,,,0x5c19a95c,,48335,1,,0xed076a3bb603efd5d8a71a2cc98ed4047b12d152a544a7d1d7a341433c9a4602
2026-09-23T22-01-29-998Z_n-sweep_1-2-4-8-16-32-50,V2,,16,A-maioria,,,delegate,,,,0x5c19a95c,,48347,1,,0x10be283a8ec30b680dc3aca50b759e0cf9c8afc082d9e83402cea754eca72a1f
2026-09-23T22-01-29-998Z_n-sweep_1-2-4-8-16-32-50,V2,,16,A-maioria,,,delegate,,,,0x5c19a95c,,48347,1,,0x2a30f5270f05f3f17e6177f9b77f58b934718ec7c2e872415fd5bb3af3d1a729
2026-09-23T22-01-29-998Z_n-sweep_1-2-4-8-16-32-50,V2,,16,A-maioria,,,delegate,,,,0x5c19a95c,,48347,1,,0x8627a7ad29f66cec2d29399f287974e7802b96ce1c1094b9f03f71ebb4aee554
2026-09-23T22-01-29-998Z_n-sweep_1-2-4-8-16-32-50,V2,,16,A-maioria,,,delegate,,,,0x5c19a95c,,48347,1,,0x09935171751aaaad6b28f8c0a6e1389d805ea4048b73d32206a0f9fb56fe6526
2026-09-23T22-01-29-998Z_n-sweep_1-2-4-8-16-32-50,V2,,16,A-maioria,,,delegate,,,,0x5c19a95c,,48347,1,,0xcc0bb7cbd2d0f3f8fa2b739bbaa5db203755fbd70b3eefc00d112f1bb589ceaf
2026-09-23T22-01-29-998Z_n-sweep_1-2-4-8-16-32-50,V2,,16,A-maioria,,,delegate,,,,0x5c19a95c,,48347,1,,0xc76339288f99a2e44a4485a1794ebb0cad6215adbb061dde8b472b5783d68437
2026-09-23T22-01-29-998Z_n-sweep_1-2-4-8-16-32-50,V2,,16,A-maioria,,,transfer,,,,0xa9059cbb,,135960,1,,0xb836d62feb297e668e346c78d0b20d52a7b9821222625c27e5c0ef2143a41b4e
2026-09-23T22-01-29-998Z_n-sweep_1-2-4-8-16-32-50,V2,,16,A-maioria,,,transfer,,,,0xa9059cbb,,135948,1,,0xeec073fdf6c2881d67acfddce89c8a39f28ac881e6a86c1401774c2c6f4c8ce8
2026-09-23T22-01-29-998Z_n-sweep_1-2-4-8-16-32-50,V2,,16,A-maioria,,,transfer,,,,0xa9059cbb,,135960,1,,0x33e39fa04f92fbbd9aa58fabf58a668f164049ae4f8233ca2e7421889732783b
2026-09-23T22-01-29-998Z_n-sweep_1-2-4-8-16-32-50,V2,,16,A-maioria,,,transfer,,,,0xa9059cbb,,135960,1,,0x81477eec290eb018116786644c793bf9e54b85f9b9211615b0daf364546023cf
2026-09-23T22-01-29-998Z_n-sweep_1-2-4-8-16-32-50,V2,,16,A-maioria,,,transfer,,,,0xa9059cbb,,135960,1,,0x140f510894d20886aa01692e058b4b6b270942eec09bb7a8d900d440748eb9c7
2026-09-23T22-01-29-998Z_n-sweep_1-2-4-8-16-32-50,V2,,16,A-maioria,,,transfer,,,,0xa9059cbb,,135960,1,,0xf1a302c48b8ca440e920d472261ca95fc5bd198ac019b47d653558d7f4aa5e61
2026-09-23T22-01-29-998Z_n-sweep_1-2-4-8-16-32-50,V2,,16,A-maioria,,,transfer,,,,0xa9059cbb,,135960,1,,0x5d854896984ec999b47248d46879a46855e5f69e0b9c3fd33c03a51ab9d8e3fb
2026-09-23T22-01-29-998Z_n-sweep_1-2-4-8-16-32-50,V2,,16,A-maioria,,,transfer,,,,0xa9059cbb,,135960,1,,0x20ea6bbd3d86dd63628e64a0f216e1c226cb46c80e0884e6185c2ff80d0495e0
2026-09-23T22-01-29-998Z_n-sweep_1-2-4-8-16-32-50,V2,,16,A-maioria,,,transfer,,,,0xa9059cbb,,135960,1,,0xc7158ea6c5ad90c8d4ba5f0649040f8441cc380aa11e64ebade66fc61fa24397
2026-09-23T22-01-29-998Z_n-sweep_1-2-4-8-16-32-50,V2,,16,A-maioria,,,transfer,,,,0xa9059cbb,,135948,1,,0x515f2e48dabcfc0496d2a5057f34c910872d475581580dc72ba87df918cd1f33
2026-09-23T22-01-29-998Z_n-sweep_1-2-4-8-16-32-50,V2,,16,A-maioria,,,transfer,,,,0xa9059cbb,,135960,1,,0x86e40a5b217a51edb94ee320d3c4ac158a3d160c5303cf22dd20358e01c2e72a
2026-09-23T22-01-29-998Z_n-sweep_1-2-4-8-16-32-50,V2,,16,A-maioria,,,transfer,,,,0xa9059cbb,,135960,1,,0x295ea3a0574c4a4a0638c8b748f99cca7b1dc03b7a86cbaa09862263afd0e56b
2026-09-23T22-01-29-998Z_n-sweep_1-2-4-8-16-32-50,V2,,16,A-maioria,,,transfer,,,,0xa9059cbb,,135960,1,,0x09f7076225d56e8567870bdb08c98c02711d79fb176367a3acd546d4fe5054ba
2026-09-23T22-01-29-998Z_n-sweep_1-2-4-8-16-32-50,V2,,16,A-maioria,,,transfer,,,,0xa9059cbb,,135960,1,,0xfedae9a29adf6903ed30e6fbe1cbf04fb962ae3696a638e3bdd85384244e2f89
2026-09-23T22-01-29-998Z_n-sweep_1-2-4-8-16-32-50,V2,,16,A-maioria,,,transfer,,,,0xa9059cbb,,135960,1,,0xcd7f4eeb23ab8f1523a1f3b3ccb9fa84ccaee9d7ea0e7acc3867478b556e7c66
2026-09-23T22-01-29-998Z_n-sweep_1-2-4-8-16-32-50,V2,,16,A-maioria,,,transfer,,,,0xa9059cbb,,135960,1,,0x1107214fe3d15d73a46b0972e8a23e11eea18adbc85ae8cffde0e60620558e0e
2026-09-23T22-01-29-998Z_n-sweep_1-2-4-8-16-32-50,V2,,16,A-maioria,,,propose,,,propose,0x7d5e81e2,WasteCategoryRegistry.updateCredits,63790,1,,0x06451ccce9259a951f5194b51ec59ddbc9c138b66d473c031ee3bfb7a09a967d
2026-09-23T22-01-29-998Z_n-sweep_1-2-4-8-16-32-50,V2,,16,A-maioria,,,vote,1,for,,0x56781388,,82468,1,,0x2ebbe3d7922ab06c38939cd0381a2ddfe67fa5c3e5a2fcdc4137924dcd7e2740
2026-09-23T22-01-29-998Z_n-sweep_1-2-4-8-16-32-50,V2,,16,A-maioria,,,vote,2,for,,0x56781388,,65368,1,,0xfc105fac3fd155e4586e4d5b02c02dc11e9c375016f523bedbb5a8394cda61ba
2026-09-23T22-01-29-998Z_n-sweep_1-2-4-8-16-32-50,V2,,16,A-maioria,,,vote,3,for,,0x56781388,,65368,1,,0x873b3340c19113e45af6785219d246bb5cf25018fdb3d5000ad6f5c409cffd19
2026-09-23T22-01-29-998Z_n-sweep_1-2-4-8-16-32-50,V2,,16,A-maioria,,,vote,4,for,,0x56781388,,65368,1,,0xb3fc09bba6c26d46545ed31e140f857d4747ba58979e1ec24154a48aed133f9d
2026-09-23T22-01-29-998Z_n-sweep_1-2-4-8-16-32-50,V2,,16,A-maioria,,,vote,5,for,,0x56781388,,65368,1,,0x0013e9bd4cab3fe420c2bb2eee0751b903d93e9a2eff13fd6a98cbe7a8e2da06
2026-09-23T22-01-29-998Z_n-sweep_1-2-4-8-16-32-50,V2,,16,A-maioria,,,vote,6,for,,0x56781388,,65368,1,,0xe42e6ea8514bf7f93afb7a9291daadf9a8355b471d57be225d53bc4c98b8581f
2026-09-23T22-01-29-998Z_n-sweep_1-2-4-8-16-32-50,V2,,16,A-maioria,,,vote,7,for,,0x56781388,,65368,1,,0x7b4e16ad7aa3a2c43ea105a630dc8b66bd2d532c3b0853bb5b67014ae89dae3f
2026-09-23T22-01-29-998Z_n-sweep_1-2-4-8-16-32-50,V2,,16,A-maioria,,,vote,8,for,,0x56781388,,65368,1,,0xe87b6ce66591f82b10dddaf9472d6ac745c52b00700bf950b45ab2c1d1febd56
2026-09-23T22-01-29-998Z_n-sweep_1-2-4-8-16-32-50,V2,,16,A-maioria,,,vote,9,for,,0x56781388,,65368,1,,0x50bacb4611f80a708d540e809c1da3142b974d6ffe2b5a13f306441608b3dc90
2026-09-23T22-01-29-998Z_n-sweep_1-2-4-8-16-32-50,V2,,16,A-maioria,,,vote,1,against,,0x56781388,,82416,1,,0xcd9e57d822b1173d6f5b97829bd04bfeb1dcd07a56fb5f26c1ba461c83942d1b
2026-09-23T22-01-29-998Z_n-sweep_1-2-4-8-16-32-50,V2,,16,A-maioria,,,vote,2,against,,0x56781388,,65316,1,,0x3898f621d29847af8e61c6b146e0cf6c098a9b95c13517c1859b3ee5628124cb
2026-09-23T22-01-29-998Z_n-sweep_1-2-4-8-16-32-50,V2,,16,A-maioria,,,vote,3,against,,0x56781388,,65316,1,,0x7d5f40d5dbb19fd4abeb48dc70617f9c8cccb0ff46f6337f365573341ec8f577
2026-09-23T22-01-29-998Z_n-sweep_1-2-4-8-16-32-50,V2,,16,A-maioria,,,vote,4,against,,0x56781388,,65316,1,,0x51dfed1374cc6cced6f7b8cffce392bbd7d438b3cdf8180dc7aef514cbb9b265
2026-09-23T22-01-29-998Z_n-sweep_1-2-4-8-16-32-50,V2,,16,A-maioria,,,vote,5,against,,0x56781388,,65316,1,,0x86c90c5f0a430ce13603e941c2efc2802fbffb4ad2385f80ef255ac7ecc7a35d
2026-09-23T22-01-29-998Z_n-sweep_1-2-4-8-16-32-50,V2,,16,A-maioria,,,vote,6,against,,0x56781388,,65316,1,,0xcb250cc63bf0806a4ddb4a3001fefbd1435cb79297a72e0c4f77ecf95f614741
2026-09-23T22-01-29-998Z_n-sweep_1-2-4-8-16-32-50,V2,,16,A-maioria,,,vote,7,against,,0x56781388,,65316,1,,0x549308a78079fed6e912dcfc83978d18d35d52b1a6df0b1e4e70107a9a8f9240
2026-09-23T22-01-29-998Z_n-sweep_1-2-4-8-16-32-50,V2,,16,A-maioria,,,execute,,,execute,0x2656227d,WasteCategoryRegistry.updateCredits,60847,1,,0xac125277e5f527d096ad59d41a46d6bfa6cfcb3676d8a076d864943fa5512de9
2026-09-23T22-01-29-998Z_n-sweep_1-2-4-8-16-32-50,Ref,T1,,,,,deploy_token_T1,,,constructor,0x61016060,,1621017,1,,0x8a423d158719dafa7ff4b82bcd6f6a5661f61c993e6aaede0acbe21a849af082
2026-09-23T22-01-29-998Z_n-sweep_1-2-4-8-16-32-50,Ref,,,,,,deploy_registry,,,constructor,0x60806040,,4590964,1,,0x9005486642112873086c0faf3a06ce7199e3377186a80eb6eea4235f5e1c6f56
2026-09-23T22-01-29-998Z_n-sweep_1-2-4-8-16-32-50,Ref,,,,,,deploy_rewards_registry_for_ctor,,,constructor,0x60806040,,4590964,1,,0x484f4210d177094deb4832deb5e459c708c732becb1881e1d1417503c177d84a
2026-09-23T22-01-29-998Z_n-sweep_1-2-4-8-16-32-50,Ref,,,,,,deploy_credit,,,constructor,0x60806040,,931954,1,,0xda6265176213799bfac2d03545eb38f6f6d6d978852db5e040dec6bdc95b6a46
2026-09-23T22-01-29-998Z_n-sweep_1-2-4-8-16-32-50,Ref,,,,,,deploy_passport,,,constructor,0x60806040,,2776581,1,,0xe5a36162780b85ac2b217350036da2286056186a02d74234dd0980865a07c217
2026-09-23T22-01-29-998Z_n-sweep_1-2-4-8-16-32-50,Ref,,,,,,deploy_rewards,,,constructor,0x60803461,,1246140,1,,0x748f3eef423a29001e508633e407c909b25f0e6a89b560856468f0ac6655c439
2026-09-23T22-01-29-998Z_n-sweep_1-2-4-8-16-32-50,Ref,,,,,,deploy_stakeholders,,,constructor,0x60803461,,1679823,1,,0xd4be2e468d589ae7e76ff2c292757707613e73c2a9e8f4c774280b5fd0991072
2026-09-23T22-01-29-998Z_n-sweep_1-2-4-8-16-32-50,Ref,,,,,,deploy_governor_Ref,,,constructor,0x61018060,,4434623,1,,0xd1b6a3d1f944bdfe5c399ebf7a1e6ed8a76e5b5acd93cdfc3d211571cbc50a6e
2026-09-23T22-01-29-998Z_n-sweep_1-2-4-8-16-32-50,Ref,,,,,,grant_admin_role,,,grantRole,0x2f2ff15d,,50799,1,,0x9477ec21ceecb8e71e570a8e5c711d060981c6dc53217d4071b2c7d012604374
2026-09-23T22-01-29-998Z_n-sweep_1-2-4-8-16-32-50,Ref,,,,,,revoke_deployer_admin_role,,,revokeRole,0xd547741f,,27116,1,,0x4571f6b2b82c72e95dbfd028346a3c95cee362f1cdc4e946338a9d1e56d58c09
2026-09-23T22-01-29-998Z_n-sweep_1-2-4-8-16-32-50,Ref,,16,A-maioria,,,delegate_admin,,,,0x5c19a95c,,95559,1,,0xfca7f8e34a7a367a38495092e6c6ae53f6f6bbc6c6cdd047fed83c770b76a8c9
2026-09-23T22-01-29-998Z_n-sweep_1-2-4-8-16-32-50,Ref,,16,A-maioria,,,delegate,,,,0x5c19a95c,,48347,1,,0x2f1db724527155bbb87015320f4de9a632dd20bb0d57eddcbd649b18207511a9
2026-09-23T22-01-29-998Z_n-sweep_1-2-4-8-16-32-50,Ref,,16,A-maioria,,,delegate,,,,0x5c19a95c,,48335,1,,0x8b0e52e67c302dbb4252eb6f968ee138c191eb8205be72d37b64b0c5ee99cc0e
2026-09-23T22-01-29-998Z_n-sweep_1-2-4-8-16-32-50,Ref,,16,A-maioria,,,delegate,,,,0x5c19a95c,,48347,1,,0x1a5bd05dacedf9e3acc8ca8d92b6aea9cf2aa84f70c77d04dab2d0257070356f
2026-09-23T22-01-29-998Z_n-sweep_1-2-4-8-16-32-50,Ref,,16,A-maioria,,,delegate,,,,0x5c19a95c,,48347,1,,0x05f7d9fd7d2dcae80248756e17e23af4963c07b10ebe32e7c079f468806ce249
2026-09-23T22-01-29-998Z_n-sweep_1-2-4-8-16-32-50,Ref,,16,A-maioria,,,delegate,,,,0x5c19a95c,,48347,1,,0xc692236193a870ec74b2ae8543ffbfe39b6bd5462442ea5a4e078b2d3116adeb
2026-09-23T22-01-29-998Z_n-sweep_1-2-4-8-16-32-50,Ref,,16,A-maioria,,,delegate,,,,0x5c19a95c,,48347,1,,0x69a8f9be879966443d3229422f1c20ad3c5a2104215131e80047b7236df1a439
2026-09-23T22-01-29-998Z_n-sweep_1-2-4-8-16-32-50,Ref,,16,A-maioria,,,delegate,,,,0x5c19a95c,,48347,1,,0x14477638203890fae6e03b6d8872fdc619692fcbe0c9a0a0fd173ec8ce55cf6a
2026-09-23T22-01-29-998Z_n-sweep_1-2-4-8-16-32-50,Ref,,16,A-maioria,,,delegate,,,,0x5c19a95c,,48347,1,,0x9f65b07d974009afeb2495f5f83544615b836d4a15a53225fe23457a4ef7529a
2026-09-23T22-01-29-998Z_n-sweep_1-2-4-8-16-32-50,Ref,,16,A-maioria,,,delegate,,,,0x5c19a95c,,48347,1,,0xa0971290a91aaca9bef42b2510df553f4ebee2f2d38ba046d76d2691243fb7dd
2026-09-23T22-01-29-998Z_n-sweep_1-2-4-8-16-32-50,Ref,,16,A-maioria,,,delegate,,,,0x5c19a95c,,48335,1,,0xf4bd663b316a97cdf28dc55b27e731573031aea8aab195f90366a39b05dc631b
2026-09-23T22-01-29-998Z_n-sweep_1-2-4-8-16-32-50,Ref,,16,A-maioria,,,delegate,,,,0x5c19a95c,,48347,1,,0x55e216d1fd4a57f4b14ecf096eae768c82f748bc8c3f110c2fc2ba1820ce2744
2026-09-23T22-01-29-998Z_n-sweep_1-2-4-8-16-32-50,Ref,,16,A-maioria,,,delegate,,,,0x5c19a95c,,48347,1,,0xbeccf0fe707163bf021a0c3ffd89fd06dd965e84aaeeb5376b88e31618e0b3ef
2026-09-23T22-01-29-998Z_n-sweep_1-2-4-8-16-32-50,Ref,,16,A-maioria,,,delegate,,,,0x5c19a95c,,48347,1,,0xed73e3faa352679f7bf43132dd18ad217d7dffba0cc24f3713a202326244db62
2026-09-23T22-01-29-998Z_n-sweep_1-2-4-8-16-32-50,Ref,,16,A-maioria,,,delegate,,,,0x5c19a95c,,48347,1,,0x5374bf6eb24d592b0acaebd034fe51028190ab20647a23e2d7f82be4b0b4b62a
2026-09-23T22-01-29-998Z_n-sweep_1-2-4-8-16-32-50,Ref,,16,A-maioria,,,delegate,,,,0x5c19a95c,,48347,1,,0x6aae91bc64c7d2f749cdc72d4c86dc056214e39b94dea5beb29c9770a782550c
2026-09-23T22-01-29-998Z_n-sweep_1-2-4-8-16-32-50,Ref,,16,A-maioria,,,delegate,,,,0x5c19a95c,,48347,1,,0x0ec09445c5c783300c5f7634f26cc80e02bfc4833b0c856f952ea96a2adb5606
2026-09-23T22-01-29-998Z_n-sweep_1-2-4-8-16-32-50,Ref,,16,A-maioria,,,transfer,,,,0xa9059cbb,,135960,1,,0x434b98a72067cb327a9eac3a342b7f47ca18effbd1b40d0224b82fb27ad512e0
2026-09-23T22-01-29-998Z_n-sweep_1-2-4-8-16-32-50,Ref,,16,A-maioria,,,transfer,,,,0xa9059cbb,,135948,1,,0xc8ccca71ba2311545fd7543aa69516b8a372bce0c8f41848d3bcd3ba3c44779a
2026-09-23T22-01-29-998Z_n-sweep_1-2-4-8-16-32-50,Ref,,16,A-maioria,,,transfer,,,,0xa9059cbb,,135960,1,,0x925a617bc303f1b088cec680d74dd66843d5f4c3dc702b98f282bd0842b11957
2026-09-23T22-01-29-998Z_n-sweep_1-2-4-8-16-32-50,Ref,,16,A-maioria,,,transfer,,,,0xa9059cbb,,135960,1,,0x59a9abfa1d21895759a2db87a286cb9d34f755e39824632c3f50997395f11ee5
2026-09-23T22-01-29-998Z_n-sweep_1-2-4-8-16-32-50,Ref,,16,A-maioria,,,transfer,,,,0xa9059cbb,,135960,1,,0x709a0686f17bb479fda0f406b6c3c63838b08a4eaef022850866c3fc2071237b
2026-09-23T22-01-29-998Z_n-sweep_1-2-4-8-16-32-50,Ref,,16,A-maioria,,,transfer,,,,0xa9059cbb,,135960,1,,0xb0eac06619547e241ec35274f15509fb5c770db50192de6a1103406050a1438c
2026-09-23T22-01-29-998Z_n-sweep_1-2-4-8-16-32-50,Ref,,16,A-maioria,,,transfer,,,,0xa9059cbb,,135960,1,,0x51a2b6d5c32651b623f1d6c6d540db593effaf95342fa3f2319603e65ea66000
2026-09-23T22-01-29-998Z_n-sweep_1-2-4-8-16-32-50,Ref,,16,A-maioria,,,transfer,,,,0xa9059cbb,,135960,1,,0x13e4e034fa5ecff267597b9545aba150c38765efef59593d84dd5b6f670c7d51
2026-09-23T22-01-29-998Z_n-sweep_1-2-4-8-16-32-50,Ref,,16,A-maioria,,,transfer,,,,0xa9059cbb,,135960,1,,0xb50ca5dd46a975583d571c6bf23c67ae3e137f92737ba93d2ea1b9b4e7613c68
2026-09-23T22-01-29-998Z_n-sweep_1-2-4-8-16-32-50,Ref,,16,A-maioria,,,transfer,,,,0xa9059cbb,,135948,1,,0x4710c50cd82fb4f8ac04d723ac5c8d42c6543fdb3a9268342c0ae90e7ce7bc22
2026-09-23T22-01-29-998Z_n-sweep_1-2-4-8-16-32-50,Ref,,16,A-maioria,,,transfer,,,,0xa9059cbb,,135960,1,,0x1b245ffd7c4312f3b7eacced4fb57463afe5ce87642680cd5f65eae6187e1439
2026-09-23T22-01-29-998Z_n-sweep_1-2-4-8-16-32-50,Ref,,16,A-maioria,,,transfer,,,,0xa9059cbb,,135960,1,,0xd8557dba87cb129629f44383c80d70a6708f507e977241fbb62b88d35afebd94
2026-09-23T22-01-29-998Z_n-sweep_1-2-4-8-16-32-50,Ref,,16,A-maioria,,,transfer,,,,0xa9059cbb,,135960,1,,0xe994057952dc8d3e8a8666279ac41416a2fe0fb476cb3827b4db2e75fe136704
2026-09-23T22-01-29-998Z_n-sweep_1-2-4-8-16-32-50,Ref,,16,A-maioria,,,transfer,,,,0xa9059cbb,,135960,1,,0xb60ac622a66279a59148d696405bd2db92019f515117a73345c81cfc8fe2666f
2026-09-23T22-01-29-998Z_n-sweep_1-2-4-8-16-32-50,Ref,,16,A-maioria,,,transfer,,,,0xa9059cbb,,135960,1,,0x0583d0039c47214dc4d3794215cbfb5621cce4645ca4d52477e1dbef820be994
2026-09-23T22-01-29-998Z_n-sweep_1-2-4-8-16-32-50,Ref,,16,A-maioria,,,transfer,,,,0xa9059cbb,,135960,1,,0xeabacdab51ac72295bcf6e3a06331d102444daeebe0f93c75b37098f68e1b3a4
2026-09-23T22-01-29-998Z_n-sweep_1-2-4-8-16-32-50,Ref,,16,A-maioria,,,propose,,,propose,0x7d5e81e2,WasteCategoryRegistry.updateCredits,82066,1,,0x07a8a8e8f38eeb596a379f3b6578f33eafd95482fb5bf55e5b59f0141f2cba6c
2026-09-23T22-01-29-998Z_n-sweep_1-2-4-8-16-32-50,Ref,,16,A-maioria,,,vote,1,for,,0x56781388,,83098,1,,0xab39cd5953cf034eedbad8128638211f066a0e08baa099e3a021ffacc2adbcf7
2026-09-23T22-01-29-998Z_n-sweep_1-2-4-8-16-32-50,Ref,,16,A-maioria,,,vote,2,for,,0x56781388,,65998,1,,0xbc600c116e000026ca4a2cfeb2558efe870fbdbbffd324de5ce7192ff03771e8
2026-09-23T22-01-29-998Z_n-sweep_1-2-4-8-16-32-50,Ref,,16,A-maioria,,,vote,3,for,,0x56781388,,65998,1,,0x64cf711cce6c83f6ff566325a58af44a2c54feb9a28268d23388ca35d286c592
2026-09-23T22-01-29-998Z_n-sweep_1-2-4-8-16-32-50,Ref,,16,A-maioria,,,vote,4,for,,0x56781388,,65998,1,,0x2f9eca022d5eebe97ff6ec91584efcff01bc9407c6d55ac565c10aa1c5c2393a
2026-09-23T22-01-29-998Z_n-sweep_1-2-4-8-16-32-50,Ref,,16,A-maioria,,,vote,5,for,,0x56781388,,65998,1,,0x14b871271071e10bb2f227642e0d009f32600d4c5f2434af9f7a95f7180074e8
2026-09-23T22-01-29-998Z_n-sweep_1-2-4-8-16-32-50,Ref,,16,A-maioria,,,vote,6,for,,0x56781388,,65998,1,,0x5192fe06f72485a8bf215afe01974d808cb36c7227509ec424763edb32ff263f
2026-09-23T22-01-29-998Z_n-sweep_1-2-4-8-16-32-50,Ref,,16,A-maioria,,,vote,7,for,,0x56781388,,65998,1,,0x7a32a71c88946f5919b018273de27c8355888109a39efbae8e8eb7651ff327d7
2026-09-23T22-01-29-998Z_n-sweep_1-2-4-8-16-32-50,Ref,,16,A-maioria,,,vote,8,for,,0x56781388,,65998,1,,0x4d315c28e706150301b9e07b05395e3d5b25081d33410195b9fc39c17bce4490
2026-09-23T22-01-29-998Z_n-sweep_1-2-4-8-16-32-50,Ref,,16,A-maioria,,,vote,9,for,,0x56781388,,65998,1,,0xf5a2bbaab36c687ee29059e3fb28ef07ff7034bc7e282259a8941081e70536f7
2026-09-23T22-01-29-998Z_n-sweep_1-2-4-8-16-32-50,Ref,,16,A-maioria,,,vote,1,against,,0x56781388,,83057,1,,0x45c211ffa84d51ef887af82bdf1190ada49c498bf6267f43c20c88a3fd1511b8
2026-09-23T22-01-29-998Z_n-sweep_1-2-4-8-16-32-50,Ref,,16,A-maioria,,,vote,2,against,,0x56781388,,65957,1,,0x8f39bdba530844022979bdfd3ce12cf8d01eff4a14bb8c108a9f73736704aaee
2026-09-23T22-01-29-998Z_n-sweep_1-2-4-8-16-32-50,Ref,,16,A-maioria,,,vote,3,against,,0x56781388,,65957,1,,0x8916532ed03b86bfabb7a5f577612a04e02cccf4d4a3e91d4aeb845e8788e549
2026-09-23T22-01-29-998Z_n-sweep_1-2-4-8-16-32-50,Ref,,16,A-maioria,,,vote,4,against,,0x56781388,,65957,1,,0x585a8aee0cece89720a33e8d5fb3120290f556ceeb8e9c2567a71f6d382fd063
2026-09-23T22-01-29-998Z_n-sweep_1-2-4-8-16-32-50,Ref,,16,A-maioria,,,vote,5,against,,0x56781388,,65957,1,,0x933a4de3c45d0418a53f080be1381dfa27eddc8d4e39b9a207e9a9e455cc9c33
2026-09-23T22-01-29-998Z_n-sweep_1-2-4-8-16-32-50,Ref,,16,A-maioria,,,vote,6,against,,0x56781388,,65957,1,,0xe81551cac38277b27989e753117305bdfab7d67fe314b2610d6f44b9bf413c9f
2026-09-23T22-01-29-998Z_n-sweep_1-2-4-8-16-32-50,Ref,,16,A-maioria,,,vote,7,against,,0x56781388,,65957,1,,0xd0909c066f008656633a536d59372affc0e8eabf15e04446ed6efa701ab0bea9
2026-09-23T22-01-29-998Z_n-sweep_1-2-4-8-16-32-50,Ref,,16,A-maioria,,,execute,,,execute,0x2656227d,WasteCategoryRegistry.updateCredits,72018,1,,0x466b1b626b7f85cb8617016450c4ebdaf75b3d2f3f2561cc47c1c98edd18b10d
2026-09-23T22-01-29-998Z_n-sweep_1-2-4-8-16-32-50,V0,T1,,,,,deploy_token_T1,,,constructor,0x61016060,,1621017,1,,0xece28f063ba256e8fc65152daf61fe745a7823e8ba387b1b661409f18f6dc4cc
2026-09-23T22-01-29-998Z_n-sweep_1-2-4-8-16-32-50,V0,,,,,,deploy_registry,,,constructor,0x60806040,,4590964,1,,0x9005486642112873086c0faf3a06ce7199e3377186a80eb6eea4235f5e1c6f56
2026-09-23T22-01-29-998Z_n-sweep_1-2-4-8-16-32-50,V0,,,,,,deploy_governor_V0,,,constructor,0x6101c080,,2133394,1,,0x8b33a795df9df0e5a3cb812430955580d1fb4f654a6028dd161238e13d560524
2026-09-23T22-01-29-998Z_n-sweep_1-2-4-8-16-32-50,V0,,,,,,grant_admin_role,,,grantRole,0x2f2ff15d,,50799,1,,0xb518a3911be32f0a59dcaec3e43c7ec54010f07f3e473d550516b1aab1a18d6b
2026-09-23T22-01-29-998Z_n-sweep_1-2-4-8-16-32-50,V0,,,,,,revoke_deployer_admin_role,,,revokeRole,0xd547741f,,27116,1,,0x8cb08b8b6ca45600b76a431b4cd18aee2095374e00c890903bfaa28d83b5f82b
2026-09-23T22-01-29-998Z_n-sweep_1-2-4-8-16-32-50,V0,,16,D-voto,,,delegate_admin,,,,0x5c19a95c,,95559,1,,0xfa43c1f7a1a1658c8aeac58119b26e806face10fc63ae3e18099942309f4d395
2026-09-23T22-01-29-998Z_n-sweep_1-2-4-8-16-32-50,V0,,16,D-voto,,,delegate,,,,0x5c19a95c,,48347,1,,0xf96ae171d39b1290c248e3ee88c92c43e24751ff4aacf46bad404cad29a33e37
2026-09-23T22-01-29-998Z_n-sweep_1-2-4-8-16-32-50,V0,,16,D-voto,,,delegate,,,,0x5c19a95c,,48335,1,,0x65ff74d2610d5c80f16dc62aa4e01b339a9ecd8c95911ae092d678a9792cdcb8
2026-09-23T22-01-29-998Z_n-sweep_1-2-4-8-16-32-50,V0,,16,D-voto,,,delegate,,,,0x5c19a95c,,48347,1,,0xb06e4e18b389cc3c69848b844c44927f26087a909c0e4532a1ba892e8d7bac4c
2026-09-23T22-01-29-998Z_n-sweep_1-2-4-8-16-32-50,V0,,16,D-voto,,,delegate,,,,0x5c19a95c,,48347,1,,0xfdc5c4ae6e458adbd0780d18d4ef20dca6b7a02f3efff2f7c0eec7590e340a41
2026-09-23T22-01-29-998Z_n-sweep_1-2-4-8-16-32-50,V0,,16,D-voto,,,delegate,,,,0x5c19a95c,,48347,1,,0x5c4d4bc02e09949d860a2c409a26209335f7c4e4eca7ac13d0e60a5cf0d0f233
2026-09-23T22-01-29-998Z_n-sweep_1-2-4-8-16-32-50,V0,,16,D-voto,,,delegate,,,,0x5c19a95c,,48347,1,,0x8eb2597a239d7d5a9d780141fa850308f21a221b62b2f0b2cd01922a25b294b2
2026-09-23T22-01-29-998Z_n-sweep_1-2-4-8-16-32-50,V0,,16,D-voto,,,delegate,,,,0x5c19a95c,,48347,1,,0x61b0a2cbceae6ab3b47dbad41fbaa57485b4b4545814b177fb76f5e80989f4b6
2026-09-23T22-01-29-998Z_n-sweep_1-2-4-8-16-32-50,V0,,16,D-voto,,,delegate,,,,0x5c19a95c,,48347,1,,0x8e8293e79ce57e8b2bd6c914c167b0ec5858ded7d332cc962607075acbcc0b43
2026-09-23T22-01-29-998Z_n-sweep_1-2-4-8-16-32-50,V0,,16,D-voto,,,delegate,,,,0x5c19a95c,,48347,1,,0x700d26ece381a9328c0c0607c8015a890a8cc373fc0ec5e3e5957a9b1720c821
2026-09-23T22-01-29-998Z_n-sweep_1-2-4-8-16-32-50,V0,,16,D-voto,,,delegate,,,,0x5c19a95c,,48335,1,,0x827f347ed9162ee5aa31942cb2cd15f5b7940183deaee5d4a11b6efe87452173
2026-09-23T22-01-29-998Z_n-sweep_1-2-4-8-16-32-50,V0,,16,D-voto,,,delegate,,,,0x5c19a95c,,48347,1,,0x05e0616bb804c3cd4df19f7b0cf511dbcb6e9524c52bcfbf8b39223490cc0846
2026-09-23T22-01-29-998Z_n-sweep_1-2-4-8-16-32-50,V0,,16,D-voto,,,delegate,,,,0x5c19a95c,,48347,1,,0x7409a97667b08d9b70b0d678843340d442fad8337ae46944499977e000325f92
2026-09-23T22-01-29-998Z_n-sweep_1-2-4-8-16-32-50,V0,,16,D-voto,,,delegate,,,,0x5c19a95c,,48347,1,,0x06bc39c687cf89ca2626bc142b16cf4a83fd68b90155fd6344acd5c17148d8a6
2026-09-23T22-01-29-998Z_n-sweep_1-2-4-8-16-32-50,V0,,16,D-voto,,,delegate,,,,0x5c19a95c,,48347,1,,0xe5d3691fe9ffad366e158fc098b74dd6635f083c235a6588c23e1d5313889cc9
2026-09-23T22-01-29-998Z_n-sweep_1-2-4-8-16-32-50,V0,,16,D-voto,,,delegate,,,,0x5c19a95c,,48347,1,,0x75300fe9f7d70fbe306b3cefadf0423a64334a4470eee34e958b76b4418900c0
2026-09-23T22-01-29-998Z_n-sweep_1-2-4-8-16-32-50,V0,,16,D-voto,,,delegate,,,,0x5c19a95c,,48347,1,,0xef2cf8fae96fa4c95b9eb5fc78e668af4f5126a23f921c90e15afdcffccd9bf9
2026-09-23T22-01-29-998Z_n-sweep_1-2-4-8-16-32-50,V0,,16,D-voto,,,transfer,,,,0xa9059cbb,,135960,1,,0x9d2051ce1ac7772280ee95bb88f17e9d6d2578fc8bb5cf446ecc31be953ece96
2026-09-23T22-01-29-998Z_n-sweep_1-2-4-8-16-32-50,V0,,16,D-voto,,,transfer,,,,0xa9059cbb,,135948,1,,0x3a4a298943ef01cc714afe43386e5742cf073e1f035be6fc7cbb5dfeed0493f0
2026-09-23T22-01-29-998Z_n-sweep_1-2-4-8-16-32-50,V0,,16,D-voto,,,transfer,,,,0xa9059cbb,,135960,1,,0xd44510bb270dde35eff14b4a5a859736433c0ee8550691fdd95ee07cd99c95c6
2026-09-23T22-01-29-998Z_n-sweep_1-2-4-8-16-32-50,V0,,16,D-voto,,,transfer,,,,0xa9059cbb,,135960,1,,0x63d205467f9416ccd0167cac0adeba7bd37f330003391c910238fd6d39d44d93
2026-09-23T22-01-29-998Z_n-sweep_1-2-4-8-16-32-50,V0,,16,D-voto,,,transfer,,,,0xa9059cbb,,135960,1,,0xb3c9dc135bc39577971e96905eec64c6559bad01b2a06ea5376e696e1224dcde
2026-09-23T22-01-29-998Z_n-sweep_1-2-4-8-16-32-50,V0,,16,D-voto,,,transfer,,,,0xa9059cbb,,135960,1,,0xb1ad3c2f5839ceda9ea23f9e801964e613c95948448563bf3c2b4cda05309531
2026-09-23T22-01-29-998Z_n-sweep_1-2-4-8-16-32-50,V0,,16,D-voto,,,transfer,,,,0xa9059cbb,,135960,1,,0x0e8c2da5137db8ba2577088f9b4385a8b03e6bb749d506e3131715b6ab0e5c85
2026-09-23T22-01-29-998Z_n-sweep_1-2-4-8-16-32-50,V0,,16,D-voto,,,transfer,,,,0xa9059cbb,,135960,1,,0xcc0dce854b4d22a13a4ee19c4382a43b7378b6dbf7459e801d2c21eaf406c0b3
2026-09-23T22-01-29-998Z_n-sweep_1-2-4-8-16-32-50,V0,,16,D-voto,,,transfer,,,,0xa9059cbb,,135960,1,,0x34389a152f83ec0b3169ab7573cf459e4ff8bcef869ec65da6da6b0d63fcf965
2026-09-23T22-01-29-998Z_n-sweep_1-2-4-8-16-32-50,V0,,16,D-voto,,,transfer,,,,0xa9059cbb,,135948,1,,0x299f4a4d3aaa7cddd715472eecd4b373cf92705af8c26fb1ecee302a0fb4879f
2026-09-23T22-01-29-998Z_n-sweep_1-2-4-8-16-32-50,V0,,16,D-voto,,,transfer,,,,0xa9059cbb,,135960,1,,0xb238377ddc32c50ae1eecf6d5ef004977a9773a3ed7d4a7733ee2c54f9c86f9a
2026-09-23T22-01-29-998Z_n-sweep_1-2-4-8-16-32-50,V0,,16,D-voto,,,transfer,,,,0xa9059cbb,,135960,1,,0xe6cba7e768e8f544e5f277d2fcf207d101cc00453070eca3afe77aeaab1e66a2
2026-09-23T22-01-29-998Z_n-sweep_1-2-4-8-16-32-50,V0,,16,D-voto,,,transfer,,,,0xa9059cbb,,135960,1,,0x9c81e5a07e6bfd0ca52efa66d70f843f87beead64a024ffaec14204514567a4a
2026-09-23T22-01-29-998Z_n-sweep_1-2-4-8-16-32-50,V0,,16,D-voto,,,transfer,,,,0xa9059cbb,,135960,1,,0x92ea0b3b1a4fc09939bde5de610cab2c9ee4919860af647811507c3f42e77406
2026-09-23T22-01-29-998Z_n-sweep_1-2-4-8-16-32-50,V0,,16,D-voto,,,transfer,,,,0xa9059cbb,,135960,1,,0xca1c8911abf0980ae6c3603deb4c531c0c4af41602a546328a15a0fceb3594e8
2026-09-23T22-01-29-998Z_n-sweep_1-2-4-8-16-32-50,V0,,16,D-voto,,,transfer,,,,0xa9059cbb,,135960,1,,0x51f7bdc75c4813064555dffa674146a5a204bbfdc6f6bc63abfa47c352cc9ab2
2026-09-23T22-01-29-998Z_n-sweep_1-2-4-8-16-32-50,V0,,16,D-voto,,,propose,,,propose,0x7d5e81e2,WasteCategoryRegistry.updateCredits,63351,1,,0x6da733ab1c3bca53ea40a596c2742cc94679800f609c29ec9e8ae199e435c31a
2026-09-23T22-01-29-998Z_n-sweep_1-2-4-8-16-32-50,V0,,16,D-voto,,,vote,1,for,,0x56781388,,81899,1,,0xed8d74d767d960a357b83a5df0c6667c97bd71dee1b910522fc8fbc01c6923ef
2026-09-23T22-01-29-998Z_n-sweep_1-2-4-8-16-32-50,V0,,16,D-voto,,,vote,2,for,,0x56781388,,64799,1,,0x77e0c17eaaf0444b8689143c98268f3d89d61030b48c01f386135f8f5362b5a8
2026-09-23T22-01-29-998Z_n-sweep_1-2-4-8-16-32-50,V0,,16,D-voto,,,vote,3,for,,0x56781388,,64799,1,,0x7246eaf84058e0c273839a18ab5e355c062bf54ce9f83267fbc02c98af5c4831
2026-09-23T22-01-29-998Z_n-sweep_1-2-4-8-16-32-50,V0,,16,D-voto,,,vote,4,for,,0x56781388,,64799,1,,0x82589f718a7b852d6cae4ebe023a86ed77d6df0fc0a1cba4696db8cfff25e2db
2026-09-23T22-01-29-998Z_n-sweep_1-2-4-8-16-32-50,V0,,16,D-voto,,,vote,5,for,,0x56781388,,64799,1,,0x2d6bb0cc94fabb75069adc6b6133c2e5d743d37adeb4a0044abdc005a4e4026f
2026-09-23T22-01-29-998Z_n-sweep_1-2-4-8-16-32-50,V0,,16,D-voto,,,vote,6,for,,0x56781388,,64799,1,,0x2ba32d6b8f65894fdb5ea17592d5bc819479f08ca7261a4a4a41202252f6d427
2026-09-23T22-01-29-998Z_n-sweep_1-2-4-8-16-32-50,V0,,16,D-voto,,,vote,7,for,,0x56781388,,64799,1,,0xf03a366c3a59f5fd18561b2205180d08143535217e89026f9548628c5f803929
2026-09-23T22-01-29-998Z_n-sweep_1-2-4-8-16-32-50,V0,,16,D-voto,,,vote,1,against,,0x56781388,,81847,1,,0xc2d0b85a9aba008560d41a93c07bb02b10543887c46f816ad256cec261e178e3
2026-09-23T22-01-29-998Z_n-sweep_1-2-4-8-16-32-50,V0,,16,D-voto,,,vote,2,against,,0x56781388,,64747,1,,0x6b68144bfbe333b7abef11057857d295e25c1e6ed8f631d37b6c6b9cf2c873fa
2026-09-23T22-01-29-998Z_n-sweep_1-2-4-8-16-32-50,V0,,16,D-voto,,,vote,3,against,,0x56781388,,64747,1,,0xa618f00edca90909fa9498163f1755fffddbf0a236b9dd88b933c677281ee3da
2026-09-23T22-01-29-998Z_n-sweep_1-2-4-8-16-32-50,V0,,16,D-voto,,,vote,4,against,,0x56781388,,64747,1,,0xdc182c6777d22e895e77e0c341e3925c555b9cfbda3db14a0cac772b0afa6e77
2026-09-23T22-01-29-998Z_n-sweep_1-2-4-8-16-32-50,V0,,16,D-voto,,,vote,5,against,,0x56781388,,64747,1,,0x4a4213a26c8fbfd50c5bd5c2d0dbe8d5148e5e847d5d436e7100b6353343c24f
2026-09-23T22-01-29-998Z_n-sweep_1-2-4-8-16-32-50,V0,,16,D-voto,,,vote,6,against,,0x56781388,,64747,1,,0xe3695fe5c61a08cb5b255011144ab343f50a2662bec1f64d510dfe317b62515a
2026-09-23T22-01-29-998Z_n-sweep_1-2-4-8-16-32-50,V0,,16,D-voto,,,vote,7,against,,0x56781388,,64747,1,,0x69c09b3e7295e60475d31b7ce01176314da2a4438826ac5213cf240e266539f3
2026-09-23T22-01-29-998Z_n-sweep_1-2-4-8-16-32-50,V0,,16,D-voto,,,vote,8,against,,0x56781388,,64747,1,,0x0ce9c3455ab3e08831a9b92b2bfda62550dc484a8d371bfadb48e9c25d1e5216
2026-09-23T22-01-29-998Z_n-sweep_1-2-4-8-16-32-50,V0,,16,D-voto,,,vote,9,against,,0x56781388,,64747,1,,0x386595144f7f89201bebb55bf64dd63a6537e6508336e61c38fb9f2ef8dc2524
2026-09-23T22-01-29-998Z_n-sweep_1-2-4-8-16-32-50,V0,,16,D-voto,,,execute_attempt,,,execute,0x2656227d,WasteCategoryRegistry.updateCredits,40382,0,"VM Exception while processing transaction: reverted with custom error 'GovernorUnexpectedProposalState(85288524645364697209778724371334133824606839273782463993977077608405429604201, 3, '0x0000000000000000000000000000000000000000000000000000000000000030')'",0xe2c52508491937a43e28a4fca5f0de6fa24b281147be7b82f3abd7ea4f59190c
2026-09-23T22-01-29-998Z_n-sweep_1-2-4-8-16-32-50,V1,T1,,,,,deploy_token_T1,,,constructor,0x61016060,,1621017,1,,0xece28f063ba256e8fc65152daf61fe745a7823e8ba387b1b661409f18f6dc4cc
2026-09-23T22-01-29-998Z_n-sweep_1-2-4-8-16-32-50,V1,,,,,,deploy_registry,,,constructor,0x60806040,,4590964,1,,0x9005486642112873086c0faf3a06ce7199e3377186a80eb6eea4235f5e1c6f56
2026-09-23T22-01-29-998Z_n-sweep_1-2-4-8-16-32-50,V1,,,,,,deploy_governor_V1,,,constructor,0x6101c080,,2141155,1,,0xcbf032b87647649d09648621f7d61fb312aee4174486ee6f404819243ac59ca9
2026-09-23T22-01-29-998Z_n-sweep_1-2-4-8-16-32-50,V1,,,,,,grant_admin_role,,,grantRole,0x2f2ff15d,,50799,1,,0xfdc9a3875129e16eb4a0e6527cfb2e5662449c13660398cf3b7c723db6d0e009
2026-09-23T22-01-29-998Z_n-sweep_1-2-4-8-16-32-50,V1,,,,,,revoke_deployer_admin_role,,,revokeRole,0xd547741f,,27116,1,,0xc189311656167d1c4c211ee1c4f5143a8df64ff72cb449ebf7ec77ff2fd0bcbb
2026-09-23T22-01-29-998Z_n-sweep_1-2-4-8-16-32-50,V1,,16,D-voto,,,delegate_admin,,,,0x5c19a95c,,95559,1,,0xd4695df7ceba86e36d8d32ccf756640823a0c1b729cf20e3a0b632c08e38ee6a
2026-09-23T22-01-29-998Z_n-sweep_1-2-4-8-16-32-50,V1,,16,D-voto,,,delegate,,,,0x5c19a95c,,48347,1,,0x81d5bf8e96fad9ce8b5230dc73abbeb313b25fcb2932728690f357e6b4e905b9
2026-09-23T22-01-29-998Z_n-sweep_1-2-4-8-16-32-50,V1,,16,D-voto,,,delegate,,,,0x5c19a95c,,48335,1,,0x92147b8c796bc2b0f21acc979799bbf4c5b5033d9d67806a8ad6842fe03d41df
2026-09-23T22-01-29-998Z_n-sweep_1-2-4-8-16-32-50,V1,,16,D-voto,,,delegate,,,,0x5c19a95c,,48347,1,,0xfff43b85310b182c6fdaa6a0b82056393aba2572b23e543b42f064dc4690e2fc
2026-09-23T22-01-29-998Z_n-sweep_1-2-4-8-16-32-50,V1,,16,D-voto,,,delegate,,,,0x5c19a95c,,48347,1,,0xd65054394087a126f7201b8caf565d34e4b8e2c37299a2eb2e8e1e169e8753b2
2026-09-23T22-01-29-998Z_n-sweep_1-2-4-8-16-32-50,V1,,16,D-voto,,,delegate,,,,0x5c19a95c,,48347,1,,0x0c6ee11e6f4f09c9119d3c03df89d743f104be74b800d0b47cbfa2e1629e917b
2026-09-23T22-01-29-998Z_n-sweep_1-2-4-8-16-32-50,V1,,16,D-voto,,,delegate,,,,0x5c19a95c,,48347,1,,0x9e4c58d93f5292a4566258e1c10f556eb9dc4074e322b7c357bf5ad65da50cae
2026-09-23T22-01-29-998Z_n-sweep_1-2-4-8-16-32-50,V1,,16,D-voto,,,delegate,,,,0x5c19a95c,,48347,1,,0x6ebf0fe5777b4feb07a84b604e7094e789e104c0aa39284dccf1b9da9c17904e
2026-09-23T22-01-29-998Z_n-sweep_1-2-4-8-16-32-50,V1,,16,D-voto,,,delegate,,,,0x5c19a95c,,48347,1,,0xfe42119cc5b68fbfd433dffe547dcf50b55480a011d31795da0f08ec660c70b3
2026-09-23T22-01-29-998Z_n-sweep_1-2-4-8-16-32-50,V1,,16,D-voto,,,delegate,,,,0x5c19a95c,,48347,1,,0x1cd5ec1a28c590b58fdf7467e7fffeb349eed4d261a6e6dd6bbe64d73d17bd59
2026-09-23T22-01-29-998Z_n-sweep_1-2-4-8-16-32-50,V1,,16,D-voto,,,delegate,,,,0x5c19a95c,,48335,1,,0x44f126ec5cf68cfd276b82e1245a8bb78ca6d635813f085d1a125f483e4d5924
2026-09-23T22-01-29-998Z_n-sweep_1-2-4-8-16-32-50,V1,,16,D-voto,,,delegate,,,,0x5c19a95c,,48347,1,,0xe3c56247fde6ff45e5ce391eac68170bdc36be578302a953ddcf8384ecd07aa8
2026-09-23T22-01-29-998Z_n-sweep_1-2-4-8-16-32-50,V1,,16,D-voto,,,delegate,,,,0x5c19a95c,,48347,1,,0x97563cc4398d7b02943ad3e3ef1bdae06351c02ad3fb2d2b948579fc1d32295f
2026-09-23T22-01-29-998Z_n-sweep_1-2-4-8-16-32-50,V1,,16,D-voto,,,delegate,,,,0x5c19a95c,,48347,1,,0x2254c00b60e2f0581478274e6123b6295b391cc3698f1951fb660335b3cd6c33
2026-09-23T22-01-29-998Z_n-sweep_1-2-4-8-16-32-50,V1,,16,D-voto,,,delegate,,,,0x5c19a95c,,48347,1,,0xc3e2689cb93afecc73f02fe2fc704ca424bfebf2840b02e15e94e2eacaca6d1c
2026-09-23T22-01-29-998Z_n-sweep_1-2-4-8-16-32-50,V1,,16,D-voto,,,delegate,,,,0x5c19a95c,,48347,1,,0xf481a9d9df12d0c5f7b29cc5bd284c8ca3e14873afc209155e790bf19f68d897
2026-09-23T22-01-29-998Z_n-sweep_1-2-4-8-16-32-50,V1,,16,D-voto,,,delegate,,,,0x5c19a95c,,48347,1,,0x8975637550f485546f85f8e6d9a6ed6447c7e76fff1ec5f6c9e76fb534393987
2026-09-23T22-01-29-998Z_n-sweep_1-2-4-8-16-32-50,V1,,16,D-voto,,,transfer,,,,0xa9059cbb,,135960,1,,0xdd222b00fca52171e793193ffd85834d971539cb41bfa569e6c443334217eadd
2026-09-23T22-01-29-998Z_n-sweep_1-2-4-8-16-32-50,V1,,16,D-voto,,,transfer,,,,0xa9059cbb,,135948,1,,0x8a79afcb52be6f90c33e1e815566c9ce69071c9b524c3a07ed1dedd801b5c7e3
2026-09-23T22-01-29-998Z_n-sweep_1-2-4-8-16-32-50,V1,,16,D-voto,,,transfer,,,,0xa9059cbb,,135960,1,,0x930696174a43d4b193fbc0ef290f12a6fcc288e1ffbec19dccef94a271e40c5a
2026-09-23T22-01-29-998Z_n-sweep_1-2-4-8-16-32-50,V1,,16,D-voto,,,transfer,,,,0xa9059cbb,,135960,1,,0xae2fb42a80146f85b63f82c9c164b8d1fb21ee265f5ae0e05ae2997b94c94e8b
2026-09-23T22-01-29-998Z_n-sweep_1-2-4-8-16-32-50,V1,,16,D-voto,,,transfer,,,,0xa9059cbb,,135960,1,,0x4da24e5dd69239f6621bd3f6b49ad8282c299e4f035729dc5e3e57e0fa2d5cf5
2026-09-23T22-01-29-998Z_n-sweep_1-2-4-8-16-32-50,V1,,16,D-voto,,,transfer,,,,0xa9059cbb,,135960,1,,0x78ed7677a72a68eff2d7f2feb88cdc6fa9ed96d419871d5a98fb78f60c90118d
2026-09-23T22-01-29-998Z_n-sweep_1-2-4-8-16-32-50,V1,,16,D-voto,,,transfer,,,,0xa9059cbb,,135960,1,,0x295714d390a8a38a316fdd4e6aa1a6d91f67c27d366ad3abaec2f658fc78703e
2026-09-23T22-01-29-998Z_n-sweep_1-2-4-8-16-32-50,V1,,16,D-voto,,,transfer,,,,0xa9059cbb,,135960,1,,0x766cac572d1b94c31c7eaa125eca5cc9577173f8fbf696afdde38559651e0d71
2026-09-23T22-01-29-998Z_n-sweep_1-2-4-8-16-32-50,V1,,16,D-voto,,,transfer,,,,0xa9059cbb,,135960,1,,0x8150f759e197851e9b1f50af638e7de175ad2f0036cec81cddab423b6da1b532
2026-09-23T22-01-29-998Z_n-sweep_1-2-4-8-16-32-50,V1,,16,D-voto,,,transfer,,,,0xa9059cbb,,135948,1,,0x37db5e98635fd505c2742f6f9ec14e14fa864bc75ac8bf700fe621ceb78ec7b1
2026-09-23T22-01-29-998Z_n-sweep_1-2-4-8-16-32-50,V1,,16,D-voto,,,transfer,,,,0xa9059cbb,,135960,1,,0x2b98b2f0bfa050738696710d3077be31e7d18092ead2669ed0aab897397ef7c5
2026-09-23T22-01-29-998Z_n-sweep_1-2-4-8-16-32-50,V1,,16,D-voto,,,transfer,,,,0xa9059cbb,,135960,1,,0x2cd6a8d19ba5eee525ca7478c59ef562956789c879ecb628465092751d63f675
2026-09-23T22-01-29-998Z_n-sweep_1-2-4-8-16-32-50,V1,,16,D-voto,,,transfer,,,,0xa9059cbb,,135960,1,,0x894a856067085ca6a85eef4e0e038f211e095cc7a1c2a4c0df57044a32321a71
2026-09-23T22-01-29-998Z_n-sweep_1-2-4-8-16-32-50,V1,,16,D-voto,,,transfer,,,,0xa9059cbb,,135960,1,,0xf9b9050027aa6c6847ff83cfbc53f49eb269adbeefd72c132c17e6bd1f164eda
2026-09-23T22-01-29-998Z_n-sweep_1-2-4-8-16-32-50,V1,,16,D-voto,,,transfer,,,,0xa9059cbb,,135960,1,,0x95e1e72f055da737df7dd466bafd3e18c1a9a5ceb0628e78d919152d872698ac
2026-09-23T22-01-29-998Z_n-sweep_1-2-4-8-16-32-50,V1,,16,D-voto,,,transfer,,,,0xa9059cbb,,135960,1,,0x9a970a784adbfb9310ca85d585c32690c45a878597f869edefc96888379a0904
2026-09-23T22-01-29-998Z_n-sweep_1-2-4-8-16-32-50,V1,,16,D-voto,,,propose,,,propose,0x7d5e81e2,WasteCategoryRegistry.updateCredits,63351,1,,0x662bd0a6eab036b262fdb593b4c42b16f0566017a8bad54401a8bbbde4722c8f
2026-09-23T22-01-29-998Z_n-sweep_1-2-4-8-16-32-50,V1,,16,D-voto,,,vote,1,for,,0x56781388,,82468,1,,0x04418f1bf735c7125ff819b66b3874109676cb3142fe7583880d413d8d6b0cf1
2026-09-23T22-01-29-998Z_n-sweep_1-2-4-8-16-32-50,V1,,16,D-voto,,,vote,2,for,,0x56781388,,65368,1,,0x2b9306b41f7eae0cf39a91fdef59cf9211da98638094a55769f2777a5648198f
2026-09-23T22-01-29-998Z_n-sweep_1-2-4-8-16-32-50,V1,,16,D-voto,,,vote,3,for,,0x56781388,,65368,1,,0x346d30a9ce29a5ce923c99477b653df91e3f21f27cafedd4ae155c0ec781e7aa
2026-09-23T22-01-29-998Z_n-sweep_1-2-4-8-16-32-50,V1,,16,D-voto,,,vote,4,for,,0x56781388,,65368,1,,0x6f3bc23b7131358ce2a6653fcc289fc61111f841696de61b068e56b301927039
2026-09-23T22-01-29-998Z_n-sweep_1-2-4-8-16-32-50,V1,,16,D-voto,,,vote,5,for,,0x56781388,,65368,1,,0xdeb47178b32e5ce9fd825c7df9e0364ff173b5e0e882567bacf5b2516363ce9b
2026-09-23T22-01-29-998Z_n-sweep_1-2-4-8-16-32-50,V1,,16,D-voto,,,vote,6,for,,0x56781388,,65368,1,,0x212a06e5eaabb3d5be9d58ee1ffe62fadb7d80595ed3a89c967c64d59738bad8
2026-09-23T22-01-29-998Z_n-sweep_1-2-4-8-16-32-50,V1,,16,D-voto,,,vote,7,for,,0x56781388,,65368,1,,0xc11d838b10e1bbf6fc2fbb65bec74e38025a07d86ac233844c46ee1bf6096059
2026-09-23T22-01-29-998Z_n-sweep_1-2-4-8-16-32-50,V1,,16,D-voto,,,vote,1,against,,0x56781388,,82416,1,,0xc4cb9cef93083d0f90272e7741ee2aa270e0acbd041050e6203ebd531ac8293f
2026-09-23T22-01-29-998Z_n-sweep_1-2-4-8-16-32-50,V1,,16,D-voto,,,vote,2,against,,0x56781388,,65316,1,,0x87b791af16584ff370b944b26428f65352e69f2ac72cadf343db361c185a2fdd
2026-09-23T22-01-29-998Z_n-sweep_1-2-4-8-16-32-50,V1,,16,D-voto,,,vote,3,against,,0x56781388,,65316,1,,0x4edcaeea18d0cbf4a95dec38ac2f1576c84c2a336f39cafe8825a9815e267525
2026-09-23T22-01-29-998Z_n-sweep_1-2-4-8-16-32-50,V1,,16,D-voto,,,vote,4,against,,0x56781388,,65316,1,,0x9d4ee63eaf04e2210cbf1722e380a09c0c5dc1576525627fe9368205678f6559
2026-09-23T22-01-29-998Z_n-sweep_1-2-4-8-16-32-50,V1,,16,D-voto,,,vote,5,against,,0x56781388,,65316,1,,0x3fe5ca4c1cee4f2ce3df933f78f6b4a028a05c19e5492b89d0d6ee7985dbb8f7
2026-09-23T22-01-29-998Z_n-sweep_1-2-4-8-16-32-50,V1,,16,D-voto,,,vote,6,against,,0x56781388,,65316,1,,0x5136e9c27960a5f12d61e03077f18a2d1bfcdef844a32464350b39274c9357e6
2026-09-23T22-01-29-998Z_n-sweep_1-2-4-8-16-32-50,V1,,16,D-voto,,,vote,7,against,,0x56781388,,65316,1,,0xfb4bc1a921c32e4d6392c9e22bac49a63ae2aeb6eac64b8e47d2dd19e26be93f
2026-09-23T22-01-29-998Z_n-sweep_1-2-4-8-16-32-50,V1,,16,D-voto,,,vote,8,against,,0x56781388,,65316,1,,0xb2ba71cee4cd08d609bb13ccc2b4d273fc40f133e487c6dd6d0bf3f79f48791c
2026-09-23T22-01-29-998Z_n-sweep_1-2-4-8-16-32-50,V1,,16,D-voto,,,vote,9,against,,0x56781388,,65316,1,,0xcb2a818ec518f2a44c0031ee36d08fd980d35109415f30d1dcdadace45529466
2026-09-23T22-01-29-998Z_n-sweep_1-2-4-8-16-32-50,V1,,16,D-voto,,,execute_attempt,,,execute,0x2656227d,WasteCategoryRegistry.updateCredits,40382,0,"VM Exception while processing transaction: reverted with custom error 'GovernorUnexpectedProposalState(67882869386269753981749230381490084665004070570604962054437842004968921240753, 3, '0x0000000000000000000000000000000000000000000000000000000000000030')'",0x8defe238ef65d803e04d39122bcf06436d7d830743b7f2d6b958076e525e4259
2026-09-23T22-01-29-998Z_n-sweep_1-2-4-8-16-32-50,V2,T1,,,,,deploy_token_T1,,,constructor,0x61016060,,1621017,1,,0xece28f063ba256e8fc65152daf61fe745a7823e8ba387b1b661409f18f6dc4cc
2026-09-23T22-01-29-998Z_n-sweep_1-2-4-8-16-32-50,V2,,,,,,deploy_registry,,,constructor,0x60806040,,4590964,1,,0x9005486642112873086c0faf3a06ce7199e3377186a80eb6eea4235f5e1c6f56
2026-09-23T22-01-29-998Z_n-sweep_1-2-4-8-16-32-50,V2,,,,,,deploy_governor_V2,,,constructor,0x6101e080,,2178840,1,,0xa32c9f3d540c0ae9eee563ea02a53e3c1648afde51e09209202bc2912d9a8532
2026-09-23T22-01-29-998Z_n-sweep_1-2-4-8-16-32-50,V2,,,,,,grant_admin_role,,,grantRole,0x2f2ff15d,,50799,1,,0x0482dd737ad13e5cf9f342f77b7f4c8d4a60575e6613b501a7a433855227e65d
2026-09-23T22-01-29-998Z_n-sweep_1-2-4-8-16-32-50,V2,,,,,,revoke_deployer_admin_role,,,revokeRole,0xd547741f,,27116,1,,0xbf6c6756b6e885a31717a4b56f3c4fc35da4780ca84e075711ea97189f58ea3d
2026-09-23T22-01-29-998Z_n-sweep_1-2-4-8-16-32-50,V2,,16,D-voto,,,delegate_admin,,,,0x5c19a95c,,95559,1,,0xe4ed125ff7fcf34a784094393e69d7b32184f90f45a88cf0e398ac5fe2329d50
2026-09-23T22-01-29-998Z_n-sweep_1-2-4-8-16-32-50,V2,,16,D-voto,,,delegate,,,,0x5c19a95c,,48347,1,,0x8e5cf2e817455991c3f88244f29b95e3c5703efb253d16587c3e019ace8ed4aa
2026-09-23T22-01-29-998Z_n-sweep_1-2-4-8-16-32-50,V2,,16,D-voto,,,delegate,,,,0x5c19a95c,,48335,1,,0x3a4d0b938991cc6665fddf48aab742d27a2480134e4cb1cf5b844b9724575405
2026-09-23T22-01-29-998Z_n-sweep_1-2-4-8-16-32-50,V2,,16,D-voto,,,delegate,,,,0x5c19a95c,,48347,1,,0x8df16e2387da0d9fa03469e487a72815c7ad0f22d2e3631bfcd3e8532e84566f
2026-09-23T22-01-29-998Z_n-sweep_1-2-4-8-16-32-50,V2,,16,D-voto,,,delegate,,,,0x5c19a95c,,48347,1,,0x95612e3ccf4e98f664cb62c90a18fd3142e8f5668db18fb82a400652a6b96b06
2026-09-23T22-01-29-998Z_n-sweep_1-2-4-8-16-32-50,V2,,16,D-voto,,,delegate,,,,0x5c19a95c,,48347,1,,0x8cfbd9c8afd095297879c4ea5a6d41c276c3b770abd2f751b06ec63384df15d6
2026-09-23T22-01-29-998Z_n-sweep_1-2-4-8-16-32-50,V2,,16,D-voto,,,delegate,,,,0x5c19a95c,,48347,1,,0x96ff47bd12ed3260165a9b3c82bacf4a9f1cfd47a5f8548491ee35c1066f2e38
2026-09-23T22-01-29-998Z_n-sweep_1-2-4-8-16-32-50,V2,,16,D-voto,,,delegate,,,,0x5c19a95c,,48347,1,,0x3c7464a5135ef0630048da3b891f6f95d941c4b44dfb27d1230d6c7015af52d6
2026-09-23T22-01-29-998Z_n-sweep_1-2-4-8-16-32-50,V2,,16,D-voto,,,delegate,,,,0x5c19a95c,,48347,1,,0xcef7f0dbdf22e7ddd7612e11e8e4d04d07ff7ed50742fa593a04379c3fb4c79a
2026-09-23T22-01-29-998Z_n-sweep_1-2-4-8-16-32-50,V2,,16,D-voto,,,delegate,,,,0x5c19a95c,,48347,1,,0x2a05bf2175c5ddc1c903f568e1aef2d66314124f75bcf8379ba8adf2782fee08
2026-09-23T22-01-29-998Z_n-sweep_1-2-4-8-16-32-50,V2,,16,D-voto,,,delegate,,,,0x5c19a95c,,48335,1,,0xed076a3bb603efd5d8a71a2cc98ed4047b12d152a544a7d1d7a341433c9a4602
2026-09-23T22-01-29-998Z_n-sweep_1-2-4-8-16-32-50,V2,,16,D-voto,,,delegate,,,,0x5c19a95c,,48347,1,,0x10be283a8ec30b680dc3aca50b759e0cf9c8afc082d9e83402cea754eca72a1f
2026-09-23T22-01-29-998Z_n-sweep_1-2-4-8-16-32-50,V2,,16,D-voto,,,delegate,,,,0x5c19a95c,,48347,1,,0x2a30f5270f05f3f17e6177f9b77f58b934718ec7c2e872415fd5bb3af3d1a729
2026-09-23T22-01-29-998Z_n-sweep_1-2-4-8-16-32-50,V2,,16,D-voto,,,delegate,,,,0x5c19a95c,,48347,1,,0x8627a7ad29f66cec2d29399f287974e7802b96ce1c1094b9f03f71ebb4aee554
2026-09-23T22-01-29-998Z_n-sweep_1-2-4-8-16-32-50,V2,,16,D-voto,,,delegate,,,,0x5c19a95c,,48347,1,,0x09935171751aaaad6b28f8c0a6e1389d805ea4048b73d32206a0f9fb56fe6526
2026-09-23T22-01-29-998Z_n-sweep_1-2-4-8-16-32-50,V2,,16,D-voto,,,delegate,,,,0x5c19a95c,,48347,1,,0xcc0bb7cbd2d0f3f8fa2b739bbaa5db203755fbd70b3eefc00d112f1bb589ceaf
2026-09-23T22-01-29-998Z_n-sweep_1-2-4-8-16-32-50,V2,,16,D-voto,,,delegate,,,,0x5c19a95c,,48347,1,,0xc76339288f99a2e44a4485a1794ebb0cad6215adbb061dde8b472b5783d68437
2026-09-23T22-01-29-998Z_n-sweep_1-2-4-8-16-32-50,V2,,16,D-voto,,,transfer,,,,0xa9059cbb,,135960,1,,0xb836d62feb297e668e346c78d0b20d52a7b9821222625c27e5c0ef2143a41b4e
2026-09-23T22-01-29-998Z_n-sweep_1-2-4-8-16-32-50,V2,,16,D-voto,,,transfer,,,,0xa9059cbb,,135948,1,,0xeec073fdf6c2881d67acfddce89c8a39f28ac881e6a86c1401774c2c6f4c8ce8
2026-09-23T22-01-29-998Z_n-sweep_1-2-4-8-16-32-50,V2,,16,D-voto,,,transfer,,,,0xa9059cbb,,135960,1,,0x33e39fa04f92fbbd9aa58fabf58a668f164049ae4f8233ca2e7421889732783b
2026-09-23T22-01-29-998Z_n-sweep_1-2-4-8-16-32-50,V2,,16,D-voto,,,transfer,,,,0xa9059cbb,,135960,1,,0x81477eec290eb018116786644c793bf9e54b85f9b9211615b0daf364546023cf
2026-09-23T22-01-29-998Z_n-sweep_1-2-4-8-16-32-50,V2,,16,D-voto,,,transfer,,,,0xa9059cbb,,135960,1,,0x140f510894d20886aa01692e058b4b6b270942eec09bb7a8d900d440748eb9c7
2026-09-23T22-01-29-998Z_n-sweep_1-2-4-8-16-32-50,V2,,16,D-voto,,,transfer,,,,0xa9059cbb,,135960,1,,0xf1a302c48b8ca440e920d472261ca95fc5bd198ac019b47d653558d7f4aa5e61
2026-09-23T22-01-29-998Z_n-sweep_1-2-4-8-16-32-50,V2,,16,D-voto,,,transfer,,,,0xa9059cbb,,135960,1,,0x5d854896984ec999b47248d46879a46855e5f69e0b9c3fd33c03a51ab9d8e3fb
2026-09-23T22-01-29-998Z_n-sweep_1-2-4-8-16-32-50,V2,,16,D-voto,,,transfer,,,,0xa9059cbb,,135960,1,,0x20ea6bbd3d86dd63628e64a0f216e1c226cb46c80e0884e6185c2ff80d0495e0
2026-09-23T22-01-29-998Z_n-sweep_1-2-4-8-16-32-50,V2,,16,D-voto,,,transfer,,,,0xa9059cbb,,135960,1,,0xc7158ea6c5ad90c8d4ba5f0649040f8441cc380aa11e64ebade66fc61fa24397
2026-09-23T22-01-29-998Z_n-sweep_1-2-4-8-16-32-50,V2,,16,D-voto,,,transfer,,,,0xa9059cbb,,135948,1,,0x515f2e48dabcfc0496d2a5057f34c910872d475581580dc72ba87df918cd1f33
2026-09-23T22-01-29-998Z_n-sweep_1-2-4-8-16-32-50,V2,,16,D-voto,,,transfer,,,,0xa9059cbb,,135960,1,,0x86e40a5b217a51edb94ee320d3c4ac158a3d160c5303cf22dd20358e01c2e72a
2026-09-23T22-01-29-998Z_n-sweep_1-2-4-8-16-32-50,V2,,16,D-voto,,,transfer,,,,0xa9059cbb,,135960,1,,0x295ea3a0574c4a4a0638c8b748f99cca7b1dc03b7a86cbaa09862263afd0e56b
2026-09-23T22-01-29-998Z_n-sweep_1-2-4-8-16-32-50,V2,,16,D-voto,,,transfer,,,,0xa9059cbb,,135960,1,,0x09f7076225d56e8567870bdb08c98c02711d79fb176367a3acd546d4fe5054ba
2026-09-23T22-01-29-998Z_n-sweep_1-2-4-8-16-32-50,V2,,16,D-voto,,,transfer,,,,0xa9059cbb,,135960,1,,0xfedae9a29adf6903ed30e6fbe1cbf04fb962ae3696a638e3bdd85384244e2f89
2026-09-23T22-01-29-998Z_n-sweep_1-2-4-8-16-32-50,V2,,16,D-voto,,,transfer,,,,0xa9059cbb,,135960,1,,0xcd7f4eeb23ab8f1523a1f3b3ccb9fa84ccaee9d7ea0e7acc3867478b556e7c66
2026-09-23T22-01-29-998Z_n-sweep_1-2-4-8-16-32-50,V2,,16,D-voto,,,transfer,,,,0xa9059cbb,,135960,1,,0x1107214fe3d15d73a46b0972e8a23e11eea18adbc85ae8cffde0e60620558e0e
2026-09-23T22-01-29-998Z_n-sweep_1-2-4-8-16-32-50,V2,,16,D-voto,,,propose,,,propose,0x7d5e81e2,WasteCategoryRegistry.updateCredits,63351,1,,0x3f77fec531906a29739de00aa291de84c575331da0a4308729b0b025eb6899de
2026-09-23T22-01-29-998Z_n-sweep_1-2-4-8-16-32-50,V2,,16,D-voto,,,vote,1,for,,0x56781388,,82468,1,,0x809437ba2c4fb57a89814142cd0ef358557f6f8a549b1d78b64c50bbca33cfba
2026-09-23T22-01-29-998Z_n-sweep_1-2-4-8-16-32-50,V2,,16,D-voto,,,vote,2,for,,0x56781388,,65368,1,,0xd21a36ca2bb3b1828282e80a781c07ab673fea2ce8c8d5777012efb5c21a23ec
2026-09-23T22-01-29-998Z_n-sweep_1-2-4-8-16-32-50,V2,,16,D-voto,,,vote,3,for,,0x56781388,,65368,1,,0x1fcc4bd39f3f433b084fc4f06dfa04e0e38aaf7cdcdb1e91ddf26b059e8aa265
2026-09-23T22-01-29-998Z_n-sweep_1-2-4-8-16-32-50,V2,,16,D-voto,,,vote,4,for,,0x56781388,,65368,1,,0x90ff53e399bf339723d2d02f471f614bc4da7b87270254c7b2f5a7c502639090
2026-09-23T22-01-29-998Z_n-sweep_1-2-4-8-16-32-50,V2,,16,D-voto,,,vote,5,for,,0x56781388,,65368,1,,0xb3558b716d129d6f953a92ddf8ff930d09815c2a7e1c7267cd7efa28d26199e8
2026-09-23T22-01-29-998Z_n-sweep_1-2-4-8-16-32-50,V2,,16,D-voto,,,vote,6,for,,0x56781388,,65368,1,,0xc5d8ed61eddc23242fc16cc15354b07b65fb281bb27be7f3f213d390edf4c13c
2026-09-23T22-01-29-998Z_n-sweep_1-2-4-8-16-32-50,V2,,16,D-voto,,,vote,7,for,,0x56781388,,65368,1,,0xc76afba65d5c46aa77b5e21b1df388036cc8a36945c07d33018cd7741f2ea050
2026-09-23T22-01-29-998Z_n-sweep_1-2-4-8-16-32-50,V2,,16,D-voto,,,vote,1,against,,0x56781388,,82416,1,,0x25b6fbf16e61319f22ce157f2cb58b545c886a2024681469dde1cf06a5c06a85
2026-09-23T22-01-29-998Z_n-sweep_1-2-4-8-16-32-50,V2,,16,D-voto,,,vote,2,against,,0x56781388,,65316,1,,0x1ed710d1b8291dbc7022e15fd2913434e691103207d5679b6de870bc4c939e50
2026-09-23T22-01-29-998Z_n-sweep_1-2-4-8-16-32-50,V2,,16,D-voto,,,vote,3,against,,0x56781388,,65316,1,,0xaf38dac6b3b58c0a27761e6a4308d420a1537e62da859f5d7ea232ef4ade843b
2026-09-23T22-01-29-998Z_n-sweep_1-2-4-8-16-32-50,V2,,16,D-voto,,,vote,4,against,,0x56781388,,65316,1,,0x86d3f567ee177ff35e8fee11f68547073e4759c1215949e5d563bcf42e549386
2026-09-23T22-01-29-998Z_n-sweep_1-2-4-8-16-32-50,V2,,16,D-voto,,,vote,5,against,,0x56781388,,65316,1,,0xf2123a2c6abf5d233728d67a26ece6e79409a2daaa5f164522f3aa4c50977748
2026-09-23T22-01-29-998Z_n-sweep_1-2-4-8-16-32-50,V2,,16,D-voto,,,vote,6,against,,0x56781388,,65316,1,,0x3bd7856be518e7325df6125cd4f8900720db6c7de1476903e3cb8566224e2318
2026-09-23T22-01-29-998Z_n-sweep_1-2-4-8-16-32-50,V2,,16,D-voto,,,vote,7,against,,0x56781388,,65316,1,,0x83b73f3f16ddaffbb9ff7cc8f31042b501bd39ac5eb5505ea82217fee23bea5b
2026-09-23T22-01-29-998Z_n-sweep_1-2-4-8-16-32-50,V2,,16,D-voto,,,vote,8,against,,0x56781388,,65316,1,,0xf23b082b10bb597b99be4ef57d0fc7d0ecc91bca3d9f6a849e4a41a95cd2997c
2026-09-23T22-01-29-998Z_n-sweep_1-2-4-8-16-32-50,V2,,16,D-voto,,,vote,9,against,,0x56781388,,65316,1,,0xa7123b1c93f45e235093dc9674f1c5d285f3f6644809a45753633b44211c6e7f
2026-09-23T22-01-29-998Z_n-sweep_1-2-4-8-16-32-50,V2,,16,D-voto,,,execute_attempt,,,execute,0x2656227d,WasteCategoryRegistry.updateCredits,40422,0,"VM Exception while processing transaction: reverted with custom error 'GovernorUnexpectedProposalState(5472243241044026567967655840696077432564407419923610368438391332845707571706, 3, '0x0000000000000000000000000000000000000000000000000000000000000030')'",0x18da03d91fdc663609ed6bfffaca604aeede3188063d66506f3d9d80d2d3dcb4
2026-09-23T22-01-29-998Z_n-sweep_1-2-4-8-16-32-50,Ref,T1,,,,,deploy_token_T1,,,constructor,0x61016060,,1621017,1,,0x8a423d158719dafa7ff4b82bcd6f6a5661f61c993e6aaede0acbe21a849af082
2026-09-23T22-01-29-998Z_n-sweep_1-2-4-8-16-32-50,Ref,,,,,,deploy_registry,,,constructor,0x60806040,,4590964,1,,0x9005486642112873086c0faf3a06ce7199e3377186a80eb6eea4235f5e1c6f56
2026-09-23T22-01-29-998Z_n-sweep_1-2-4-8-16-32-50,Ref,,,,,,deploy_rewards_registry_for_ctor,,,constructor,0x60806040,,4590964,1,,0x484f4210d177094deb4832deb5e459c708c732becb1881e1d1417503c177d84a
2026-09-23T22-01-29-998Z_n-sweep_1-2-4-8-16-32-50,Ref,,,,,,deploy_credit,,,constructor,0x60806040,,931954,1,,0xda6265176213799bfac2d03545eb38f6f6d6d978852db5e040dec6bdc95b6a46
2026-09-23T22-01-29-998Z_n-sweep_1-2-4-8-16-32-50,Ref,,,,,,deploy_passport,,,constructor,0x60806040,,2776581,1,,0xe5a36162780b85ac2b217350036da2286056186a02d74234dd0980865a07c217
2026-09-23T22-01-29-998Z_n-sweep_1-2-4-8-16-32-50,Ref,,,,,,deploy_rewards,,,constructor,0x60803461,,1246140,1,,0x748f3eef423a29001e508633e407c909b25f0e6a89b560856468f0ac6655c439
2026-09-23T22-01-29-998Z_n-sweep_1-2-4-8-16-32-50,Ref,,,,,,deploy_stakeholders,,,constructor,0x60803461,,1679823,1,,0xd4be2e468d589ae7e76ff2c292757707613e73c2a9e8f4c774280b5fd0991072
2026-09-23T22-01-29-998Z_n-sweep_1-2-4-8-16-32-50,Ref,,,,,,deploy_governor_Ref,,,constructor,0x61018060,,4434623,1,,0xd1b6a3d1f944bdfe5c399ebf7a1e6ed8a76e5b5acd93cdfc3d211571cbc50a6e
2026-09-23T22-01-29-998Z_n-sweep_1-2-4-8-16-32-50,Ref,,,,,,grant_admin_role,,,grantRole,0x2f2ff15d,,50799,1,,0x9477ec21ceecb8e71e570a8e5c711d060981c6dc53217d4071b2c7d012604374
2026-09-23T22-01-29-998Z_n-sweep_1-2-4-8-16-32-50,Ref,,,,,,revoke_deployer_admin_role,,,revokeRole,0xd547741f,,27116,1,,0x4571f6b2b82c72e95dbfd028346a3c95cee362f1cdc4e946338a9d1e56d58c09
2026-09-23T22-01-29-998Z_n-sweep_1-2-4-8-16-32-50,Ref,,16,D-voto,,,delegate_admin,,,,0x5c19a95c,,95559,1,,0xfca7f8e34a7a367a38495092e6c6ae53f6f6bbc6c6cdd047fed83c770b76a8c9
2026-09-23T22-01-29-998Z_n-sweep_1-2-4-8-16-32-50,Ref,,16,D-voto,,,delegate,,,,0x5c19a95c,,48347,1,,0x2f1db724527155bbb87015320f4de9a632dd20bb0d57eddcbd649b18207511a9
2026-09-23T22-01-29-998Z_n-sweep_1-2-4-8-16-32-50,Ref,,16,D-voto,,,delegate,,,,0x5c19a95c,,48335,1,,0x8b0e52e67c302dbb4252eb6f968ee138c191eb8205be72d37b64b0c5ee99cc0e
2026-09-23T22-01-29-998Z_n-sweep_1-2-4-8-16-32-50,Ref,,16,D-voto,,,delegate,,,,0x5c19a95c,,48347,1,,0x1a5bd05dacedf9e3acc8ca8d92b6aea9cf2aa84f70c77d04dab2d0257070356f
2026-09-23T22-01-29-998Z_n-sweep_1-2-4-8-16-32-50,Ref,,16,D-voto,,,delegate,,,,0x5c19a95c,,48347,1,,0x05f7d9fd7d2dcae80248756e17e23af4963c07b10ebe32e7c079f468806ce249
2026-09-23T22-01-29-998Z_n-sweep_1-2-4-8-16-32-50,Ref,,16,D-voto,,,delegate,,,,0x5c19a95c,,48347,1,,0xc692236193a870ec74b2ae8543ffbfe39b6bd5462442ea5a4e078b2d3116adeb
2026-09-23T22-01-29-998Z_n-sweep_1-2-4-8-16-32-50,Ref,,16,D-voto,,,delegate,,,,0x5c19a95c,,48347,1,,0x69a8f9be879966443d3229422f1c20ad3c5a2104215131e80047b7236df1a439
2026-09-23T22-01-29-998Z_n-sweep_1-2-4-8-16-32-50,Ref,,16,D-voto,,,delegate,,,,0x5c19a95c,,48347,1,,0x14477638203890fae6e03b6d8872fdc619692fcbe0c9a0a0fd173ec8ce55cf6a
2026-09-23T22-01-29-998Z_n-sweep_1-2-4-8-16-32-50,Ref,,16,D-voto,,,delegate,,,,0x5c19a95c,,48347,1,,0x9f65b07d974009afeb2495f5f83544615b836d4a15a53225fe23457a4ef7529a
2026-09-23T22-01-29-998Z_n-sweep_1-2-4-8-16-32-50,Ref,,16,D-voto,,,delegate,,,,0x5c19a95c,,48347,1,,0xa0971290a91aaca9bef42b2510df553f4ebee2f2d38ba046d76d2691243fb7dd
2026-09-23T22-01-29-998Z_n-sweep_1-2-4-8-16-32-50,Ref,,16,D-voto,,,delegate,,,,0x5c19a95c,,48335,1,,0xf4bd663b316a97cdf28dc55b27e731573031aea8aab195f90366a39b05dc631b
2026-09-23T22-01-29-998Z_n-sweep_1-2-4-8-16-32-50,Ref,,16,D-voto,,,delegate,,,,0x5c19a95c,,48347,1,,0x55e216d1fd4a57f4b14ecf096eae768c82f748bc8c3f110c2fc2ba1820ce2744
2026-09-23T22-01-29-998Z_n-sweep_1-2-4-8-16-32-50,Ref,,16,D-voto,,,delegate,,,,0x5c19a95c,,48347,1,,0xbeccf0fe707163bf021a0c3ffd89fd06dd965e84aaeeb5376b88e31618e0b3ef
2026-09-23T22-01-29-998Z_n-sweep_1-2-4-8-16-32-50,Ref,,16,D-voto,,,delegate,,,,0x5c19a95c,,48347,1,,0xed73e3faa352679f7bf43132dd18ad217d7dffba0cc24f3713a202326244db62
2026-09-23T22-01-29-998Z_n-sweep_1-2-4-8-16-32-50,Ref,,16,D-voto,,,delegate,,,,0x5c19a95c,,48347,1,,0x5374bf6eb24d592b0acaebd034fe51028190ab20647a23e2d7f82be4b0b4b62a
2026-09-23T22-01-29-998Z_n-sweep_1-2-4-8-16-32-50,Ref,,16,D-voto,,,delegate,,,,0x5c19a95c,,48347,1,,0x6aae91bc64c7d2f749cdc72d4c86dc056214e39b94dea5beb29c9770a782550c
2026-09-23T22-01-29-998Z_n-sweep_1-2-4-8-16-32-50,Ref,,16,D-voto,,,delegate,,,,0x5c19a95c,,48347,1,,0x0ec09445c5c783300c5f7634f26cc80e02bfc4833b0c856f952ea96a2adb5606
2026-09-23T22-01-29-998Z_n-sweep_1-2-4-8-16-32-50,Ref,,16,D-voto,,,transfer,,,,0xa9059cbb,,135960,1,,0x434b98a72067cb327a9eac3a342b7f47ca18effbd1b40d0224b82fb27ad512e0
2026-09-23T22-01-29-998Z_n-sweep_1-2-4-8-16-32-50,Ref,,16,D-voto,,,transfer,,,,0xa9059cbb,,135948,1,,0xc8ccca71ba2311545fd7543aa69516b8a372bce0c8f41848d3bcd3ba3c44779a
2026-09-23T22-01-29-998Z_n-sweep_1-2-4-8-16-32-50,Ref,,16,D-voto,,,transfer,,,,0xa9059cbb,,135960,1,,0x925a617bc303f1b088cec680d74dd66843d5f4c3dc702b98f282bd0842b11957
2026-09-23T22-01-29-998Z_n-sweep_1-2-4-8-16-32-50,Ref,,16,D-voto,,,transfer,,,,0xa9059cbb,,135960,1,,0x59a9abfa1d21895759a2db87a286cb9d34f755e39824632c3f50997395f11ee5
2026-09-23T22-01-29-998Z_n-sweep_1-2-4-8-16-32-50,Ref,,16,D-voto,,,transfer,,,,0xa9059cbb,,135960,1,,0x709a0686f17bb479fda0f406b6c3c63838b08a4eaef022850866c3fc2071237b
2026-09-23T22-01-29-998Z_n-sweep_1-2-4-8-16-32-50,Ref,,16,D-voto,,,transfer,,,,0xa9059cbb,,135960,1,,0xb0eac06619547e241ec35274f15509fb5c770db50192de6a1103406050a1438c
2026-09-23T22-01-29-998Z_n-sweep_1-2-4-8-16-32-50,Ref,,16,D-voto,,,transfer,,,,0xa9059cbb,,135960,1,,0x51a2b6d5c32651b623f1d6c6d540db593effaf95342fa3f2319603e65ea66000
2026-09-23T22-01-29-998Z_n-sweep_1-2-4-8-16-32-50,Ref,,16,D-voto,,,transfer,,,,0xa9059cbb,,135960,1,,0x13e4e034fa5ecff267597b9545aba150c38765efef59593d84dd5b6f670c7d51
2026-09-23T22-01-29-998Z_n-sweep_1-2-4-8-16-32-50,Ref,,16,D-voto,,,transfer,,,,0xa9059cbb,,135960,1,,0xb50ca5dd46a975583d571c6bf23c67ae3e137f92737ba93d2ea1b9b4e7613c68
2026-09-23T22-01-29-998Z_n-sweep_1-2-4-8-16-32-50,Ref,,16,D-voto,,,transfer,,,,0xa9059cbb,,135948,1,,0x4710c50cd82fb4f8ac04d723ac5c8d42c6543fdb3a9268342c0ae90e7ce7bc22
2026-09-23T22-01-29-998Z_n-sweep_1-2-4-8-16-32-50,Ref,,16,D-voto,,,transfer,,,,0xa9059cbb,,135960,1,,0x1b245ffd7c4312f3b7eacced4fb57463afe5ce87642680cd5f65eae6187e1439
2026-09-23T22-01-29-998Z_n-sweep_1-2-4-8-16-32-50,Ref,,16,D-voto,,,transfer,,,,0xa9059cbb,,135960,1,,0xd8557dba87cb129629f44383c80d70a6708f507e977241fbb62b88d35afebd94
2026-09-23T22-01-29-998Z_n-sweep_1-2-4-8-16-32-50,Ref,,16,D-voto,,,transfer,,,,0xa9059cbb,,135960,1,,0xe994057952dc8d3e8a8666279ac41416a2fe0fb476cb3827b4db2e75fe136704
2026-09-23T22-01-29-998Z_n-sweep_1-2-4-8-16-32-50,Ref,,16,D-voto,,,transfer,,,,0xa9059cbb,,135960,1,,0xb60ac622a66279a59148d696405bd2db92019f515117a73345c81cfc8fe2666f
2026-09-23T22-01-29-998Z_n-sweep_1-2-4-8-16-32-50,Ref,,16,D-voto,,,transfer,,,,0xa9059cbb,,135960,1,,0x0583d0039c47214dc4d3794215cbfb5621cce4645ca4d52477e1dbef820be994
2026-09-23T22-01-29-998Z_n-sweep_1-2-4-8-16-32-50,Ref,,16,D-voto,,,transfer,,,,0xa9059cbb,,135960,1,,0xeabacdab51ac72295bcf6e3a06331d102444daeebe0f93c75b37098f68e1b3a4
2026-09-23T22-01-29-998Z_n-sweep_1-2-4-8-16-32-50,Ref,,16,D-voto,,,propose,,,propose,0x7d5e81e2,WasteCategoryRegistry.updateCredits,81627,1,,0x2720ef74308e5ace4cb89f4e0faa877ee90fb4a034e8c0f0721701b7cdf6e9be
2026-09-23T22-01-29-998Z_n-sweep_1-2-4-8-16-32-50,Ref,,16,D-voto,,,vote,1,for,,0x56781388,,83098,1,,0x65717bc5425e2b18c2a7ff609f64ab8fa7a70e9c18c54975679bb6b077797d79
2026-09-23T22-01-29-998Z_n-sweep_1-2-4-8-16-32-50,Ref,,16,D-voto,,,vote,2,for,,0x56781388,,65998,1,,0x0dd12e751059dce447bf6a5c84a96017b5f32c6fe57d9eaec7a668c1f7c5c646
2026-09-23T22-01-29-998Z_n-sweep_1-2-4-8-16-32-50,Ref,,16,D-voto,,,vote,3,for,,0x56781388,,65998,1,,0x3567a8d322ae21268949a78dc632913b79a0b96e547e901ea715985bb5512ddf
2026-09-23T22-01-29-998Z_n-sweep_1-2-4-8-16-32-50,Ref,,16,D-voto,,,vote,4,for,,0x56781388,,65998,1,,0x0ee93f32b1d6886a909ef9a1f75ce487e7d3320eb27e7108b571bdfd72a0f959
2026-09-23T22-01-29-998Z_n-sweep_1-2-4-8-16-32-50,Ref,,16,D-voto,,,vote,5,for,,0x56781388,,65998,1,,0x885b0c3403e10360222661c694b24ab4a7e01571b4cab2b2f442ccb179484a91
2026-09-23T22-01-29-998Z_n-sweep_1-2-4-8-16-32-50,Ref,,16,D-voto,,,vote,6,for,,0x56781388,,65998,1,,0xda596550563cbc60d11cab6108c2372ae3a82ca8e17b50dc513ad2d9091b68b3
2026-09-23T22-01-29-998Z_n-sweep_1-2-4-8-16-32-50,Ref,,16,D-voto,,,vote,7,for,,0x56781388,,65998,1,,0x971928eb601a4c91559089d53e591df8133707b8793929741a4b98ff8cecb31a
2026-09-23T22-01-29-998Z_n-sweep_1-2-4-8-16-32-50,Ref,,16,D-voto,,,vote,1,against,,0x56781388,,83057,1,,0xf35c3cbf9673fd47ca7a97c05b7dbbf61dfbba59c7cd162346b1465642771379
2026-09-23T22-01-29-998Z_n-sweep_1-2-4-8-16-32-50,Ref,,16,D-voto,,,vote,2,against,,0x56781388,,65957,1,,0x9a508d0ceabea207f9c3c0e98b8c8e658dc510fb763f753c3f5771456705a3ec
2026-09-23T22-01-29-998Z_n-sweep_1-2-4-8-16-32-50,Ref,,16,D-voto,,,vote,3,against,,0x56781388,,65957,1,,0xd71007b83f85984fd9c9c350641337a94aff5312e7382ac8953f084a27df8793
2026-09-23T22-01-29-998Z_n-sweep_1-2-4-8-16-32-50,Ref,,16,D-voto,,,vote,4,against,,0x56781388,,65957,1,,0xd4c1535c1c6d20ab50eea13f45a20cf8ed4aedf5f9977e4c5555820502922759
2026-09-23T22-01-29-998Z_n-sweep_1-2-4-8-16-32-50,Ref,,16,D-voto,,,vote,5,against,,0x56781388,,65957,1,,0x003fe526028ab135e5a5f390f66d7042943f0ea4c1800c34f4ae42a0e790a4bc
2026-09-23T22-01-29-998Z_n-sweep_1-2-4-8-16-32-50,Ref,,16,D-voto,,,vote,6,against,,0x56781388,,65957,1,,0xb5fc186fa96ae32c1a49595d0c54f86b794de3400f8d1f6a1a48cfda9b391542
2026-09-23T22-01-29-998Z_n-sweep_1-2-4-8-16-32-50,Ref,,16,D-voto,,,vote,7,against,,0x56781388,,65957,1,,0x5ae8e4258d5f0b22db7f6ca8b53a1350422b5f969f8201fa4454e8bb9f59439d
2026-09-23T22-01-29-998Z_n-sweep_1-2-4-8-16-32-50,Ref,,16,D-voto,,,vote,8,against,,0x56781388,,65957,1,,0x55475c1829f0cda80b45fa3becca4a0e0f4e38cc9fa3fd7784e8b3d9a10b72ee
2026-09-23T22-01-29-998Z_n-sweep_1-2-4-8-16-32-50,Ref,,16,D-voto,,,vote,9,against,,0x56781388,,65957,1,,0x5de36f14e2526617f5e468a073fb55ef2eaaaf52b4f9504eb6ac0b663a6d6d4e
2026-09-23T22-01-29-998Z_n-sweep_1-2-4-8-16-32-50,Ref,,16,D-voto,,,execute_attempt,,,execute,0x2656227d,WasteCategoryRegistry.updateCredits,51452,0,"VM Exception while processing transaction: reverted with custom error 'GovernorUnexpectedProposalState(16624736161813336200407973304012944180723763036885761646916841661637564332345, 3, '0x0000000000000000000000000000000000000000000000000000000000000030')'",0xf6628e189454264810544c207ebac9026966f0e9deb8e8da0e72112bfeaf3757
2026-09-23T22-01-29-998Z_n-sweep_1-2-4-8-16-32-50,V0,T1,,,,,deploy_token_T1,,,constructor,0x61016060,,1621017,1,,0xece28f063ba256e8fc65152daf61fe745a7823e8ba387b1b661409f18f6dc4cc
2026-09-23T22-01-29-998Z_n-sweep_1-2-4-8-16-32-50,V0,,,,,,deploy_registry,,,constructor,0x60806040,,4590964,1,,0x9005486642112873086c0faf3a06ce7199e3377186a80eb6eea4235f5e1c6f56
2026-09-23T22-01-29-998Z_n-sweep_1-2-4-8-16-32-50,V0,,,,,,deploy_governor_V0,,,constructor,0x6101c080,,2133394,1,,0x8b33a795df9df0e5a3cb812430955580d1fb4f654a6028dd161238e13d560524
2026-09-23T22-01-29-998Z_n-sweep_1-2-4-8-16-32-50,V0,,,,,,grant_admin_role,,,grantRole,0x2f2ff15d,,50799,1,,0xb518a3911be32f0a59dcaec3e43c7ec54010f07f3e473d550516b1aab1a18d6b
2026-09-23T22-01-29-998Z_n-sweep_1-2-4-8-16-32-50,V0,,,,,,revoke_deployer_admin_role,,,revokeRole,0xd547741f,,27116,1,,0x8cb08b8b6ca45600b76a431b4cd18aee2095374e00c890903bfaa28d83b5f82b
2026-09-23T22-01-29-998Z_n-sweep_1-2-4-8-16-32-50,V0,,16,E-empate,,,delegate_admin,,,,0x5c19a95c,,95559,1,,0xfa43c1f7a1a1658c8aeac58119b26e806face10fc63ae3e18099942309f4d395
2026-09-23T22-01-29-998Z_n-sweep_1-2-4-8-16-32-50,V0,,16,E-empate,,,delegate,,,,0x5c19a95c,,48347,1,,0xf96ae171d39b1290c248e3ee88c92c43e24751ff4aacf46bad404cad29a33e37
2026-09-23T22-01-29-998Z_n-sweep_1-2-4-8-16-32-50,V0,,16,E-empate,,,delegate,,,,0x5c19a95c,,48335,1,,0x65ff74d2610d5c80f16dc62aa4e01b339a9ecd8c95911ae092d678a9792cdcb8
2026-09-23T22-01-29-998Z_n-sweep_1-2-4-8-16-32-50,V0,,16,E-empate,,,delegate,,,,0x5c19a95c,,48347,1,,0xb06e4e18b389cc3c69848b844c44927f26087a909c0e4532a1ba892e8d7bac4c
2026-09-23T22-01-29-998Z_n-sweep_1-2-4-8-16-32-50,V0,,16,E-empate,,,delegate,,,,0x5c19a95c,,48347,1,,0xfdc5c4ae6e458adbd0780d18d4ef20dca6b7a02f3efff2f7c0eec7590e340a41
2026-09-23T22-01-29-998Z_n-sweep_1-2-4-8-16-32-50,V0,,16,E-empate,,,delegate,,,,0x5c19a95c,,48347,1,,0x5c4d4bc02e09949d860a2c409a26209335f7c4e4eca7ac13d0e60a5cf0d0f233
2026-09-23T22-01-29-998Z_n-sweep_1-2-4-8-16-32-50,V0,,16,E-empate,,,delegate,,,,0x5c19a95c,,48347,1,,0x8eb2597a239d7d5a9d780141fa850308f21a221b62b2f0b2cd01922a25b294b2
2026-09-23T22-01-29-998Z_n-sweep_1-2-4-8-16-32-50,V0,,16,E-empate,,,delegate,,,,0x5c19a95c,,48347,1,,0x61b0a2cbceae6ab3b47dbad41fbaa57485b4b4545814b177fb76f5e80989f4b6
2026-09-23T22-01-29-998Z_n-sweep_1-2-4-8-16-32-50,V0,,16,E-empate,,,delegate,,,,0x5c19a95c,,48347,1,,0x8e8293e79ce57e8b2bd6c914c167b0ec5858ded7d332cc962607075acbcc0b43
2026-09-23T22-01-29-998Z_n-sweep_1-2-4-8-16-32-50,V0,,16,E-empate,,,delegate,,,,0x5c19a95c,,48347,1,,0x700d26ece381a9328c0c0607c8015a890a8cc373fc0ec5e3e5957a9b1720c821
2026-09-23T22-01-29-998Z_n-sweep_1-2-4-8-16-32-50,V0,,16,E-empate,,,delegate,,,,0x5c19a95c,,48335,1,,0x827f347ed9162ee5aa31942cb2cd15f5b7940183deaee5d4a11b6efe87452173
2026-09-23T22-01-29-998Z_n-sweep_1-2-4-8-16-32-50,V0,,16,E-empate,,,delegate,,,,0x5c19a95c,,48347,1,,0x05e0616bb804c3cd4df19f7b0cf511dbcb6e9524c52bcfbf8b39223490cc0846
2026-09-23T22-01-29-998Z_n-sweep_1-2-4-8-16-32-50,V0,,16,E-empate,,,delegate,,,,0x5c19a95c,,48347,1,,0x7409a97667b08d9b70b0d678843340d442fad8337ae46944499977e000325f92
2026-09-23T22-01-29-998Z_n-sweep_1-2-4-8-16-32-50,V0,,16,E-empate,,,delegate,,,,0x5c19a95c,,48347,1,,0x06bc39c687cf89ca2626bc142b16cf4a83fd68b90155fd6344acd5c17148d8a6
2026-09-23T22-01-29-998Z_n-sweep_1-2-4-8-16-32-50,V0,,16,E-empate,,,delegate,,,,0x5c19a95c,,48347,1,,0xe5d3691fe9ffad366e158fc098b74dd6635f083c235a6588c23e1d5313889cc9
2026-09-23T22-01-29-998Z_n-sweep_1-2-4-8-16-32-50,V0,,16,E-empate,,,delegate,,,,0x5c19a95c,,48347,1,,0x75300fe9f7d70fbe306b3cefadf0423a64334a4470eee34e958b76b4418900c0
2026-09-23T22-01-29-998Z_n-sweep_1-2-4-8-16-32-50,V0,,16,E-empate,,,delegate,,,,0x5c19a95c,,48347,1,,0xef2cf8fae96fa4c95b9eb5fc78e668af4f5126a23f921c90e15afdcffccd9bf9
2026-09-23T22-01-29-998Z_n-sweep_1-2-4-8-16-32-50,V0,,16,E-empate,,,transfer,,,,0xa9059cbb,,135960,1,,0x9d2051ce1ac7772280ee95bb88f17e9d6d2578fc8bb5cf446ecc31be953ece96
2026-09-23T22-01-29-998Z_n-sweep_1-2-4-8-16-32-50,V0,,16,E-empate,,,transfer,,,,0xa9059cbb,,135948,1,,0x3a4a298943ef01cc714afe43386e5742cf073e1f035be6fc7cbb5dfeed0493f0
2026-09-23T22-01-29-998Z_n-sweep_1-2-4-8-16-32-50,V0,,16,E-empate,,,transfer,,,,0xa9059cbb,,135960,1,,0xd44510bb270dde35eff14b4a5a859736433c0ee8550691fdd95ee07cd99c95c6
2026-09-23T22-01-29-998Z_n-sweep_1-2-4-8-16-32-50,V0,,16,E-empate,,,transfer,,,,0xa9059cbb,,135960,1,,0x63d205467f9416ccd0167cac0adeba7bd37f330003391c910238fd6d39d44d93
2026-09-23T22-01-29-998Z_n-sweep_1-2-4-8-16-32-50,V0,,16,E-empate,,,transfer,,,,0xa9059cbb,,135960,1,,0xb3c9dc135bc39577971e96905eec64c6559bad01b2a06ea5376e696e1224dcde
2026-09-23T22-01-29-998Z_n-sweep_1-2-4-8-16-32-50,V0,,16,E-empate,,,transfer,,,,0xa9059cbb,,135960,1,,0xb1ad3c2f5839ceda9ea23f9e801964e613c95948448563bf3c2b4cda05309531
2026-09-23T22-01-29-998Z_n-sweep_1-2-4-8-16-32-50,V0,,16,E-empate,,,transfer,,,,0xa9059cbb,,135960,1,,0x0e8c2da5137db8ba2577088f9b4385a8b03e6bb749d506e3131715b6ab0e5c85
2026-09-23T22-01-29-998Z_n-sweep_1-2-4-8-16-32-50,V0,,16,E-empate,,,transfer,,,,0xa9059cbb,,135960,1,,0xcc0dce854b4d22a13a4ee19c4382a43b7378b6dbf7459e801d2c21eaf406c0b3
2026-09-23T22-01-29-998Z_n-sweep_1-2-4-8-16-32-50,V0,,16,E-empate,,,transfer,,,,0xa9059cbb,,135960,1,,0x34389a152f83ec0b3169ab7573cf459e4ff8bcef869ec65da6da6b0d63fcf965
2026-09-23T22-01-29-998Z_n-sweep_1-2-4-8-16-32-50,V0,,16,E-empate,,,transfer,,,,0xa9059cbb,,135948,1,,0x299f4a4d3aaa7cddd715472eecd4b373cf92705af8c26fb1ecee302a0fb4879f
2026-09-23T22-01-29-998Z_n-sweep_1-2-4-8-16-32-50,V0,,16,E-empate,,,transfer,,,,0xa9059cbb,,135960,1,,0xb238377ddc32c50ae1eecf6d5ef004977a9773a3ed7d4a7733ee2c54f9c86f9a
2026-09-23T22-01-29-998Z_n-sweep_1-2-4-8-16-32-50,V0,,16,E-empate,,,transfer,,,,0xa9059cbb,,135960,1,,0xe6cba7e768e8f544e5f277d2fcf207d101cc00453070eca3afe77aeaab1e66a2
2026-09-23T22-01-29-998Z_n-sweep_1-2-4-8-16-32-50,V0,,16,E-empate,,,transfer,,,,0xa9059cbb,,135960,1,,0x9c81e5a07e6bfd0ca52efa66d70f843f87beead64a024ffaec14204514567a4a
2026-09-23T22-01-29-998Z_n-sweep_1-2-4-8-16-32-50,V0,,16,E-empate,,,transfer,,,,0xa9059cbb,,135960,1,,0x92ea0b3b1a4fc09939bde5de610cab2c9ee4919860af647811507c3f42e77406
2026-09-23T22-01-29-998Z_n-sweep_1-2-4-8-16-32-50,V0,,16,E-empate,,,transfer,,,,0xa9059cbb,,135960,1,,0xca1c8911abf0980ae6c3603deb4c531c0c4af41602a546328a15a0fceb3594e8
2026-09-23T22-01-29-998Z_n-sweep_1-2-4-8-16-32-50,V0,,16,E-empate,,,transfer,,,,0xa9059cbb,,135960,1,,0x51f7bdc75c4813064555dffa674146a5a204bbfdc6f6bc63abfa47c352cc9ab2
2026-09-23T22-01-29-998Z_n-sweep_1-2-4-8-16-32-50,V0,,16,E-empate,,,propose,,,propose,0x7d5e81e2,WasteCategoryRegistry.updateCredits,63778,1,,0x0b3cd56ed234d1610f779ecb8537075ed6ab7c1cde49f86e4e1556613f44d709
2026-09-23T22-01-29-998Z_n-sweep_1-2-4-8-16-32-50,V0,,16,E-empate,,,vote,1,for,,0x56781388,,81899,1,,0xebd62bf8ffab8dd4e152307b4b804504a9a66bf717d759f6d7235838c23e40ff
2026-09-23T22-01-29-998Z_n-sweep_1-2-4-8-16-32-50,V0,,16,E-empate,,,vote,2,for,,0x56781388,,64799,1,,0x07a2ceab8af5e2c0b9a1fe969a8c2de2d49ccf768e5a39b1e6a60ca9f870b195
2026-09-23T22-01-29-998Z_n-sweep_1-2-4-8-16-32-50,V0,,16,E-empate,,,vote,3,for,,0x56781388,,64799,1,,0x2477d8a6de0522c38f4c51942ceb1486606bbba641b1dfbaae097cdeab7aa136
2026-09-23T22-01-29-998Z_n-sweep_1-2-4-8-16-32-50,V0,,16,E-empate,,,vote,4,for,,0x56781388,,64799,1,,0x0d2cf1ed21924ba0c199f8c68e91c1d4e62fa59fa0a375457cfeb51aecf2759a
2026-09-23T22-01-29-998Z_n-sweep_1-2-4-8-16-32-50,V0,,16,E-empate,,,vote,5,for,,0x56781388,,64799,1,,0xe36b3a29b3218f5b17692cef409e8735a6dae15008fd274467e29a612b233650
2026-09-23T22-01-29-998Z_n-sweep_1-2-4-8-16-32-50,V0,,16,E-empate,,,vote,6,for,,0x56781388,,64799,1,,0x2d789e3581450c18697e35e082559c668fc3cab2eeba24c015c8033f187385fe
2026-09-23T22-01-29-998Z_n-sweep_1-2-4-8-16-32-50,V0,,16,E-empate,,,vote,7,for,,0x56781388,,64799,1,,0x39000f2cdb7e052b6c2946525edf2cf43556d22f01eda712c0dd90f53de79072
2026-09-23T22-01-29-998Z_n-sweep_1-2-4-8-16-32-50,V0,,16,E-empate,,,vote,8,for,,0x56781388,,64799,1,,0x0738e433b08c746ca12adce61cab4a4ee11496801f8aae616a9c3acba852f4ca
2026-09-23T22-01-29-998Z_n-sweep_1-2-4-8-16-32-50,V0,,16,E-empate,,,vote,1,against,,0x56781388,,81847,1,,0xeedc997791b143d224b521972a5d93179d93c3c9b5967b735c578d82b4a95a36
2026-09-23T22-01-29-998Z_n-sweep_1-2-4-8-16-32-50,V0,,16,E-empate,,,vote,2,against,,0x56781388,,64747,1,,0x70dbaf385d0fedd6d27d0cf9aaa5434ca846dd30c361b4d219e8fbd7de2d3b9d
2026-09-23T22-01-29-998Z_n-sweep_1-2-4-8-16-32-50,V0,,16,E-empate,,,vote,3,against,,0x56781388,,64747,1,,0x9cc5e5941779a339a019484360c001e11cd48aba12d01ffcb3f818108d2e4806
2026-09-23T22-01-29-998Z_n-sweep_1-2-4-8-16-32-50,V0,,16,E-empate,,,vote,4,against,,0x56781388,,64747,1,,0xdc7e7813af45854984efe364f5e47c9129282d9c82a27d44d70ee852ec30ed62
2026-09-23T22-01-29-998Z_n-sweep_1-2-4-8-16-32-50,V0,,16,E-empate,,,vote,5,against,,0x56781388,,64747,1,,0x9fdf142cbc5775a419c31d46bf1e7430f8a3629bf7a51bd7ec8d441bf8e02aca
2026-09-23T22-01-29-998Z_n-sweep_1-2-4-8-16-32-50,V0,,16,E-empate,,,vote,6,against,,0x56781388,,64747,1,,0x74e0cf53480518096cc3a773c876476bb567ffe68315818784e1b649b6ca1524
2026-09-23T22-01-29-998Z_n-sweep_1-2-4-8-16-32-50,V0,,16,E-empate,,,vote,7,against,,0x56781388,,64747,1,,0x137ffc745949d58821a5bf5ccbfaa7c5294f86b07834e94413d1237eb7314c7a
2026-09-23T22-01-29-998Z_n-sweep_1-2-4-8-16-32-50,V0,,16,E-empate,,,vote,8,against,,0x56781388,,64747,1,,0xe482f46a5b8950e67ceab8b7747e53cc9cf74a4365c0e6d509e20b3959997430
2026-09-23T22-01-29-998Z_n-sweep_1-2-4-8-16-32-50,V0,,16,E-empate,,,execute_attempt,,,execute,0x2656227d,WasteCategoryRegistry.updateCredits,40382,0,"VM Exception while processing transaction: reverted with custom error 'GovernorUnexpectedProposalState(72775129917926379512360120138364085150312629606013755390097851601710635917862, 3, '0x0000000000000000000000000000000000000000000000000000000000000030')'",0x35efa1e1a000703f9b6fb8cfd79c245736dec1e51b7fffd96ea58d70e61ab124
2026-09-23T22-01-29-998Z_n-sweep_1-2-4-8-16-32-50,V1,T1,,,,,deploy_token_T1,,,constructor,0x61016060,,1621017,1,,0xece28f063ba256e8fc65152daf61fe745a7823e8ba387b1b661409f18f6dc4cc
2026-09-23T22-01-29-998Z_n-sweep_1-2-4-8-16-32-50,V1,,,,,,deploy_registry,,,constructor,0x60806040,,4590964,1,,0x9005486642112873086c0faf3a06ce7199e3377186a80eb6eea4235f5e1c6f56
2026-09-23T22-01-29-998Z_n-sweep_1-2-4-8-16-32-50,V1,,,,,,deploy_governor_V1,,,constructor,0x6101c080,,2141155,1,,0xcbf032b87647649d09648621f7d61fb312aee4174486ee6f404819243ac59ca9
2026-09-23T22-01-29-998Z_n-sweep_1-2-4-8-16-32-50,V1,,,,,,grant_admin_role,,,grantRole,0x2f2ff15d,,50799,1,,0xfdc9a3875129e16eb4a0e6527cfb2e5662449c13660398cf3b7c723db6d0e009
2026-09-23T22-01-29-998Z_n-sweep_1-2-4-8-16-32-50,V1,,,,,,revoke_deployer_admin_role,,,revokeRole,0xd547741f,,27116,1,,0xc189311656167d1c4c211ee1c4f5143a8df64ff72cb449ebf7ec77ff2fd0bcbb
2026-09-23T22-01-29-998Z_n-sweep_1-2-4-8-16-32-50,V1,,16,E-empate,,,delegate_admin,,,,0x5c19a95c,,95559,1,,0xd4695df7ceba86e36d8d32ccf756640823a0c1b729cf20e3a0b632c08e38ee6a
2026-09-23T22-01-29-998Z_n-sweep_1-2-4-8-16-32-50,V1,,16,E-empate,,,delegate,,,,0x5c19a95c,,48347,1,,0x81d5bf8e96fad9ce8b5230dc73abbeb313b25fcb2932728690f357e6b4e905b9
2026-09-23T22-01-29-998Z_n-sweep_1-2-4-8-16-32-50,V1,,16,E-empate,,,delegate,,,,0x5c19a95c,,48335,1,,0x92147b8c796bc2b0f21acc979799bbf4c5b5033d9d67806a8ad6842fe03d41df
2026-09-23T22-01-29-998Z_n-sweep_1-2-4-8-16-32-50,V1,,16,E-empate,,,delegate,,,,0x5c19a95c,,48347,1,,0xfff43b85310b182c6fdaa6a0b82056393aba2572b23e543b42f064dc4690e2fc
2026-09-23T22-01-29-998Z_n-sweep_1-2-4-8-16-32-50,V1,,16,E-empate,,,delegate,,,,0x5c19a95c,,48347,1,,0xd65054394087a126f7201b8caf565d34e4b8e2c37299a2eb2e8e1e169e8753b2
2026-09-23T22-01-29-998Z_n-sweep_1-2-4-8-16-32-50,V1,,16,E-empate,,,delegate,,,,0x5c19a95c,,48347,1,,0x0c6ee11e6f4f09c9119d3c03df89d743f104be74b800d0b47cbfa2e1629e917b
2026-09-23T22-01-29-998Z_n-sweep_1-2-4-8-16-32-50,V1,,16,E-empate,,,delegate,,,,0x5c19a95c,,48347,1,,0x9e4c58d93f5292a4566258e1c10f556eb9dc4074e322b7c357bf5ad65da50cae
2026-09-23T22-01-29-998Z_n-sweep_1-2-4-8-16-32-50,V1,,16,E-empate,,,delegate,,,,0x5c19a95c,,48347,1,,0x6ebf0fe5777b4feb07a84b604e7094e789e104c0aa39284dccf1b9da9c17904e
2026-09-23T22-01-29-998Z_n-sweep_1-2-4-8-16-32-50,V1,,16,E-empate,,,delegate,,,,0x5c19a95c,,48347,1,,0xfe42119cc5b68fbfd433dffe547dcf50b55480a011d31795da0f08ec660c70b3
2026-09-23T22-01-29-998Z_n-sweep_1-2-4-8-16-32-50,V1,,16,E-empate,,,delegate,,,,0x5c19a95c,,48347,1,,0x1cd5ec1a28c590b58fdf7467e7fffeb349eed4d261a6e6dd6bbe64d73d17bd59
2026-09-23T22-01-29-998Z_n-sweep_1-2-4-8-16-32-50,V1,,16,E-empate,,,delegate,,,,0x5c19a95c,,48335,1,,0x44f126ec5cf68cfd276b82e1245a8bb78ca6d635813f085d1a125f483e4d5924
2026-09-23T22-01-29-998Z_n-sweep_1-2-4-8-16-32-50,V1,,16,E-empate,,,delegate,,,,0x5c19a95c,,48347,1,,0xe3c56247fde6ff45e5ce391eac68170bdc36be578302a953ddcf8384ecd07aa8
2026-09-23T22-01-29-998Z_n-sweep_1-2-4-8-16-32-50,V1,,16,E-empate,,,delegate,,,,0x5c19a95c,,48347,1,,0x97563cc4398d7b02943ad3e3ef1bdae06351c02ad3fb2d2b948579fc1d32295f
2026-09-23T22-01-29-998Z_n-sweep_1-2-4-8-16-32-50,V1,,16,E-empate,,,delegate,,,,0x5c19a95c,,48347,1,,0x2254c00b60e2f0581478274e6123b6295b391cc3698f1951fb660335b3cd6c33
2026-09-23T22-01-29-998Z_n-sweep_1-2-4-8-16-32-50,V1,,16,E-empate,,,delegate,,,,0x5c19a95c,,48347,1,,0xc3e2689cb93afecc73f02fe2fc704ca424bfebf2840b02e15e94e2eacaca6d1c
2026-09-23T22-01-29-998Z_n-sweep_1-2-4-8-16-32-50,V1,,16,E-empate,,,delegate,,,,0x5c19a95c,,48347,1,,0xf481a9d9df12d0c5f7b29cc5bd284c8ca3e14873afc209155e790bf19f68d897
2026-09-23T22-01-29-998Z_n-sweep_1-2-4-8-16-32-50,V1,,16,E-empate,,,delegate,,,,0x5c19a95c,,48347,1,,0x8975637550f485546f85f8e6d9a6ed6447c7e76fff1ec5f6c9e76fb534393987
2026-09-23T22-01-29-998Z_n-sweep_1-2-4-8-16-32-50,V1,,16,E-empate,,,transfer,,,,0xa9059cbb,,135960,1,,0xdd222b00fca52171e793193ffd85834d971539cb41bfa569e6c443334217eadd
2026-09-23T22-01-29-998Z_n-sweep_1-2-4-8-16-32-50,V1,,16,E-empate,,,transfer,,,,0xa9059cbb,,135948,1,,0x8a79afcb52be6f90c33e1e815566c9ce69071c9b524c3a07ed1dedd801b5c7e3
2026-09-23T22-01-29-998Z_n-sweep_1-2-4-8-16-32-50,V1,,16,E-empate,,,transfer,,,,0xa9059cbb,,135960,1,,0x930696174a43d4b193fbc0ef290f12a6fcc288e1ffbec19dccef94a271e40c5a
2026-09-23T22-01-29-998Z_n-sweep_1-2-4-8-16-32-50,V1,,16,E-empate,,,transfer,,,,0xa9059cbb,,135960,1,,0xae2fb42a80146f85b63f82c9c164b8d1fb21ee265f5ae0e05ae2997b94c94e8b
2026-09-23T22-01-29-998Z_n-sweep_1-2-4-8-16-32-50,V1,,16,E-empate,,,transfer,,,,0xa9059cbb,,135960,1,,0x4da24e5dd69239f6621bd3f6b49ad8282c299e4f035729dc5e3e57e0fa2d5cf5
2026-09-23T22-01-29-998Z_n-sweep_1-2-4-8-16-32-50,V1,,16,E-empate,,,transfer,,,,0xa9059cbb,,135960,1,,0x78ed7677a72a68eff2d7f2feb88cdc6fa9ed96d419871d5a98fb78f60c90118d
2026-09-23T22-01-29-998Z_n-sweep_1-2-4-8-16-32-50,V1,,16,E-empate,,,transfer,,,,0xa9059cbb,,135960,1,,0x295714d390a8a38a316fdd4e6aa1a6d91f67c27d366ad3abaec2f658fc78703e
2026-09-23T22-01-29-998Z_n-sweep_1-2-4-8-16-32-50,V1,,16,E-empate,,,transfer,,,,0xa9059cbb,,135960,1,,0x766cac572d1b94c31c7eaa125eca5cc9577173f8fbf696afdde38559651e0d71
2026-09-23T22-01-29-998Z_n-sweep_1-2-4-8-16-32-50,V1,,16,E-empate,,,transfer,,,,0xa9059cbb,,135960,1,,0x8150f759e197851e9b1f50af638e7de175ad2f0036cec81cddab423b6da1b532
2026-09-23T22-01-29-998Z_n-sweep_1-2-4-8-16-32-50,V1,,16,E-empate,,,transfer,,,,0xa9059cbb,,135948,1,,0x37db5e98635fd505c2742f6f9ec14e14fa864bc75ac8bf700fe621ceb78ec7b1
2026-09-23T22-01-29-998Z_n-sweep_1-2-4-8-16-32-50,V1,,16,E-empate,,,transfer,,,,0xa9059cbb,,135960,1,,0x2b98b2f0bfa050738696710d3077be31e7d18092ead2669ed0aab897397ef7c5
2026-09-23T22-01-29-998Z_n-sweep_1-2-4-8-16-32-50,V1,,16,E-empate,,,transfer,,,,0xa9059cbb,,135960,1,,0x2cd6a8d19ba5eee525ca7478c59ef562956789c879ecb628465092751d63f675
2026-09-23T22-01-29-998Z_n-sweep_1-2-4-8-16-32-50,V1,,16,E-empate,,,transfer,,,,0xa9059cbb,,135960,1,,0x894a856067085ca6a85eef4e0e038f211e095cc7a1c2a4c0df57044a32321a71
2026-09-23T22-01-29-998Z_n-sweep_1-2-4-8-16-32-50,V1,,16,E-empate,,,transfer,,,,0xa9059cbb,,135960,1,,0xf9b9050027aa6c6847ff83cfbc53f49eb269adbeefd72c132c17e6bd1f164eda
2026-09-23T22-01-29-998Z_n-sweep_1-2-4-8-16-32-50,V1,,16,E-empate,,,transfer,,,,0xa9059cbb,,135960,1,,0x95e1e72f055da737df7dd466bafd3e18c1a9a5ceb0628e78d919152d872698ac
2026-09-23T22-01-29-998Z_n-sweep_1-2-4-8-16-32-50,V1,,16,E-empate,,,transfer,,,,0xa9059cbb,,135960,1,,0x9a970a784adbfb9310ca85d585c32690c45a878597f869edefc96888379a0904
2026-09-23T22-01-29-998Z_n-sweep_1-2-4-8-16-32-50,V1,,16,E-empate,,,propose,,,propose,0x7d5e81e2,WasteCategoryRegistry.updateCredits,63778,1,,0xeafffdea05a4a3b494bc2e9303a45437d86b71fb87e652ba401dd9d3df903a7d
2026-09-23T22-01-29-998Z_n-sweep_1-2-4-8-16-32-50,V1,,16,E-empate,,,vote,1,for,,0x56781388,,82468,1,,0x15a215776e5aa239d2e9cbb3ab3b01b430cd06f3ada28be86acc1beed8a9d418
2026-09-23T22-01-29-998Z_n-sweep_1-2-4-8-16-32-50,V1,,16,E-empate,,,vote,2,for,,0x56781388,,65368,1,,0x78d4bef875ade77016ed93d185d76faed3b1836477d9d69a72b2fc0e01582b71
2026-09-23T22-01-29-998Z_n-sweep_1-2-4-8-16-32-50,V1,,16,E-empate,,,vote,3,for,,0x56781388,,65368,1,,0x3632ce7ce180d972db8d9d6e368b0df2b7e7efc1c774e88f96f4a7e17fd2b535
2026-09-23T22-01-29-998Z_n-sweep_1-2-4-8-16-32-50,V1,,16,E-empate,,,vote,4,for,,0x56781388,,65368,1,,0xb7dcd0c7d213afff4e230772921cd623c6a3e5d8e88368455c5c38cd589a4650
2026-09-23T22-01-29-998Z_n-sweep_1-2-4-8-16-32-50,V1,,16,E-empate,,,vote,5,for,,0x56781388,,65368,1,,0x616bf7683fbb5c59fb08272751c53b61327acf2204812bbf6efcf6a017bc00e7
2026-09-23T22-01-29-998Z_n-sweep_1-2-4-8-16-32-50,V1,,16,E-empate,,,vote,6,for,,0x56781388,,65368,1,,0x95cc59a95f4b71c1362da6d963a0f8e7f80d466de4922052e379f4f7f074a01c
2026-09-23T22-01-29-998Z_n-sweep_1-2-4-8-16-32-50,V1,,16,E-empate,,,vote,7,for,,0x56781388,,65368,1,,0x74b95598e6f70f73233d29677ad71eaee82d235735aa29346320f6b395de7ba4
2026-09-23T22-01-29-998Z_n-sweep_1-2-4-8-16-32-50,V1,,16,E-empate,,,vote,8,for,,0x56781388,,65368,1,,0x5c51c0ef2479a6e1128bb04daa34047063907f0267e398d24ace55cf94ac2e2d
2026-09-23T22-01-29-998Z_n-sweep_1-2-4-8-16-32-50,V1,,16,E-empate,,,vote,1,against,,0x56781388,,82416,1,,0x21e0cc33b1e667453f31009872829c25b2dcfcfd7e7e2d8cb46ee33b118b8192
2026-09-23T22-01-29-998Z_n-sweep_1-2-4-8-16-32-50,V1,,16,E-empate,,,vote,2,against,,0x56781388,,65316,1,,0xd40420ca48b4908a03f5098829237aac72c1bee5d302fc0e037db2b73dc7a15d
2026-09-23T22-01-29-998Z_n-sweep_1-2-4-8-16-32-50,V1,,16,E-empate,,,vote,3,against,,0x56781388,,65316,1,,0x2ac6150869382357598e7b8749302e8dbdede7e48793ec4ce7cb17cf7f12ced0
2026-09-23T22-01-29-998Z_n-sweep_1-2-4-8-16-32-50,V1,,16,E-empate,,,vote,4,against,,0x56781388,,65316,1,,0x918369b590805b4ccb3aa0e5a5b1e19d4970d4dbbfdb13a506c212caa8db5527
2026-09-23T22-01-29-998Z_n-sweep_1-2-4-8-16-32-50,V1,,16,E-empate,,,vote,5,against,,0x56781388,,65316,1,,0x112c48940e63ef54545062e227a2dadebfa7fc935054c3c843f240f0236543c4
2026-09-23T22-01-29-998Z_n-sweep_1-2-4-8-16-32-50,V1,,16,E-empate,,,vote,6,against,,0x56781388,,65316,1,,0x94a1914e1ff1c4b98939f399c072c28a29b91a9fe61e6e88a8884dfc59c03e90
2026-09-23T22-01-29-998Z_n-sweep_1-2-4-8-16-32-50,V1,,16,E-empate,,,vote,7,against,,0x56781388,,65316,1,,0x735ab12eb386f6967232dcb9f970012e55afeadfde355167256028bd41b680e4
2026-09-23T22-01-29-998Z_n-sweep_1-2-4-8-16-32-50,V1,,16,E-empate,,,vote,8,against,,0x56781388,,65316,1,,0x239404ce9e799aa6853f9e5eb3da3b33e569168efbb7288c3e7219a5fa6f415e
2026-09-23T22-01-29-998Z_n-sweep_1-2-4-8-16-32-50,V1,,16,E-empate,,,execute_attempt,,,execute,0x2656227d,WasteCategoryRegistry.updateCredits,40382,0,"VM Exception while processing transaction: reverted with custom error 'GovernorUnexpectedProposalState(468664449562278567469343310460874040705866724267705210515008334924232873779, 3, '0x0000000000000000000000000000000000000000000000000000000000000030')'",0x9f8cbae94284e7d4a37877e336a5386aea73c77a2645b04a9115539f726e4f39
2026-09-23T22-01-29-998Z_n-sweep_1-2-4-8-16-32-50,V2,T1,,,,,deploy_token_T1,,,constructor,0x61016060,,1621017,1,,0xece28f063ba256e8fc65152daf61fe745a7823e8ba387b1b661409f18f6dc4cc
2026-09-23T22-01-29-998Z_n-sweep_1-2-4-8-16-32-50,V2,,,,,,deploy_registry,,,constructor,0x60806040,,4590964,1,,0x9005486642112873086c0faf3a06ce7199e3377186a80eb6eea4235f5e1c6f56
2026-09-23T22-01-29-998Z_n-sweep_1-2-4-8-16-32-50,V2,,,,,,deploy_governor_V2,,,constructor,0x6101e080,,2178840,1,,0xa32c9f3d540c0ae9eee563ea02a53e3c1648afde51e09209202bc2912d9a8532
2026-09-23T22-01-29-998Z_n-sweep_1-2-4-8-16-32-50,V2,,,,,,grant_admin_role,,,grantRole,0x2f2ff15d,,50799,1,,0x0482dd737ad13e5cf9f342f77b7f4c8d4a60575e6613b501a7a433855227e65d
2026-09-23T22-01-29-998Z_n-sweep_1-2-4-8-16-32-50,V2,,,,,,revoke_deployer_admin_role,,,revokeRole,0xd547741f,,27116,1,,0xbf6c6756b6e885a31717a4b56f3c4fc35da4780ca84e075711ea97189f58ea3d
2026-09-23T22-01-29-998Z_n-sweep_1-2-4-8-16-32-50,V2,,16,E-empate,,,delegate_admin,,,,0x5c19a95c,,95559,1,,0xe4ed125ff7fcf34a784094393e69d7b32184f90f45a88cf0e398ac5fe2329d50
2026-09-23T22-01-29-998Z_n-sweep_1-2-4-8-16-32-50,V2,,16,E-empate,,,delegate,,,,0x5c19a95c,,48347,1,,0x8e5cf2e817455991c3f88244f29b95e3c5703efb253d16587c3e019ace8ed4aa
2026-09-23T22-01-29-998Z_n-sweep_1-2-4-8-16-32-50,V2,,16,E-empate,,,delegate,,,,0x5c19a95c,,48335,1,,0x3a4d0b938991cc6665fddf48aab742d27a2480134e4cb1cf5b844b9724575405
2026-09-23T22-01-29-998Z_n-sweep_1-2-4-8-16-32-50,V2,,16,E-empate,,,delegate,,,,0x5c19a95c,,48347,1,,0x8df16e2387da0d9fa03469e487a72815c7ad0f22d2e3631bfcd3e8532e84566f
2026-09-23T22-01-29-998Z_n-sweep_1-2-4-8-16-32-50,V2,,16,E-empate,,,delegate,,,,0x5c19a95c,,48347,1,,0x95612e3ccf4e98f664cb62c90a18fd3142e8f5668db18fb82a400652a6b96b06
2026-09-23T22-01-29-998Z_n-sweep_1-2-4-8-16-32-50,V2,,16,E-empate,,,delegate,,,,0x5c19a95c,,48347,1,,0x8cfbd9c8afd095297879c4ea5a6d41c276c3b770abd2f751b06ec63384df15d6
2026-09-23T22-01-29-998Z_n-sweep_1-2-4-8-16-32-50,V2,,16,E-empate,,,delegate,,,,0x5c19a95c,,48347,1,,0x96ff47bd12ed3260165a9b3c82bacf4a9f1cfd47a5f8548491ee35c1066f2e38
2026-09-23T22-01-29-998Z_n-sweep_1-2-4-8-16-32-50,V2,,16,E-empate,,,delegate,,,,0x5c19a95c,,48347,1,,0x3c7464a5135ef0630048da3b891f6f95d941c4b44dfb27d1230d6c7015af52d6
2026-09-23T22-01-29-998Z_n-sweep_1-2-4-8-16-32-50,V2,,16,E-empate,,,delegate,,,,0x5c19a95c,,48347,1,,0xcef7f0dbdf22e7ddd7612e11e8e4d04d07ff7ed50742fa593a04379c3fb4c79a
2026-09-23T22-01-29-998Z_n-sweep_1-2-4-8-16-32-50,V2,,16,E-empate,,,delegate,,,,0x5c19a95c,,48347,1,,0x2a05bf2175c5ddc1c903f568e1aef2d66314124f75bcf8379ba8adf2782fee08
2026-09-23T22-01-29-998Z_n-sweep_1-2-4-8-16-32-50,V2,,16,E-empate,,,delegate,,,,0x5c19a95c,,48335,1,,0xed076a3bb603efd5d8a71a2cc98ed4047b12d152a544a7d1d7a341433c9a4602
2026-09-23T22-01-29-998Z_n-sweep_1-2-4-8-16-32-50,V2,,16,E-empate,,,delegate,,,,0x5c19a95c,,48347,1,,0x10be283a8ec30b680dc3aca50b759e0cf9c8afc082d9e83402cea754eca72a1f
2026-09-23T22-01-29-998Z_n-sweep_1-2-4-8-16-32-50,V2,,16,E-empate,,,delegate,,,,0x5c19a95c,,48347,1,,0x2a30f5270f05f3f17e6177f9b77f58b934718ec7c2e872415fd5bb3af3d1a729
2026-09-23T22-01-29-998Z_n-sweep_1-2-4-8-16-32-50,V2,,16,E-empate,,,delegate,,,,0x5c19a95c,,48347,1,,0x8627a7ad29f66cec2d29399f287974e7802b96ce1c1094b9f03f71ebb4aee554
2026-09-23T22-01-29-998Z_n-sweep_1-2-4-8-16-32-50,V2,,16,E-empate,,,delegate,,,,0x5c19a95c,,48347,1,,0x09935171751aaaad6b28f8c0a6e1389d805ea4048b73d32206a0f9fb56fe6526
2026-09-23T22-01-29-998Z_n-sweep_1-2-4-8-16-32-50,V2,,16,E-empate,,,delegate,,,,0x5c19a95c,,48347,1,,0xcc0bb7cbd2d0f3f8fa2b739bbaa5db203755fbd70b3eefc00d112f1bb589ceaf
2026-09-23T22-01-29-998Z_n-sweep_1-2-4-8-16-32-50,V2,,16,E-empate,,,delegate,,,,0x5c19a95c,,48347,1,,0xc76339288f99a2e44a4485a1794ebb0cad6215adbb061dde8b472b5783d68437
2026-09-23T22-01-29-998Z_n-sweep_1-2-4-8-16-32-50,V2,,16,E-empate,,,transfer,,,,0xa9059cbb,,135960,1,,0xb836d62feb297e668e346c78d0b20d52a7b9821222625c27e5c0ef2143a41b4e
2026-09-23T22-01-29-998Z_n-sweep_1-2-4-8-16-32-50,V2,,16,E-empate,,,transfer,,,,0xa9059cbb,,135948,1,,0xeec073fdf6c2881d67acfddce89c8a39f28ac881e6a86c1401774c2c6f4c8ce8
2026-09-23T22-01-29-998Z_n-sweep_1-2-4-8-16-32-50,V2,,16,E-empate,,,transfer,,,,0xa9059cbb,,135960,1,,0x33e39fa04f92fbbd9aa58fabf58a668f164049ae4f8233ca2e7421889732783b
2026-09-23T22-01-29-998Z_n-sweep_1-2-4-8-16-32-50,V2,,16,E-empate,,,transfer,,,,0xa9059cbb,,135960,1,,0x81477eec290eb018116786644c793bf9e54b85f9b9211615b0daf364546023cf
2026-09-23T22-01-29-998Z_n-sweep_1-2-4-8-16-32-50,V2,,16,E-empate,,,transfer,,,,0xa9059cbb,,135960,1,,0x140f510894d20886aa01692e058b4b6b270942eec09bb7a8d900d440748eb9c7
2026-09-23T22-01-29-998Z_n-sweep_1-2-4-8-16-32-50,V2,,16,E-empate,,,transfer,,,,0xa9059cbb,,135960,1,,0xf1a302c48b8ca440e920d472261ca95fc5bd198ac019b47d653558d7f4aa5e61
2026-09-23T22-01-29-998Z_n-sweep_1-2-4-8-16-32-50,V2,,16,E-empate,,,transfer,,,,0xa9059cbb,,135960,1,,0x5d854896984ec999b47248d46879a46855e5f69e0b9c3fd33c03a51ab9d8e3fb
2026-09-23T22-01-29-998Z_n-sweep_1-2-4-8-16-32-50,V2,,16,E-empate,,,transfer,,,,0xa9059cbb,,135960,1,,0x20ea6bbd3d86dd63628e64a0f216e1c226cb46c80e0884e6185c2ff80d0495e0
2026-09-23T22-01-29-998Z_n-sweep_1-2-4-8-16-32-50,V2,,16,E-empate,,,transfer,,,,0xa9059cbb,,135960,1,,0xc7158ea6c5ad90c8d4ba5f0649040f8441cc380aa11e64ebade66fc61fa24397
2026-09-23T22-01-29-998Z_n-sweep_1-2-4-8-16-32-50,V2,,16,E-empate,,,transfer,,,,0xa9059cbb,,135948,1,,0x515f2e48dabcfc0496d2a5057f34c910872d475581580dc72ba87df918cd1f33
2026-09-23T22-01-29-998Z_n-sweep_1-2-4-8-16-32-50,V2,,16,E-empate,,,transfer,,,,0xa9059cbb,,135960,1,,0x86e40a5b217a51edb94ee320d3c4ac158a3d160c5303cf22dd20358e01c2e72a
2026-09-23T22-01-29-998Z_n-sweep_1-2-4-8-16-32-50,V2,,16,E-empate,,,transfer,,,,0xa9059cbb,,135960,1,,0x295ea3a0574c4a4a0638c8b748f99cca7b1dc03b7a86cbaa09862263afd0e56b
2026-09-23T22-01-29-998Z_n-sweep_1-2-4-8-16-32-50,V2,,16,E-empate,,,transfer,,,,0xa9059cbb,,135960,1,,0x09f7076225d56e8567870bdb08c98c02711d79fb176367a3acd546d4fe5054ba
2026-09-23T22-01-29-998Z_n-sweep_1-2-4-8-16-32-50,V2,,16,E-empate,,,transfer,,,,0xa9059cbb,,135960,1,,0xfedae9a29adf6903ed30e6fbe1cbf04fb962ae3696a638e3bdd85384244e2f89
2026-09-23T22-01-29-998Z_n-sweep_1-2-4-8-16-32-50,V2,,16,E-empate,,,transfer,,,,0xa9059cbb,,135960,1,,0xcd7f4eeb23ab8f1523a1f3b3ccb9fa84ccaee9d7ea0e7acc3867478b556e7c66
2026-09-23T22-01-29-998Z_n-sweep_1-2-4-8-16-32-50,V2,,16,E-empate,,,transfer,,,,0xa9059cbb,,135960,1,,0x1107214fe3d15d73a46b0972e8a23e11eea18adbc85ae8cffde0e60620558e0e
2026-09-23T22-01-29-998Z_n-sweep_1-2-4-8-16-32-50,V2,,16,E-empate,,,propose,,,propose,0x7d5e81e2,WasteCategoryRegistry.updateCredits,63778,1,,0x945c3c93fc2c63c62a8d4df4b2ef88c039104b2d93d04e5c4736a906c2ab1847
2026-09-23T22-01-29-998Z_n-sweep_1-2-4-8-16-32-50,V2,,16,E-empate,,,vote,1,for,,0x56781388,,82468,1,,0x7329e3a0f67f3a29cbc58fe85b90f4039f64fcf2bf2313b5484752534a859db2
2026-09-23T22-01-29-998Z_n-sweep_1-2-4-8-16-32-50,V2,,16,E-empate,,,vote,2,for,,0x56781388,,65368,1,,0x2baf1ac7980e85d89f28523edb73f0e9b1a8504ad525510380e26abd7a1f2332
2026-09-23T22-01-29-998Z_n-sweep_1-2-4-8-16-32-50,V2,,16,E-empate,,,vote,3,for,,0x56781388,,65368,1,,0xbc4ca1a2c3785dd54ce96b0592e61905030330c10bf9d448015870a921cdbd93
2026-09-23T22-01-29-998Z_n-sweep_1-2-4-8-16-32-50,V2,,16,E-empate,,,vote,4,for,,0x56781388,,65368,1,,0xb2a7670be3a6bbdc86249937d6d7455cf1a9ef134dcab902ce3f99e9fa2305f1
2026-09-23T22-01-29-998Z_n-sweep_1-2-4-8-16-32-50,V2,,16,E-empate,,,vote,5,for,,0x56781388,,65368,1,,0x7debcad792ae5fc5c5ef13f77789aff411e86219c024c9c0a32b996b929dcc62
2026-09-23T22-01-29-998Z_n-sweep_1-2-4-8-16-32-50,V2,,16,E-empate,,,vote,6,for,,0x56781388,,65368,1,,0x2228f72ef0163fe3c1cd74c09e028c667fd60ecfeee5683d707469bd46391897
2026-09-23T22-01-29-998Z_n-sweep_1-2-4-8-16-32-50,V2,,16,E-empate,,,vote,7,for,,0x56781388,,65368,1,,0x9fcdfebf1d1799414ffa54e881086c19d75e37c1bb57107c9324867a5d59d79f
2026-09-23T22-01-29-998Z_n-sweep_1-2-4-8-16-32-50,V2,,16,E-empate,,,vote,8,for,,0x56781388,,65368,1,,0x7d271a9dc37f41e62215c25f3e33d2d86a878acf202457800c9e57f10ddfb8ad
2026-09-23T22-01-29-998Z_n-sweep_1-2-4-8-16-32-50,V2,,16,E-empate,,,vote,1,against,,0x56781388,,82416,1,,0x43007f6295aff3c56ea75d8e6410c958af5e631155b00b576e74dd8d15514981
2026-09-23T22-01-29-998Z_n-sweep_1-2-4-8-16-32-50,V2,,16,E-empate,,,vote,2,against,,0x56781388,,65316,1,,0x5d2bd73eee076b28315ac06cc9c26203b69a2901e69358fab650841ae044c2a4
2026-09-23T22-01-29-998Z_n-sweep_1-2-4-8-16-32-50,V2,,16,E-empate,,,vote,3,against,,0x56781388,,65316,1,,0x7915a12af05a4818b545b9d12c8ae984c1e450573e1c726b3f440be3832b7b87
2026-09-23T22-01-29-998Z_n-sweep_1-2-4-8-16-32-50,V2,,16,E-empate,,,vote,4,against,,0x56781388,,65316,1,,0xbd515c98f9a90782bec376a80c15bdb90d2c9accd75bd608c7bad750e56c3451
2026-09-23T22-01-29-998Z_n-sweep_1-2-4-8-16-32-50,V2,,16,E-empate,,,vote,5,against,,0x56781388,,65316,1,,0x63599c00a9259b6796bc580df42361292c5ec181dfc55ddb089032398468b81f
2026-09-23T22-01-29-998Z_n-sweep_1-2-4-8-16-32-50,V2,,16,E-empate,,,vote,6,against,,0x56781388,,65316,1,,0xdaebb004f28627cf90c0640eecd0f82edcce3f41b79724d8a00e0657a5321116
2026-09-23T22-01-29-998Z_n-sweep_1-2-4-8-16-32-50,V2,,16,E-empate,,,vote,7,against,,0x56781388,,65316,1,,0x27dc83153aacfcb60e42634a4f7df16cfd12b310f629d2dcadb2c70e1465f9b5
2026-09-23T22-01-29-998Z_n-sweep_1-2-4-8-16-32-50,V2,,16,E-empate,,,vote,8,against,,0x56781388,,65316,1,,0x0efd2eed06db47cb6d00743b778f51ed73af8eefdd9f439ac5c2263647ed2fd7
2026-09-23T22-01-29-998Z_n-sweep_1-2-4-8-16-32-50,V2,,16,E-empate,,,execute_attempt,,,execute,0x2656227d,WasteCategoryRegistry.updateCredits,40422,0,"VM Exception while processing transaction: reverted with custom error 'GovernorUnexpectedProposalState(35451156528887653099527034830265343896975195460397370616874963176540643207653, 3, '0x0000000000000000000000000000000000000000000000000000000000000030')'",0xe294a74fa4b51ca76fc796a2a3b2a58895c15af27ce33b3617914d596b853f3f
2026-09-23T22-01-29-998Z_n-sweep_1-2-4-8-16-32-50,Ref,T1,,,,,deploy_token_T1,,,constructor,0x61016060,,1621017,1,,0x8a423d158719dafa7ff4b82bcd6f6a5661f61c993e6aaede0acbe21a849af082
2026-09-23T22-01-29-998Z_n-sweep_1-2-4-8-16-32-50,Ref,,,,,,deploy_registry,,,constructor,0x60806040,,4590964,1,,0x9005486642112873086c0faf3a06ce7199e3377186a80eb6eea4235f5e1c6f56
2026-09-23T22-01-29-998Z_n-sweep_1-2-4-8-16-32-50,Ref,,,,,,deploy_rewards_registry_for_ctor,,,constructor,0x60806040,,4590964,1,,0x484f4210d177094deb4832deb5e459c708c732becb1881e1d1417503c177d84a
2026-09-23T22-01-29-998Z_n-sweep_1-2-4-8-16-32-50,Ref,,,,,,deploy_credit,,,constructor,0x60806040,,931954,1,,0xda6265176213799bfac2d03545eb38f6f6d6d978852db5e040dec6bdc95b6a46
2026-09-23T22-01-29-998Z_n-sweep_1-2-4-8-16-32-50,Ref,,,,,,deploy_passport,,,constructor,0x60806040,,2776581,1,,0xe5a36162780b85ac2b217350036da2286056186a02d74234dd0980865a07c217
2026-09-23T22-01-29-998Z_n-sweep_1-2-4-8-16-32-50,Ref,,,,,,deploy_rewards,,,constructor,0x60803461,,1246140,1,,0x748f3eef423a29001e508633e407c909b25f0e6a89b560856468f0ac6655c439
2026-09-23T22-01-29-998Z_n-sweep_1-2-4-8-16-32-50,Ref,,,,,,deploy_stakeholders,,,constructor,0x60803461,,1679823,1,,0xd4be2e468d589ae7e76ff2c292757707613e73c2a9e8f4c774280b5fd0991072
2026-09-23T22-01-29-998Z_n-sweep_1-2-4-8-16-32-50,Ref,,,,,,deploy_governor_Ref,,,constructor,0x61018060,,4434623,1,,0xd1b6a3d1f944bdfe5c399ebf7a1e6ed8a76e5b5acd93cdfc3d211571cbc50a6e
2026-09-23T22-01-29-998Z_n-sweep_1-2-4-8-16-32-50,Ref,,,,,,grant_admin_role,,,grantRole,0x2f2ff15d,,50799,1,,0x9477ec21ceecb8e71e570a8e5c711d060981c6dc53217d4071b2c7d012604374
2026-09-23T22-01-29-998Z_n-sweep_1-2-4-8-16-32-50,Ref,,,,,,revoke_deployer_admin_role,,,revokeRole,0xd547741f,,27116,1,,0x4571f6b2b82c72e95dbfd028346a3c95cee362f1cdc4e946338a9d1e56d58c09
2026-09-23T22-01-29-998Z_n-sweep_1-2-4-8-16-32-50,Ref,,16,E-empate,,,delegate_admin,,,,0x5c19a95c,,95559,1,,0xfca7f8e34a7a367a38495092e6c6ae53f6f6bbc6c6cdd047fed83c770b76a8c9
2026-09-23T22-01-29-998Z_n-sweep_1-2-4-8-16-32-50,Ref,,16,E-empate,,,delegate,,,,0x5c19a95c,,48347,1,,0x2f1db724527155bbb87015320f4de9a632dd20bb0d57eddcbd649b18207511a9
2026-09-23T22-01-29-998Z_n-sweep_1-2-4-8-16-32-50,Ref,,16,E-empate,,,delegate,,,,0x5c19a95c,,48335,1,,0x8b0e52e67c302dbb4252eb6f968ee138c191eb8205be72d37b64b0c5ee99cc0e
2026-09-23T22-01-29-998Z_n-sweep_1-2-4-8-16-32-50,Ref,,16,E-empate,,,delegate,,,,0x5c19a95c,,48347,1,,0x1a5bd05dacedf9e3acc8ca8d92b6aea9cf2aa84f70c77d04dab2d0257070356f
2026-09-23T22-01-29-998Z_n-sweep_1-2-4-8-16-32-50,Ref,,16,E-empate,,,delegate,,,,0x5c19a95c,,48347,1,,0x05f7d9fd7d2dcae80248756e17e23af4963c07b10ebe32e7c079f468806ce249
2026-09-23T22-01-29-998Z_n-sweep_1-2-4-8-16-32-50,Ref,,16,E-empate,,,delegate,,,,0x5c19a95c,,48347,1,,0xc692236193a870ec74b2ae8543ffbfe39b6bd5462442ea5a4e078b2d3116adeb
2026-09-23T22-01-29-998Z_n-sweep_1-2-4-8-16-32-50,Ref,,16,E-empate,,,delegate,,,,0x5c19a95c,,48347,1,,0x69a8f9be879966443d3229422f1c20ad3c5a2104215131e80047b7236df1a439
2026-09-23T22-01-29-998Z_n-sweep_1-2-4-8-16-32-50,Ref,,16,E-empate,,,delegate,,,,0x5c19a95c,,48347,1,,0x14477638203890fae6e03b6d8872fdc619692fcbe0c9a0a0fd173ec8ce55cf6a
2026-09-23T22-01-29-998Z_n-sweep_1-2-4-8-16-32-50,Ref,,16,E-empate,,,delegate,,,,0x5c19a95c,,48347,1,,0x9f65b07d974009afeb2495f5f83544615b836d4a15a53225fe23457a4ef7529a
2026-09-23T22-01-29-998Z_n-sweep_1-2-4-8-16-32-50,Ref,,16,E-empate,,,delegate,,,,0x5c19a95c,,48347,1,,0xa0971290a91aaca9bef42b2510df553f4ebee2f2d38ba046d76d2691243fb7dd
2026-09-23T22-01-29-998Z_n-sweep_1-2-4-8-16-32-50,Ref,,16,E-empate,,,delegate,,,,0x5c19a95c,,48335,1,,0xf4bd663b316a97cdf28dc55b27e731573031aea8aab195f90366a39b05dc631b
2026-09-23T22-01-29-998Z_n-sweep_1-2-4-8-16-32-50,Ref,,16,E-empate,,,delegate,,,,0x5c19a95c,,48347,1,,0x55e216d1fd4a57f4b14ecf096eae768c82f748bc8c3f110c2fc2ba1820ce2744
2026-09-23T22-01-29-998Z_n-sweep_1-2-4-8-16-32-50,Ref,,16,E-empate,,,delegate,,,,0x5c19a95c,,48347,1,,0xbeccf0fe707163bf021a0c3ffd89fd06dd965e84aaeeb5376b88e31618e0b3ef
2026-09-23T22-01-29-998Z_n-sweep_1-2-4-8-16-32-50,Ref,,16,E-empate,,,delegate,,,,0x5c19a95c,,48347,1,,0xed73e3faa352679f7bf43132dd18ad217d7dffba0cc24f3713a202326244db62
2026-09-23T22-01-29-998Z_n-sweep_1-2-4-8-16-32-50,Ref,,16,E-empate,,,delegate,,,,0x5c19a95c,,48347,1,,0x5374bf6eb24d592b0acaebd034fe51028190ab20647a23e2d7f82be4b0b4b62a
2026-09-23T22-01-29-998Z_n-sweep_1-2-4-8-16-32-50,Ref,,16,E-empate,,,delegate,,,,0x5c19a95c,,48347,1,,0x6aae91bc64c7d2f749cdc72d4c86dc056214e39b94dea5beb29c9770a782550c
2026-09-23T22-01-29-998Z_n-sweep_1-2-4-8-16-32-50,Ref,,16,E-empate,,,delegate,,,,0x5c19a95c,,48347,1,,0x0ec09445c5c783300c5f7634f26cc80e02bfc4833b0c856f952ea96a2adb5606
2026-09-23T22-01-29-998Z_n-sweep_1-2-4-8-16-32-50,Ref,,16,E-empate,,,transfer,,,,0xa9059cbb,,135960,1,,0x434b98a72067cb327a9eac3a342b7f47ca18effbd1b40d0224b82fb27ad512e0
2026-09-23T22-01-29-998Z_n-sweep_1-2-4-8-16-32-50,Ref,,16,E-empate,,,transfer,,,,0xa9059cbb,,135948,1,,0xc8ccca71ba2311545fd7543aa69516b8a372bce0c8f41848d3bcd3ba3c44779a
2026-09-23T22-01-29-998Z_n-sweep_1-2-4-8-16-32-50,Ref,,16,E-empate,,,transfer,,,,0xa9059cbb,,135960,1,,0x925a617bc303f1b088cec680d74dd66843d5f4c3dc702b98f282bd0842b11957
2026-09-23T22-01-29-998Z_n-sweep_1-2-4-8-16-32-50,Ref,,16,E-empate,,,transfer,,,,0xa9059cbb,,135960,1,,0x59a9abfa1d21895759a2db87a286cb9d34f755e39824632c3f50997395f11ee5
2026-09-23T22-01-29-998Z_n-sweep_1-2-4-8-16-32-50,Ref,,16,E-empate,,,transfer,,,,0xa9059cbb,,135960,1,,0x709a0686f17bb479fda0f406b6c3c63838b08a4eaef022850866c3fc2071237b
2026-09-23T22-01-29-998Z_n-sweep_1-2-4-8-16-32-50,Ref,,16,E-empate,,,transfer,,,,0xa9059cbb,,135960,1,,0xb0eac06619547e241ec35274f15509fb5c770db50192de6a1103406050a1438c
2026-09-23T22-01-29-998Z_n-sweep_1-2-4-8-16-32-50,Ref,,16,E-empate,,,transfer,,,,0xa9059cbb,,135960,1,,0x51a2b6d5c32651b623f1d6c6d540db593effaf95342fa3f2319603e65ea66000
2026-09-23T22-01-29-998Z_n-sweep_1-2-4-8-16-32-50,Ref,,16,E-empate,,,transfer,,,,0xa9059cbb,,135960,1,,0x13e4e034fa5ecff267597b9545aba150c38765efef59593d84dd5b6f670c7d51
2026-09-23T22-01-29-998Z_n-sweep_1-2-4-8-16-32-50,Ref,,16,E-empate,,,transfer,,,,0xa9059cbb,,135960,1,,0xb50ca5dd46a975583d571c6bf23c67ae3e137f92737ba93d2ea1b9b4e7613c68
2026-09-23T22-01-29-998Z_n-sweep_1-2-4-8-16-32-50,Ref,,16,E-empate,,,transfer,,,,0xa9059cbb,,135948,1,,0x4710c50cd82fb4f8ac04d723ac5c8d42c6543fdb3a9268342c0ae90e7ce7bc22
2026-09-23T22-01-29-998Z_n-sweep_1-2-4-8-16-32-50,Ref,,16,E-empate,,,transfer,,,,0xa9059cbb,,135960,1,,0x1b245ffd7c4312f3b7eacced4fb57463afe5ce87642680cd5f65eae6187e1439
2026-09-23T22-01-29-998Z_n-sweep_1-2-4-8-16-32-50,Ref,,16,E-empate,,,transfer,,,,0xa9059cbb,,135960,1,,0xd8557dba87cb129629f44383c80d70a6708f507e977241fbb62b88d35afebd94
2026-09-23T22-01-29-998Z_n-sweep_1-2-4-8-16-32-50,Ref,,16,E-empate,,,transfer,,,,0xa9059cbb,,135960,1,,0xe994057952dc8d3e8a8666279ac41416a2fe0fb476cb3827b4db2e75fe136704
2026-09-23T22-01-29-998Z_n-sweep_1-2-4-8-16-32-50,Ref,,16,E-empate,,,transfer,,,,0xa9059cbb,,135960,1,,0xb60ac622a66279a59148d696405bd2db92019f515117a73345c81cfc8fe2666f
2026-09-23T22-01-29-998Z_n-sweep_1-2-4-8-16-32-50,Ref,,16,E-empate,,,transfer,,,,0xa9059cbb,,135960,1,,0x0583d0039c47214dc4d3794215cbfb5621cce4645ca4d52477e1dbef820be994
2026-09-23T22-01-29-998Z_n-sweep_1-2-4-8-16-32-50,Ref,,16,E-empate,,,transfer,,,,0xa9059cbb,,135960,1,,0xeabacdab51ac72295bcf6e3a06331d102444daeebe0f93c75b37098f68e1b3a4
2026-09-23T22-01-29-998Z_n-sweep_1-2-4-8-16-32-50,Ref,,16,E-empate,,,propose,,,propose,0x7d5e81e2,WasteCategoryRegistry.updateCredits,82054,1,,0xe5d67bc1b0d554f97233484544bb63d3fe55431e5b1d4a22cebdec1d89ffbea5
2026-09-23T22-01-29-998Z_n-sweep_1-2-4-8-16-32-50,Ref,,16,E-empate,,,vote,1,for,,0x56781388,,83098,1,,0x0a8b5ffdd06dc3d968754192c44ba5e09782af9786d6369860b871c87862dd59
2026-09-23T22-01-29-998Z_n-sweep_1-2-4-8-16-32-50,Ref,,16,E-empate,,,vote,2,for,,0x56781388,,65998,1,,0xe90665e4b2a704f9f5b32cc57b16524d9fe6312a51cd05c877891b967434a715
2026-09-23T22-01-29-998Z_n-sweep_1-2-4-8-16-32-50,Ref,,16,E-empate,,,vote,3,for,,0x56781388,,65998,1,,0x3866cd49ea601f29d2fb49b5430c48e6c7a4553b3baa6410872e2980ec01e7ac
2026-09-23T22-01-29-998Z_n-sweep_1-2-4-8-16-32-50,Ref,,16,E-empate,,,vote,4,for,,0x56781388,,65998,1,,0xd905a5cf9cc9ae5447b923194c79bad000d498218926281bb9fef8a116f45394
2026-09-23T22-01-29-998Z_n-sweep_1-2-4-8-16-32-50,Ref,,16,E-empate,,,vote,5,for,,0x56781388,,65998,1,,0x01a9f980854be04cfdb76381fc59ff15f291f6d1e46ff08157bc4bee6fae29b6
2026-09-23T22-01-29-998Z_n-sweep_1-2-4-8-16-32-50,Ref,,16,E-empate,,,vote,6,for,,0x56781388,,65998,1,,0x36546a0911695f3b31ce8c5b6761c505020a036256dbeb896713a2a9d04c7db9
2026-09-23T22-01-29-998Z_n-sweep_1-2-4-8-16-32-50,Ref,,16,E-empate,,,vote,7,for,,0x56781388,,65998,1,,0xcbf941d1e7a4abebf0da03abf89e791cc19ec04965ef2bf4d3aaba341d93e43d
2026-09-23T22-01-29-998Z_n-sweep_1-2-4-8-16-32-50,Ref,,16,E-empate,,,vote,8,for,,0x56781388,,65998,1,,0x9adb776038075ef3d99372a6e70a2d39ffd1188f11d22b7d91dbc8305e0f4838
2026-09-23T22-01-29-998Z_n-sweep_1-2-4-8-16-32-50,Ref,,16,E-empate,,,vote,1,against,,0x56781388,,83057,1,,0x2a5cb42a83e46f6e7c8c5e8805847506147a3145e58000c437d698ff024df9f9
2026-09-23T22-01-29-998Z_n-sweep_1-2-4-8-16-32-50,Ref,,16,E-empate,,,vote,2,against,,0x56781388,,65957,1,,0x8e6a3628c4dafe718e28d40e766495f25d7a1c1b92af80753ea9698dccb2c3b9
2026-09-23T22-01-29-998Z_n-sweep_1-2-4-8-16-32-50,Ref,,16,E-empate,,,vote,3,against,,0x56781388,,65957,1,,0xe66de28533a5d56ba77dc72e20a37f8cb048c45111673e1cf29151344ebdc3b0
2026-09-23T22-01-29-998Z_n-sweep_1-2-4-8-16-32-50,Ref,,16,E-empate,,,vote,4,against,,0x56781388,,65957,1,,0x58e2c0178ee311f24a761e96feb00060fb6d1b5ac7fd000edd38362604f4d9d8
2026-09-23T22-01-29-998Z_n-sweep_1-2-4-8-16-32-50,Ref,,16,E-empate,,,vote,5,against,,0x56781388,,65957,1,,0xefc43c87a585877e35dd7af950f8cfff5b4e43a2f610ac8d4e6fcd87efdf61fa
2026-09-23T22-01-29-998Z_n-sweep_1-2-4-8-16-32-50,Ref,,16,E-empate,,,vote,6,against,,0x56781388,,65957,1,,0xdffc1957a7ddf05ce0b6bfbd6d1d64ce3755c40ad4cc823ae1c7688c94324d27
2026-09-23T22-01-29-998Z_n-sweep_1-2-4-8-16-32-50,Ref,,16,E-empate,,,vote,7,against,,0x56781388,,65957,1,,0x6f01490be695f1be144c72d2c535107a62ddf883b81ea4d3103bd377bbebdc1c
2026-09-23T22-01-29-998Z_n-sweep_1-2-4-8-16-32-50,Ref,,16,E-empate,,,vote,8,against,,0x56781388,,65957,1,,0x1da8edaf5da845b2b799385b462c09f50f65b31de098a5b14aaf67568ed061a6
2026-09-23T22-01-29-998Z_n-sweep_1-2-4-8-16-32-50,Ref,,16,E-empate,,,execute_attempt,,,execute,0x2656227d,WasteCategoryRegistry.updateCredits,51452,0,"VM Exception while processing transaction: reverted with custom error 'GovernorUnexpectedProposalState(89382493809823232085764341057818166628867585629974817947671158706316717542107, 3, '0x0000000000000000000000000000000000000000000000000000000000000030')'",0x400532677de7731a481b61736198dd899b9235840061cba0c48d2a7a829a91c3
2026-09-23T22-01-29-998Z_n-sweep_1-2-4-8-16-32-50,V0,T1,,,,,deploy_token_T1,,,constructor,0x61016060,,1621017,1,,0xece28f063ba256e8fc65152daf61fe745a7823e8ba387b1b661409f18f6dc4cc
2026-09-23T22-01-29-998Z_n-sweep_1-2-4-8-16-32-50,V0,,,,,,deploy_registry,,,constructor,0x60806040,,4590964,1,,0x9005486642112873086c0faf3a06ce7199e3377186a80eb6eea4235f5e1c6f56
2026-09-23T22-01-29-998Z_n-sweep_1-2-4-8-16-32-50,V0,,,,,,deploy_governor_V0,,,constructor,0x6101c080,,2133394,1,,0x8b33a795df9df0e5a3cb812430955580d1fb4f654a6028dd161238e13d560524
2026-09-23T22-01-29-998Z_n-sweep_1-2-4-8-16-32-50,V0,,,,,,grant_admin_role,,,grantRole,0x2f2ff15d,,50799,1,,0xb518a3911be32f0a59dcaec3e43c7ec54010f07f3e473d550516b1aab1a18d6b
2026-09-23T22-01-29-998Z_n-sweep_1-2-4-8-16-32-50,V0,,,,,,revoke_deployer_admin_role,,,revokeRole,0xd547741f,,27116,1,,0x8cb08b8b6ca45600b76a431b4cd18aee2095374e00c890903bfaa28d83b5f82b
2026-09-23T22-01-29-998Z_n-sweep_1-2-4-8-16-32-50,V0,,32,A-unanime,,,delegate_admin,,,,0x5c19a95c,,95559,1,,0xfa43c1f7a1a1658c8aeac58119b26e806face10fc63ae3e18099942309f4d395
2026-09-23T22-01-29-998Z_n-sweep_1-2-4-8-16-32-50,V0,,32,A-unanime,,,delegate,,,,0x5c19a95c,,48347,1,,0xf96ae171d39b1290c248e3ee88c92c43e24751ff4aacf46bad404cad29a33e37
2026-09-23T22-01-29-998Z_n-sweep_1-2-4-8-16-32-50,V0,,32,A-unanime,,,delegate,,,,0x5c19a95c,,48335,1,,0x65ff74d2610d5c80f16dc62aa4e01b339a9ecd8c95911ae092d678a9792cdcb8
2026-09-23T22-01-29-998Z_n-sweep_1-2-4-8-16-32-50,V0,,32,A-unanime,,,delegate,,,,0x5c19a95c,,48347,1,,0xb06e4e18b389cc3c69848b844c44927f26087a909c0e4532a1ba892e8d7bac4c
2026-09-23T22-01-29-998Z_n-sweep_1-2-4-8-16-32-50,V0,,32,A-unanime,,,delegate,,,,0x5c19a95c,,48347,1,,0xfdc5c4ae6e458adbd0780d18d4ef20dca6b7a02f3efff2f7c0eec7590e340a41
2026-09-23T22-01-29-998Z_n-sweep_1-2-4-8-16-32-50,V0,,32,A-unanime,,,delegate,,,,0x5c19a95c,,48347,1,,0x5c4d4bc02e09949d860a2c409a26209335f7c4e4eca7ac13d0e60a5cf0d0f233
2026-09-23T22-01-29-998Z_n-sweep_1-2-4-8-16-32-50,V0,,32,A-unanime,,,delegate,,,,0x5c19a95c,,48347,1,,0x8eb2597a239d7d5a9d780141fa850308f21a221b62b2f0b2cd01922a25b294b2
2026-09-23T22-01-29-998Z_n-sweep_1-2-4-8-16-32-50,V0,,32,A-unanime,,,delegate,,,,0x5c19a95c,,48347,1,,0x61b0a2cbceae6ab3b47dbad41fbaa57485b4b4545814b177fb76f5e80989f4b6
2026-09-23T22-01-29-998Z_n-sweep_1-2-4-8-16-32-50,V0,,32,A-unanime,,,delegate,,,,0x5c19a95c,,48347,1,,0x8e8293e79ce57e8b2bd6c914c167b0ec5858ded7d332cc962607075acbcc0b43
2026-09-23T22-01-29-998Z_n-sweep_1-2-4-8-16-32-50,V0,,32,A-unanime,,,delegate,,,,0x5c19a95c,,48347,1,,0x700d26ece381a9328c0c0607c8015a890a8cc373fc0ec5e3e5957a9b1720c821
2026-09-23T22-01-29-998Z_n-sweep_1-2-4-8-16-32-50,V0,,32,A-unanime,,,delegate,,,,0x5c19a95c,,48335,1,,0x827f347ed9162ee5aa31942cb2cd15f5b7940183deaee5d4a11b6efe87452173
2026-09-23T22-01-29-998Z_n-sweep_1-2-4-8-16-32-50,V0,,32,A-unanime,,,delegate,,,,0x5c19a95c,,48347,1,,0x05e0616bb804c3cd4df19f7b0cf511dbcb6e9524c52bcfbf8b39223490cc0846
2026-09-23T22-01-29-998Z_n-sweep_1-2-4-8-16-32-50,V0,,32,A-unanime,,,delegate,,,,0x5c19a95c,,48347,1,,0x7409a97667b08d9b70b0d678843340d442fad8337ae46944499977e000325f92
2026-09-23T22-01-29-998Z_n-sweep_1-2-4-8-16-32-50,V0,,32,A-unanime,,,delegate,,,,0x5c19a95c,,48347,1,,0x06bc39c687cf89ca2626bc142b16cf4a83fd68b90155fd6344acd5c17148d8a6
2026-09-23T22-01-29-998Z_n-sweep_1-2-4-8-16-32-50,V0,,32,A-unanime,,,delegate,,,,0x5c19a95c,,48347,1,,0xe5d3691fe9ffad366e158fc098b74dd6635f083c235a6588c23e1d5313889cc9
2026-09-23T22-01-29-998Z_n-sweep_1-2-4-8-16-32-50,V0,,32,A-unanime,,,delegate,,,,0x5c19a95c,,48347,1,,0x75300fe9f7d70fbe306b3cefadf0423a64334a4470eee34e958b76b4418900c0
2026-09-23T22-01-29-998Z_n-sweep_1-2-4-8-16-32-50,V0,,32,A-unanime,,,delegate,,,,0x5c19a95c,,48347,1,,0xef2cf8fae96fa4c95b9eb5fc78e668af4f5126a23f921c90e15afdcffccd9bf9
2026-09-23T22-01-29-998Z_n-sweep_1-2-4-8-16-32-50,V0,,32,A-unanime,,,delegate,,,,0x5c19a95c,,48347,1,,0x75636b14aa58b1ee084fe99cfffb238b737ed57732e5f8ae341a0948974569ff
2026-09-23T22-01-29-998Z_n-sweep_1-2-4-8-16-32-50,V0,,32,A-unanime,,,delegate,,,,0x5c19a95c,,48347,1,,0x65f4191d52cde8745142fbad7dab453ac77b84433334a064c65edeec324649be
2026-09-23T22-01-29-998Z_n-sweep_1-2-4-8-16-32-50,V0,,32,A-unanime,,,delegate,,,,0x5c19a95c,,48347,1,,0x0015672d62ab0be7ad971272757786d6751bd437c259b6f784a5abb0f9f433e0
2026-09-23T22-01-29-998Z_n-sweep_1-2-4-8-16-32-50,V0,,32,A-unanime,,,delegate,,,,0x5c19a95c,,48347,1,,0xf061e3370e552636294057b3e13f8e38e49eb9ccd954add59da578817c58a14b
2026-09-23T22-01-29-998Z_n-sweep_1-2-4-8-16-32-50,V0,,32,A-unanime,,,delegate,,,,0x5c19a95c,,48347,1,,0x68475bd925d88da79400657a3df0347cc6be2f887e9fd5fcbf64f6c37d69bf4c
2026-09-23T22-01-29-998Z_n-sweep_1-2-4-8-16-32-50,V0,,32,A-unanime,,,delegate,,,,0x5c19a95c,,48347,1,,0xd0da4d004b36ebb022f1b178255cff262f0f75fc2d5a7fda434ccc846c4f7499
2026-09-23T22-01-29-998Z_n-sweep_1-2-4-8-16-32-50,V0,,32,A-unanime,,,delegate,,,,0x5c19a95c,,48347,1,,0xaae5636599004f1ba254fea80dbb33335f44a116db4d94090e99b80481406327
2026-09-23T22-01-29-998Z_n-sweep_1-2-4-8-16-32-50,V0,,32,A-unanime,,,delegate,,,,0x5c19a95c,,48347,1,,0xfcd4c1dd668d5148e045ce4771c59bdb6f602ef49d2404bbfeb296fc6ce93753
2026-09-23T22-01-29-998Z_n-sweep_1-2-4-8-16-32-50,V0,,32,A-unanime,,,delegate,,,,0x5c19a95c,,48335,1,,0x4ebfe89be7e94686ecfb217057d8b4fa5161bcce6d50adcc044a0aff6d4282af
2026-09-23T22-01-29-998Z_n-sweep_1-2-4-8-16-32-50,V0,,32,A-unanime,,,delegate,,,,0x5c19a95c,,48347,1,,0xb3d77ed4f7a6d94080b6c775433f6c6f21a916c783059136f4572f52dc3a8874
2026-09-23T22-01-29-998Z_n-sweep_1-2-4-8-16-32-50,V0,,32,A-unanime,,,delegate,,,,0x5c19a95c,,48347,1,,0x127f4971e3e590d8328bd74ed6096c37b20e6836b27cf90514b9a87cd503f413
2026-09-23T22-01-29-998Z_n-sweep_1-2-4-8-16-32-50,V0,,32,A-unanime,,,delegate,,,,0x5c19a95c,,48347,1,,0xb67155a13ea706a326342e60462ed0ed7c4a680e0112e43260248751f2fe896b
2026-09-23T22-01-29-998Z_n-sweep_1-2-4-8-16-32-50,V0,,32,A-unanime,,,delegate,,,,0x5c19a95c,,48347,1,,0xe2be7e7d00839d4fa7d3020666aa9dcf9efcdc40f9fa77a35592a87459c52b90
2026-09-23T22-01-29-998Z_n-sweep_1-2-4-8-16-32-50,V0,,32,A-unanime,,,delegate,,,,0x5c19a95c,,48347,1,,0xb535243780f9c28da64ec7309760125fe2487568589114d83acf79e30a47d760
2026-09-23T22-01-29-998Z_n-sweep_1-2-4-8-16-32-50,V0,,32,A-unanime,,,delegate,,,,0x5c19a95c,,48347,1,,0x293dda08d12cb640488f1dad6a8ab9d2c5b59be364ffe60275d52382b886183e
2026-09-23T22-01-29-998Z_n-sweep_1-2-4-8-16-32-50,V0,,32,A-unanime,,,delegate,,,,0x5c19a95c,,48347,1,,0xacef40fd99317b96d80072941137339058a20720c237b0b3cc16b1e2fa83b630
2026-09-23T22-01-29-998Z_n-sweep_1-2-4-8-16-32-50,V0,,32,A-unanime,,,transfer,,,,0xa9059cbb,,135960,1,,0x29f9412c2ffdb239cd38ad70ce5ff600bccbe9b453fde1a6c033626a6c646eba
2026-09-23T22-01-29-998Z_n-sweep_1-2-4-8-16-32-50,V0,,32,A-unanime,,,transfer,,,,0xa9059cbb,,135948,1,,0x8f041ff9c5655d4daebf93c7047f302ad35f1ca24ab937021cdfaef9f1a6a756
2026-09-23T22-01-29-998Z_n-sweep_1-2-4-8-16-32-50,V0,,32,A-unanime,,,transfer,,,,0xa9059cbb,,135960,1,,0x894cb225643f213ea48145224f017a92ba27a56c855d4e864be1cf03f553f4e4
2026-09-23T22-01-29-998Z_n-sweep_1-2-4-8-16-32-50,V0,,32,A-unanime,,,transfer,,,,0xa9059cbb,,135960,1,,0x3669c5c62c9c04c0b63cd9e2ac0efe73efa33690cc7c083d0f722f4faf7f3deb
2026-09-23T22-01-29-998Z_n-sweep_1-2-4-8-16-32-50,V0,,32,A-unanime,,,transfer,,,,0xa9059cbb,,135960,1,,0x1c6da41f1d7427474ac4a460fc9ab6ecebc43e28111a95210985017e1df19b0e
2026-09-23T22-01-29-998Z_n-sweep_1-2-4-8-16-32-50,V0,,32,A-unanime,,,transfer,,,,0xa9059cbb,,135960,1,,0xc5f663a7a79d99e5243ccdf534e9568721965742239be272f3f09fa15d179d28
2026-09-23T22-01-29-998Z_n-sweep_1-2-4-8-16-32-50,V0,,32,A-unanime,,,transfer,,,,0xa9059cbb,,135960,1,,0xe2291692adeb618776d98781636168333451130b8435b697ba7b7a0a14dad560
2026-09-23T22-01-29-998Z_n-sweep_1-2-4-8-16-32-50,V0,,32,A-unanime,,,transfer,,,,0xa9059cbb,,135960,1,,0xf9506b0c1beff2bf33e7ef0c136749f5ac13cab6771da989a3e2fb148f3590fd
2026-09-23T22-01-29-998Z_n-sweep_1-2-4-8-16-32-50,V0,,32,A-unanime,,,transfer,,,,0xa9059cbb,,135960,1,,0x1af83e41b3f45f8f3d1d590a022ee767ac4aa81951ba2005ee07c6b983c5ae3d
2026-09-23T22-01-29-998Z_n-sweep_1-2-4-8-16-32-50,V0,,32,A-unanime,,,transfer,,,,0xa9059cbb,,135948,1,,0x81332d9b7f7537150d94378442ce4c1db2ae444318b30870687f0b9d9d59c7ff
2026-09-23T22-01-29-998Z_n-sweep_1-2-4-8-16-32-50,V0,,32,A-unanime,,,transfer,,,,0xa9059cbb,,135960,1,,0x83112f8201f0c640c328f03974afb701b3c52488e26c4ce16f2126d7ff8a492c
2026-09-23T22-01-29-998Z_n-sweep_1-2-4-8-16-32-50,V0,,32,A-unanime,,,transfer,,,,0xa9059cbb,,135960,1,,0xd7d0ebb80ee8277ef9fc42d27e0c679b8bd859df8440554c35cc1a996dc02c21
2026-09-23T22-01-29-998Z_n-sweep_1-2-4-8-16-32-50,V0,,32,A-unanime,,,transfer,,,,0xa9059cbb,,135960,1,,0x4e991d25cd36c95cf9959fc7a6653525ae36cb4fbd796fbb9ba757016258bbb9
2026-09-23T22-01-29-998Z_n-sweep_1-2-4-8-16-32-50,V0,,32,A-unanime,,,transfer,,,,0xa9059cbb,,135960,1,,0xbfb14ecb18d97c103bf85e2649d90cf38911c74dd5004a26deaa8825ea4c32a4
2026-09-23T22-01-29-998Z_n-sweep_1-2-4-8-16-32-50,V0,,32,A-unanime,,,transfer,,,,0xa9059cbb,,135960,1,,0x3c7d501780724688ead8021f53dc00a7489d01e9bab616a55018637497b101f9
2026-09-23T22-01-29-998Z_n-sweep_1-2-4-8-16-32-50,V0,,32,A-unanime,,,transfer,,,,0xa9059cbb,,135960,1,,0x4848334ed2c15d3209e587cbc01ded41ac3ae7959e01e3088414815d95fc5302
2026-09-23T22-01-29-998Z_n-sweep_1-2-4-8-16-32-50,V0,,32,A-unanime,,,transfer,,,,0xa9059cbb,,135960,1,,0x5f2f463fd6ad6b09608be879823215fb0086144e80786aa3038baab71396069c
2026-09-23T22-01-29-998Z_n-sweep_1-2-4-8-16-32-50,V0,,32,A-unanime,,,transfer,,,,0xa9059cbb,,135960,1,,0xf459250b562448f3f29aa124d5882799326b8b758c0ea42a1d12b4824cdfab1c
2026-09-23T22-01-29-998Z_n-sweep_1-2-4-8-16-32-50,V0,,32,A-unanime,,,transfer,,,,0xa9059cbb,,135960,1,,0x7089aa37c55c94d5d7acc2178587f6883081bde5d780d769be725cac7e5fbe2f
2026-09-23T22-01-29-998Z_n-sweep_1-2-4-8-16-32-50,V0,,32,A-unanime,,,transfer,,,,0xa9059cbb,,135960,1,,0xaf488783a3e4419bba44faa6aff56ddd7d64da2f8b4cf7ffeb304ce38d8b8721
2026-09-23T22-01-29-998Z_n-sweep_1-2-4-8-16-32-50,V0,,32,A-unanime,,,transfer,,,,0xa9059cbb,,135960,1,,0x9866769fd009b00ae123d54396745d165237c883c885367f0e674f0ec147d65b
2026-09-23T22-01-29-998Z_n-sweep_1-2-4-8-16-32-50,V0,,32,A-unanime,,,transfer,,,,0xa9059cbb,,135960,1,,0x9b11b2365648571eb08e85854e2ad5903cd2dc39371288a6c4499d5661306550
2026-09-23T22-01-29-998Z_n-sweep_1-2-4-8-16-32-50,V0,,32,A-unanime,,,transfer,,,,0xa9059cbb,,135960,1,,0xfed884270499bcd3176a9f41559400dfc67e33cc85c9cf1e2b0c4f0300cf901c
2026-09-23T22-01-29-998Z_n-sweep_1-2-4-8-16-32-50,V0,,32,A-unanime,,,transfer,,,,0xa9059cbb,,135960,1,,0x90196f63091268ec6f03e3e9ddf2d137561e730a9d2068e83e18df72495b9131
2026-09-23T22-01-29-998Z_n-sweep_1-2-4-8-16-32-50,V0,,32,A-unanime,,,transfer,,,,0xa9059cbb,,135948,1,,0xf62e7d88596a4e9b4d817a01d6586dda1eb972d68851d850254c7350a6787d38
2026-09-23T22-01-29-998Z_n-sweep_1-2-4-8-16-32-50,V0,,32,A-unanime,,,transfer,,,,0xa9059cbb,,135960,1,,0x219d104340144e3e3b7d963c3954f2ab9c5bbb3a95032d66b2248e20f2ad8415
2026-09-23T22-01-29-998Z_n-sweep_1-2-4-8-16-32-50,V0,,32,A-unanime,,,transfer,,,,0xa9059cbb,,135960,1,,0xd7c4ae0a3058753c425b7d1146a5a547dea0c3fd6f8873007ba05ac840726440
2026-09-23T22-01-29-998Z_n-sweep_1-2-4-8-16-32-50,V0,,32,A-unanime,,,transfer,,,,0xa9059cbb,,135960,1,,0x7d8ba84f56812a83c5a8a1f0841c117ae04a38ef1d1f6541c6706b9d410b82d6
2026-09-23T22-01-29-998Z_n-sweep_1-2-4-8-16-32-50,V0,,32,A-unanime,,,transfer,,,,0xa9059cbb,,135960,1,,0xd05619fc8ee97b58203ac2a41fa73951547786737aee796dfa908b3464554172
2026-09-23T22-01-29-998Z_n-sweep_1-2-4-8-16-32-50,V0,,32,A-unanime,,,transfer,,,,0xa9059cbb,,135960,1,,0x53e684e6a147858b71f1d1b69168181a8e311b1a5c3e32ed9089312a984860df
2026-09-23T22-01-29-998Z_n-sweep_1-2-4-8-16-32-50,V0,,32,A-unanime,,,transfer,,,,0xa9059cbb,,135960,1,,0xcdebc9833856cef219be3f76cfb611e9b988c73c657911fbab9cb4dd4d47476e
2026-09-23T22-01-29-998Z_n-sweep_1-2-4-8-16-32-50,V0,,32,A-unanime,,,transfer,,,,0xa9059cbb,,135960,1,,0x14ef011d0e8f8bec73e6333fe3ee405aec446d146c63cb7386bf63138b12b7d3
2026-09-23T22-01-29-998Z_n-sweep_1-2-4-8-16-32-50,V0,,32,A-unanime,,,propose,,,propose,0x7d5e81e2,WasteCategoryRegistry.updateCredits,63790,1,,0xf649aecbdadc07cb2065730db4a43d3a38bd611ce8bd214a2aff3fb9dce24107
2026-09-23T22-01-29-998Z_n-sweep_1-2-4-8-16-32-50,V0,,32,A-unanime,,,vote,1,for,,0x56781388,,81899,1,,0x5b60363e0b2fd0c96de3dfa12e2887f9c6e1dab9019157f397f54881e3253345
2026-09-23T22-01-29-998Z_n-sweep_1-2-4-8-16-32-50,V0,,32,A-unanime,,,vote,2,for,,0x56781388,,64799,1,,0x4a2326f72e71a974748a06174b846ce87bb68883d48080a7fed755a15ae00952
2026-09-23T22-01-29-998Z_n-sweep_1-2-4-8-16-32-50,V0,,32,A-unanime,,,vote,3,for,,0x56781388,,64799,1,,0x233b99137c0ba5513391a14a0bbdb25b9c5bb24e090b5e6c92df75bb1bd16628
2026-09-23T22-01-29-998Z_n-sweep_1-2-4-8-16-32-50,V0,,32,A-unanime,,,vote,4,for,,0x56781388,,64799,1,,0x89084b82144526c161ed4ed6873f513d1b7ac1a0bc3c6de5794bf56c583bb688
2026-09-23T22-01-29-998Z_n-sweep_1-2-4-8-16-32-50,V0,,32,A-unanime,,,vote,5,for,,0x56781388,,64799,1,,0x13f468baae7a4fe4541cb4ff92f20f29fc527fa9906243afc86c7f0716e2ec85
2026-09-23T22-01-29-998Z_n-sweep_1-2-4-8-16-32-50,V0,,32,A-unanime,,,vote,6,for,,0x56781388,,64799,1,,0x28312de40f03c6db7d28f581ae7582b28b9e0535cf122ecd20d70f419fb1e611
2026-09-23T22-01-29-998Z_n-sweep_1-2-4-8-16-32-50,V0,,32,A-unanime,,,vote,7,for,,0x56781388,,64799,1,,0xef4fe9ebec00af6ca40aab023e853f560e5e7c63666be68655aab4e65cd3894a
2026-09-23T22-01-29-998Z_n-sweep_1-2-4-8-16-32-50,V0,,32,A-unanime,,,vote,8,for,,0x56781388,,64799,1,,0x2419bd95ed6404bdb396950c9141be760537365da75c843aa24607edcafaf091
2026-09-23T22-01-29-998Z_n-sweep_1-2-4-8-16-32-50,V0,,32,A-unanime,,,vote,9,for,,0x56781388,,64799,1,,0x043cb56d21e4478c3d29303bd6d3078807c977cfdbc77b023a076335801409dc
2026-09-23T22-01-29-998Z_n-sweep_1-2-4-8-16-32-50,V0,,32,A-unanime,,,vote,10,for,,0x56781388,,64799,1,,0x82e8a898ac0bbfa1d506ccfbe76a462029c9015ae4756edb74e42874d7a7d6f9
2026-09-23T22-01-29-998Z_n-sweep_1-2-4-8-16-32-50,V0,,32,A-unanime,,,vote,11,for,,0x56781388,,64799,1,,0xa87a505b19475e7bb37a2c1d2505b7b08db93151dec8dac30deb9b5107d4b5a9
2026-09-23T22-01-29-998Z_n-sweep_1-2-4-8-16-32-50,V0,,32,A-unanime,,,vote,12,for,,0x56781388,,64799,1,,0xf18a0eeb5e18bee4d3015c7e40e587fe4a1d49c870072ba3197c5e4e8ff75ba7
2026-09-23T22-01-29-998Z_n-sweep_1-2-4-8-16-32-50,V0,,32,A-unanime,,,vote,13,for,,0x56781388,,64799,1,,0x0ab7c0a85a3c8c4517051a8c0fc7e031195e9df7d52a20544bd7a8d27a18f52e
2026-09-23T22-01-29-998Z_n-sweep_1-2-4-8-16-32-50,V0,,32,A-unanime,,,vote,14,for,,0x56781388,,64799,1,,0x4afa069cd3942a519d1b450caa22a38403e1daae056ba8fc58d6bfc9c58bc391
2026-09-23T22-01-29-998Z_n-sweep_1-2-4-8-16-32-50,V0,,32,A-unanime,,,vote,15,for,,0x56781388,,64799,1,,0xc23ea874ac3ce3d6c573f7d9cbe581bc5d79b4257bb672debcc4f0f080838d9d
2026-09-23T22-01-29-998Z_n-sweep_1-2-4-8-16-32-50,V0,,32,A-unanime,,,vote,16,for,,0x56781388,,64799,1,,0xa09ba04b5484d5005c514940a364c2db1a819f39ac442bc89d6ea42da59dcb93
2026-09-23T22-01-29-998Z_n-sweep_1-2-4-8-16-32-50,V0,,32,A-unanime,,,vote,17,for,,0x56781388,,64799,1,,0x2c2d13d9163a8790205f88fadb4b62c15f42699eedae3fb202c944a030072e1c
2026-09-23T22-01-29-998Z_n-sweep_1-2-4-8-16-32-50,V0,,32,A-unanime,,,vote,18,for,,0x56781388,,64799,1,,0x49bbe674c3c7ebafdbfeeaf0c9b65d82822853ae36685fae2ef39bc81e744939
2026-09-23T22-01-29-998Z_n-sweep_1-2-4-8-16-32-50,V0,,32,A-unanime,,,vote,19,for,,0x56781388,,64799,1,,0xf7cff6ac9dc0279eca7f2980b2267e2d54dca5757a9790e115a73c9dc8cde0c3
2026-09-23T22-01-29-998Z_n-sweep_1-2-4-8-16-32-50,V0,,32,A-unanime,,,vote,20,for,,0x56781388,,64799,1,,0xa202e556131dd285c68383d7b18b38e572ac9eea4329dfe2a20f3eebb3878a0f
2026-09-23T22-01-29-998Z_n-sweep_1-2-4-8-16-32-50,V0,,32,A-unanime,,,vote,21,for,,0x56781388,,64799,1,,0x4cd70b96ee7199f7a3417b4924ef732a6cb6d96ff9817ca922a885e7b43bc8bf
2026-09-23T22-01-29-998Z_n-sweep_1-2-4-8-16-32-50,V0,,32,A-unanime,,,vote,22,for,,0x56781388,,64799,1,,0xe54f4326e69d3382aa654d56bd3b000e60fc3c6c1ff904518b68c007920c3a7a
2026-09-23T22-01-29-998Z_n-sweep_1-2-4-8-16-32-50,V0,,32,A-unanime,,,vote,23,for,,0x56781388,,64799,1,,0xe5b0974b76ec2c23c50de6548331e13831acf1fa7bf60e9947905362a03e3d5f
2026-09-23T22-01-29-998Z_n-sweep_1-2-4-8-16-32-50,V0,,32,A-unanime,,,vote,24,for,,0x56781388,,64799,1,,0x2b35e418487055375d802c0194dcb01838f1c7ce19688365910cb8f28fe33fca
2026-09-23T22-01-29-998Z_n-sweep_1-2-4-8-16-32-50,V0,,32,A-unanime,,,vote,25,for,,0x56781388,,64799,1,,0x65ed5bb921346740f5454219c9e2cfbf0beaa006084099ce678db95d9f2071de
2026-09-23T22-01-29-998Z_n-sweep_1-2-4-8-16-32-50,V0,,32,A-unanime,,,vote,26,for,,0x56781388,,64799,1,,0x73f2b8a2396ce0a283c8271c99f5869afbff5bf47a554fb8601434a12da13774
2026-09-23T22-01-29-998Z_n-sweep_1-2-4-8-16-32-50,V0,,32,A-unanime,,,vote,27,for,,0x56781388,,64799,1,,0xfe1c86bd464ba74c5c7b3f39fc48ba0bfbdd2bbcc8193aaabd26422ec8138ebe
2026-09-23T22-01-29-998Z_n-sweep_1-2-4-8-16-32-50,V0,,32,A-unanime,,,vote,28,for,,0x56781388,,64799,1,,0x12ad8c761eb0be75ccc8c6739446ae6b957181cb37864767425ff3f842c1eee1
2026-09-23T22-01-29-998Z_n-sweep_1-2-4-8-16-32-50,V0,,32,A-unanime,,,vote,29,for,,0x56781388,,64799,1,,0xe2bb0975be8da1e5a38476f7f3416eb488ac759c256b91155f15c37cf69e3446
2026-09-23T22-01-29-998Z_n-sweep_1-2-4-8-16-32-50,V0,,32,A-unanime,,,vote,30,for,,0x56781388,,64799,1,,0xa6c5ebd1b19b89a96e15b5d18b4ee0dd88666defbf97d1185e87c02e648c9c64
2026-09-23T22-01-29-998Z_n-sweep_1-2-4-8-16-32-50,V0,,32,A-unanime,,,vote,31,for,,0x56781388,,64799,1,,0xb71b616d74f843dd679986fd700aa82bfc7f5bcdd9759d0f5f0907439caa7903
2026-09-23T22-01-29-998Z_n-sweep_1-2-4-8-16-32-50,V0,,32,A-unanime,,,vote,32,for,,0x56781388,,64799,1,,0xa459da7d9caba5fbcf03ae54e136e3a7ad5ce6f2a74e50dab6c4c8248c89b2ae
2026-09-23T22-01-29-998Z_n-sweep_1-2-4-8-16-32-50,V0,,32,A-unanime,,,execute,,,execute,0x2656227d,WasteCategoryRegistry.updateCredits,60807,1,,0x683148b67757dbda0971b3db9e2026f07d36ea7dd95f8e3c21490f902a7cbfbe
2026-09-23T22-01-29-998Z_n-sweep_1-2-4-8-16-32-50,V1,T1,,,,,deploy_token_T1,,,constructor,0x61016060,,1621017,1,,0xece28f063ba256e8fc65152daf61fe745a7823e8ba387b1b661409f18f6dc4cc
2026-09-23T22-01-29-998Z_n-sweep_1-2-4-8-16-32-50,V1,,,,,,deploy_registry,,,constructor,0x60806040,,4590964,1,,0x9005486642112873086c0faf3a06ce7199e3377186a80eb6eea4235f5e1c6f56
2026-09-23T22-01-29-998Z_n-sweep_1-2-4-8-16-32-50,V1,,,,,,deploy_governor_V1,,,constructor,0x6101c080,,2141155,1,,0xcbf032b87647649d09648621f7d61fb312aee4174486ee6f404819243ac59ca9
2026-09-23T22-01-29-998Z_n-sweep_1-2-4-8-16-32-50,V1,,,,,,grant_admin_role,,,grantRole,0x2f2ff15d,,50799,1,,0xfdc9a3875129e16eb4a0e6527cfb2e5662449c13660398cf3b7c723db6d0e009
2026-09-23T22-01-29-998Z_n-sweep_1-2-4-8-16-32-50,V1,,,,,,revoke_deployer_admin_role,,,revokeRole,0xd547741f,,27116,1,,0xc189311656167d1c4c211ee1c4f5143a8df64ff72cb449ebf7ec77ff2fd0bcbb
2026-09-23T22-01-29-998Z_n-sweep_1-2-4-8-16-32-50,V1,,32,A-unanime,,,delegate_admin,,,,0x5c19a95c,,95559,1,,0xd4695df7ceba86e36d8d32ccf756640823a0c1b729cf20e3a0b632c08e38ee6a
2026-09-23T22-01-29-998Z_n-sweep_1-2-4-8-16-32-50,V1,,32,A-unanime,,,delegate,,,,0x5c19a95c,,48347,1,,0x81d5bf8e96fad9ce8b5230dc73abbeb313b25fcb2932728690f357e6b4e905b9
2026-09-23T22-01-29-998Z_n-sweep_1-2-4-8-16-32-50,V1,,32,A-unanime,,,delegate,,,,0x5c19a95c,,48335,1,,0x92147b8c796bc2b0f21acc979799bbf4c5b5033d9d67806a8ad6842fe03d41df
2026-09-23T22-01-29-998Z_n-sweep_1-2-4-8-16-32-50,V1,,32,A-unanime,,,delegate,,,,0x5c19a95c,,48347,1,,0xfff43b85310b182c6fdaa6a0b82056393aba2572b23e543b42f064dc4690e2fc
2026-09-23T22-01-29-998Z_n-sweep_1-2-4-8-16-32-50,V1,,32,A-unanime,,,delegate,,,,0x5c19a95c,,48347,1,,0xd65054394087a126f7201b8caf565d34e4b8e2c37299a2eb2e8e1e169e8753b2
2026-09-23T22-01-29-998Z_n-sweep_1-2-4-8-16-32-50,V1,,32,A-unanime,,,delegate,,,,0x5c19a95c,,48347,1,,0x0c6ee11e6f4f09c9119d3c03df89d743f104be74b800d0b47cbfa2e1629e917b
2026-09-23T22-01-29-998Z_n-sweep_1-2-4-8-16-32-50,V1,,32,A-unanime,,,delegate,,,,0x5c19a95c,,48347,1,,0x9e4c58d93f5292a4566258e1c10f556eb9dc4074e322b7c357bf5ad65da50cae
2026-09-23T22-01-29-998Z_n-sweep_1-2-4-8-16-32-50,V1,,32,A-unanime,,,delegate,,,,0x5c19a95c,,48347,1,,0x6ebf0fe5777b4feb07a84b604e7094e789e104c0aa39284dccf1b9da9c17904e
2026-09-23T22-01-29-998Z_n-sweep_1-2-4-8-16-32-50,V1,,32,A-unanime,,,delegate,,,,0x5c19a95c,,48347,1,,0xfe42119cc5b68fbfd433dffe547dcf50b55480a011d31795da0f08ec660c70b3
2026-09-23T22-01-29-998Z_n-sweep_1-2-4-8-16-32-50,V1,,32,A-unanime,,,delegate,,,,0x5c19a95c,,48347,1,,0x1cd5ec1a28c590b58fdf7467e7fffeb349eed4d261a6e6dd6bbe64d73d17bd59
2026-09-23T22-01-29-998Z_n-sweep_1-2-4-8-16-32-50,V1,,32,A-unanime,,,delegate,,,,0x5c19a95c,,48335,1,,0x44f126ec5cf68cfd276b82e1245a8bb78ca6d635813f085d1a125f483e4d5924
2026-09-23T22-01-29-998Z_n-sweep_1-2-4-8-16-32-50,V1,,32,A-unanime,,,delegate,,,,0x5c19a95c,,48347,1,,0xe3c56247fde6ff45e5ce391eac68170bdc36be578302a953ddcf8384ecd07aa8
2026-09-23T22-01-29-998Z_n-sweep_1-2-4-8-16-32-50,V1,,32,A-unanime,,,delegate,,,,0x5c19a95c,,48347,1,,0x97563cc4398d7b02943ad3e3ef1bdae06351c02ad3fb2d2b948579fc1d32295f
2026-09-23T22-01-29-998Z_n-sweep_1-2-4-8-16-32-50,V1,,32,A-unanime,,,delegate,,,,0x5c19a95c,,48347,1,,0x2254c00b60e2f0581478274e6123b6295b391cc3698f1951fb660335b3cd6c33
2026-09-23T22-01-29-998Z_n-sweep_1-2-4-8-16-32-50,V1,,32,A-unanime,,,delegate,,,,0x5c19a95c,,48347,1,,0xc3e2689cb93afecc73f02fe2fc704ca424bfebf2840b02e15e94e2eacaca6d1c
2026-09-23T22-01-29-998Z_n-sweep_1-2-4-8-16-32-50,V1,,32,A-unanime,,,delegate,,,,0x5c19a95c,,48347,1,,0xf481a9d9df12d0c5f7b29cc5bd284c8ca3e14873afc209155e790bf19f68d897
2026-09-23T22-01-29-998Z_n-sweep_1-2-4-8-16-32-50,V1,,32,A-unanime,,,delegate,,,,0x5c19a95c,,48347,1,,0x8975637550f485546f85f8e6d9a6ed6447c7e76fff1ec5f6c9e76fb534393987
2026-09-23T22-01-29-998Z_n-sweep_1-2-4-8-16-32-50,V1,,32,A-unanime,,,delegate,,,,0x5c19a95c,,48347,1,,0x923ae1f8d3d22d25940fc9eb75f6f6f16c191c6a236895f77670dcca6996d312
2026-09-23T22-01-29-998Z_n-sweep_1-2-4-8-16-32-50,V1,,32,A-unanime,,,delegate,,,,0x5c19a95c,,48347,1,,0xfa31a6684a33a12042a314e8f53f866c316bd76cf3829f1b1bdf9c6709375faf
2026-09-23T22-01-29-998Z_n-sweep_1-2-4-8-16-32-50,V1,,32,A-unanime,,,delegate,,,,0x5c19a95c,,48347,1,,0x85a35cc5c2fd484741123514532c6d193414e920845266674d577133f95aeb61
2026-09-23T22-01-29-998Z_n-sweep_1-2-4-8-16-32-50,V1,,32,A-unanime,,,delegate,,,,0x5c19a95c,,48347,1,,0x2c0c0e3cf1f17f2dbd21478c48f6a01b7c3f80cdc9a8337eb22078304610831f
2026-09-23T22-01-29-998Z_n-sweep_1-2-4-8-16-32-50,V1,,32,A-unanime,,,delegate,,,,0x5c19a95c,,48347,1,,0xa3ed7a1ccf1c20c61c0c5d590ac689d2c051d45201c4389538358e9b8bb285bc
2026-09-23T22-01-29-998Z_n-sweep_1-2-4-8-16-32-50,V1,,32,A-unanime,,,delegate,,,,0x5c19a95c,,48347,1,,0x661c282cd9e0e8ae9af420543abc3bdc613c6cb387574718fba247544e2af8e9
2026-09-23T22-01-29-998Z_n-sweep_1-2-4-8-16-32-50,V1,,32,A-unanime,,,delegate,,,,0x5c19a95c,,48347,1,,0xa25eec8de30d8f33b67249979cc372deee4340970acf515ed11237297c254db8
2026-09-23T22-01-29-998Z_n-sweep_1-2-4-8-16-32-50,V1,,32,A-unanime,,,delegate,,,,0x5c19a95c,,48347,1,,0x4531944da7228710c401fe613cc835a5a2ab8911500c323b7a89206096a62c5e
2026-09-23T22-01-29-998Z_n-sweep_1-2-4-8-16-32-50,V1,,32,A-unanime,,,delegate,,,,0x5c19a95c,,48335,1,,0x34fd858bbdd79805fe9ac14ac3496bc1581b8cd1fca415dd388ac92a1031b1a5
2026-09-23T22-01-29-998Z_n-sweep_1-2-4-8-16-32-50,V1,,32,A-unanime,,,delegate,,,,0x5c19a95c,,48347,1,,0x3873a22f0d3bd864cb6adf03e490138f7a8c74e0367b46c72eb32ab59606fc50
2026-09-23T22-01-29-998Z_n-sweep_1-2-4-8-16-32-50,V1,,32,A-unanime,,,delegate,,,,0x5c19a95c,,48347,1,,0x015c8107c64083620d33bd63ee4539fae6a634cbff1a7060ce0d9d7635a92667
2026-09-23T22-01-29-998Z_n-sweep_1-2-4-8-16-32-50,V1,,32,A-unanime,,,delegate,,,,0x5c19a95c,,48347,1,,0x4d690799cd4e7de3c25a6216085b0327439b44872c331c8bdeed03412851c496
2026-09-23T22-01-29-998Z_n-sweep_1-2-4-8-16-32-50,V1,,32,A-unanime,,,delegate,,,,0x5c19a95c,,48347,1,,0x4e2b6075a69f1a5defbf56244ed346d13180f658d70986f145e7afacf2a1769c
2026-09-23T22-01-29-998Z_n-sweep_1-2-4-8-16-32-50,V1,,32,A-unanime,,,delegate,,,,0x5c19a95c,,48347,1,,0xdb953c4d33d8186e4e68b823485663114eed9632b4e6afebc927746da2cc5444
2026-09-23T22-01-29-998Z_n-sweep_1-2-4-8-16-32-50,V1,,32,A-unanime,,,delegate,,,,0x5c19a95c,,48347,1,,0x6e11fc1a1f465bb514b7050fb921834e4af6a4c1f01678025fabce44812892fb
2026-09-23T22-01-29-998Z_n-sweep_1-2-4-8-16-32-50,V1,,32,A-unanime,,,delegate,,,,0x5c19a95c,,48347,1,,0x02ed69ad44539ce394fe9de851cfc82976eaf863ce9b6bb6dbf7356c766b4e34
2026-09-23T22-01-29-998Z_n-sweep_1-2-4-8-16-32-50,V1,,32,A-unanime,,,transfer,,,,0xa9059cbb,,135960,1,,0xb456269427e69b5e6ce8e76119fc7d322df6ec9289b99576d4a1afad4e375832
2026-09-23T22-01-29-998Z_n-sweep_1-2-4-8-16-32-50,V1,,32,A-unanime,,,transfer,,,,0xa9059cbb,,135948,1,,0xb1ebdc3fafc8d37f132e1bcc9fa8242f9ac4ccbf686053a9c11fea1447d7954a
2026-09-23T22-01-29-998Z_n-sweep_1-2-4-8-16-32-50,V1,,32,A-unanime,,,transfer,,,,0xa9059cbb,,135960,1,,0x0706982ce9ffc9a9a6049bdad109ccb7771a360862c1c67d4604b16e468e88b3
2026-09-23T22-01-29-998Z_n-sweep_1-2-4-8-16-32-50,V1,,32,A-unanime,,,transfer,,,,0xa9059cbb,,135960,1,,0x2be7a2323568fcd1226a0c9609a47190689b94f2bfd0a447e2dd0b263421859f
2026-09-23T22-01-29-998Z_n-sweep_1-2-4-8-16-32-50,V1,,32,A-unanime,,,transfer,,,,0xa9059cbb,,135960,1,,0x306101092df768e906c434b562ff9c882664cf533261e971ab14944111cc0b35
2026-09-23T22-01-29-998Z_n-sweep_1-2-4-8-16-32-50,V1,,32,A-unanime,,,transfer,,,,0xa9059cbb,,135960,1,,0x5a32b538f96cee1fd52ee740d3498092b5ff7b800fe37d249516ce644ac4c638
2026-09-23T22-01-29-998Z_n-sweep_1-2-4-8-16-32-50,V1,,32,A-unanime,,,transfer,,,,0xa9059cbb,,135960,1,,0x2b3c88dfa9086dedb70af73e2a72d41b372d8737896af7d9c24b888ba77809a8
2026-09-23T22-01-29-998Z_n-sweep_1-2-4-8-16-32-50,V1,,32,A-unanime,,,transfer,,,,0xa9059cbb,,135960,1,,0xc6c3504257735cab1ebbf8e23b8dfa0891033d340b7faee41c7a4c8ffcaf2f05
2026-09-23T22-01-29-998Z_n-sweep_1-2-4-8-16-32-50,V1,,32,A-unanime,,,transfer,,,,0xa9059cbb,,135960,1,,0x8c375b595de805e2c20ab49d5366ef38ae2405712a57898e36c42d7394dc7dea
2026-09-23T22-01-29-998Z_n-sweep_1-2-4-8-16-32-50,V1,,32,A-unanime,,,transfer,,,,0xa9059cbb,,135948,1,,0x956797de8927bfe4fa4238f3c3d6225ec80fb5cb7f8988c10bcbf7507db7f433
2026-09-23T22-01-29-998Z_n-sweep_1-2-4-8-16-32-50,V1,,32,A-unanime,,,transfer,,,,0xa9059cbb,,135960,1,,0x8419adca48826d94d148af9eb8c52743544499d0862d2c79fe217f13838d3f89
2026-09-23T22-01-29-998Z_n-sweep_1-2-4-8-16-32-50,V1,,32,A-unanime,,,transfer,,,,0xa9059cbb,,135960,1,,0xa6a407b8151974f51fd3480ed2808e823a862b1a9fc3e4d58826cc40991de5ce
2026-09-23T22-01-29-998Z_n-sweep_1-2-4-8-16-32-50,V1,,32,A-unanime,,,transfer,,,,0xa9059cbb,,135960,1,,0x7cb9b9759a154291125191612f5d3d9c005445ca3d44499b84df2cdf24196036
2026-09-23T22-01-29-998Z_n-sweep_1-2-4-8-16-32-50,V1,,32,A-unanime,,,transfer,,,,0xa9059cbb,,135960,1,,0x37425c743b5169af4a191d2411ef9ec7a8ecfd4d3f9e18e9c74c8441e728227d
2026-09-23T22-01-29-998Z_n-sweep_1-2-4-8-16-32-50,V1,,32,A-unanime,,,transfer,,,,0xa9059cbb,,135960,1,,0x30047ac0d2b376ce93122498326e833da05270630abef795f3659920af1f01f3
2026-09-23T22-01-29-998Z_n-sweep_1-2-4-8-16-32-50,V1,,32,A-unanime,,,transfer,,,,0xa9059cbb,,135960,1,,0x25b05249a040061fc25c18be11522eaba7e4df163e9ce17f69863b5a67fccb76
2026-09-23T22-01-29-998Z_n-sweep_1-2-4-8-16-32-50,V1,,32,A-unanime,,,transfer,,,,0xa9059cbb,,135960,1,,0x9f4ab1b66a7ab3047273f1a54d34b17dce9dff1c107a018ddfac1f8406fd791a
2026-09-23T22-01-29-998Z_n-sweep_1-2-4-8-16-32-50,V1,,32,A-unanime,,,transfer,,,,0xa9059cbb,,135960,1,,0x1c23e5aa6a3e4e7eece03a43c7bee946db01ccd04cb4351c56313615169cd5f7
2026-09-23T22-01-29-998Z_n-sweep_1-2-4-8-16-32-50,V1,,32,A-unanime,,,transfer,,,,0xa9059cbb,,135960,1,,0x808e0b1a1f83e43b1b0bbeebf1eaa49a2a0bd603dc033838a51dbc520100f07e
2026-09-23T22-01-29-998Z_n-sweep_1-2-4-8-16-32-50,V1,,32,A-unanime,,,transfer,,,,0xa9059cbb,,135960,1,,0x5a9e739bf10cf83ed688f6b886c370f4149c627ecdb8e2f83acec9af0d1e9ad7
2026-09-23T22-01-29-998Z_n-sweep_1-2-4-8-16-32-50,V1,,32,A-unanime,,,transfer,,,,0xa9059cbb,,135960,1,,0xd98acace08286d3e5bc862992a1feeb750161810d0f11fff091be1b9b2d82ec4
2026-09-23T22-01-29-998Z_n-sweep_1-2-4-8-16-32-50,V1,,32,A-unanime,,,transfer,,,,0xa9059cbb,,135960,1,,0x02f3d6da6a616977f3c74d4af815dd50f18791ec5f826da90aa5ae9ef216be0b
2026-09-23T22-01-29-998Z_n-sweep_1-2-4-8-16-32-50,V1,,32,A-unanime,,,transfer,,,,0xa9059cbb,,135960,1,,0xba289594f475d94893786718c7be70af369cd9d6fb44497a45822d97b6355a29
2026-09-23T22-01-29-998Z_n-sweep_1-2-4-8-16-32-50,V1,,32,A-unanime,,,transfer,,,,0xa9059cbb,,135960,1,,0x08700732f89c0ba615bd8eeeeb0da4c103eba6f7d06c33eb6c01e53380f25dcd
2026-09-23T22-01-29-998Z_n-sweep_1-2-4-8-16-32-50,V1,,32,A-unanime,,,transfer,,,,0xa9059cbb,,135948,1,,0xcfffabbbdd8e51d9435bb673210e62b7334b7d2df8e4a3d70c4461cd0fcf447a
2026-09-23T22-01-29-998Z_n-sweep_1-2-4-8-16-32-50,V1,,32,A-unanime,,,transfer,,,,0xa9059cbb,,135960,1,,0x6a4069c122629b5e403a8e517573612f517cdc4223087adf4d4e46ecc1ee28fa
2026-09-23T22-01-29-998Z_n-sweep_1-2-4-8-16-32-50,V1,,32,A-unanime,,,transfer,,,,0xa9059cbb,,135960,1,,0x43f7e058f78f5c7ce717c161d923cabe7762bcbb8972d7ee8fefca0222f2ac2e
2026-09-23T22-01-29-998Z_n-sweep_1-2-4-8-16-32-50,V1,,32,A-unanime,,,transfer,,,,0xa9059cbb,,135960,1,,0xb91cdfd0d12560265c641a94d1861458541d1dae9f997abd1dfa9cd90d1da67f
2026-09-23T22-01-29-998Z_n-sweep_1-2-4-8-16-32-50,V1,,32,A-unanime,,,transfer,,,,0xa9059cbb,,135960,1,,0x284b008bbeb87e89e13af70f36c3f6915fd65474aadd30470c0579190ecd68bd
2026-09-23T22-01-29-998Z_n-sweep_1-2-4-8-16-32-50,V1,,32,A-unanime,,,transfer,,,,0xa9059cbb,,135960,1,,0x97b6c18b16e030e7b38ed387cb03f0c4d64c025ee39fe4e224cc6b950d321c35
2026-09-23T22-01-29-998Z_n-sweep_1-2-4-8-16-32-50,V1,,32,A-unanime,,,transfer,,,,0xa9059cbb,,135960,1,,0xa345160eee559cdd8379b98b9e47ed1c8910297dd1a07ae65e92da3cd077a630
2026-09-23T22-01-29-998Z_n-sweep_1-2-4-8-16-32-50,V1,,32,A-unanime,,,transfer,,,,0xa9059cbb,,135960,1,,0xd9fc574e08881af2698645cc1d7617b8e12462a5806467e1d7fe5ff479431a79
2026-09-23T22-01-29-998Z_n-sweep_1-2-4-8-16-32-50,V1,,32,A-unanime,,,propose,,,propose,0x7d5e81e2,WasteCategoryRegistry.updateCredits,63790,1,,0x331a7c1b823ff2949732d8dfef9a8d357d80fe070d169c38f531605aeb4ae921
2026-09-23T22-01-29-998Z_n-sweep_1-2-4-8-16-32-50,V1,,32,A-unanime,,,vote,1,for,,0x56781388,,82468,1,,0x0398769d7134281e93889cb2d8145fd3f0409e4876d89289e7e68ade061aa17d
2026-09-23T22-01-29-998Z_n-sweep_1-2-4-8-16-32-50,V1,,32,A-unanime,,,vote,2,for,,0x56781388,,65368,1,,0x8fd5f701655e53fa7f081cc8a726e2e2a08473c92762e2cc60234aff7c6eb3c7
2026-09-23T22-01-29-998Z_n-sweep_1-2-4-8-16-32-50,V1,,32,A-unanime,,,vote,3,for,,0x56781388,,65368,1,,0x24be8c8dc797c4fc97edecd078411d2e21bd57e262fc4209fa96d40e12acb98e
2026-09-23T22-01-29-998Z_n-sweep_1-2-4-8-16-32-50,V1,,32,A-unanime,,,vote,4,for,,0x56781388,,65368,1,,0x1742dcf133cc786d45e6f5b02c7910e289c3aa5889fa081088c522b56be974d8
2026-09-23T22-01-29-998Z_n-sweep_1-2-4-8-16-32-50,V1,,32,A-unanime,,,vote,5,for,,0x56781388,,65368,1,,0x19026106f3618df23da516b90899fa86920f2cc7bf49eef1bf048d44991ced83
2026-09-23T22-01-29-998Z_n-sweep_1-2-4-8-16-32-50,V1,,32,A-unanime,,,vote,6,for,,0x56781388,,65368,1,,0x461c7d0442f1f5371b48e994a6846d3540453e5173cc06d6d9800e55397b1221
2026-09-23T22-01-29-998Z_n-sweep_1-2-4-8-16-32-50,V1,,32,A-unanime,,,vote,7,for,,0x56781388,,65368,1,,0xe85203af3a25214a0030b2fbf42e166228ba23b00b374e0158949b3d16140f87
2026-09-23T22-01-29-998Z_n-sweep_1-2-4-8-16-32-50,V1,,32,A-unanime,,,vote,8,for,,0x56781388,,65368,1,,0xcd20ba919ae7aa969d7de125502ea47f7fcc7c804c2f861930e975051faca59d
2026-09-23T22-01-29-998Z_n-sweep_1-2-4-8-16-32-50,V1,,32,A-unanime,,,vote,9,for,,0x56781388,,65368,1,,0x29ad68f0c2ad649eb929f2dfe44c553ffee50b69dea7b4d75bf9bc85e798339e
2026-09-23T22-01-29-998Z_n-sweep_1-2-4-8-16-32-50,V1,,32,A-unanime,,,vote,10,for,,0x56781388,,65368,1,,0x3b68f3fe084d2b728d5f839b9a22eca8c8db7bccd1292a247b022d0398a1ffc6
2026-09-23T22-01-29-998Z_n-sweep_1-2-4-8-16-32-50,V1,,32,A-unanime,,,vote,11,for,,0x56781388,,65368,1,,0xf2f9f3121f6f12811bfd702d97b3528a7c9b7c9868c95851a366f2da722ed5cc
2026-09-23T22-01-29-998Z_n-sweep_1-2-4-8-16-32-50,V1,,32,A-unanime,,,vote,12,for,,0x56781388,,65368,1,,0x80a12a3792eeedff36e6474ae8df3a77255c113df2f6c6d312eee403ae10a2e9
2026-09-23T22-01-29-998Z_n-sweep_1-2-4-8-16-32-50,V1,,32,A-unanime,,,vote,13,for,,0x56781388,,65368,1,,0x7b276ed4ad0c810aec69705234e06df3912d3f8e0fb593f14935bfcb5439df86
2026-09-23T22-01-29-998Z_n-sweep_1-2-4-8-16-32-50,V1,,32,A-unanime,,,vote,14,for,,0x56781388,,65368,1,,0xafd71cc100a95dfbf1330d91014f957dae110d751d62689f93221248f72d4472
2026-09-23T22-01-29-998Z_n-sweep_1-2-4-8-16-32-50,V1,,32,A-unanime,,,vote,15,for,,0x56781388,,65368,1,,0xbfd9c2d8d7e4888bc10e2b98e4ad54e0f538ee9df65d5fbfe2e1ec6a7cb60cc2
2026-09-23T22-01-29-998Z_n-sweep_1-2-4-8-16-32-50,V1,,32,A-unanime,,,vote,16,for,,0x56781388,,65368,1,,0x98e41897c7b5f7bac3261ab54454d11eb9bf968b05ddb4ba780f39abf1d16fdc
2026-09-23T22-01-29-998Z_n-sweep_1-2-4-8-16-32-50,V1,,32,A-unanime,,,vote,17,for,,0x56781388,,65368,1,,0xf714ade32a0eede89c0fad34ba83ce5a4aa21416f443b4ed77767a05a337f72b
2026-09-23T22-01-29-998Z_n-sweep_1-2-4-8-16-32-50,V1,,32,A-unanime,,,vote,18,for,,0x56781388,,65368,1,,0x714918ca753776684b6ad0c707b82bf52b000975a93b97d70bbe0615d316e135
2026-09-23T22-01-29-998Z_n-sweep_1-2-4-8-16-32-50,V1,,32,A-unanime,,,vote,19,for,,0x56781388,,65368,1,,0xba46998791273ca5d81d16c53593f5780cc1aa77a40de5da7ae92b5533ffcddf
2026-09-23T22-01-29-998Z_n-sweep_1-2-4-8-16-32-50,V1,,32,A-unanime,,,vote,20,for,,0x56781388,,65368,1,,0x1e84ee35876e33767a752f47f8ecc07b9505f8b71a23ca33de01472592aa4301
2026-09-23T22-01-29-998Z_n-sweep_1-2-4-8-16-32-50,V1,,32,A-unanime,,,vote,21,for,,0x56781388,,65368,1,,0xe0febbe95e76ce5d109808707b12268e6e47e4599e7190cc92bd232445d91083
2026-09-23T22-01-29-998Z_n-sweep_1-2-4-8-16-32-50,V1,,32,A-unanime,,,vote,22,for,,0x56781388,,65368,1,,0xa730e0258edacff917369acc10412660e2bab151861fb576b84c11034f6a3521
2026-09-23T22-01-29-998Z_n-sweep_1-2-4-8-16-32-50,V1,,32,A-unanime,,,vote,23,for,,0x56781388,,65368,1,,0x3a9b23ad655ab8c729a05a2e6da28a5849af06a42148853484c8f8e11c2303e4
2026-09-23T22-01-29-998Z_n-sweep_1-2-4-8-16-32-50,V1,,32,A-unanime,,,vote,24,for,,0x56781388,,65368,1,,0x6738b3f1321d642c2bcc8f22a81ffd49e607187679a75041898ae2840b232b77
2026-09-23T22-01-29-998Z_n-sweep_1-2-4-8-16-32-50,V1,,32,A-unanime,,,vote,25,for,,0x56781388,,65368,1,,0x01335231ca583429cc1e7bbd5eb4848d7a2301b233fecd56c61396b388ab9e7b
2026-09-23T22-01-29-998Z_n-sweep_1-2-4-8-16-32-50,V1,,32,A-unanime,,,vote,26,for,,0x56781388,,65368,1,,0x2e189bdfeb7348d3ca9652f16893bf50ca7497f42c23f84ac92b366db7bab633
2026-09-23T22-01-29-998Z_n-sweep_1-2-4-8-16-32-50,V1,,32,A-unanime,,,vote,27,for,,0x56781388,,65368,1,,0x7d9e239321669187d6309d2885a8cfce9daec21ea24edccac6fbadf3ec73beab
2026-09-23T22-01-29-998Z_n-sweep_1-2-4-8-16-32-50,V1,,32,A-unanime,,,vote,28,for,,0x56781388,,65368,1,,0x416e2d6d0020373bc1ab31e3322e89931be2ce1957ed968a1d776a09313a8cc5
2026-09-23T22-01-29-998Z_n-sweep_1-2-4-8-16-32-50,V1,,32,A-unanime,,,vote,29,for,,0x56781388,,65368,1,,0xdf08ca3aeec5a84783e8840af3d592af092dd08e0a935077277f1343435bbb06
2026-09-23T22-01-29-998Z_n-sweep_1-2-4-8-16-32-50,V1,,32,A-unanime,,,vote,30,for,,0x56781388,,65368,1,,0x9e38850bad6349475a29c120ca49586075d2f4ec400110825eddf2c4ff22c61f
2026-09-23T22-01-29-998Z_n-sweep_1-2-4-8-16-32-50,V1,,32,A-unanime,,,vote,31,for,,0x56781388,,65368,1,,0x87eb13f4393b700e9040ab68fdd71becf1c6c674d64878dd213d335174d90b06
2026-09-23T22-01-29-998Z_n-sweep_1-2-4-8-16-32-50,V1,,32,A-unanime,,,vote,32,for,,0x56781388,,65368,1,,0xac95dc32620b4c6b3bb8b1d944516687231242ac722727bd3505fd4c75b55fb6
2026-09-23T22-01-29-998Z_n-sweep_1-2-4-8-16-32-50,V1,,32,A-unanime,,,execute,,,execute,0x2656227d,WasteCategoryRegistry.updateCredits,60807,1,,0xdeb7b87df1495604611bf9eb25386ab2bd9e0ec12fdcc4c45d8a596a8c01f73b
2026-09-23T22-01-29-998Z_n-sweep_1-2-4-8-16-32-50,V2,T1,,,,,deploy_token_T1,,,constructor,0x61016060,,1621017,1,,0xece28f063ba256e8fc65152daf61fe745a7823e8ba387b1b661409f18f6dc4cc
2026-09-23T22-01-29-998Z_n-sweep_1-2-4-8-16-32-50,V2,,,,,,deploy_registry,,,constructor,0x60806040,,4590964,1,,0x9005486642112873086c0faf3a06ce7199e3377186a80eb6eea4235f5e1c6f56
2026-09-23T22-01-29-998Z_n-sweep_1-2-4-8-16-32-50,V2,,,,,,deploy_governor_V2,,,constructor,0x6101e080,,2178840,1,,0xa32c9f3d540c0ae9eee563ea02a53e3c1648afde51e09209202bc2912d9a8532
2026-09-23T22-01-29-998Z_n-sweep_1-2-4-8-16-32-50,V2,,,,,,grant_admin_role,,,grantRole,0x2f2ff15d,,50799,1,,0x0482dd737ad13e5cf9f342f77b7f4c8d4a60575e6613b501a7a433855227e65d
2026-09-23T22-01-29-998Z_n-sweep_1-2-4-8-16-32-50,V2,,,,,,revoke_deployer_admin_role,,,revokeRole,0xd547741f,,27116,1,,0xbf6c6756b6e885a31717a4b56f3c4fc35da4780ca84e075711ea97189f58ea3d
2026-09-23T22-01-29-998Z_n-sweep_1-2-4-8-16-32-50,V2,,32,A-unanime,,,delegate_admin,,,,0x5c19a95c,,95559,1,,0xe4ed125ff7fcf34a784094393e69d7b32184f90f45a88cf0e398ac5fe2329d50
2026-09-23T22-01-29-998Z_n-sweep_1-2-4-8-16-32-50,V2,,32,A-unanime,,,delegate,,,,0x5c19a95c,,48347,1,,0x8e5cf2e817455991c3f88244f29b95e3c5703efb253d16587c3e019ace8ed4aa
2026-09-23T22-01-29-998Z_n-sweep_1-2-4-8-16-32-50,V2,,32,A-unanime,,,delegate,,,,0x5c19a95c,,48335,1,,0x3a4d0b938991cc6665fddf48aab742d27a2480134e4cb1cf5b844b9724575405
2026-09-23T22-01-29-998Z_n-sweep_1-2-4-8-16-32-50,V2,,32,A-unanime,,,delegate,,,,0x5c19a95c,,48347,1,,0x8df16e2387da0d9fa03469e487a72815c7ad0f22d2e3631bfcd3e8532e84566f
2026-09-23T22-01-29-998Z_n-sweep_1-2-4-8-16-32-50,V2,,32,A-unanime,,,delegate,,,,0x5c19a95c,,48347,1,,0x95612e3ccf4e98f664cb62c90a18fd3142e8f5668db18fb82a400652a6b96b06
2026-09-23T22-01-29-998Z_n-sweep_1-2-4-8-16-32-50,V2,,32,A-unanime,,,delegate,,,,0x5c19a95c,,48347,1,,0x8cfbd9c8afd095297879c4ea5a6d41c276c3b770abd2f751b06ec63384df15d6
2026-09-23T22-01-29-998Z_n-sweep_1-2-4-8-16-32-50,V2,,32,A-unanime,,,delegate,,,,0x5c19a95c,,48347,1,,0x96ff47bd12ed3260165a9b3c82bacf4a9f1cfd47a5f8548491ee35c1066f2e38
2026-09-23T22-01-29-998Z_n-sweep_1-2-4-8-16-32-50,V2,,32,A-unanime,,,delegate,,,,0x5c19a95c,,48347,1,,0x3c7464a5135ef0630048da3b891f6f95d941c4b44dfb27d1230d6c7015af52d6
2026-09-23T22-01-29-998Z_n-sweep_1-2-4-8-16-32-50,V2,,32,A-unanime,,,delegate,,,,0x5c19a95c,,48347,1,,0xcef7f0dbdf22e7ddd7612e11e8e4d04d07ff7ed50742fa593a04379c3fb4c79a
2026-09-23T22-01-29-998Z_n-sweep_1-2-4-8-16-32-50,V2,,32,A-unanime,,,delegate,,,,0x5c19a95c,,48347,1,,0x2a05bf2175c5ddc1c903f568e1aef2d66314124f75bcf8379ba8adf2782fee08
2026-09-23T22-01-29-998Z_n-sweep_1-2-4-8-16-32-50,V2,,32,A-unanime,,,delegate,,,,0x5c19a95c,,48335,1,,0xed076a3bb603efd5d8a71a2cc98ed4047b12d152a544a7d1d7a341433c9a4602
2026-09-23T22-01-29-998Z_n-sweep_1-2-4-8-16-32-50,V2,,32,A-unanime,,,delegate,,,,0x5c19a95c,,48347,1,,0x10be283a8ec30b680dc3aca50b759e0cf9c8afc082d9e83402cea754eca72a1f
2026-09-23T22-01-29-998Z_n-sweep_1-2-4-8-16-32-50,V2,,32,A-unanime,,,delegate,,,,0x5c19a95c,,48347,1,,0x2a30f5270f05f3f17e6177f9b77f58b934718ec7c2e872415fd5bb3af3d1a729
2026-09-23T22-01-29-998Z_n-sweep_1-2-4-8-16-32-50,V2,,32,A-unanime,,,delegate,,,,0x5c19a95c,,48347,1,,0x8627a7ad29f66cec2d29399f287974e7802b96ce1c1094b9f03f71ebb4aee554
2026-09-23T22-01-29-998Z_n-sweep_1-2-4-8-16-32-50,V2,,32,A-unanime,,,delegate,,,,0x5c19a95c,,48347,1,,0x09935171751aaaad6b28f8c0a6e1389d805ea4048b73d32206a0f9fb56fe6526
2026-09-23T22-01-29-998Z_n-sweep_1-2-4-8-16-32-50,V2,,32,A-unanime,,,delegate,,,,0x5c19a95c,,48347,1,,0xcc0bb7cbd2d0f3f8fa2b739bbaa5db203755fbd70b3eefc00d112f1bb589ceaf
2026-09-23T22-01-29-998Z_n-sweep_1-2-4-8-16-32-50,V2,,32,A-unanime,,,delegate,,,,0x5c19a95c,,48347,1,,0xc76339288f99a2e44a4485a1794ebb0cad6215adbb061dde8b472b5783d68437
2026-09-23T22-01-29-998Z_n-sweep_1-2-4-8-16-32-50,V2,,32,A-unanime,,,delegate,,,,0x5c19a95c,,48347,1,,0x4eff498246ceed5814c564e65aad18449d9d8819517ba51d588d9cfdae3d4d2a
2026-09-23T22-01-29-998Z_n-sweep_1-2-4-8-16-32-50,V2,,32,A-unanime,,,delegate,,,,0x5c19a95c,,48347,1,,0xa6ae49a326f302b9e71391f9415c0d930458ea03039ee9086f5687369d739f43
2026-09-23T22-01-29-998Z_n-sweep_1-2-4-8-16-32-50,V2,,32,A-unanime,,,delegate,,,,0x5c19a95c,,48347,1,,0xf13688c59dca87eeaaf2b3d3ae625f01224e2d5b4954af7ddb9eacd7e8fca21e
2026-09-23T22-01-29-998Z_n-sweep_1-2-4-8-16-32-50,V2,,32,A-unanime,,,delegate,,,,0x5c19a95c,,48347,1,,0xed760b7612d9a02f7ab38dcca54d7d989dd819b4bb98906db1dbcca059ac084f
2026-09-23T22-01-29-998Z_n-sweep_1-2-4-8-16-32-50,V2,,32,A-unanime,,,delegate,,,,0x5c19a95c,,48347,1,,0x408a7ccbb0d6637960a2093204a5084a7c3370084f7061b277e04d5d1523ae58
2026-09-23T22-01-29-998Z_n-sweep_1-2-4-8-16-32-50,V2,,32,A-unanime,,,delegate,,,,0x5c19a95c,,48347,1,,0x3152e0d13e4c1339d74b6b187ca12500a969817e0120fc16874758b89451705c
2026-09-23T22-01-29-998Z_n-sweep_1-2-4-8-16-32-50,V2,,32,A-unanime,,,delegate,,,,0x5c19a95c,,48347,1,,0xa643950d224ced9bbf99ea95cbb9cecb86c028ad6a357741d9eed43fd1418124
2026-09-23T22-01-29-998Z_n-sweep_1-2-4-8-16-32-50,V2,,32,A-unanime,,,delegate,,,,0x5c19a95c,,48347,1,,0x055e399c3cbfa6644dce91a7f3b36ea2bc185d80c647c0f1d04321e14c4b1361
2026-09-23T22-01-29-998Z_n-sweep_1-2-4-8-16-32-50,V2,,32,A-unanime,,,delegate,,,,0x5c19a95c,,48335,1,,0xdbafa2287cf62155690c72d09b21b76ada56306bf24799e90a6ebd1fd470abc6
2026-09-23T22-01-29-998Z_n-sweep_1-2-4-8-16-32-50,V2,,32,A-unanime,,,delegate,,,,0x5c19a95c,,48347,1,,0x5f3e39c0a04665565fe3ba089f22454588d4f688c9a7aef067e7ad9e116a759a
2026-09-23T22-01-29-998Z_n-sweep_1-2-4-8-16-32-50,V2,,32,A-unanime,,,delegate,,,,0x5c19a95c,,48347,1,,0x7f968e30943d915d45decb0caea3281b5a4ce30a34416fbe354786d67369fd83
2026-09-23T22-01-29-998Z_n-sweep_1-2-4-8-16-32-50,V2,,32,A-unanime,,,delegate,,,,0x5c19a95c,,48347,1,,0xacced85e76fc346ac6aeec9a7ad6b61324fa6705450ea8d9c6b571e609652ec6
2026-09-23T22-01-29-998Z_n-sweep_1-2-4-8-16-32-50,V2,,32,A-unanime,,,delegate,,,,0x5c19a95c,,48347,1,,0xc354d6d794f1199566d0378cd1a05e9a5ef44036fa08971363ffdb3f0a83ac1f
2026-09-23T22-01-29-998Z_n-sweep_1-2-4-8-16-32-50,V2,,32,A-unanime,,,delegate,,,,0x5c19a95c,,48347,1,,0x41430b21e85fff00baa6651f5e9419f14411e203e9c65cf045d70399e1f94f10
2026-09-23T22-01-29-998Z_n-sweep_1-2-4-8-16-32-50,V2,,32,A-unanime,,,delegate,,,,0x5c19a95c,,48347,1,,0x0bedefd31dfd1911f1b821af9af59b2add8145ffa98e5dbae489249c34ba12b9
2026-09-23T22-01-29-998Z_n-sweep_1-2-4-8-16-32-50,V2,,32,A-unanime,,,delegate,,,,0x5c19a95c,,48347,1,,0x56ad8c486cf180aa0b39b839e9aa8457bb432ce913afb5054ca9bcce3effbb92
2026-09-23T22-01-29-998Z_n-sweep_1-2-4-8-16-32-50,V2,,32,A-unanime,,,transfer,,,,0xa9059cbb,,135960,1,,0xd0698b15d0a4158e25b6354447a9183a1c7e2709f2dc65467f1f8d003c028165
2026-09-23T22-01-29-998Z_n-sweep_1-2-4-8-16-32-50,V2,,32,A-unanime,,,transfer,,,,0xa9059cbb,,135948,1,,0xc1d83b95bf805ba4371c2bb98c2893712e313bdae17608c8cca1a20cefcace3f
2026-09-23T22-01-29-998Z_n-sweep_1-2-4-8-16-32-50,V2,,32,A-unanime,,,transfer,,,,0xa9059cbb,,135960,1,,0x5c9a2f524061f2cedfc3a23928ba3522a97347623158802a7574d89aac66c5e2
2026-09-23T22-01-29-998Z_n-sweep_1-2-4-8-16-32-50,V2,,32,A-unanime,,,transfer,,,,0xa9059cbb,,135960,1,,0xd7a1d861a8ffae45389bf7b1e050a2ad6774adf1f26964e59f924d13efe16f93
2026-09-23T22-01-29-998Z_n-sweep_1-2-4-8-16-32-50,V2,,32,A-unanime,,,transfer,,,,0xa9059cbb,,135960,1,,0x3ed47764d1b6dc2977a87f07c00932d7919f86a38d7fa6897797557fcaf8ddb2
2026-09-23T22-01-29-998Z_n-sweep_1-2-4-8-16-32-50,V2,,32,A-unanime,,,transfer,,,,0xa9059cbb,,135960,1,,0xe38aeefc29cc229da8f80086faf7a65278385513d6000ae2998b9164c52a2ec0
2026-09-23T22-01-29-998Z_n-sweep_1-2-4-8-16-32-50,V2,,32,A-unanime,,,transfer,,,,0xa9059cbb,,135960,1,,0x66cced5377a01cb01ced1557db51d3d576fa40d9f04be2db053b55b41fb5089e
2026-09-23T22-01-29-998Z_n-sweep_1-2-4-8-16-32-50,V2,,32,A-unanime,,,transfer,,,,0xa9059cbb,,135960,1,,0xfe5aef131cc72a9ad79a1f5ffde1443d7f223ae84ed6a6626946d0308ab353a6
2026-09-23T22-01-29-998Z_n-sweep_1-2-4-8-16-32-50,V2,,32,A-unanime,,,transfer,,,,0xa9059cbb,,135960,1,,0x2c714ceb4fe03bcf2c3d8630106ccb262af10d86fa7e1b83496bbb0c41f8f657
2026-09-23T22-01-29-998Z_n-sweep_1-2-4-8-16-32-50,V2,,32,A-unanime,,,transfer,,,,0xa9059cbb,,135948,1,,0xd761f278e00234ae7bff4ba89185e7e3ecd0c332b003b4603918a2f13a1ab358
2026-09-23T22-01-29-998Z_n-sweep_1-2-4-8-16-32-50,V2,,32,A-unanime,,,transfer,,,,0xa9059cbb,,135960,1,,0x031aa8f9222008ee539d955a400cef5a9aceb2377b58d9bdfb60366e2e5ec88d
2026-09-23T22-01-29-998Z_n-sweep_1-2-4-8-16-32-50,V2,,32,A-unanime,,,transfer,,,,0xa9059cbb,,135960,1,,0x42cd908997f6996bc98d0e95639112ede936d48a3f26d5c3e2a8c7e95054854d
2026-09-23T22-01-29-998Z_n-sweep_1-2-4-8-16-32-50,V2,,32,A-unanime,,,transfer,,,,0xa9059cbb,,135960,1,,0x719b6c90c96e3584e7554597250f36160d4f86bef73d716538651162072dc1a3
2026-09-23T22-01-29-998Z_n-sweep_1-2-4-8-16-32-50,V2,,32,A-unanime,,,transfer,,,,0xa9059cbb,,135960,1,,0x964636b08302fb1a1aeb3ebfcb46761628f9689f5d7910980ca3e90d3ad72185
2026-09-23T22-01-29-998Z_n-sweep_1-2-4-8-16-32-50,V2,,32,A-unanime,,,transfer,,,,0xa9059cbb,,135960,1,,0x42dca054fb5013aa31f156620dd3fdd731d2a22f0bd44862620f1e9366320d94
2026-09-23T22-01-29-998Z_n-sweep_1-2-4-8-16-32-50,V2,,32,A-unanime,,,transfer,,,,0xa9059cbb,,135960,1,,0x6f8161bec26017fcea839ed5cf5aec77f0adc12b00fe597537d73b33c0d89ead
2026-09-23T22-01-29-998Z_n-sweep_1-2-4-8-16-32-50,V2,,32,A-unanime,,,transfer,,,,0xa9059cbb,,135960,1,,0xcf984e4f2d4bd10afedd9acbd2d1940ac71703f84a09ab0031926511e28e2635
2026-09-23T22-01-29-998Z_n-sweep_1-2-4-8-16-32-50,V2,,32,A-unanime,,,transfer,,,,0xa9059cbb,,135960,1,,0x9ce98ec599be9f522859383caa8c4fd89d812e3757dda9a4573341c20e0f2613
2026-09-23T22-01-29-998Z_n-sweep_1-2-4-8-16-32-50,V2,,32,A-unanime,,,transfer,,,,0xa9059cbb,,135960,1,,0x578c45ba07da6aebe660bcaad7363e9c4cf3bef6fd87b78be2c9f7b1bb99e96d
2026-09-23T22-01-29-998Z_n-sweep_1-2-4-8-16-32-50,V2,,32,A-unanime,,,transfer,,,,0xa9059cbb,,135960,1,,0x870d481b432dffcac70d460fc5462f566d3e5e210615efc5b22ba6a948560817
2026-09-23T22-01-29-998Z_n-sweep_1-2-4-8-16-32-50,V2,,32,A-unanime,,,transfer,,,,0xa9059cbb,,135960,1,,0x7bf6c0061eb2f4e93af69e04140e29de63e118de26abe4b6171070162b2d402a
2026-09-23T22-01-29-998Z_n-sweep_1-2-4-8-16-32-50,V2,,32,A-unanime,,,transfer,,,,0xa9059cbb,,135960,1,,0xa145b9fd5a9b7cc823bbd816c5ebb6f4a4e624107b23481a0f732956d4cf4a2a
2026-09-23T22-01-29-998Z_n-sweep_1-2-4-8-16-32-50,V2,,32,A-unanime,,,transfer,,,,0xa9059cbb,,135960,1,,0x733583bfcddbe7384a5465c8d5867f76d65ba6745b91267e14d1ff485cfc70a6
2026-09-23T22-01-29-998Z_n-sweep_1-2-4-8-16-32-50,V2,,32,A-unanime,,,transfer,,,,0xa9059cbb,,135960,1,,0x4a66f968338e1f313aca3afb2b02f5492b1059155b1945e1c21e14e3a325a61b
2026-09-23T22-01-29-998Z_n-sweep_1-2-4-8-16-32-50,V2,,32,A-unanime,,,transfer,,,,0xa9059cbb,,135948,1,,0x31d3300ea2257060997f08297c579c9fd07c152fb88c10f797eeaa1ce1b5d8c1
2026-09-23T22-01-29-998Z_n-sweep_1-2-4-8-16-32-50,V2,,32,A-unanime,,,transfer,,,,0xa9059cbb,,135960,1,,0x0c15552baf3e28feb479668eb96380f728a17e0b946d2c06f49aa57eb6a55216
2026-09-23T22-01-29-998Z_n-sweep_1-2-4-8-16-32-50,V2,,32,A-unanime,,,transfer,,,,0xa9059cbb,,135960,1,,0xb5337b3b2747f7cf90d047e14df44ca40ddf66c56cac22f65df754a2a7477674
2026-09-23T22-01-29-998Z_n-sweep_1-2-4-8-16-32-50,V2,,32,A-unanime,,,transfer,,,,0xa9059cbb,,135960,1,,0xd975c85cb79c51b1d0496e30fd86543301c9241eff30516f72f25cc09bcb27f8
2026-09-23T22-01-29-998Z_n-sweep_1-2-4-8-16-32-50,V2,,32,A-unanime,,,transfer,,,,0xa9059cbb,,135960,1,,0xccb63e701c5fafcdff6e12e25d99046f8dca7b8b696a22e64faa06a60df2355d
2026-09-23T22-01-29-998Z_n-sweep_1-2-4-8-16-32-50,V2,,32,A-unanime,,,transfer,,,,0xa9059cbb,,135960,1,,0xd39a246d199b5cb2fc9322eba7c3345d022e2a9a3f0302913750ebace68ebda0
2026-09-23T22-01-29-998Z_n-sweep_1-2-4-8-16-32-50,V2,,32,A-unanime,,,transfer,,,,0xa9059cbb,,135960,1,,0x57e5a44adb6f3fbfa94b276517bacf362a9bf1ce37dbd7787bbfce9c429fc160
2026-09-23T22-01-29-998Z_n-sweep_1-2-4-8-16-32-50,V2,,32,A-unanime,,,transfer,,,,0xa9059cbb,,135960,1,,0x5e033e0960901e629ef36ddfc933139c1162e979bbacabacf5504b8436e9a8f3
2026-09-23T22-01-29-998Z_n-sweep_1-2-4-8-16-32-50,V2,,32,A-unanime,,,propose,,,propose,0x7d5e81e2,WasteCategoryRegistry.updateCredits,63790,1,,0x8c011f599e8725eb1ea5b1032f6249dc22d5d765c720e1eb7f7de23309150a92
2026-09-23T22-01-29-998Z_n-sweep_1-2-4-8-16-32-50,V2,,32,A-unanime,,,vote,1,for,,0x56781388,,82456,1,,0xd0a0796c23f7acfc11607de6fb361b93a1ab115a9ee9a7a24eeda53db35d80a4
2026-09-23T22-01-29-998Z_n-sweep_1-2-4-8-16-32-50,V2,,32,A-unanime,,,vote,2,for,,0x56781388,,65356,1,,0x5fcfafeec767e5f86637a27e0cc1aeba39cf884517f3342adb6e5007a0e27ed3
2026-09-23T22-01-29-998Z_n-sweep_1-2-4-8-16-32-50,V2,,32,A-unanime,,,vote,3,for,,0x56781388,,65356,1,,0x89541ff2b3ee8cdcab8ac0409cf9a14b2d752747cddb0f8d2bc3ba7e54155b39
2026-09-23T22-01-29-998Z_n-sweep_1-2-4-8-16-32-50,V2,,32,A-unanime,,,vote,4,for,,0x56781388,,65356,1,,0xdb2bd70f50f8ac80588916a9958357a383d619726593aab3401518ee3854f578
2026-09-23T22-01-29-998Z_n-sweep_1-2-4-8-16-32-50,V2,,32,A-unanime,,,vote,5,for,,0x56781388,,65356,1,,0x7df21e54f161c5ccc434cd12257b66fb890ef07cc487c6e883ed92c5533bab9d
2026-09-23T22-01-29-998Z_n-sweep_1-2-4-8-16-32-50,V2,,32,A-unanime,,,vote,6,for,,0x56781388,,65356,1,,0x2425ac596288a1aa7c6c05032fdd9e1611df5b7c4082890d03890efbedb8f946
2026-09-23T22-01-29-998Z_n-sweep_1-2-4-8-16-32-50,V2,,32,A-unanime,,,vote,7,for,,0x56781388,,65356,1,,0x3d0b29b56019ca2940ad48cb5fb8986feb6c178dc0f41c2a4ec38002dfa01ed6
2026-09-23T22-01-29-998Z_n-sweep_1-2-4-8-16-32-50,V2,,32,A-unanime,,,vote,8,for,,0x56781388,,65356,1,,0x7a99117050847994733bbb15ee4817181953f5b97274c79a21a8b9bae994dcf9
2026-09-23T22-01-29-998Z_n-sweep_1-2-4-8-16-32-50,V2,,32,A-unanime,,,vote,9,for,,0x56781388,,65356,1,,0x0267cc3e580ae0f0be09b419cd9ba4e358c6936276fba412b44004d7f1897984
2026-09-23T22-01-29-998Z_n-sweep_1-2-4-8-16-32-50,V2,,32,A-unanime,,,vote,10,for,,0x56781388,,65356,1,,0x15df68b4db70ac4cf4aae431e4870dc5a75e359bdd4dda39eac44b89caef97a6
2026-09-23T22-01-29-998Z_n-sweep_1-2-4-8-16-32-50,V2,,32,A-unanime,,,vote,11,for,,0x56781388,,65356,1,,0x278141e1f3a1f773b7355b91bed7869c72283fda723e81f5734acbdf52514955
2026-09-23T22-01-29-998Z_n-sweep_1-2-4-8-16-32-50,V2,,32,A-unanime,,,vote,12,for,,0x56781388,,65356,1,,0xd29beffa0366163a8f5fd3ff838da5f2ac4c0a440b1057e7000af484951a6832
2026-09-23T22-01-29-998Z_n-sweep_1-2-4-8-16-32-50,V2,,32,A-unanime,,,vote,13,for,,0x56781388,,65356,1,,0xe8c7d4f3e56f6822b4ff8e2a2f4086ef074188344530d421b71844fa09a6e91e
2026-09-23T22-01-29-998Z_n-sweep_1-2-4-8-16-32-50,V2,,32,A-unanime,,,vote,14,for,,0x56781388,,65356,1,,0x2450d0ecdfcbc80adc657f17c4a6c4d311df45c3f3416d71263e0d7b67e53f28
2026-09-23T22-01-29-998Z_n-sweep_1-2-4-8-16-32-50,V2,,32,A-unanime,,,vote,15,for,,0x56781388,,65356,1,,0xc87c85843ce8e90bc89cd8028eb6284841814badcca128de3418fed27f50a84a
2026-09-23T22-01-29-998Z_n-sweep_1-2-4-8-16-32-50,V2,,32,A-unanime,,,vote,16,for,,0x56781388,,65356,1,,0xd7d397a3590682da3f4981a86d532cd02244df2a3967a39fedfd97efd5323eb4
2026-09-23T22-01-29-998Z_n-sweep_1-2-4-8-16-32-50,V2,,32,A-unanime,,,vote,17,for,,0x56781388,,65356,1,,0x8140b82078ed503d06495c92d47cf37b79d2d88fc76d152d36b9ac8d24537a52
2026-09-23T22-01-29-998Z_n-sweep_1-2-4-8-16-32-50,V2,,32,A-unanime,,,vote,18,for,,0x56781388,,65356,1,,0x2825beee34fc49b81dcc34e4db45d013550fed1927337c5b1c40787add74ab7d
2026-09-23T22-01-29-998Z_n-sweep_1-2-4-8-16-32-50,V2,,32,A-unanime,,,vote,19,for,,0x56781388,,65356,1,,0x66682c79f12b1016f99eefdac962ca38681de1c4702993eccfa65341b8181ac4
2026-09-23T22-01-29-998Z_n-sweep_1-2-4-8-16-32-50,V2,,32,A-unanime,,,vote,20,for,,0x56781388,,65356,1,,0xcb391649373861131c81219b12c2b2d0291885b3a94524e40cc374fd526a5379
2026-09-23T22-01-29-998Z_n-sweep_1-2-4-8-16-32-50,V2,,32,A-unanime,,,vote,21,for,,0x56781388,,65356,1,,0x1d20605bd40f14ad57ef3521090e4b9aa2e8d6cf0483dd628720f985cfb8511c
2026-09-23T22-01-29-998Z_n-sweep_1-2-4-8-16-32-50,V2,,32,A-unanime,,,vote,22,for,,0x56781388,,65356,1,,0x31187f70641f2d4c4868240359f084c8df661deb2ddee732bfdf6af121e29746
2026-09-23T22-01-29-998Z_n-sweep_1-2-4-8-16-32-50,V2,,32,A-unanime,,,vote,23,for,,0x56781388,,65356,1,,0x9c6097a93b7eeea6d027707f9d06cb0dc563bd701b3324454d9669c23cd29a56
2026-09-23T22-01-29-998Z_n-sweep_1-2-4-8-16-32-50,V2,,32,A-unanime,,,vote,24,for,,0x56781388,,65356,1,,0xc77ff5ddfdc83f359c1510d96b3ced163e21ea09e6170e987b30973c1dad543c
2026-09-23T22-01-29-998Z_n-sweep_1-2-4-8-16-32-50,V2,,32,A-unanime,,,vote,25,for,,0x56781388,,65356,1,,0x9d22983ba18430fb735b64174f1e84e5d0090d9d264ea9d0b3983a42193a71d9
2026-09-23T22-01-29-998Z_n-sweep_1-2-4-8-16-32-50,V2,,32,A-unanime,,,vote,26,for,,0x56781388,,65356,1,,0xe7af4810728eea5830de5d923a2e11a34c24ddef06ab3e0fd0013857212ffbbd
2026-09-23T22-01-29-998Z_n-sweep_1-2-4-8-16-32-50,V2,,32,A-unanime,,,vote,27,for,,0x56781388,,65356,1,,0x672d5d5bd00270a68a2d49f58f451aeb7708d87977ac1b9cd20ad84d838e7d40
2026-09-23T22-01-29-998Z_n-sweep_1-2-4-8-16-32-50,V2,,32,A-unanime,,,vote,28,for,,0x56781388,,65356,1,,0xd5018782d5c28b17f1a6795722f3975a10af858d5a98e26f1d0221d9871081ec
2026-09-23T22-01-29-998Z_n-sweep_1-2-4-8-16-32-50,V2,,32,A-unanime,,,vote,29,for,,0x56781388,,65356,1,,0xa76dcf8ab110c9660854988ee5c95b6953b002cbf8afe1201a3522842f3bc8d7
2026-09-23T22-01-29-998Z_n-sweep_1-2-4-8-16-32-50,V2,,32,A-unanime,,,vote,30,for,,0x56781388,,65356,1,,0x9aab25bc6d3c5c5c0faebca91bd7ec81b575df39497e76d4feaaeeaf49474a7a
2026-09-23T22-01-29-998Z_n-sweep_1-2-4-8-16-32-50,V2,,32,A-unanime,,,vote,31,for,,0x56781388,,65356,1,,0x8df19c8bc5a885a7833f0f11fc3aff4bc33275825823c39b6297be16cfe74ca1
2026-09-23T22-01-29-998Z_n-sweep_1-2-4-8-16-32-50,V2,,32,A-unanime,,,vote,32,for,,0x56781388,,65356,1,,0x8791d93e91a5aac476ebbcc94d341efb7ccffdcd4eb7335cf36b76badccc4370
2026-09-23T22-01-29-998Z_n-sweep_1-2-4-8-16-32-50,V2,,32,A-unanime,,,execute,,,execute,0x2656227d,WasteCategoryRegistry.updateCredits,60835,1,,0xaf08c7483029d589eee1a2f92dad27800b8566a00887fba42c078a9998cbc94c
2026-09-23T22-01-29-998Z_n-sweep_1-2-4-8-16-32-50,V0,T1,,,,,deploy_token_T1,,,constructor,0x61016060,,1621017,1,,0xece28f063ba256e8fc65152daf61fe745a7823e8ba387b1b661409f18f6dc4cc
2026-09-23T22-01-29-998Z_n-sweep_1-2-4-8-16-32-50,V0,,,,,,deploy_registry,,,constructor,0x60806040,,4590964,1,,0x9005486642112873086c0faf3a06ce7199e3377186a80eb6eea4235f5e1c6f56
2026-09-23T22-01-29-998Z_n-sweep_1-2-4-8-16-32-50,V0,,,,,,deploy_governor_V0,,,constructor,0x6101c080,,2133394,1,,0x8b33a795df9df0e5a3cb812430955580d1fb4f654a6028dd161238e13d560524
2026-09-23T22-01-29-998Z_n-sweep_1-2-4-8-16-32-50,V0,,,,,,grant_admin_role,,,grantRole,0x2f2ff15d,,50799,1,,0xb518a3911be32f0a59dcaec3e43c7ec54010f07f3e473d550516b1aab1a18d6b
2026-09-23T22-01-29-998Z_n-sweep_1-2-4-8-16-32-50,V0,,,,,,revoke_deployer_admin_role,,,revokeRole,0xd547741f,,27116,1,,0x8cb08b8b6ca45600b76a431b4cd18aee2095374e00c890903bfaa28d83b5f82b
2026-09-23T22-01-29-998Z_n-sweep_1-2-4-8-16-32-50,V0,,32,A-maioria,,,delegate_admin,,,,0x5c19a95c,,95559,1,,0xfa43c1f7a1a1658c8aeac58119b26e806face10fc63ae3e18099942309f4d395
2026-09-23T22-01-29-998Z_n-sweep_1-2-4-8-16-32-50,V0,,32,A-maioria,,,delegate,,,,0x5c19a95c,,48347,1,,0xf96ae171d39b1290c248e3ee88c92c43e24751ff4aacf46bad404cad29a33e37
2026-09-23T22-01-29-998Z_n-sweep_1-2-4-8-16-32-50,V0,,32,A-maioria,,,delegate,,,,0x5c19a95c,,48335,1,,0x65ff74d2610d5c80f16dc62aa4e01b339a9ecd8c95911ae092d678a9792cdcb8
2026-09-23T22-01-29-998Z_n-sweep_1-2-4-8-16-32-50,V0,,32,A-maioria,,,delegate,,,,0x5c19a95c,,48347,1,,0xb06e4e18b389cc3c69848b844c44927f26087a909c0e4532a1ba892e8d7bac4c
2026-09-23T22-01-29-998Z_n-sweep_1-2-4-8-16-32-50,V0,,32,A-maioria,,,delegate,,,,0x5c19a95c,,48347,1,,0xfdc5c4ae6e458adbd0780d18d4ef20dca6b7a02f3efff2f7c0eec7590e340a41
2026-09-23T22-01-29-998Z_n-sweep_1-2-4-8-16-32-50,V0,,32,A-maioria,,,delegate,,,,0x5c19a95c,,48347,1,,0x5c4d4bc02e09949d860a2c409a26209335f7c4e4eca7ac13d0e60a5cf0d0f233
2026-09-23T22-01-29-998Z_n-sweep_1-2-4-8-16-32-50,V0,,32,A-maioria,,,delegate,,,,0x5c19a95c,,48347,1,,0x8eb2597a239d7d5a9d780141fa850308f21a221b62b2f0b2cd01922a25b294b2
2026-09-23T22-01-29-998Z_n-sweep_1-2-4-8-16-32-50,V0,,32,A-maioria,,,delegate,,,,0x5c19a95c,,48347,1,,0x61b0a2cbceae6ab3b47dbad41fbaa57485b4b4545814b177fb76f5e80989f4b6
2026-09-23T22-01-29-998Z_n-sweep_1-2-4-8-16-32-50,V0,,32,A-maioria,,,delegate,,,,0x5c19a95c,,48347,1,,0x8e8293e79ce57e8b2bd6c914c167b0ec5858ded7d332cc962607075acbcc0b43
2026-09-23T22-01-29-998Z_n-sweep_1-2-4-8-16-32-50,V0,,32,A-maioria,,,delegate,,,,0x5c19a95c,,48347,1,,0x700d26ece381a9328c0c0607c8015a890a8cc373fc0ec5e3e5957a9b1720c821
2026-09-23T22-01-29-998Z_n-sweep_1-2-4-8-16-32-50,V0,,32,A-maioria,,,delegate,,,,0x5c19a95c,,48335,1,,0x827f347ed9162ee5aa31942cb2cd15f5b7940183deaee5d4a11b6efe87452173
2026-09-23T22-01-29-998Z_n-sweep_1-2-4-8-16-32-50,V0,,32,A-maioria,,,delegate,,,,0x5c19a95c,,48347,1,,0x05e0616bb804c3cd4df19f7b0cf511dbcb6e9524c52bcfbf8b39223490cc0846
2026-09-23T22-01-29-998Z_n-sweep_1-2-4-8-16-32-50,V0,,32,A-maioria,,,delegate,,,,0x5c19a95c,,48347,1,,0x7409a97667b08d9b70b0d678843340d442fad8337ae46944499977e000325f92
2026-09-23T22-01-29-998Z_n-sweep_1-2-4-8-16-32-50,V0,,32,A-maioria,,,delegate,,,,0x5c19a95c,,48347,1,,0x06bc39c687cf89ca2626bc142b16cf4a83fd68b90155fd6344acd5c17148d8a6
2026-09-23T22-01-29-998Z_n-sweep_1-2-4-8-16-32-50,V0,,32,A-maioria,,,delegate,,,,0x5c19a95c,,48347,1,,0xe5d3691fe9ffad366e158fc098b74dd6635f083c235a6588c23e1d5313889cc9
2026-09-23T22-01-29-998Z_n-sweep_1-2-4-8-16-32-50,V0,,32,A-maioria,,,delegate,,,,0x5c19a95c,,48347,1,,0x75300fe9f7d70fbe306b3cefadf0423a64334a4470eee34e958b76b4418900c0
2026-09-23T22-01-29-998Z_n-sweep_1-2-4-8-16-32-50,V0,,32,A-maioria,,,delegate,,,,0x5c19a95c,,48347,1,,0xef2cf8fae96fa4c95b9eb5fc78e668af4f5126a23f921c90e15afdcffccd9bf9
2026-09-23T22-01-29-998Z_n-sweep_1-2-4-8-16-32-50,V0,,32,A-maioria,,,delegate,,,,0x5c19a95c,,48347,1,,0x75636b14aa58b1ee084fe99cfffb238b737ed57732e5f8ae341a0948974569ff
2026-09-23T22-01-29-998Z_n-sweep_1-2-4-8-16-32-50,V0,,32,A-maioria,,,delegate,,,,0x5c19a95c,,48347,1,,0x65f4191d52cde8745142fbad7dab453ac77b84433334a064c65edeec324649be
2026-09-23T22-01-29-998Z_n-sweep_1-2-4-8-16-32-50,V0,,32,A-maioria,,,delegate,,,,0x5c19a95c,,48347,1,,0x0015672d62ab0be7ad971272757786d6751bd437c259b6f784a5abb0f9f433e0
2026-09-23T22-01-29-998Z_n-sweep_1-2-4-8-16-32-50,V0,,32,A-maioria,,,delegate,,,,0x5c19a95c,,48347,1,,0xf061e3370e552636294057b3e13f8e38e49eb9ccd954add59da578817c58a14b
2026-09-23T22-01-29-998Z_n-sweep_1-2-4-8-16-32-50,V0,,32,A-maioria,,,delegate,,,,0x5c19a95c,,48347,1,,0x68475bd925d88da79400657a3df0347cc6be2f887e9fd5fcbf64f6c37d69bf4c
2026-09-23T22-01-29-998Z_n-sweep_1-2-4-8-16-32-50,V0,,32,A-maioria,,,delegate,,,,0x5c19a95c,,48347,1,,0xd0da4d004b36ebb022f1b178255cff262f0f75fc2d5a7fda434ccc846c4f7499
2026-09-23T22-01-29-998Z_n-sweep_1-2-4-8-16-32-50,V0,,32,A-maioria,,,delegate,,,,0x5c19a95c,,48347,1,,0xaae5636599004f1ba254fea80dbb33335f44a116db4d94090e99b80481406327
2026-09-23T22-01-29-998Z_n-sweep_1-2-4-8-16-32-50,V0,,32,A-maioria,,,delegate,,,,0x5c19a95c,,48347,1,,0xfcd4c1dd668d5148e045ce4771c59bdb6f602ef49d2404bbfeb296fc6ce93753
2026-09-23T22-01-29-998Z_n-sweep_1-2-4-8-16-32-50,V0,,32,A-maioria,,,delegate,,,,0x5c19a95c,,48335,1,,0x4ebfe89be7e94686ecfb217057d8b4fa5161bcce6d50adcc044a0aff6d4282af
2026-09-23T22-01-29-998Z_n-sweep_1-2-4-8-16-32-50,V0,,32,A-maioria,,,delegate,,,,0x5c19a95c,,48347,1,,0xb3d77ed4f7a6d94080b6c775433f6c6f21a916c783059136f4572f52dc3a8874
2026-09-23T22-01-29-998Z_n-sweep_1-2-4-8-16-32-50,V0,,32,A-maioria,,,delegate,,,,0x5c19a95c,,48347,1,,0x127f4971e3e590d8328bd74ed6096c37b20e6836b27cf90514b9a87cd503f413
2026-09-23T22-01-29-998Z_n-sweep_1-2-4-8-16-32-50,V0,,32,A-maioria,,,delegate,,,,0x5c19a95c,,48347,1,,0xb67155a13ea706a326342e60462ed0ed7c4a680e0112e43260248751f2fe896b
2026-09-23T22-01-29-998Z_n-sweep_1-2-4-8-16-32-50,V0,,32,A-maioria,,,delegate,,,,0x5c19a95c,,48347,1,,0xe2be7e7d00839d4fa7d3020666aa9dcf9efcdc40f9fa77a35592a87459c52b90
2026-09-23T22-01-29-998Z_n-sweep_1-2-4-8-16-32-50,V0,,32,A-maioria,,,delegate,,,,0x5c19a95c,,48347,1,,0xb535243780f9c28da64ec7309760125fe2487568589114d83acf79e30a47d760
2026-09-23T22-01-29-998Z_n-sweep_1-2-4-8-16-32-50,V0,,32,A-maioria,,,delegate,,,,0x5c19a95c,,48347,1,,0x293dda08d12cb640488f1dad6a8ab9d2c5b59be364ffe60275d52382b886183e
2026-09-23T22-01-29-998Z_n-sweep_1-2-4-8-16-32-50,V0,,32,A-maioria,,,delegate,,,,0x5c19a95c,,48347,1,,0xacef40fd99317b96d80072941137339058a20720c237b0b3cc16b1e2fa83b630
2026-09-23T22-01-29-998Z_n-sweep_1-2-4-8-16-32-50,V0,,32,A-maioria,,,transfer,,,,0xa9059cbb,,135960,1,,0x29f9412c2ffdb239cd38ad70ce5ff600bccbe9b453fde1a6c033626a6c646eba
2026-09-23T22-01-29-998Z_n-sweep_1-2-4-8-16-32-50,V0,,32,A-maioria,,,transfer,,,,0xa9059cbb,,135948,1,,0x8f041ff9c5655d4daebf93c7047f302ad35f1ca24ab937021cdfaef9f1a6a756
2026-09-23T22-01-29-998Z_n-sweep_1-2-4-8-16-32-50,V0,,32,A-maioria,,,transfer,,,,0xa9059cbb,,135960,1,,0x894cb225643f213ea48145224f017a92ba27a56c855d4e864be1cf03f553f4e4
2026-09-23T22-01-29-998Z_n-sweep_1-2-4-8-16-32-50,V0,,32,A-maioria,,,transfer,,,,0xa9059cbb,,135960,1,,0x3669c5c62c9c04c0b63cd9e2ac0efe73efa33690cc7c083d0f722f4faf7f3deb
2026-09-23T22-01-29-998Z_n-sweep_1-2-4-8-16-32-50,V0,,32,A-maioria,,,transfer,,,,0xa9059cbb,,135960,1,,0x1c6da41f1d7427474ac4a460fc9ab6ecebc43e28111a95210985017e1df19b0e
2026-09-23T22-01-29-998Z_n-sweep_1-2-4-8-16-32-50,V0,,32,A-maioria,,,transfer,,,,0xa9059cbb,,135960,1,,0xc5f663a7a79d99e5243ccdf534e9568721965742239be272f3f09fa15d179d28
2026-09-23T22-01-29-998Z_n-sweep_1-2-4-8-16-32-50,V0,,32,A-maioria,,,transfer,,,,0xa9059cbb,,135960,1,,0xe2291692adeb618776d98781636168333451130b8435b697ba7b7a0a14dad560
2026-09-23T22-01-29-998Z_n-sweep_1-2-4-8-16-32-50,V0,,32,A-maioria,,,transfer,,,,0xa9059cbb,,135960,1,,0xf9506b0c1beff2bf33e7ef0c136749f5ac13cab6771da989a3e2fb148f3590fd
2026-09-23T22-01-29-998Z_n-sweep_1-2-4-8-16-32-50,V0,,32,A-maioria,,,transfer,,,,0xa9059cbb,,135960,1,,0x1af83e41b3f45f8f3d1d590a022ee767ac4aa81951ba2005ee07c6b983c5ae3d
2026-09-23T22-01-29-998Z_n-sweep_1-2-4-8-16-32-50,V0,,32,A-maioria,,,transfer,,,,0xa9059cbb,,135948,1,,0x81332d9b7f7537150d94378442ce4c1db2ae444318b30870687f0b9d9d59c7ff
2026-09-23T22-01-29-998Z_n-sweep_1-2-4-8-16-32-50,V0,,32,A-maioria,,,transfer,,,,0xa9059cbb,,135960,1,,0x83112f8201f0c640c328f03974afb701b3c52488e26c4ce16f2126d7ff8a492c
2026-09-23T22-01-29-998Z_n-sweep_1-2-4-8-16-32-50,V0,,32,A-maioria,,,transfer,,,,0xa9059cbb,,135960,1,,0xd7d0ebb80ee8277ef9fc42d27e0c679b8bd859df8440554c35cc1a996dc02c21
2026-09-23T22-01-29-998Z_n-sweep_1-2-4-8-16-32-50,V0,,32,A-maioria,,,transfer,,,,0xa9059cbb,,135960,1,,0x4e991d25cd36c95cf9959fc7a6653525ae36cb4fbd796fbb9ba757016258bbb9
2026-09-23T22-01-29-998Z_n-sweep_1-2-4-8-16-32-50,V0,,32,A-maioria,,,transfer,,,,0xa9059cbb,,135960,1,,0xbfb14ecb18d97c103bf85e2649d90cf38911c74dd5004a26deaa8825ea4c32a4
2026-09-23T22-01-29-998Z_n-sweep_1-2-4-8-16-32-50,V0,,32,A-maioria,,,transfer,,,,0xa9059cbb,,135960,1,,0x3c7d501780724688ead8021f53dc00a7489d01e9bab616a55018637497b101f9
2026-09-23T22-01-29-998Z_n-sweep_1-2-4-8-16-32-50,V0,,32,A-maioria,,,transfer,,,,0xa9059cbb,,135960,1,,0x4848334ed2c15d3209e587cbc01ded41ac3ae7959e01e3088414815d95fc5302
2026-09-23T22-01-29-998Z_n-sweep_1-2-4-8-16-32-50,V0,,32,A-maioria,,,transfer,,,,0xa9059cbb,,135960,1,,0x5f2f463fd6ad6b09608be879823215fb0086144e80786aa3038baab71396069c
2026-09-23T22-01-29-998Z_n-sweep_1-2-4-8-16-32-50,V0,,32,A-maioria,,,transfer,,,,0xa9059cbb,,135960,1,,0xf459250b562448f3f29aa124d5882799326b8b758c0ea42a1d12b4824cdfab1c
2026-09-23T22-01-29-998Z_n-sweep_1-2-4-8-16-32-50,V0,,32,A-maioria,,,transfer,,,,0xa9059cbb,,135960,1,,0x7089aa37c55c94d5d7acc2178587f6883081bde5d780d769be725cac7e5fbe2f
2026-09-23T22-01-29-998Z_n-sweep_1-2-4-8-16-32-50,V0,,32,A-maioria,,,transfer,,,,0xa9059cbb,,135960,1,,0xaf488783a3e4419bba44faa6aff56ddd7d64da2f8b4cf7ffeb304ce38d8b8721
2026-09-23T22-01-29-998Z_n-sweep_1-2-4-8-16-32-50,V0,,32,A-maioria,,,transfer,,,,0xa9059cbb,,135960,1,,0x9866769fd009b00ae123d54396745d165237c883c885367f0e674f0ec147d65b
2026-09-23T22-01-29-998Z_n-sweep_1-2-4-8-16-32-50,V0,,32,A-maioria,,,transfer,,,,0xa9059cbb,,135960,1,,0x9b11b2365648571eb08e85854e2ad5903cd2dc39371288a6c4499d5661306550
2026-09-23T22-01-29-998Z_n-sweep_1-2-4-8-16-32-50,V0,,32,A-maioria,,,transfer,,,,0xa9059cbb,,135960,1,,0xfed884270499bcd3176a9f41559400dfc67e33cc85c9cf1e2b0c4f0300cf901c
2026-09-23T22-01-29-998Z_n-sweep_1-2-4-8-16-32-50,V0,,32,A-maioria,,,transfer,,,,0xa9059cbb,,135960,1,,0x90196f63091268ec6f03e3e9ddf2d137561e730a9d2068e83e18df72495b9131
2026-09-23T22-01-29-998Z_n-sweep_1-2-4-8-16-32-50,V0,,32,A-maioria,,,transfer,,,,0xa9059cbb,,135948,1,,0xf62e7d88596a4e9b4d817a01d6586dda1eb972d68851d850254c7350a6787d38
2026-09-23T22-01-29-998Z_n-sweep_1-2-4-8-16-32-50,V0,,32,A-maioria,,,transfer,,,,0xa9059cbb,,135960,1,,0x219d104340144e3e3b7d963c3954f2ab9c5bbb3a95032d66b2248e20f2ad8415
2026-09-23T22-01-29-998Z_n-sweep_1-2-4-8-16-32-50,V0,,32,A-maioria,,,transfer,,,,0xa9059cbb,,135960,1,,0xd7c4ae0a3058753c425b7d1146a5a547dea0c3fd6f8873007ba05ac840726440
2026-09-23T22-01-29-998Z_n-sweep_1-2-4-8-16-32-50,V0,,32,A-maioria,,,transfer,,,,0xa9059cbb,,135960,1,,0x7d8ba84f56812a83c5a8a1f0841c117ae04a38ef1d1f6541c6706b9d410b82d6
2026-09-23T22-01-29-998Z_n-sweep_1-2-4-8-16-32-50,V0,,32,A-maioria,,,transfer,,,,0xa9059cbb,,135960,1,,0xd05619fc8ee97b58203ac2a41fa73951547786737aee796dfa908b3464554172
2026-09-23T22-01-29-998Z_n-sweep_1-2-4-8-16-32-50,V0,,32,A-maioria,,,transfer,,,,0xa9059cbb,,135960,1,,0x53e684e6a147858b71f1d1b69168181a8e311b1a5c3e32ed9089312a984860df
2026-09-23T22-01-29-998Z_n-sweep_1-2-4-8-16-32-50,V0,,32,A-maioria,,,transfer,,,,0xa9059cbb,,135960,1,,0xcdebc9833856cef219be3f76cfb611e9b988c73c657911fbab9cb4dd4d47476e
2026-09-23T22-01-29-998Z_n-sweep_1-2-4-8-16-32-50,V0,,32,A-maioria,,,transfer,,,,0xa9059cbb,,135960,1,,0x14ef011d0e8f8bec73e6333fe3ee405aec446d146c63cb7386bf63138b12b7d3
2026-09-23T22-01-29-998Z_n-sweep_1-2-4-8-16-32-50,V0,,32,A-maioria,,,propose,,,propose,0x7d5e81e2,WasteCategoryRegistry.updateCredits,63790,1,,0xfc51c839dfd35a12ac31c9c286f09c6eef61a820edf9674b574b0e82d19c0b83
2026-09-23T22-01-29-998Z_n-sweep_1-2-4-8-16-32-50,V0,,32,A-maioria,,,vote,1,for,,0x56781388,,81899,1,,0xfff4723d2c1bddde133d4065c789319ec50318f87b2cf93c823fcc8398352442
2026-09-23T22-01-29-998Z_n-sweep_1-2-4-8-16-32-50,V0,,32,A-maioria,,,vote,2,for,,0x56781388,,64799,1,,0xa27be8729474835b6b349fabfde61c2526fec5988c383c2cc31df40addc4478f
2026-09-23T22-01-29-998Z_n-sweep_1-2-4-8-16-32-50,V0,,32,A-maioria,,,vote,3,for,,0x56781388,,64799,1,,0xb24778de44963eb7d594598d5017e65ecc0b15365cf7538f68d050b814295438
2026-09-23T22-01-29-998Z_n-sweep_1-2-4-8-16-32-50,V0,,32,A-maioria,,,vote,4,for,,0x56781388,,64799,1,,0xd83604b8bb542668ee30af9569bae4b5daa17eeb1c92efd86679646d522fd4f7
2026-09-23T22-01-29-998Z_n-sweep_1-2-4-8-16-32-50,V0,,32,A-maioria,,,vote,5,for,,0x56781388,,64799,1,,0x9a9fc4b1d33d373841591e1746b5b0a64fc86b65be547adfb70fa403f243c03c
2026-09-23T22-01-29-998Z_n-sweep_1-2-4-8-16-32-50,V0,,32,A-maioria,,,vote,6,for,,0x56781388,,64799,1,,0xe845dfc7bab445b55750d365042141b549883941d5914a8b19e3d918096789f9
2026-09-23T22-01-29-998Z_n-sweep_1-2-4-8-16-32-50,V0,,32,A-maioria,,,vote,7,for,,0x56781388,,64799,1,,0x726e31576f7d64e2fe78a8b093e11ddcdd97a001db2f766813d1f75f37b2b419
2026-09-23T22-01-29-998Z_n-sweep_1-2-4-8-16-32-50,V0,,32,A-maioria,,,vote,8,for,,0x56781388,,64799,1,,0x10a02e9a509698cdb3906fef919a36fcd7f3291824e00d9d26d50664b3cb936b
2026-09-23T22-01-29-998Z_n-sweep_1-2-4-8-16-32-50,V0,,32,A-maioria,,,vote,9,for,,0x56781388,,64799,1,,0x05547afe51eb3d54338d24cda3d9e380d28a65ac4d1a1da460abfc0c9b9915ed
2026-09-23T22-01-29-998Z_n-sweep_1-2-4-8-16-32-50,V0,,32,A-maioria,,,vote,10,for,,0x56781388,,64799,1,,0x5a15dfe2b30520d1801dc3bbeff0021e012bf81b50162d75a86a9aa270424760
2026-09-23T22-01-29-998Z_n-sweep_1-2-4-8-16-32-50,V0,,32,A-maioria,,,vote,11,for,,0x56781388,,64799,1,,0x1454778a954587da3de72ee41acb8f346d09b7f4a0072fd7c1da0ea6c933fb51
2026-09-23T22-01-29-998Z_n-sweep_1-2-4-8-16-32-50,V0,,32,A-maioria,,,vote,12,for,,0x56781388,,64799,1,,0xbb083ff69db15ab01a1d48b95d3bb35bf8fc4b39da42bfdd0773c706120f2223
2026-09-23T22-01-29-998Z_n-sweep_1-2-4-8-16-32-50,V0,,32,A-maioria,,,vote,13,for,,0x56781388,,64799,1,,0x187afa306f25c5ff3bf190a18256eaeec8e0c6589332fdd38b332189a9c3dffc
2026-09-23T22-01-29-998Z_n-sweep_1-2-4-8-16-32-50,V0,,32,A-maioria,,,vote,14,for,,0x56781388,,64799,1,,0x37bbc542173bc98db8225b65c1f878c00f94202bc55c25b65673002973a2f776
2026-09-23T22-01-29-998Z_n-sweep_1-2-4-8-16-32-50,V0,,32,A-maioria,,,vote,15,for,,0x56781388,,64799,1,,0x01150f1689d3e8cc6cfa057881fbf499caf37a7cd02c3efd1934d83720cfb621
2026-09-23T22-01-29-998Z_n-sweep_1-2-4-8-16-32-50,V0,,32,A-maioria,,,vote,16,for,,0x56781388,,64799,1,,0x730699646e73532152570a723f7f1b85334c40eb85bc86d3a35571c26a273d84
2026-09-23T22-01-29-998Z_n-sweep_1-2-4-8-16-32-50,V0,,32,A-maioria,,,vote,17,for,,0x56781388,,64799,1,,0xf30f659464bbce5fab36d250fdff79a33e9cc2f939dd77f30d5a87b43b4e9a42
2026-09-23T22-01-29-998Z_n-sweep_1-2-4-8-16-32-50,V0,,32,A-maioria,,,vote,1,against,,0x56781388,,81847,1,,0x702c678d597dcfcc992c91368b200c0d580e4761c66766f4e9002204cb4c9415
2026-09-23T22-01-29-998Z_n-sweep_1-2-4-8-16-32-50,V0,,32,A-maioria,,,vote,2,against,,0x56781388,,64747,1,,0x02d24ebf2b9ff26754109cf5a7d3d0f729491d2831451839201d84bc8bb50389
2026-09-23T22-01-29-998Z_n-sweep_1-2-4-8-16-32-50,V0,,32,A-maioria,,,vote,3,against,,0x56781388,,64747,1,,0x84a321085ad572d8b94d300f0b97639028920eff867ff5100404d5cf51bd2c02
2026-09-23T22-01-29-998Z_n-sweep_1-2-4-8-16-32-50,V0,,32,A-maioria,,,vote,4,against,,0x56781388,,64747,1,,0x7156954afd594533650b2998c08dc59c7bd1a9e82afc6a8a4126306bd8566a19
2026-09-23T22-01-29-998Z_n-sweep_1-2-4-8-16-32-50,V0,,32,A-maioria,,,vote,5,against,,0x56781388,,64747,1,,0x42f39758b9ad93beb69846146f27ca328f2e3b4d29baec13600fa659fc447e9c
2026-09-23T22-01-29-998Z_n-sweep_1-2-4-8-16-32-50,V0,,32,A-maioria,,,vote,6,against,,0x56781388,,64747,1,,0x25368ffedb938cda6e5ca5198ce42088697a037baded5fab34aaecab8e53e3f1
2026-09-23T22-01-29-998Z_n-sweep_1-2-4-8-16-32-50,V0,,32,A-maioria,,,vote,7,against,,0x56781388,,64747,1,,0xda9057e130326194cbb5b5ef990a150a21a345be5e441e5aef0b3e28cbc84e97
2026-09-23T22-01-29-998Z_n-sweep_1-2-4-8-16-32-50,V0,,32,A-maioria,,,vote,8,against,,0x56781388,,64747,1,,0x916e07ec25c8bfadcdc1e3bcb3c4d2f48c1430debf597f747235a8887cee011c
2026-09-23T22-01-29-998Z_n-sweep_1-2-4-8-16-32-50,V0,,32,A-maioria,,,vote,9,against,,0x56781388,,64747,1,,0x0d9c3a4f72329ab6020247b7a631048d11eccfaef56ba29a706fefca2cc98b6c
2026-09-23T22-01-29-998Z_n-sweep_1-2-4-8-16-32-50,V0,,32,A-maioria,,,vote,10,against,,0x56781388,,64747,1,,0x0fc6b3dcc77ec5d22e667b7b59b24a2d741518e2037a32560e7e20faccb93b55
2026-09-23T22-01-29-998Z_n-sweep_1-2-4-8-16-32-50,V0,,32,A-maioria,,,vote,11,against,,0x56781388,,64747,1,,0xdab861d764c0393d882d67d4c6822764f397bf2ef956ec168c686d65b285c0db
2026-09-23T22-01-29-998Z_n-sweep_1-2-4-8-16-32-50,V0,,32,A-maioria,,,vote,12,against,,0x56781388,,64747,1,,0xd4d9c23fdeaaa21c9a81fcb276bba20439e194d4c5df9eb2eeccd9252dca43c7
2026-09-23T22-01-29-998Z_n-sweep_1-2-4-8-16-32-50,V0,,32,A-maioria,,,vote,13,against,,0x56781388,,64747,1,,0x6f4f2115786f2e934afcce868941687987ab19cd69745ced588d9a7462532319
2026-09-23T22-01-29-998Z_n-sweep_1-2-4-8-16-32-50,V0,,32,A-maioria,,,vote,14,against,,0x56781388,,64747,1,,0x8cc7c3f663362314b273ae70a3ddbd7684d93f66908e7c08282edfbbbd9f3dc6
2026-09-23T22-01-29-998Z_n-sweep_1-2-4-8-16-32-50,V0,,32,A-maioria,,,vote,15,against,,0x56781388,,64747,1,,0x10e8758ff774ece54de9ded68b527ec2fc85215aef7f78aff83fa3c423c02fd7
2026-09-23T22-01-29-998Z_n-sweep_1-2-4-8-16-32-50,V0,,32,A-maioria,,,execute,,,execute,0x2656227d,WasteCategoryRegistry.updateCredits,60807,1,,0xfed44a1136a0e99345a1348c1ae5d8ab35d1430dd6c62038a3cb0f45df0cd767
2026-09-23T22-01-29-998Z_n-sweep_1-2-4-8-16-32-50,V1,T1,,,,,deploy_token_T1,,,constructor,0x61016060,,1621017,1,,0xece28f063ba256e8fc65152daf61fe745a7823e8ba387b1b661409f18f6dc4cc
2026-09-23T22-01-29-998Z_n-sweep_1-2-4-8-16-32-50,V1,,,,,,deploy_registry,,,constructor,0x60806040,,4590964,1,,0x9005486642112873086c0faf3a06ce7199e3377186a80eb6eea4235f5e1c6f56
2026-09-23T22-01-29-998Z_n-sweep_1-2-4-8-16-32-50,V1,,,,,,deploy_governor_V1,,,constructor,0x6101c080,,2141155,1,,0xcbf032b87647649d09648621f7d61fb312aee4174486ee6f404819243ac59ca9
2026-09-23T22-01-29-998Z_n-sweep_1-2-4-8-16-32-50,V1,,,,,,grant_admin_role,,,grantRole,0x2f2ff15d,,50799,1,,0xfdc9a3875129e16eb4a0e6527cfb2e5662449c13660398cf3b7c723db6d0e009
2026-09-23T22-01-29-998Z_n-sweep_1-2-4-8-16-32-50,V1,,,,,,revoke_deployer_admin_role,,,revokeRole,0xd547741f,,27116,1,,0xc189311656167d1c4c211ee1c4f5143a8df64ff72cb449ebf7ec77ff2fd0bcbb
2026-09-23T22-01-29-998Z_n-sweep_1-2-4-8-16-32-50,V1,,32,A-maioria,,,delegate_admin,,,,0x5c19a95c,,95559,1,,0xd4695df7ceba86e36d8d32ccf756640823a0c1b729cf20e3a0b632c08e38ee6a
2026-09-23T22-01-29-998Z_n-sweep_1-2-4-8-16-32-50,V1,,32,A-maioria,,,delegate,,,,0x5c19a95c,,48347,1,,0x81d5bf8e96fad9ce8b5230dc73abbeb313b25fcb2932728690f357e6b4e905b9
2026-09-23T22-01-29-998Z_n-sweep_1-2-4-8-16-32-50,V1,,32,A-maioria,,,delegate,,,,0x5c19a95c,,48335,1,,0x92147b8c796bc2b0f21acc979799bbf4c5b5033d9d67806a8ad6842fe03d41df
2026-09-23T22-01-29-998Z_n-sweep_1-2-4-8-16-32-50,V1,,32,A-maioria,,,delegate,,,,0x5c19a95c,,48347,1,,0xfff43b85310b182c6fdaa6a0b82056393aba2572b23e543b42f064dc4690e2fc
2026-09-23T22-01-29-998Z_n-sweep_1-2-4-8-16-32-50,V1,,32,A-maioria,,,delegate,,,,0x5c19a95c,,48347,1,,0xd65054394087a126f7201b8caf565d34e4b8e2c37299a2eb2e8e1e169e8753b2
2026-09-23T22-01-29-998Z_n-sweep_1-2-4-8-16-32-50,V1,,32,A-maioria,,,delegate,,,,0x5c19a95c,,48347,1,,0x0c6ee11e6f4f09c9119d3c03df89d743f104be74b800d0b47cbfa2e1629e917b
2026-09-23T22-01-29-998Z_n-sweep_1-2-4-8-16-32-50,V1,,32,A-maioria,,,delegate,,,,0x5c19a95c,,48347,1,,0x9e4c58d93f5292a4566258e1c10f556eb9dc4074e322b7c357bf5ad65da50cae
2026-09-23T22-01-29-998Z_n-sweep_1-2-4-8-16-32-50,V1,,32,A-maioria,,,delegate,,,,0x5c19a95c,,48347,1,,0x6ebf0fe5777b4feb07a84b604e7094e789e104c0aa39284dccf1b9da9c17904e
2026-09-23T22-01-29-998Z_n-sweep_1-2-4-8-16-32-50,V1,,32,A-maioria,,,delegate,,,,0x5c19a95c,,48347,1,,0xfe42119cc5b68fbfd433dffe547dcf50b55480a011d31795da0f08ec660c70b3
2026-09-23T22-01-29-998Z_n-sweep_1-2-4-8-16-32-50,V1,,32,A-maioria,,,delegate,,,,0x5c19a95c,,48347,1,,0x1cd5ec1a28c590b58fdf7467e7fffeb349eed4d261a6e6dd6bbe64d73d17bd59
2026-09-23T22-01-29-998Z_n-sweep_1-2-4-8-16-32-50,V1,,32,A-maioria,,,delegate,,,,0x5c19a95c,,48335,1,,0x44f126ec5cf68cfd276b82e1245a8bb78ca6d635813f085d1a125f483e4d5924
2026-09-23T22-01-29-998Z_n-sweep_1-2-4-8-16-32-50,V1,,32,A-maioria,,,delegate,,,,0x5c19a95c,,48347,1,,0xe3c56247fde6ff45e5ce391eac68170bdc36be578302a953ddcf8384ecd07aa8
2026-09-23T22-01-29-998Z_n-sweep_1-2-4-8-16-32-50,V1,,32,A-maioria,,,delegate,,,,0x5c19a95c,,48347,1,,0x97563cc4398d7b02943ad3e3ef1bdae06351c02ad3fb2d2b948579fc1d32295f
2026-09-23T22-01-29-998Z_n-sweep_1-2-4-8-16-32-50,V1,,32,A-maioria,,,delegate,,,,0x5c19a95c,,48347,1,,0x2254c00b60e2f0581478274e6123b6295b391cc3698f1951fb660335b3cd6c33
2026-09-23T22-01-29-998Z_n-sweep_1-2-4-8-16-32-50,V1,,32,A-maioria,,,delegate,,,,0x5c19a95c,,48347,1,,0xc3e2689cb93afecc73f02fe2fc704ca424bfebf2840b02e15e94e2eacaca6d1c
2026-09-23T22-01-29-998Z_n-sweep_1-2-4-8-16-32-50,V1,,32,A-maioria,,,delegate,,,,0x5c19a95c,,48347,1,,0xf481a9d9df12d0c5f7b29cc5bd284c8ca3e14873afc209155e790bf19f68d897
2026-09-23T22-01-29-998Z_n-sweep_1-2-4-8-16-32-50,V1,,32,A-maioria,,,delegate,,,,0x5c19a95c,,48347,1,,0x8975637550f485546f85f8e6d9a6ed6447c7e76fff1ec5f6c9e76fb534393987
2026-09-23T22-01-29-998Z_n-sweep_1-2-4-8-16-32-50,V1,,32,A-maioria,,,delegate,,,,0x5c19a95c,,48347,1,,0x923ae1f8d3d22d25940fc9eb75f6f6f16c191c6a236895f77670dcca6996d312
2026-09-23T22-01-29-998Z_n-sweep_1-2-4-8-16-32-50,V1,,32,A-maioria,,,delegate,,,,0x5c19a95c,,48347,1,,0xfa31a6684a33a12042a314e8f53f866c316bd76cf3829f1b1bdf9c6709375faf
2026-09-23T22-01-29-998Z_n-sweep_1-2-4-8-16-32-50,V1,,32,A-maioria,,,delegate,,,,0x5c19a95c,,48347,1,,0x85a35cc5c2fd484741123514532c6d193414e920845266674d577133f95aeb61
2026-09-23T22-01-29-998Z_n-sweep_1-2-4-8-16-32-50,V1,,32,A-maioria,,,delegate,,,,0x5c19a95c,,48347,1,,0x2c0c0e3cf1f17f2dbd21478c48f6a01b7c3f80cdc9a8337eb22078304610831f
2026-09-23T22-01-29-998Z_n-sweep_1-2-4-8-16-32-50,V1,,32,A-maioria,,,delegate,,,,0x5c19a95c,,48347,1,,0xa3ed7a1ccf1c20c61c0c5d590ac689d2c051d45201c4389538358e9b8bb285bc
2026-09-23T22-01-29-998Z_n-sweep_1-2-4-8-16-32-50,V1,,32,A-maioria,,,delegate,,,,0x5c19a95c,,48347,1,,0x661c282cd9e0e8ae9af420543abc3bdc613c6cb387574718fba247544e2af8e9
2026-09-23T22-01-29-998Z_n-sweep_1-2-4-8-16-32-50,V1,,32,A-maioria,,,delegate,,,,0x5c19a95c,,48347,1,,0xa25eec8de30d8f33b67249979cc372deee4340970acf515ed11237297c254db8
2026-09-23T22-01-29-998Z_n-sweep_1-2-4-8-16-32-50,V1,,32,A-maioria,,,delegate,,,,0x5c19a95c,,48347,1,,0x4531944da7228710c401fe613cc835a5a2ab8911500c323b7a89206096a62c5e
2026-09-23T22-01-29-998Z_n-sweep_1-2-4-8-16-32-50,V1,,32,A-maioria,,,delegate,,,,0x5c19a95c,,48335,1,,0x34fd858bbdd79805fe9ac14ac3496bc1581b8cd1fca415dd388ac92a1031b1a5
2026-09-23T22-01-29-998Z_n-sweep_1-2-4-8-16-32-50,V1,,32,A-maioria,,,delegate,,,,0x5c19a95c,,48347,1,,0x3873a22f0d3bd864cb6adf03e490138f7a8c74e0367b46c72eb32ab59606fc50
2026-09-23T22-01-29-998Z_n-sweep_1-2-4-8-16-32-50,V1,,32,A-maioria,,,delegate,,,,0x5c19a95c,,48347,1,,0x015c8107c64083620d33bd63ee4539fae6a634cbff1a7060ce0d9d7635a92667
2026-09-23T22-01-29-998Z_n-sweep_1-2-4-8-16-32-50,V1,,32,A-maioria,,,delegate,,,,0x5c19a95c,,48347,1,,0x4d690799cd4e7de3c25a6216085b0327439b44872c331c8bdeed03412851c496
2026-09-23T22-01-29-998Z_n-sweep_1-2-4-8-16-32-50,V1,,32,A-maioria,,,delegate,,,,0x5c19a95c,,48347,1,,0x4e2b6075a69f1a5defbf56244ed346d13180f658d70986f145e7afacf2a1769c
2026-09-23T22-01-29-998Z_n-sweep_1-2-4-8-16-32-50,V1,,32,A-maioria,,,delegate,,,,0x5c19a95c,,48347,1,,0xdb953c4d33d8186e4e68b823485663114eed9632b4e6afebc927746da2cc5444
2026-09-23T22-01-29-998Z_n-sweep_1-2-4-8-16-32-50,V1,,32,A-maioria,,,delegate,,,,0x5c19a95c,,48347,1,,0x6e11fc1a1f465bb514b7050fb921834e4af6a4c1f01678025fabce44812892fb
2026-09-23T22-01-29-998Z_n-sweep_1-2-4-8-16-32-50,V1,,32,A-maioria,,,delegate,,,,0x5c19a95c,,48347,1,,0x02ed69ad44539ce394fe9de851cfc82976eaf863ce9b6bb6dbf7356c766b4e34
2026-09-23T22-01-29-998Z_n-sweep_1-2-4-8-16-32-50,V1,,32,A-maioria,,,transfer,,,,0xa9059cbb,,135960,1,,0xb456269427e69b5e6ce8e76119fc7d322df6ec9289b99576d4a1afad4e375832
2026-09-23T22-01-29-998Z_n-sweep_1-2-4-8-16-32-50,V1,,32,A-maioria,,,transfer,,,,0xa9059cbb,,135948,1,,0xb1ebdc3fafc8d37f132e1bcc9fa8242f9ac4ccbf686053a9c11fea1447d7954a
2026-09-23T22-01-29-998Z_n-sweep_1-2-4-8-16-32-50,V1,,32,A-maioria,,,transfer,,,,0xa9059cbb,,135960,1,,0x0706982ce9ffc9a9a6049bdad109ccb7771a360862c1c67d4604b16e468e88b3
2026-09-23T22-01-29-998Z_n-sweep_1-2-4-8-16-32-50,V1,,32,A-maioria,,,transfer,,,,0xa9059cbb,,135960,1,,0x2be7a2323568fcd1226a0c9609a47190689b94f2bfd0a447e2dd0b263421859f
2026-09-23T22-01-29-998Z_n-sweep_1-2-4-8-16-32-50,V1,,32,A-maioria,,,transfer,,,,0xa9059cbb,,135960,1,,0x306101092df768e906c434b562ff9c882664cf533261e971ab14944111cc0b35
2026-09-23T22-01-29-998Z_n-sweep_1-2-4-8-16-32-50,V1,,32,A-maioria,,,transfer,,,,0xa9059cbb,,135960,1,,0x5a32b538f96cee1fd52ee740d3498092b5ff7b800fe37d249516ce644ac4c638
2026-09-23T22-01-29-998Z_n-sweep_1-2-4-8-16-32-50,V1,,32,A-maioria,,,transfer,,,,0xa9059cbb,,135960,1,,0x2b3c88dfa9086dedb70af73e2a72d41b372d8737896af7d9c24b888ba77809a8
2026-09-23T22-01-29-998Z_n-sweep_1-2-4-8-16-32-50,V1,,32,A-maioria,,,transfer,,,,0xa9059cbb,,135960,1,,0xc6c3504257735cab1ebbf8e23b8dfa0891033d340b7faee41c7a4c8ffcaf2f05
2026-09-23T22-01-29-998Z_n-sweep_1-2-4-8-16-32-50,V1,,32,A-maioria,,,transfer,,,,0xa9059cbb,,135960,1,,0x8c375b595de805e2c20ab49d5366ef38ae2405712a57898e36c42d7394dc7dea
2026-09-23T22-01-29-998Z_n-sweep_1-2-4-8-16-32-50,V1,,32,A-maioria,,,transfer,,,,0xa9059cbb,,135948,1,,0x956797de8927bfe4fa4238f3c3d6225ec80fb5cb7f8988c10bcbf7507db7f433
2026-09-23T22-01-29-998Z_n-sweep_1-2-4-8-16-32-50,V1,,32,A-maioria,,,transfer,,,,0xa9059cbb,,135960,1,,0x8419adca48826d94d148af9eb8c52743544499d0862d2c79fe217f13838d3f89
2026-09-23T22-01-29-998Z_n-sweep_1-2-4-8-16-32-50,V1,,32,A-maioria,,,transfer,,,,0xa9059cbb,,135960,1,,0xa6a407b8151974f51fd3480ed2808e823a862b1a9fc3e4d58826cc40991de5ce
2026-09-23T22-01-29-998Z_n-sweep_1-2-4-8-16-32-50,V1,,32,A-maioria,,,transfer,,,,0xa9059cbb,,135960,1,,0x7cb9b9759a154291125191612f5d3d9c005445ca3d44499b84df2cdf24196036
2026-09-23T22-01-29-998Z_n-sweep_1-2-4-8-16-32-50,V1,,32,A-maioria,,,transfer,,,,0xa9059cbb,,135960,1,,0x37425c743b5169af4a191d2411ef9ec7a8ecfd4d3f9e18e9c74c8441e728227d
2026-09-23T22-01-29-998Z_n-sweep_1-2-4-8-16-32-50,V1,,32,A-maioria,,,transfer,,,,0xa9059cbb,,135960,1,,0x30047ac0d2b376ce93122498326e833da05270630abef795f3659920af1f01f3
2026-09-23T22-01-29-998Z_n-sweep_1-2-4-8-16-32-50,V1,,32,A-maioria,,,transfer,,,,0xa9059cbb,,135960,1,,0x25b05249a040061fc25c18be11522eaba7e4df163e9ce17f69863b5a67fccb76
2026-09-23T22-01-29-998Z_n-sweep_1-2-4-8-16-32-50,V1,,32,A-maioria,,,transfer,,,,0xa9059cbb,,135960,1,,0x9f4ab1b66a7ab3047273f1a54d34b17dce9dff1c107a018ddfac1f8406fd791a
2026-09-23T22-01-29-998Z_n-sweep_1-2-4-8-16-32-50,V1,,32,A-maioria,,,transfer,,,,0xa9059cbb,,135960,1,,0x1c23e5aa6a3e4e7eece03a43c7bee946db01ccd04cb4351c56313615169cd5f7
2026-09-23T22-01-29-998Z_n-sweep_1-2-4-8-16-32-50,V1,,32,A-maioria,,,transfer,,,,0xa9059cbb,,135960,1,,0x808e0b1a1f83e43b1b0bbeebf1eaa49a2a0bd603dc033838a51dbc520100f07e
2026-09-23T22-01-29-998Z_n-sweep_1-2-4-8-16-32-50,V1,,32,A-maioria,,,transfer,,,,0xa9059cbb,,135960,1,,0x5a9e739bf10cf83ed688f6b886c370f4149c627ecdb8e2f83acec9af0d1e9ad7
2026-09-23T22-01-29-998Z_n-sweep_1-2-4-8-16-32-50,V1,,32,A-maioria,,,transfer,,,,0xa9059cbb,,135960,1,,0xd98acace08286d3e5bc862992a1feeb750161810d0f11fff091be1b9b2d82ec4
2026-09-23T22-01-29-998Z_n-sweep_1-2-4-8-16-32-50,V1,,32,A-maioria,,,transfer,,,,0xa9059cbb,,135960,1,,0x02f3d6da6a616977f3c74d4af815dd50f18791ec5f826da90aa5ae9ef216be0b
2026-09-23T22-01-29-998Z_n-sweep_1-2-4-8-16-32-50,V1,,32,A-maioria,,,transfer,,,,0xa9059cbb,,135960,1,,0xba289594f475d94893786718c7be70af369cd9d6fb44497a45822d97b6355a29
2026-09-23T22-01-29-998Z_n-sweep_1-2-4-8-16-32-50,V1,,32,A-maioria,,,transfer,,,,0xa9059cbb,,135960,1,,0x08700732f89c0ba615bd8eeeeb0da4c103eba6f7d06c33eb6c01e53380f25dcd
2026-09-23T22-01-29-998Z_n-sweep_1-2-4-8-16-32-50,V1,,32,A-maioria,,,transfer,,,,0xa9059cbb,,135948,1,,0xcfffabbbdd8e51d9435bb673210e62b7334b7d2df8e4a3d70c4461cd0fcf447a
2026-09-23T22-01-29-998Z_n-sweep_1-2-4-8-16-32-50,V1,,32,A-maioria,,,transfer,,,,0xa9059cbb,,135960,1,,0x6a4069c122629b5e403a8e517573612f517cdc4223087adf4d4e46ecc1ee28fa
2026-09-23T22-01-29-998Z_n-sweep_1-2-4-8-16-32-50,V1,,32,A-maioria,,,transfer,,,,0xa9059cbb,,135960,1,,0x43f7e058f78f5c7ce717c161d923cabe7762bcbb8972d7ee8fefca0222f2ac2e
2026-09-23T22-01-29-998Z_n-sweep_1-2-4-8-16-32-50,V1,,32,A-maioria,,,transfer,,,,0xa9059cbb,,135960,1,,0xb91cdfd0d12560265c641a94d1861458541d1dae9f997abd1dfa9cd90d1da67f
2026-09-23T22-01-29-998Z_n-sweep_1-2-4-8-16-32-50,V1,,32,A-maioria,,,transfer,,,,0xa9059cbb,,135960,1,,0x284b008bbeb87e89e13af70f36c3f6915fd65474aadd30470c0579190ecd68bd
2026-09-23T22-01-29-998Z_n-sweep_1-2-4-8-16-32-50,V1,,32,A-maioria,,,transfer,,,,0xa9059cbb,,135960,1,,0x97b6c18b16e030e7b38ed387cb03f0c4d64c025ee39fe4e224cc6b950d321c35
2026-09-23T22-01-29-998Z_n-sweep_1-2-4-8-16-32-50,V1,,32,A-maioria,,,transfer,,,,0xa9059cbb,,135960,1,,0xa345160eee559cdd8379b98b9e47ed1c8910297dd1a07ae65e92da3cd077a630
2026-09-23T22-01-29-998Z_n-sweep_1-2-4-8-16-32-50,V1,,32,A-maioria,,,transfer,,,,0xa9059cbb,,135960,1,,0xd9fc574e08881af2698645cc1d7617b8e12462a5806467e1d7fe5ff479431a79
2026-09-23T22-01-29-998Z_n-sweep_1-2-4-8-16-32-50,V1,,32,A-maioria,,,propose,,,propose,0x7d5e81e2,WasteCategoryRegistry.updateCredits,63790,1,,0x9148c1f5845ebded213627b3cbdc95ee708110f994d9ca5217ee66b3f2158852
2026-09-23T22-01-29-998Z_n-sweep_1-2-4-8-16-32-50,V1,,32,A-maioria,,,vote,1,for,,0x56781388,,82468,1,,0x6ff4dd9dbb154eb2e4b5255db12421eaa1358cd4cd50b2b76b64f3a626a4b9c2
2026-09-23T22-01-29-998Z_n-sweep_1-2-4-8-16-32-50,V1,,32,A-maioria,,,vote,2,for,,0x56781388,,65368,1,,0x05fbcd453bc2cd0491fc8d4fbd8a4798f889ba43fe2278805266ea941a536727
2026-09-23T22-01-29-998Z_n-sweep_1-2-4-8-16-32-50,V1,,32,A-maioria,,,vote,3,for,,0x56781388,,65368,1,,0xe59af5005cc6f11fddc467be2adb0a085fd120d9b26e15475d55b44769f52701
2026-09-23T22-01-29-998Z_n-sweep_1-2-4-8-16-32-50,V1,,32,A-maioria,,,vote,4,for,,0x56781388,,65368,1,,0xe134122d097e87e68fcd155e2a996c454fc80fccffd3b32fed7aa8a84194c112
2026-09-23T22-01-29-998Z_n-sweep_1-2-4-8-16-32-50,V1,,32,A-maioria,,,vote,5,for,,0x56781388,,65368,1,,0x9001836b69d4ca3042f9c458736282bc03af10e5c9c9940d22f13601d5932607
2026-09-23T22-01-29-998Z_n-sweep_1-2-4-8-16-32-50,V1,,32,A-maioria,,,vote,6,for,,0x56781388,,65368,1,,0x107a89c98a4fdaab0a05409137db5ea52f7dd38ccb949679b27efb5ef61fefc2
2026-09-23T22-01-29-998Z_n-sweep_1-2-4-8-16-32-50,V1,,32,A-maioria,,,vote,7,for,,0x56781388,,65368,1,,0x9e76744ececce8c90e17e8e2cdcc12d90a034ff92bb594fafba917b122ace940
2026-09-23T22-01-29-998Z_n-sweep_1-2-4-8-16-32-50,V1,,32,A-maioria,,,vote,8,for,,0x56781388,,65368,1,,0xe0e0ed6c881c1848a8ce05b39bbe1709ceb3a0de86c9463c1e20c73808acaaec
2026-09-23T22-01-29-998Z_n-sweep_1-2-4-8-16-32-50,V1,,32,A-maioria,,,vote,9,for,,0x56781388,,65368,1,,0xba85b2cdfd12e29b9f5fad6f68f2eb5f6f4da47172bf46be0a914e05492252b1
2026-09-23T22-01-29-998Z_n-sweep_1-2-4-8-16-32-50,V1,,32,A-maioria,,,vote,10,for,,0x56781388,,65368,1,,0xee1a64457193c986b8bf04d4ef556e4d67e31edfaf23e484c8fe2db6186c47a0
2026-09-23T22-01-29-998Z_n-sweep_1-2-4-8-16-32-50,V1,,32,A-maioria,,,vote,11,for,,0x56781388,,65368,1,,0xddd49c52c9450d878ace432e733eb3e7310729bc603cb7e3b66a69f1a4d23717
2026-09-23T22-01-29-998Z_n-sweep_1-2-4-8-16-32-50,V1,,32,A-maioria,,,vote,12,for,,0x56781388,,65368,1,,0x2b5e1a9829609b3eb88da6c8adcf26e3d66e5a17b798f23d6f08a25e61e64702
2026-09-23T22-01-29-998Z_n-sweep_1-2-4-8-16-32-50,V1,,32,A-maioria,,,vote,13,for,,0x56781388,,65368,1,,0xf9722c236bc318b5941b549fe2b9e0dd2936ca981e8e7f618ea9f6d20e7f26dc
2026-09-23T22-01-29-998Z_n-sweep_1-2-4-8-16-32-50,V1,,32,A-maioria,,,vote,14,for,,0x56781388,,65368,1,,0xa32fb008d85abeffb4d13b8117b68efe263b480672065ba6fb8a153de8e9c9d7
2026-09-23T22-01-29-998Z_n-sweep_1-2-4-8-16-32-50,V1,,32,A-maioria,,,vote,15,for,,0x56781388,,65368,1,,0xb53eb15c1eb05fd90e04c4393663552f2cd57262de2d6748dc2b0ea1ea848e7e
2026-09-23T22-01-29-998Z_n-sweep_1-2-4-8-16-32-50,V1,,32,A-maioria,,,vote,16,for,,0x56781388,,65368,1,,0xd3baadaa99f5b279920571a1a8861a2c46ef6d7e575c74d7d5da40ef22b60fab
2026-09-23T22-01-29-998Z_n-sweep_1-2-4-8-16-32-50,V1,,32,A-maioria,,,vote,17,for,,0x56781388,,65368,1,,0x95e6dc370bc278d5672ad09afbbfe746c8a1f05d77dde701d31c032987357c43
2026-09-23T22-01-29-998Z_n-sweep_1-2-4-8-16-32-50,V1,,32,A-maioria,,,vote,1,against,,0x56781388,,82416,1,,0x5a1acda947585d9de24018b53f7c9f548943a6497b09d81e49f0d4bd2efb2618
2026-09-23T22-01-29-998Z_n-sweep_1-2-4-8-16-32-50,V1,,32,A-maioria,,,vote,2,against,,0x56781388,,65316,1,,0xd63e2c43b5afd411423d47301ab916df48baabb6e5b06734cf229f259dbc6c54
2026-09-23T22-01-29-998Z_n-sweep_1-2-4-8-16-32-50,V1,,32,A-maioria,,,vote,3,against,,0x56781388,,65316,1,,0x06804ea51c4d1bd44434715842373d8074b0ce6f657a962c3a389c1041953cc2
2026-09-23T22-01-29-998Z_n-sweep_1-2-4-8-16-32-50,V1,,32,A-maioria,,,vote,4,against,,0x56781388,,65316,1,,0xc69ea115228b99d9ee4d252110ad7c9d54e9b351e63a6fc8af85ed9e5505a482
2026-09-23T22-01-29-998Z_n-sweep_1-2-4-8-16-32-50,V1,,32,A-maioria,,,vote,5,against,,0x56781388,,65316,1,,0x9c2607568367390f24b55db39e9bb8b6207a3ddd4bde35b9efbc7dea9b504e4b
2026-09-23T22-01-29-998Z_n-sweep_1-2-4-8-16-32-50,V1,,32,A-maioria,,,vote,6,against,,0x56781388,,65316,1,,0x49e2ef17dc8d720c06e0b45269d05d073d1c41efb0c092e700806a50d7f4a2e0
2026-09-23T22-01-29-998Z_n-sweep_1-2-4-8-16-32-50,V1,,32,A-maioria,,,vote,7,against,,0x56781388,,65316,1,,0xbfaa9e51c4a2dc3c5e58d402e1ec384c6f8ee2484ee2ad20ac148355ce165c07
2026-09-23T22-01-29-998Z_n-sweep_1-2-4-8-16-32-50,V1,,32,A-maioria,,,vote,8,against,,0x56781388,,65316,1,,0xf46416eb0a927a62fba37498b195f117786708672eed62e4ad2f5a5f3aa2e006
2026-09-23T22-01-29-998Z_n-sweep_1-2-4-8-16-32-50,V1,,32,A-maioria,,,vote,9,against,,0x56781388,,65316,1,,0x9c67444d7289e6d1e89346656411cff85775b8bae34532c39fde7204742a4486
2026-09-23T22-01-29-998Z_n-sweep_1-2-4-8-16-32-50,V1,,32,A-maioria,,,vote,10,against,,0x56781388,,65316,1,,0xde5cef260b4370f53b05287c1e1f837724853939a062ef0d924f3963b96283ce
2026-09-23T22-01-29-998Z_n-sweep_1-2-4-8-16-32-50,V1,,32,A-maioria,,,vote,11,against,,0x56781388,,65316,1,,0xf2dddf963050c22ae6a79e83846cc1c124597a806efb4f5debb313b0acc2f864
2026-09-23T22-01-29-998Z_n-sweep_1-2-4-8-16-32-50,V1,,32,A-maioria,,,vote,12,against,,0x56781388,,65316,1,,0x3d1936e4682b04fbd6880bdcc25d9292b14c721c4e5312731ba319db6a1d329c
2026-09-23T22-01-29-998Z_n-sweep_1-2-4-8-16-32-50,V1,,32,A-maioria,,,vote,13,against,,0x56781388,,65316,1,,0x26dbcf8c1ac5a7b8068ea35530b199502756f3a2da6c71f17d5c3a9e1a5afd40
2026-09-23T22-01-29-998Z_n-sweep_1-2-4-8-16-32-50,V1,,32,A-maioria,,,vote,14,against,,0x56781388,,65316,1,,0x70fe4c2624c65eea1bddc7c4442ff82d72cb015c7934cb3a72f84b66444ebaa8
2026-09-23T22-01-29-998Z_n-sweep_1-2-4-8-16-32-50,V1,,32,A-maioria,,,vote,15,against,,0x56781388,,65316,1,,0xb412cc4a60f76cacf39990b2c938046a781553cfbf66c3833f6225605759a46c
2026-09-23T22-01-29-998Z_n-sweep_1-2-4-8-16-32-50,V1,,32,A-maioria,,,execute,,,execute,0x2656227d,WasteCategoryRegistry.updateCredits,60807,1,,0xc27b4002ddc44fe7e05d53fdde61250425ff27a33093e34fbbe0a9f171ce7f19
2026-09-23T22-01-29-998Z_n-sweep_1-2-4-8-16-32-50,V2,T1,,,,,deploy_token_T1,,,constructor,0x61016060,,1621017,1,,0xece28f063ba256e8fc65152daf61fe745a7823e8ba387b1b661409f18f6dc4cc
2026-09-23T22-01-29-998Z_n-sweep_1-2-4-8-16-32-50,V2,,,,,,deploy_registry,,,constructor,0x60806040,,4590964,1,,0x9005486642112873086c0faf3a06ce7199e3377186a80eb6eea4235f5e1c6f56
2026-09-23T22-01-29-998Z_n-sweep_1-2-4-8-16-32-50,V2,,,,,,deploy_governor_V2,,,constructor,0x6101e080,,2178840,1,,0xa32c9f3d540c0ae9eee563ea02a53e3c1648afde51e09209202bc2912d9a8532
2026-09-23T22-01-29-998Z_n-sweep_1-2-4-8-16-32-50,V2,,,,,,grant_admin_role,,,grantRole,0x2f2ff15d,,50799,1,,0x0482dd737ad13e5cf9f342f77b7f4c8d4a60575e6613b501a7a433855227e65d
2026-09-23T22-01-29-998Z_n-sweep_1-2-4-8-16-32-50,V2,,,,,,revoke_deployer_admin_role,,,revokeRole,0xd547741f,,27116,1,,0xbf6c6756b6e885a31717a4b56f3c4fc35da4780ca84e075711ea97189f58ea3d
2026-09-23T22-01-29-998Z_n-sweep_1-2-4-8-16-32-50,V2,,32,A-maioria,,,delegate_admin,,,,0x5c19a95c,,95559,1,,0xe4ed125ff7fcf34a784094393e69d7b32184f90f45a88cf0e398ac5fe2329d50
2026-09-23T22-01-29-998Z_n-sweep_1-2-4-8-16-32-50,V2,,32,A-maioria,,,delegate,,,,0x5c19a95c,,48347,1,,0x8e5cf2e817455991c3f88244f29b95e3c5703efb253d16587c3e019ace8ed4aa
2026-09-23T22-01-29-998Z_n-sweep_1-2-4-8-16-32-50,V2,,32,A-maioria,,,delegate,,,,0x5c19a95c,,48335,1,,0x3a4d0b938991cc6665fddf48aab742d27a2480134e4cb1cf5b844b9724575405
2026-09-23T22-01-29-998Z_n-sweep_1-2-4-8-16-32-50,V2,,32,A-maioria,,,delegate,,,,0x5c19a95c,,48347,1,,0x8df16e2387da0d9fa03469e487a72815c7ad0f22d2e3631bfcd3e8532e84566f
2026-09-23T22-01-29-998Z_n-sweep_1-2-4-8-16-32-50,V2,,32,A-maioria,,,delegate,,,,0x5c19a95c,,48347,1,,0x95612e3ccf4e98f664cb62c90a18fd3142e8f5668db18fb82a400652a6b96b06
2026-09-23T22-01-29-998Z_n-sweep_1-2-4-8-16-32-50,V2,,32,A-maioria,,,delegate,,,,0x5c19a95c,,48347,1,,0x8cfbd9c8afd095297879c4ea5a6d41c276c3b770abd2f751b06ec63384df15d6
2026-09-23T22-01-29-998Z_n-sweep_1-2-4-8-16-32-50,V2,,32,A-maioria,,,delegate,,,,0x5c19a95c,,48347,1,,0x96ff47bd12ed3260165a9b3c82bacf4a9f1cfd47a5f8548491ee35c1066f2e38
2026-09-23T22-01-29-998Z_n-sweep_1-2-4-8-16-32-50,V2,,32,A-maioria,,,delegate,,,,0x5c19a95c,,48347,1,,0x3c7464a5135ef0630048da3b891f6f95d941c4b44dfb27d1230d6c7015af52d6
2026-09-23T22-01-29-998Z_n-sweep_1-2-4-8-16-32-50,V2,,32,A-maioria,,,delegate,,,,0x5c19a95c,,48347,1,,0xcef7f0dbdf22e7ddd7612e11e8e4d04d07ff7ed50742fa593a04379c3fb4c79a
2026-09-23T22-01-29-998Z_n-sweep_1-2-4-8-16-32-50,V2,,32,A-maioria,,,delegate,,,,0x5c19a95c,,48347,1,,0x2a05bf2175c5ddc1c903f568e1aef2d66314124f75bcf8379ba8adf2782fee08
2026-09-23T22-01-29-998Z_n-sweep_1-2-4-8-16-32-50,V2,,32,A-maioria,,,delegate,,,,0x5c19a95c,,48335,1,,0xed076a3bb603efd5d8a71a2cc98ed4047b12d152a544a7d1d7a341433c9a4602
2026-09-23T22-01-29-998Z_n-sweep_1-2-4-8-16-32-50,V2,,32,A-maioria,,,delegate,,,,0x5c19a95c,,48347,1,,0x10be283a8ec30b680dc3aca50b759e0cf9c8afc082d9e83402cea754eca72a1f
2026-09-23T22-01-29-998Z_n-sweep_1-2-4-8-16-32-50,V2,,32,A-maioria,,,delegate,,,,0x5c19a95c,,48347,1,,0x2a30f5270f05f3f17e6177f9b77f58b934718ec7c2e872415fd5bb3af3d1a729
2026-09-23T22-01-29-998Z_n-sweep_1-2-4-8-16-32-50,V2,,32,A-maioria,,,delegate,,,,0x5c19a95c,,48347,1,,0x8627a7ad29f66cec2d29399f287974e7802b96ce1c1094b9f03f71ebb4aee554
2026-09-23T22-01-29-998Z_n-sweep_1-2-4-8-16-32-50,V2,,32,A-maioria,,,delegate,,,,0x5c19a95c,,48347,1,,0x09935171751aaaad6b28f8c0a6e1389d805ea4048b73d32206a0f9fb56fe6526
2026-09-23T22-01-29-998Z_n-sweep_1-2-4-8-16-32-50,V2,,32,A-maioria,,,delegate,,,,0x5c19a95c,,48347,1,,0xcc0bb7cbd2d0f3f8fa2b739bbaa5db203755fbd70b3eefc00d112f1bb589ceaf
2026-09-23T22-01-29-998Z_n-sweep_1-2-4-8-16-32-50,V2,,32,A-maioria,,,delegate,,,,0x5c19a95c,,48347,1,,0xc76339288f99a2e44a4485a1794ebb0cad6215adbb061dde8b472b5783d68437
2026-09-23T22-01-29-998Z_n-sweep_1-2-4-8-16-32-50,V2,,32,A-maioria,,,delegate,,,,0x5c19a95c,,48347,1,,0x4eff498246ceed5814c564e65aad18449d9d8819517ba51d588d9cfdae3d4d2a
2026-09-23T22-01-29-998Z_n-sweep_1-2-4-8-16-32-50,V2,,32,A-maioria,,,delegate,,,,0x5c19a95c,,48347,1,,0xa6ae49a326f302b9e71391f9415c0d930458ea03039ee9086f5687369d739f43
2026-09-23T22-01-29-998Z_n-sweep_1-2-4-8-16-32-50,V2,,32,A-maioria,,,delegate,,,,0x5c19a95c,,48347,1,,0xf13688c59dca87eeaaf2b3d3ae625f01224e2d5b4954af7ddb9eacd7e8fca21e
2026-09-23T22-01-29-998Z_n-sweep_1-2-4-8-16-32-50,V2,,32,A-maioria,,,delegate,,,,0x5c19a95c,,48347,1,,0xed760b7612d9a02f7ab38dcca54d7d989dd819b4bb98906db1dbcca059ac084f
2026-09-23T22-01-29-998Z_n-sweep_1-2-4-8-16-32-50,V2,,32,A-maioria,,,delegate,,,,0x5c19a95c,,48347,1,,0x408a7ccbb0d6637960a2093204a5084a7c3370084f7061b277e04d5d1523ae58
2026-09-23T22-01-29-998Z_n-sweep_1-2-4-8-16-32-50,V2,,32,A-maioria,,,delegate,,,,0x5c19a95c,,48347,1,,0x3152e0d13e4c1339d74b6b187ca12500a969817e0120fc16874758b89451705c
2026-09-23T22-01-29-998Z_n-sweep_1-2-4-8-16-32-50,V2,,32,A-maioria,,,delegate,,,,0x5c19a95c,,48347,1,,0xa643950d224ced9bbf99ea95cbb9cecb86c028ad6a357741d9eed43fd1418124
2026-09-23T22-01-29-998Z_n-sweep_1-2-4-8-16-32-50,V2,,32,A-maioria,,,delegate,,,,0x5c19a95c,,48347,1,,0x055e399c3cbfa6644dce91a7f3b36ea2bc185d80c647c0f1d04321e14c4b1361
2026-09-23T22-01-29-998Z_n-sweep_1-2-4-8-16-32-50,V2,,32,A-maioria,,,delegate,,,,0x5c19a95c,,48335,1,,0xdbafa2287cf62155690c72d09b21b76ada56306bf24799e90a6ebd1fd470abc6
2026-09-23T22-01-29-998Z_n-sweep_1-2-4-8-16-32-50,V2,,32,A-maioria,,,delegate,,,,0x5c19a95c,,48347,1,,0x5f3e39c0a04665565fe3ba089f22454588d4f688c9a7aef067e7ad9e116a759a
2026-09-23T22-01-29-998Z_n-sweep_1-2-4-8-16-32-50,V2,,32,A-maioria,,,delegate,,,,0x5c19a95c,,48347,1,,0x7f968e30943d915d45decb0caea3281b5a4ce30a34416fbe354786d67369fd83
2026-09-23T22-01-29-998Z_n-sweep_1-2-4-8-16-32-50,V2,,32,A-maioria,,,delegate,,,,0x5c19a95c,,48347,1,,0xacced85e76fc346ac6aeec9a7ad6b61324fa6705450ea8d9c6b571e609652ec6
2026-09-23T22-01-29-998Z_n-sweep_1-2-4-8-16-32-50,V2,,32,A-maioria,,,delegate,,,,0x5c19a95c,,48347,1,,0xc354d6d794f1199566d0378cd1a05e9a5ef44036fa08971363ffdb3f0a83ac1f
2026-09-23T22-01-29-998Z_n-sweep_1-2-4-8-16-32-50,V2,,32,A-maioria,,,delegate,,,,0x5c19a95c,,48347,1,,0x41430b21e85fff00baa6651f5e9419f14411e203e9c65cf045d70399e1f94f10
2026-09-23T22-01-29-998Z_n-sweep_1-2-4-8-16-32-50,V2,,32,A-maioria,,,delegate,,,,0x5c19a95c,,48347,1,,0x0bedefd31dfd1911f1b821af9af59b2add8145ffa98e5dbae489249c34ba12b9
2026-09-23T22-01-29-998Z_n-sweep_1-2-4-8-16-32-50,V2,,32,A-maioria,,,delegate,,,,0x5c19a95c,,48347,1,,0x56ad8c486cf180aa0b39b839e9aa8457bb432ce913afb5054ca9bcce3effbb92
2026-09-23T22-01-29-998Z_n-sweep_1-2-4-8-16-32-50,V2,,32,A-maioria,,,transfer,,,,0xa9059cbb,,135960,1,,0xd0698b15d0a4158e25b6354447a9183a1c7e2709f2dc65467f1f8d003c028165
2026-09-23T22-01-29-998Z_n-sweep_1-2-4-8-16-32-50,V2,,32,A-maioria,,,transfer,,,,0xa9059cbb,,135948,1,,0xc1d83b95bf805ba4371c2bb98c2893712e313bdae17608c8cca1a20cefcace3f
2026-09-23T22-01-29-998Z_n-sweep_1-2-4-8-16-32-50,V2,,32,A-maioria,,,transfer,,,,0xa9059cbb,,135960,1,,0x5c9a2f524061f2cedfc3a23928ba3522a97347623158802a7574d89aac66c5e2
2026-09-23T22-01-29-998Z_n-sweep_1-2-4-8-16-32-50,V2,,32,A-maioria,,,transfer,,,,0xa9059cbb,,135960,1,,0xd7a1d861a8ffae45389bf7b1e050a2ad6774adf1f26964e59f924d13efe16f93
2026-09-23T22-01-29-998Z_n-sweep_1-2-4-8-16-32-50,V2,,32,A-maioria,,,transfer,,,,0xa9059cbb,,135960,1,,0x3ed47764d1b6dc2977a87f07c00932d7919f86a38d7fa6897797557fcaf8ddb2
2026-09-23T22-01-29-998Z_n-sweep_1-2-4-8-16-32-50,V2,,32,A-maioria,,,transfer,,,,0xa9059cbb,,135960,1,,0xe38aeefc29cc229da8f80086faf7a65278385513d6000ae2998b9164c52a2ec0
2026-09-23T22-01-29-998Z_n-sweep_1-2-4-8-16-32-50,V2,,32,A-maioria,,,transfer,,,,0xa9059cbb,,135960,1,,0x66cced5377a01cb01ced1557db51d3d576fa40d9f04be2db053b55b41fb5089e
2026-09-23T22-01-29-998Z_n-sweep_1-2-4-8-16-32-50,V2,,32,A-maioria,,,transfer,,,,0xa9059cbb,,135960,1,,0xfe5aef131cc72a9ad79a1f5ffde1443d7f223ae84ed6a6626946d0308ab353a6
2026-09-23T22-01-29-998Z_n-sweep_1-2-4-8-16-32-50,V2,,32,A-maioria,,,transfer,,,,0xa9059cbb,,135960,1,,0x2c714ceb4fe03bcf2c3d8630106ccb262af10d86fa7e1b83496bbb0c41f8f657
2026-09-23T22-01-29-998Z_n-sweep_1-2-4-8-16-32-50,V2,,32,A-maioria,,,transfer,,,,0xa9059cbb,,135948,1,,0xd761f278e00234ae7bff4ba89185e7e3ecd0c332b003b4603918a2f13a1ab358
2026-09-23T22-01-29-998Z_n-sweep_1-2-4-8-16-32-50,V2,,32,A-maioria,,,transfer,,,,0xa9059cbb,,135960,1,,0x031aa8f9222008ee539d955a400cef5a9aceb2377b58d9bdfb60366e2e5ec88d
2026-09-23T22-01-29-998Z_n-sweep_1-2-4-8-16-32-50,V2,,32,A-maioria,,,transfer,,,,0xa9059cbb,,135960,1,,0x42cd908997f6996bc98d0e95639112ede936d48a3f26d5c3e2a8c7e95054854d
2026-09-23T22-01-29-998Z_n-sweep_1-2-4-8-16-32-50,V2,,32,A-maioria,,,transfer,,,,0xa9059cbb,,135960,1,,0x719b6c90c96e3584e7554597250f36160d4f86bef73d716538651162072dc1a3
2026-09-23T22-01-29-998Z_n-sweep_1-2-4-8-16-32-50,V2,,32,A-maioria,,,transfer,,,,0xa9059cbb,,135960,1,,0x964636b08302fb1a1aeb3ebfcb46761628f9689f5d7910980ca3e90d3ad72185
2026-09-23T22-01-29-998Z_n-sweep_1-2-4-8-16-32-50,V2,,32,A-maioria,,,transfer,,,,0xa9059cbb,,135960,1,,0x42dca054fb5013aa31f156620dd3fdd731d2a22f0bd44862620f1e9366320d94
2026-09-23T22-01-29-998Z_n-sweep_1-2-4-8-16-32-50,V2,,32,A-maioria,,,transfer,,,,0xa9059cbb,,135960,1,,0x6f8161bec26017fcea839ed5cf5aec77f0adc12b00fe597537d73b33c0d89ead
2026-09-23T22-01-29-998Z_n-sweep_1-2-4-8-16-32-50,V2,,32,A-maioria,,,transfer,,,,0xa9059cbb,,135960,1,,0xcf984e4f2d4bd10afedd9acbd2d1940ac71703f84a09ab0031926511e28e2635
2026-09-23T22-01-29-998Z_n-sweep_1-2-4-8-16-32-50,V2,,32,A-maioria,,,transfer,,,,0xa9059cbb,,135960,1,,0x9ce98ec599be9f522859383caa8c4fd89d812e3757dda9a4573341c20e0f2613
2026-09-23T22-01-29-998Z_n-sweep_1-2-4-8-16-32-50,V2,,32,A-maioria,,,transfer,,,,0xa9059cbb,,135960,1,,0x578c45ba07da6aebe660bcaad7363e9c4cf3bef6fd87b78be2c9f7b1bb99e96d
2026-09-23T22-01-29-998Z_n-sweep_1-2-4-8-16-32-50,V2,,32,A-maioria,,,transfer,,,,0xa9059cbb,,135960,1,,0x870d481b432dffcac70d460fc5462f566d3e5e210615efc5b22ba6a948560817
2026-09-23T22-01-29-998Z_n-sweep_1-2-4-8-16-32-50,V2,,32,A-maioria,,,transfer,,,,0xa9059cbb,,135960,1,,0x7bf6c0061eb2f4e93af69e04140e29de63e118de26abe4b6171070162b2d402a
2026-09-23T22-01-29-998Z_n-sweep_1-2-4-8-16-32-50,V2,,32,A-maioria,,,transfer,,,,0xa9059cbb,,135960,1,,0xa145b9fd5a9b7cc823bbd816c5ebb6f4a4e624107b23481a0f732956d4cf4a2a
2026-09-23T22-01-29-998Z_n-sweep_1-2-4-8-16-32-50,V2,,32,A-maioria,,,transfer,,,,0xa9059cbb,,135960,1,,0x733583bfcddbe7384a5465c8d5867f76d65ba6745b91267e14d1ff485cfc70a6
2026-09-23T22-01-29-998Z_n-sweep_1-2-4-8-16-32-50,V2,,32,A-maioria,,,transfer,,,,0xa9059cbb,,135960,1,,0x4a66f968338e1f313aca3afb2b02f5492b1059155b1945e1c21e14e3a325a61b
2026-09-23T22-01-29-998Z_n-sweep_1-2-4-8-16-32-50,V2,,32,A-maioria,,,transfer,,,,0xa9059cbb,,135948,1,,0x31d3300ea2257060997f08297c579c9fd07c152fb88c10f797eeaa1ce1b5d8c1
2026-09-23T22-01-29-998Z_n-sweep_1-2-4-8-16-32-50,V2,,32,A-maioria,,,transfer,,,,0xa9059cbb,,135960,1,,0x0c15552baf3e28feb479668eb96380f728a17e0b946d2c06f49aa57eb6a55216
2026-09-23T22-01-29-998Z_n-sweep_1-2-4-8-16-32-50,V2,,32,A-maioria,,,transfer,,,,0xa9059cbb,,135960,1,,0xb5337b3b2747f7cf90d047e14df44ca40ddf66c56cac22f65df754a2a7477674
2026-09-23T22-01-29-998Z_n-sweep_1-2-4-8-16-32-50,V2,,32,A-maioria,,,transfer,,,,0xa9059cbb,,135960,1,,0xd975c85cb79c51b1d0496e30fd86543301c9241eff30516f72f25cc09bcb27f8
2026-09-23T22-01-29-998Z_n-sweep_1-2-4-8-16-32-50,V2,,32,A-maioria,,,transfer,,,,0xa9059cbb,,135960,1,,0xccb63e701c5fafcdff6e12e25d99046f8dca7b8b696a22e64faa06a60df2355d
2026-09-23T22-01-29-998Z_n-sweep_1-2-4-8-16-32-50,V2,,32,A-maioria,,,transfer,,,,0xa9059cbb,,135960,1,,0xd39a246d199b5cb2fc9322eba7c3345d022e2a9a3f0302913750ebace68ebda0
2026-09-23T22-01-29-998Z_n-sweep_1-2-4-8-16-32-50,V2,,32,A-maioria,,,transfer,,,,0xa9059cbb,,135960,1,,0x57e5a44adb6f3fbfa94b276517bacf362a9bf1ce37dbd7787bbfce9c429fc160
2026-09-23T22-01-29-998Z_n-sweep_1-2-4-8-16-32-50,V2,,32,A-maioria,,,transfer,,,,0xa9059cbb,,135960,1,,0x5e033e0960901e629ef36ddfc933139c1162e979bbacabacf5504b8436e9a8f3
2026-09-23T22-01-29-998Z_n-sweep_1-2-4-8-16-32-50,V2,,32,A-maioria,,,propose,,,propose,0x7d5e81e2,WasteCategoryRegistry.updateCredits,63790,1,,0x17b1de0d85feff448001bce3d4c07342a40907a61759816d130108c298b91b89
2026-09-23T22-01-29-998Z_n-sweep_1-2-4-8-16-32-50,V2,,32,A-maioria,,,vote,1,for,,0x56781388,,82468,1,,0x48c6e5c79e573276305fed1e85f5ab2fd70ace6be937f4bdefd770ac0c7f61e3
2026-09-23T22-01-29-998Z_n-sweep_1-2-4-8-16-32-50,V2,,32,A-maioria,,,vote,2,for,,0x56781388,,65368,1,,0xfd528a0e5d76613a0e1b3995cc936114a1af72f923c558c123a1d55ed4204f45
2026-09-23T22-01-29-998Z_n-sweep_1-2-4-8-16-32-50,V2,,32,A-maioria,,,vote,3,for,,0x56781388,,65368,1,,0xac2737ffef9284ca8ba054de4d481b5d422947a37f4d8841503f58f98923bb9b
2026-09-23T22-01-29-998Z_n-sweep_1-2-4-8-16-32-50,V2,,32,A-maioria,,,vote,4,for,,0x56781388,,65368,1,,0xc5975f1bbcaaa96718106f46e7713437643fec806bcf92f58c61c7c91a648d1b
2026-09-23T22-01-29-998Z_n-sweep_1-2-4-8-16-32-50,V2,,32,A-maioria,,,vote,5,for,,0x56781388,,65368,1,,0xeeaae88df0a17a6750ee55c46e39a251d2b972a594d6a28d8dd7b22387d62c8b
2026-09-23T22-01-29-998Z_n-sweep_1-2-4-8-16-32-50,V2,,32,A-maioria,,,vote,6,for,,0x56781388,,65368,1,,0x7c9861dbcf4b312b998aa68f1bb7f31009abfc91741a87d4834b18acbb94a3d3
2026-09-23T22-01-29-998Z_n-sweep_1-2-4-8-16-32-50,V2,,32,A-maioria,,,vote,7,for,,0x56781388,,65368,1,,0xc5e3c5834c63ed340e40df2fc1438ca6613928d12c6670db87d0382469a24560
2026-09-23T22-01-29-998Z_n-sweep_1-2-4-8-16-32-50,V2,,32,A-maioria,,,vote,8,for,,0x56781388,,65368,1,,0xaaacd27ccf6a21af64d0f3c220faaa8144ca02b87547b1272d282c080373638b
2026-09-23T22-01-29-998Z_n-sweep_1-2-4-8-16-32-50,V2,,32,A-maioria,,,vote,9,for,,0x56781388,,65368,1,,0x1c2b96886d734e9af485eb12110eb3f6dbc2a32a55f9f1747bdb03edca15c612
2026-09-23T22-01-29-998Z_n-sweep_1-2-4-8-16-32-50,V2,,32,A-maioria,,,vote,10,for,,0x56781388,,65368,1,,0x2fe50fef4c74331f0d98b0667a198f5efd2e6dc0d15c539ba6c39cfbd4f6fd92
2026-09-23T22-01-29-998Z_n-sweep_1-2-4-8-16-32-50,V2,,32,A-maioria,,,vote,11,for,,0x56781388,,65368,1,,0xff4d5c01f6b332c655969ad2dc3b74c942c619f28fbd07c6cb13ac00be267284
2026-09-23T22-01-29-998Z_n-sweep_1-2-4-8-16-32-50,V2,,32,A-maioria,,,vote,12,for,,0x56781388,,65368,1,,0x1e85a3561f7dfe0f1e4c34f155d3328c1fd6f6262922fc26defcf69a8db8a161
2026-09-23T22-01-29-998Z_n-sweep_1-2-4-8-16-32-50,V2,,32,A-maioria,,,vote,13,for,,0x56781388,,65368,1,,0x41a326359cbe5db119af23e18ce59ce20a4ef70f966211aab10d3bb050a4eab3
2026-09-23T22-01-29-998Z_n-sweep_1-2-4-8-16-32-50,V2,,32,A-maioria,,,vote,14,for,,0x56781388,,65368,1,,0xe37a4af4a6c515687b82a044727560c6e77f774d653685d236140c804b69645c
2026-09-23T22-01-29-998Z_n-sweep_1-2-4-8-16-32-50,V2,,32,A-maioria,,,vote,15,for,,0x56781388,,65368,1,,0x66b8be39182429f205f9b58decb82a37ee7a1564cb866491edc9d1f38cd4ebfd
2026-09-23T22-01-29-998Z_n-sweep_1-2-4-8-16-32-50,V2,,32,A-maioria,,,vote,16,for,,0x56781388,,65368,1,,0x51cb03839bd6e9d222e92db3c0515e574e49c0d49dce63ad7503a3f2a4238e72
2026-09-23T22-01-29-998Z_n-sweep_1-2-4-8-16-32-50,V2,,32,A-maioria,,,vote,17,for,,0x56781388,,65368,1,,0x9f567612e72505d59bd3f0e07527ba2135cf5be19c1314f66b9fa2e77deecfd1
2026-09-23T22-01-29-998Z_n-sweep_1-2-4-8-16-32-50,V2,,32,A-maioria,,,vote,1,against,,0x56781388,,82416,1,,0x15e88fa8369030bddf93320628ec96199744d86e1d01e906bf9e6ce951f19df7
2026-09-23T22-01-29-998Z_n-sweep_1-2-4-8-16-32-50,V2,,32,A-maioria,,,vote,2,against,,0x56781388,,65316,1,,0x9c27ce1b0218f5239d8595586b9d723439060a93967716cae0ce49105fbbdc49
2026-09-23T22-01-29-998Z_n-sweep_1-2-4-8-16-32-50,V2,,32,A-maioria,,,vote,3,against,,0x56781388,,65316,1,,0x4da770a1fd43c36d65994d232f2cc718bf7a77a962e176610865af0c11f0e049
2026-09-23T22-01-29-998Z_n-sweep_1-2-4-8-16-32-50,V2,,32,A-maioria,,,vote,4,against,,0x56781388,,65316,1,,0xa261c81d74f1211ac01ef38705e577ae81bb8a6839d91173b0f3d0b63510a5c2
2026-09-23T22-01-29-998Z_n-sweep_1-2-4-8-16-32-50,V2,,32,A-maioria,,,vote,5,against,,0x56781388,,65316,1,,0xe8358c0b5c2be302be826725a3d8da61163eca717ad749f5f87094dab41dff8f
2026-09-23T22-01-29-998Z_n-sweep_1-2-4-8-16-32-50,V2,,32,A-maioria,,,vote,6,against,,0x56781388,,65316,1,,0x3cb23d510e0361211e4c88f421c69db03a07922ad98809bdacfce4d7095372c9
2026-09-23T22-01-29-998Z_n-sweep_1-2-4-8-16-32-50,V2,,32,A-maioria,,,vote,7,against,,0x56781388,,65316,1,,0xec6e503da3fee7d5f98082d60cfb29248c17a49d5a2e6568d6385efd35c1eea0
2026-09-23T22-01-29-998Z_n-sweep_1-2-4-8-16-32-50,V2,,32,A-maioria,,,vote,8,against,,0x56781388,,65316,1,,0xcaf4397d03c629a47f3e15513ec3b7a609a45410ddf625c6701a35b639eddf54
2026-09-23T22-01-29-998Z_n-sweep_1-2-4-8-16-32-50,V2,,32,A-maioria,,,vote,9,against,,0x56781388,,65316,1,,0xcdd2b8aef2d7317552dd96c3b18c20a09af4de7348148ce342efc2a11d29d22a
2026-09-23T22-01-29-998Z_n-sweep_1-2-4-8-16-32-50,V2,,32,A-maioria,,,vote,10,against,,0x56781388,,65316,1,,0xaac1504f5f98944e61b5978cee6b18c214488bf0bdf041367d09632528b0b098
2026-09-23T22-01-29-998Z_n-sweep_1-2-4-8-16-32-50,V2,,32,A-maioria,,,vote,11,against,,0x56781388,,65316,1,,0x61c651634d2e7cd932d39ddae91f31c351894f3e763db0a9890833b465d3c7c5
2026-09-23T22-01-29-998Z_n-sweep_1-2-4-8-16-32-50,V2,,32,A-maioria,,,vote,12,against,,0x56781388,,65316,1,,0xdc5cfc455caaf5723547e188d7c876693ebb8ec29a26a31d080605e60aa1c7e2
2026-09-23T22-01-29-998Z_n-sweep_1-2-4-8-16-32-50,V2,,32,A-maioria,,,vote,13,against,,0x56781388,,65316,1,,0xf39a08014da06c8650deaf1426416c0106b346ff2f122d92844dad0fd9a752e4
2026-09-23T22-01-29-998Z_n-sweep_1-2-4-8-16-32-50,V2,,32,A-maioria,,,vote,14,against,,0x56781388,,65316,1,,0xd2432e82e51b4144ee275fdef4e00ba9b09bf90bb93734af4bf0770749096cd8
2026-09-23T22-01-29-998Z_n-sweep_1-2-4-8-16-32-50,V2,,32,A-maioria,,,vote,15,against,,0x56781388,,65316,1,,0xe3d215e99b69a0e14723990e5ef412321b102c2a0ce3996c820e184e67a8bf74
2026-09-23T22-01-29-998Z_n-sweep_1-2-4-8-16-32-50,V2,,32,A-maioria,,,execute,,,execute,0x2656227d,WasteCategoryRegistry.updateCredits,60847,1,,0x2eee5ee4956c10d8654795ed370aca91184e237b37dd55742c73663a0c877fa9
2026-09-23T22-01-29-998Z_n-sweep_1-2-4-8-16-32-50,V0,T1,,,,,deploy_token_T1,,,constructor,0x61016060,,1621017,1,,0xece28f063ba256e8fc65152daf61fe745a7823e8ba387b1b661409f18f6dc4cc
2026-09-23T22-01-29-998Z_n-sweep_1-2-4-8-16-32-50,V0,,,,,,deploy_registry,,,constructor,0x60806040,,4590964,1,,0x9005486642112873086c0faf3a06ce7199e3377186a80eb6eea4235f5e1c6f56
2026-09-23T22-01-29-998Z_n-sweep_1-2-4-8-16-32-50,V0,,,,,,deploy_governor_V0,,,constructor,0x6101c080,,2133394,1,,0x8b33a795df9df0e5a3cb812430955580d1fb4f654a6028dd161238e13d560524
2026-09-23T22-01-29-998Z_n-sweep_1-2-4-8-16-32-50,V0,,,,,,grant_admin_role,,,grantRole,0x2f2ff15d,,50799,1,,0xb518a3911be32f0a59dcaec3e43c7ec54010f07f3e473d550516b1aab1a18d6b
2026-09-23T22-01-29-998Z_n-sweep_1-2-4-8-16-32-50,V0,,,,,,revoke_deployer_admin_role,,,revokeRole,0xd547741f,,27116,1,,0x8cb08b8b6ca45600b76a431b4cd18aee2095374e00c890903bfaa28d83b5f82b
2026-09-23T22-01-29-998Z_n-sweep_1-2-4-8-16-32-50,V0,,32,D-voto,,,delegate_admin,,,,0x5c19a95c,,95559,1,,0xfa43c1f7a1a1658c8aeac58119b26e806face10fc63ae3e18099942309f4d395
2026-09-23T22-01-29-998Z_n-sweep_1-2-4-8-16-32-50,V0,,32,D-voto,,,delegate,,,,0x5c19a95c,,48347,1,,0xf96ae171d39b1290c248e3ee88c92c43e24751ff4aacf46bad404cad29a33e37
2026-09-23T22-01-29-998Z_n-sweep_1-2-4-8-16-32-50,V0,,32,D-voto,,,delegate,,,,0x5c19a95c,,48335,1,,0x65ff74d2610d5c80f16dc62aa4e01b339a9ecd8c95911ae092d678a9792cdcb8
2026-09-23T22-01-29-998Z_n-sweep_1-2-4-8-16-32-50,V0,,32,D-voto,,,delegate,,,,0x5c19a95c,,48347,1,,0xb06e4e18b389cc3c69848b844c44927f26087a909c0e4532a1ba892e8d7bac4c
2026-09-23T22-01-29-998Z_n-sweep_1-2-4-8-16-32-50,V0,,32,D-voto,,,delegate,,,,0x5c19a95c,,48347,1,,0xfdc5c4ae6e458adbd0780d18d4ef20dca6b7a02f3efff2f7c0eec7590e340a41
2026-09-23T22-01-29-998Z_n-sweep_1-2-4-8-16-32-50,V0,,32,D-voto,,,delegate,,,,0x5c19a95c,,48347,1,,0x5c4d4bc02e09949d860a2c409a26209335f7c4e4eca7ac13d0e60a5cf0d0f233
2026-09-23T22-01-29-998Z_n-sweep_1-2-4-8-16-32-50,V0,,32,D-voto,,,delegate,,,,0x5c19a95c,,48347,1,,0x8eb2597a239d7d5a9d780141fa850308f21a221b62b2f0b2cd01922a25b294b2
2026-09-23T22-01-29-998Z_n-sweep_1-2-4-8-16-32-50,V0,,32,D-voto,,,delegate,,,,0x5c19a95c,,48347,1,,0x61b0a2cbceae6ab3b47dbad41fbaa57485b4b4545814b177fb76f5e80989f4b6
2026-09-23T22-01-29-998Z_n-sweep_1-2-4-8-16-32-50,V0,,32,D-voto,,,delegate,,,,0x5c19a95c,,48347,1,,0x8e8293e79ce57e8b2bd6c914c167b0ec5858ded7d332cc962607075acbcc0b43
2026-09-23T22-01-29-998Z_n-sweep_1-2-4-8-16-32-50,V0,,32,D-voto,,,delegate,,,,0x5c19a95c,,48347,1,,0x700d26ece381a9328c0c0607c8015a890a8cc373fc0ec5e3e5957a9b1720c821
2026-09-23T22-01-29-998Z_n-sweep_1-2-4-8-16-32-50,V0,,32,D-voto,,,delegate,,,,0x5c19a95c,,48335,1,,0x827f347ed9162ee5aa31942cb2cd15f5b7940183deaee5d4a11b6efe87452173
2026-09-23T22-01-29-998Z_n-sweep_1-2-4-8-16-32-50,V0,,32,D-voto,,,delegate,,,,0x5c19a95c,,48347,1,,0x05e0616bb804c3cd4df19f7b0cf511dbcb6e9524c52bcfbf8b39223490cc0846
2026-09-23T22-01-29-998Z_n-sweep_1-2-4-8-16-32-50,V0,,32,D-voto,,,delegate,,,,0x5c19a95c,,48347,1,,0x7409a97667b08d9b70b0d678843340d442fad8337ae46944499977e000325f92
2026-09-23T22-01-29-998Z_n-sweep_1-2-4-8-16-32-50,V0,,32,D-voto,,,delegate,,,,0x5c19a95c,,48347,1,,0x06bc39c687cf89ca2626bc142b16cf4a83fd68b90155fd6344acd5c17148d8a6
2026-09-23T22-01-29-998Z_n-sweep_1-2-4-8-16-32-50,V0,,32,D-voto,,,delegate,,,,0x5c19a95c,,48347,1,,0xe5d3691fe9ffad366e158fc098b74dd6635f083c235a6588c23e1d5313889cc9
2026-09-23T22-01-29-998Z_n-sweep_1-2-4-8-16-32-50,V0,,32,D-voto,,,delegate,,,,0x5c19a95c,,48347,1,,0x75300fe9f7d70fbe306b3cefadf0423a64334a4470eee34e958b76b4418900c0
2026-09-23T22-01-29-998Z_n-sweep_1-2-4-8-16-32-50,V0,,32,D-voto,,,delegate,,,,0x5c19a95c,,48347,1,,0xef2cf8fae96fa4c95b9eb5fc78e668af4f5126a23f921c90e15afdcffccd9bf9
2026-09-23T22-01-29-998Z_n-sweep_1-2-4-8-16-32-50,V0,,32,D-voto,,,delegate,,,,0x5c19a95c,,48347,1,,0x75636b14aa58b1ee084fe99cfffb238b737ed57732e5f8ae341a0948974569ff
2026-09-23T22-01-29-998Z_n-sweep_1-2-4-8-16-32-50,V0,,32,D-voto,,,delegate,,,,0x5c19a95c,,48347,1,,0x65f4191d52cde8745142fbad7dab453ac77b84433334a064c65edeec324649be
2026-09-23T22-01-29-998Z_n-sweep_1-2-4-8-16-32-50,V0,,32,D-voto,,,delegate,,,,0x5c19a95c,,48347,1,,0x0015672d62ab0be7ad971272757786d6751bd437c259b6f784a5abb0f9f433e0
2026-09-23T22-01-29-998Z_n-sweep_1-2-4-8-16-32-50,V0,,32,D-voto,,,delegate,,,,0x5c19a95c,,48347,1,,0xf061e3370e552636294057b3e13f8e38e49eb9ccd954add59da578817c58a14b
2026-09-23T22-01-29-998Z_n-sweep_1-2-4-8-16-32-50,V0,,32,D-voto,,,delegate,,,,0x5c19a95c,,48347,1,,0x68475bd925d88da79400657a3df0347cc6be2f887e9fd5fcbf64f6c37d69bf4c
2026-09-23T22-01-29-998Z_n-sweep_1-2-4-8-16-32-50,V0,,32,D-voto,,,delegate,,,,0x5c19a95c,,48347,1,,0xd0da4d004b36ebb022f1b178255cff262f0f75fc2d5a7fda434ccc846c4f7499
2026-09-23T22-01-29-998Z_n-sweep_1-2-4-8-16-32-50,V0,,32,D-voto,,,delegate,,,,0x5c19a95c,,48347,1,,0xaae5636599004f1ba254fea80dbb33335f44a116db4d94090e99b80481406327
2026-09-23T22-01-29-998Z_n-sweep_1-2-4-8-16-32-50,V0,,32,D-voto,,,delegate,,,,0x5c19a95c,,48347,1,,0xfcd4c1dd668d5148e045ce4771c59bdb6f602ef49d2404bbfeb296fc6ce93753
2026-09-23T22-01-29-998Z_n-sweep_1-2-4-8-16-32-50,V0,,32,D-voto,,,delegate,,,,0x5c19a95c,,48335,1,,0x4ebfe89be7e94686ecfb217057d8b4fa5161bcce6d50adcc044a0aff6d4282af
2026-09-23T22-01-29-998Z_n-sweep_1-2-4-8-16-32-50,V0,,32,D-voto,,,delegate,,,,0x5c19a95c,,48347,1,,0xb3d77ed4f7a6d94080b6c775433f6c6f21a916c783059136f4572f52dc3a8874
2026-09-23T22-01-29-998Z_n-sweep_1-2-4-8-16-32-50,V0,,32,D-voto,,,delegate,,,,0x5c19a95c,,48347,1,,0x127f4971e3e590d8328bd74ed6096c37b20e6836b27cf90514b9a87cd503f413
2026-09-23T22-01-29-998Z_n-sweep_1-2-4-8-16-32-50,V0,,32,D-voto,,,delegate,,,,0x5c19a95c,,48347,1,,0xb67155a13ea706a326342e60462ed0ed7c4a680e0112e43260248751f2fe896b
2026-09-23T22-01-29-998Z_n-sweep_1-2-4-8-16-32-50,V0,,32,D-voto,,,delegate,,,,0x5c19a95c,,48347,1,,0xe2be7e7d00839d4fa7d3020666aa9dcf9efcdc40f9fa77a35592a87459c52b90
2026-09-23T22-01-29-998Z_n-sweep_1-2-4-8-16-32-50,V0,,32,D-voto,,,delegate,,,,0x5c19a95c,,48347,1,,0xb535243780f9c28da64ec7309760125fe2487568589114d83acf79e30a47d760
2026-09-23T22-01-29-998Z_n-sweep_1-2-4-8-16-32-50,V0,,32,D-voto,,,delegate,,,,0x5c19a95c,,48347,1,,0x293dda08d12cb640488f1dad6a8ab9d2c5b59be364ffe60275d52382b886183e
2026-09-23T22-01-29-998Z_n-sweep_1-2-4-8-16-32-50,V0,,32,D-voto,,,delegate,,,,0x5c19a95c,,48347,1,,0xacef40fd99317b96d80072941137339058a20720c237b0b3cc16b1e2fa83b630
2026-09-23T22-01-29-998Z_n-sweep_1-2-4-8-16-32-50,V0,,32,D-voto,,,transfer,,,,0xa9059cbb,,135960,1,,0x29f9412c2ffdb239cd38ad70ce5ff600bccbe9b453fde1a6c033626a6c646eba
2026-09-23T22-01-29-998Z_n-sweep_1-2-4-8-16-32-50,V0,,32,D-voto,,,transfer,,,,0xa9059cbb,,135948,1,,0x8f041ff9c5655d4daebf93c7047f302ad35f1ca24ab937021cdfaef9f1a6a756
2026-09-23T22-01-29-998Z_n-sweep_1-2-4-8-16-32-50,V0,,32,D-voto,,,transfer,,,,0xa9059cbb,,135960,1,,0x894cb225643f213ea48145224f017a92ba27a56c855d4e864be1cf03f553f4e4
2026-09-23T22-01-29-998Z_n-sweep_1-2-4-8-16-32-50,V0,,32,D-voto,,,transfer,,,,0xa9059cbb,,135960,1,,0x3669c5c62c9c04c0b63cd9e2ac0efe73efa33690cc7c083d0f722f4faf7f3deb
2026-09-23T22-01-29-998Z_n-sweep_1-2-4-8-16-32-50,V0,,32,D-voto,,,transfer,,,,0xa9059cbb,,135960,1,,0x1c6da41f1d7427474ac4a460fc9ab6ecebc43e28111a95210985017e1df19b0e
2026-09-23T22-01-29-998Z_n-sweep_1-2-4-8-16-32-50,V0,,32,D-voto,,,transfer,,,,0xa9059cbb,,135960,1,,0xc5f663a7a79d99e5243ccdf534e9568721965742239be272f3f09fa15d179d28
2026-09-23T22-01-29-998Z_n-sweep_1-2-4-8-16-32-50,V0,,32,D-voto,,,transfer,,,,0xa9059cbb,,135960,1,,0xe2291692adeb618776d98781636168333451130b8435b697ba7b7a0a14dad560
2026-09-23T22-01-29-998Z_n-sweep_1-2-4-8-16-32-50,V0,,32,D-voto,,,transfer,,,,0xa9059cbb,,135960,1,,0xf9506b0c1beff2bf33e7ef0c136749f5ac13cab6771da989a3e2fb148f3590fd
2026-09-23T22-01-29-998Z_n-sweep_1-2-4-8-16-32-50,V0,,32,D-voto,,,transfer,,,,0xa9059cbb,,135960,1,,0x1af83e41b3f45f8f3d1d590a022ee767ac4aa81951ba2005ee07c6b983c5ae3d
2026-09-23T22-01-29-998Z_n-sweep_1-2-4-8-16-32-50,V0,,32,D-voto,,,transfer,,,,0xa9059cbb,,135948,1,,0x81332d9b7f7537150d94378442ce4c1db2ae444318b30870687f0b9d9d59c7ff
2026-09-23T22-01-29-998Z_n-sweep_1-2-4-8-16-32-50,V0,,32,D-voto,,,transfer,,,,0xa9059cbb,,135960,1,,0x83112f8201f0c640c328f03974afb701b3c52488e26c4ce16f2126d7ff8a492c
2026-09-23T22-01-29-998Z_n-sweep_1-2-4-8-16-32-50,V0,,32,D-voto,,,transfer,,,,0xa9059cbb,,135960,1,,0xd7d0ebb80ee8277ef9fc42d27e0c679b8bd859df8440554c35cc1a996dc02c21
2026-09-23T22-01-29-998Z_n-sweep_1-2-4-8-16-32-50,V0,,32,D-voto,,,transfer,,,,0xa9059cbb,,135960,1,,0x4e991d25cd36c95cf9959fc7a6653525ae36cb4fbd796fbb9ba757016258bbb9
2026-09-23T22-01-29-998Z_n-sweep_1-2-4-8-16-32-50,V0,,32,D-voto,,,transfer,,,,0xa9059cbb,,135960,1,,0xbfb14ecb18d97c103bf85e2649d90cf38911c74dd5004a26deaa8825ea4c32a4
2026-09-23T22-01-29-998Z_n-sweep_1-2-4-8-16-32-50,V0,,32,D-voto,,,transfer,,,,0xa9059cbb,,135960,1,,0x3c7d501780724688ead8021f53dc00a7489d01e9bab616a55018637497b101f9
2026-09-23T22-01-29-998Z_n-sweep_1-2-4-8-16-32-50,V0,,32,D-voto,,,transfer,,,,0xa9059cbb,,135960,1,,0x4848334ed2c15d3209e587cbc01ded41ac3ae7959e01e3088414815d95fc5302
2026-09-23T22-01-29-998Z_n-sweep_1-2-4-8-16-32-50,V0,,32,D-voto,,,transfer,,,,0xa9059cbb,,135960,1,,0x5f2f463fd6ad6b09608be879823215fb0086144e80786aa3038baab71396069c
2026-09-23T22-01-29-998Z_n-sweep_1-2-4-8-16-32-50,V0,,32,D-voto,,,transfer,,,,0xa9059cbb,,135960,1,,0xf459250b562448f3f29aa124d5882799326b8b758c0ea42a1d12b4824cdfab1c
2026-09-23T22-01-29-998Z_n-sweep_1-2-4-8-16-32-50,V0,,32,D-voto,,,transfer,,,,0xa9059cbb,,135960,1,,0x7089aa37c55c94d5d7acc2178587f6883081bde5d780d769be725cac7e5fbe2f
2026-09-23T22-01-29-998Z_n-sweep_1-2-4-8-16-32-50,V0,,32,D-voto,,,transfer,,,,0xa9059cbb,,135960,1,,0xaf488783a3e4419bba44faa6aff56ddd7d64da2f8b4cf7ffeb304ce38d8b8721
2026-09-23T22-01-29-998Z_n-sweep_1-2-4-8-16-32-50,V0,,32,D-voto,,,transfer,,,,0xa9059cbb,,135960,1,,0x9866769fd009b00ae123d54396745d165237c883c885367f0e674f0ec147d65b
2026-09-23T22-01-29-998Z_n-sweep_1-2-4-8-16-32-50,V0,,32,D-voto,,,transfer,,,,0xa9059cbb,,135960,1,,0x9b11b2365648571eb08e85854e2ad5903cd2dc39371288a6c4499d5661306550
2026-09-23T22-01-29-998Z_n-sweep_1-2-4-8-16-32-50,V0,,32,D-voto,,,transfer,,,,0xa9059cbb,,135960,1,,0xfed884270499bcd3176a9f41559400dfc67e33cc85c9cf1e2b0c4f0300cf901c
2026-09-23T22-01-29-998Z_n-sweep_1-2-4-8-16-32-50,V0,,32,D-voto,,,transfer,,,,0xa9059cbb,,135960,1,,0x90196f63091268ec6f03e3e9ddf2d137561e730a9d2068e83e18df72495b9131
2026-09-23T22-01-29-998Z_n-sweep_1-2-4-8-16-32-50,V0,,32,D-voto,,,transfer,,,,0xa9059cbb,,135948,1,,0xf62e7d88596a4e9b4d817a01d6586dda1eb972d68851d850254c7350a6787d38
2026-09-23T22-01-29-998Z_n-sweep_1-2-4-8-16-32-50,V0,,32,D-voto,,,transfer,,,,0xa9059cbb,,135960,1,,0x219d104340144e3e3b7d963c3954f2ab9c5bbb3a95032d66b2248e20f2ad8415
2026-09-23T22-01-29-998Z_n-sweep_1-2-4-8-16-32-50,V0,,32,D-voto,,,transfer,,,,0xa9059cbb,,135960,1,,0xd7c4ae0a3058753c425b7d1146a5a547dea0c3fd6f8873007ba05ac840726440
2026-09-23T22-01-29-998Z_n-sweep_1-2-4-8-16-32-50,V0,,32,D-voto,,,transfer,,,,0xa9059cbb,,135960,1,,0x7d8ba84f56812a83c5a8a1f0841c117ae04a38ef1d1f6541c6706b9d410b82d6
2026-09-23T22-01-29-998Z_n-sweep_1-2-4-8-16-32-50,V0,,32,D-voto,,,transfer,,,,0xa9059cbb,,135960,1,,0xd05619fc8ee97b58203ac2a41fa73951547786737aee796dfa908b3464554172
2026-09-23T22-01-29-998Z_n-sweep_1-2-4-8-16-32-50,V0,,32,D-voto,,,transfer,,,,0xa9059cbb,,135960,1,,0x53e684e6a147858b71f1d1b69168181a8e311b1a5c3e32ed9089312a984860df
2026-09-23T22-01-29-998Z_n-sweep_1-2-4-8-16-32-50,V0,,32,D-voto,,,transfer,,,,0xa9059cbb,,135960,1,,0xcdebc9833856cef219be3f76cfb611e9b988c73c657911fbab9cb4dd4d47476e
2026-09-23T22-01-29-998Z_n-sweep_1-2-4-8-16-32-50,V0,,32,D-voto,,,transfer,,,,0xa9059cbb,,135960,1,,0x14ef011d0e8f8bec73e6333fe3ee405aec446d146c63cb7386bf63138b12b7d3
2026-09-23T22-01-29-998Z_n-sweep_1-2-4-8-16-32-50,V0,,32,D-voto,,,propose,,,propose,0x7d5e81e2,WasteCategoryRegistry.updateCredits,63351,1,,0x32f2c56f22498249b422ad86e17663b162ff397130da60c694a94ae7bc569f2b
2026-09-23T22-01-29-998Z_n-sweep_1-2-4-8-16-32-50,V0,,32,D-voto,,,vote,1,for,,0x56781388,,81899,1,,0x34b87949ee63b4d6e1f3a8ddb17419f60b7fac3b633e00494bd9a8e80fc2599b
2026-09-23T22-01-29-998Z_n-sweep_1-2-4-8-16-32-50,V0,,32,D-voto,,,vote,2,for,,0x56781388,,64799,1,,0xdc77158a5b4a0ada2b8b12061c9e98aa239bd96c1d86ff6286deaa389b596e98
2026-09-23T22-01-29-998Z_n-sweep_1-2-4-8-16-32-50,V0,,32,D-voto,,,vote,3,for,,0x56781388,,64799,1,,0x66c99a76d039738eff503542537bb1e63af52fa6ccc3f5451bbeb78a25bbb30c
2026-09-23T22-01-29-998Z_n-sweep_1-2-4-8-16-32-50,V0,,32,D-voto,,,vote,4,for,,0x56781388,,64799,1,,0xbb0aa1256977852d26ed57767372d0b4e0b03c2b379e9bd7df452168bf386784
2026-09-23T22-01-29-998Z_n-sweep_1-2-4-8-16-32-50,V0,,32,D-voto,,,vote,5,for,,0x56781388,,64799,1,,0x2398e9fe9761825a3b604f9729dc7db06001ca8b47cd2b7246e4fee2cd567325
2026-09-23T22-01-29-998Z_n-sweep_1-2-4-8-16-32-50,V0,,32,D-voto,,,vote,6,for,,0x56781388,,64799,1,,0x18847d096dbd9d3982f444217a8e9e486e0421d203ae1ebc62c0769eae526be7
2026-09-23T22-01-29-998Z_n-sweep_1-2-4-8-16-32-50,V0,,32,D-voto,,,vote,7,for,,0x56781388,,64799,1,,0x8b081ca97b955dc02ed1a7863f2066b0adad01c57783765a174e5d9d3221f181
2026-09-23T22-01-29-998Z_n-sweep_1-2-4-8-16-32-50,V0,,32,D-voto,,,vote,8,for,,0x56781388,,64799,1,,0x4e9fd63eab201ac0a3ba22db492a6dcb1667d4b06ae2728624996da9e41bf27c
2026-09-23T22-01-29-998Z_n-sweep_1-2-4-8-16-32-50,V0,,32,D-voto,,,vote,9,for,,0x56781388,,64799,1,,0xeb7c306e71b7ed2371aa2cb41d0fadf322ca9d2343fceea1586105bfcd3f9b4e
2026-09-23T22-01-29-998Z_n-sweep_1-2-4-8-16-32-50,V0,,32,D-voto,,,vote,10,for,,0x56781388,,64799,1,,0x8dd674cdf3e708bd3314600a8a56ec3b08c521fe5fe45372e6180609bd7bef6f
2026-09-23T22-01-29-998Z_n-sweep_1-2-4-8-16-32-50,V0,,32,D-voto,,,vote,11,for,,0x56781388,,64799,1,,0x41d9c162428b6dcdc076af45e8355e737f012412e3459950e77bd351bfb581c8
2026-09-23T22-01-29-998Z_n-sweep_1-2-4-8-16-32-50,V0,,32,D-voto,,,vote,12,for,,0x56781388,,64799,1,,0x83e9fb4f5fde0d643914298aea01c83f9dbc980c85c1f43ab5410163c7b98a13
2026-09-23T22-01-29-998Z_n-sweep_1-2-4-8-16-32-50,V0,,32,D-voto,,,vote,13,for,,0x56781388,,64799,1,,0xb479ca0be392618b7717944dfdad0816dff606c9a59eeeac654d941d7c2dc528
2026-09-23T22-01-29-998Z_n-sweep_1-2-4-8-16-32-50,V0,,32,D-voto,,,vote,14,for,,0x56781388,,64799,1,,0xadd3dca364aa2b316fb34eae07e43566ced4216ddf6ee849895c1a43aae67d39
2026-09-23T22-01-29-998Z_n-sweep_1-2-4-8-16-32-50,V0,,32,D-voto,,,vote,15,for,,0x56781388,,64799,1,,0x93204b845d2ce5f7895491a6515c832596708199c12fc74024175887f57d7ef1
2026-09-23T22-01-29-998Z_n-sweep_1-2-4-8-16-32-50,V0,,32,D-voto,,,vote,1,against,,0x56781388,,81847,1,,0xfacc5d4493df224ac9abc483ea74ada453745f45dabe18f33ad7447c4a793bad
2026-09-23T22-01-29-998Z_n-sweep_1-2-4-8-16-32-50,V0,,32,D-voto,,,vote,2,against,,0x56781388,,64747,1,,0x3b77803c4a526926116f3d24181201303c1544543bd9f9162505529fbd501cea
2026-09-23T22-01-29-998Z_n-sweep_1-2-4-8-16-32-50,V0,,32,D-voto,,,vote,3,against,,0x56781388,,64747,1,,0xe83ea4f2a2b9d60c1ca68d59828da0f1cff945bd7ed556f2d039f9a69710d709
2026-09-23T22-01-29-998Z_n-sweep_1-2-4-8-16-32-50,V0,,32,D-voto,,,vote,4,against,,0x56781388,,64747,1,,0xcca5f6be56b19ef60e58e2a32dd5d5be4cae4260a611572ef571944ad02468bb
2026-09-23T22-01-29-998Z_n-sweep_1-2-4-8-16-32-50,V0,,32,D-voto,,,vote,5,against,,0x56781388,,64747,1,,0xcabfacc5d820909e8447060b3395cc8d03a7dafad1fb2aaeb486637a220b27ff
2026-09-23T22-01-29-998Z_n-sweep_1-2-4-8-16-32-50,V0,,32,D-voto,,,vote,6,against,,0x56781388,,64747,1,,0x9e22b80829a4b63a4375a9015d2c727cdeda88d79336af6534e7d211c9b21ea5
2026-09-23T22-01-29-998Z_n-sweep_1-2-4-8-16-32-50,V0,,32,D-voto,,,vote,7,against,,0x56781388,,64747,1,,0x30b5607824d435a6a768cf978b4a95395a40cbe965b819062a55d3c3f31952f5
2026-09-23T22-01-29-998Z_n-sweep_1-2-4-8-16-32-50,V0,,32,D-voto,,,vote,8,against,,0x56781388,,64747,1,,0xc272b4e876fd104a36ef20086edf10908b489d749af24cbed5dfc9884b24b789
2026-09-23T22-01-29-998Z_n-sweep_1-2-4-8-16-32-50,V0,,32,D-voto,,,vote,9,against,,0x56781388,,64747,1,,0x137936aba3e24e2d7a86fe03d416d6e8cf5fdb3fd5ed1d5fff79fb12fc3af690
2026-09-23T22-01-29-998Z_n-sweep_1-2-4-8-16-32-50,V0,,32,D-voto,,,vote,10,against,,0x56781388,,64747,1,,0x1cb46e5437c83857cd93499f91d329401f6b12199668b1fabf3de404cf4963c4
2026-09-23T22-01-29-998Z_n-sweep_1-2-4-8-16-32-50,V0,,32,D-voto,,,vote,11,against,,0x56781388,,64747,1,,0x11f7144115298c0eab23cff20d84448a2c632a27cc5a88fcdbd83c262c73b5b7
2026-09-23T22-01-29-998Z_n-sweep_1-2-4-8-16-32-50,V0,,32,D-voto,,,vote,12,against,,0x56781388,,64747,1,,0x520c0445a057bfeba21c2ee0cf101ea305e89f6f90c60f5be15d114f857728d2
2026-09-23T22-01-29-998Z_n-sweep_1-2-4-8-16-32-50,V0,,32,D-voto,,,vote,13,against,,0x56781388,,64747,1,,0x390dd13ff3972c26555e401dc29e3e7232ab48f207d826ba8cd6f189db509e8d
2026-09-23T22-01-29-998Z_n-sweep_1-2-4-8-16-32-50,V0,,32,D-voto,,,vote,14,against,,0x56781388,,64747,1,,0xce558082750ac1fc679e07d128e3171c9e55b11c5b3852435fd98a2917d10245
2026-09-23T22-01-29-998Z_n-sweep_1-2-4-8-16-32-50,V0,,32,D-voto,,,vote,15,against,,0x56781388,,64747,1,,0x8f0bd44bf9328a50fae4e07684529d92d895b7f981ad85feb243fb1a3414d54f
2026-09-23T22-01-29-998Z_n-sweep_1-2-4-8-16-32-50,V0,,32,D-voto,,,vote,16,against,,0x56781388,,64747,1,,0x6c21b8bd91cb0e038afaac5421e70f3e5445eae7ce6f53df4c26fb6dec11ac0f
2026-09-23T22-01-29-998Z_n-sweep_1-2-4-8-16-32-50,V0,,32,D-voto,,,vote,17,against,,0x56781388,,64747,1,,0xbc543f7f4356cd2ea5d63872818d0f08102d6e770f31b1ca6dd2eea7ae85812d
2026-09-23T22-01-29-998Z_n-sweep_1-2-4-8-16-32-50,V0,,32,D-voto,,,execute_attempt,,,execute,0x2656227d,WasteCategoryRegistry.updateCredits,40382,0,"VM Exception while processing transaction: reverted with custom error 'GovernorUnexpectedProposalState(45229681237103917246110725054338857886394040569390071892463712588144701555659, 3, '0x0000000000000000000000000000000000000000000000000000000000000030')'",0xacfe74d0059981916e73faae9c36783ce9f12099b0a069f32d84ed80d2079b07
2026-09-23T22-01-29-998Z_n-sweep_1-2-4-8-16-32-50,V1,T1,,,,,deploy_token_T1,,,constructor,0x61016060,,1621017,1,,0xece28f063ba256e8fc65152daf61fe745a7823e8ba387b1b661409f18f6dc4cc
2026-09-23T22-01-29-998Z_n-sweep_1-2-4-8-16-32-50,V1,,,,,,deploy_registry,,,constructor,0x60806040,,4590964,1,,0x9005486642112873086c0faf3a06ce7199e3377186a80eb6eea4235f5e1c6f56
2026-09-23T22-01-29-998Z_n-sweep_1-2-4-8-16-32-50,V1,,,,,,deploy_governor_V1,,,constructor,0x6101c080,,2141155,1,,0xcbf032b87647649d09648621f7d61fb312aee4174486ee6f404819243ac59ca9
2026-09-23T22-01-29-998Z_n-sweep_1-2-4-8-16-32-50,V1,,,,,,grant_admin_role,,,grantRole,0x2f2ff15d,,50799,1,,0xfdc9a3875129e16eb4a0e6527cfb2e5662449c13660398cf3b7c723db6d0e009
2026-09-23T22-01-29-998Z_n-sweep_1-2-4-8-16-32-50,V1,,,,,,revoke_deployer_admin_role,,,revokeRole,0xd547741f,,27116,1,,0xc189311656167d1c4c211ee1c4f5143a8df64ff72cb449ebf7ec77ff2fd0bcbb
2026-09-23T22-01-29-998Z_n-sweep_1-2-4-8-16-32-50,V1,,32,D-voto,,,delegate_admin,,,,0x5c19a95c,,95559,1,,0xd4695df7ceba86e36d8d32ccf756640823a0c1b729cf20e3a0b632c08e38ee6a
2026-09-23T22-01-29-998Z_n-sweep_1-2-4-8-16-32-50,V1,,32,D-voto,,,delegate,,,,0x5c19a95c,,48347,1,,0x81d5bf8e96fad9ce8b5230dc73abbeb313b25fcb2932728690f357e6b4e905b9
2026-09-23T22-01-29-998Z_n-sweep_1-2-4-8-16-32-50,V1,,32,D-voto,,,delegate,,,,0x5c19a95c,,48335,1,,0x92147b8c796bc2b0f21acc979799bbf4c5b5033d9d67806a8ad6842fe03d41df
2026-09-23T22-01-29-998Z_n-sweep_1-2-4-8-16-32-50,V1,,32,D-voto,,,delegate,,,,0x5c19a95c,,48347,1,,0xfff43b85310b182c6fdaa6a0b82056393aba2572b23e543b42f064dc4690e2fc
2026-09-23T22-01-29-998Z_n-sweep_1-2-4-8-16-32-50,V1,,32,D-voto,,,delegate,,,,0x5c19a95c,,48347,1,,0xd65054394087a126f7201b8caf565d34e4b8e2c37299a2eb2e8e1e169e8753b2
2026-09-23T22-01-29-998Z_n-sweep_1-2-4-8-16-32-50,V1,,32,D-voto,,,delegate,,,,0x5c19a95c,,48347,1,,0x0c6ee11e6f4f09c9119d3c03df89d743f104be74b800d0b47cbfa2e1629e917b
2026-09-23T22-01-29-998Z_n-sweep_1-2-4-8-16-32-50,V1,,32,D-voto,,,delegate,,,,0x5c19a95c,,48347,1,,0x9e4c58d93f5292a4566258e1c10f556eb9dc4074e322b7c357bf5ad65da50cae
2026-09-23T22-01-29-998Z_n-sweep_1-2-4-8-16-32-50,V1,,32,D-voto,,,delegate,,,,0x5c19a95c,,48347,1,,0x6ebf0fe5777b4feb07a84b604e7094e789e104c0aa39284dccf1b9da9c17904e
2026-09-23T22-01-29-998Z_n-sweep_1-2-4-8-16-32-50,V1,,32,D-voto,,,delegate,,,,0x5c19a95c,,48347,1,,0xfe42119cc5b68fbfd433dffe547dcf50b55480a011d31795da0f08ec660c70b3
2026-09-23T22-01-29-998Z_n-sweep_1-2-4-8-16-32-50,V1,,32,D-voto,,,delegate,,,,0x5c19a95c,,48347,1,,0x1cd5ec1a28c590b58fdf7467e7fffeb349eed4d261a6e6dd6bbe64d73d17bd59
2026-09-23T22-01-29-998Z_n-sweep_1-2-4-8-16-32-50,V1,,32,D-voto,,,delegate,,,,0x5c19a95c,,48335,1,,0x44f126ec5cf68cfd276b82e1245a8bb78ca6d635813f085d1a125f483e4d5924
2026-09-23T22-01-29-998Z_n-sweep_1-2-4-8-16-32-50,V1,,32,D-voto,,,delegate,,,,0x5c19a95c,,48347,1,,0xe3c56247fde6ff45e5ce391eac68170bdc36be578302a953ddcf8384ecd07aa8
2026-09-23T22-01-29-998Z_n-sweep_1-2-4-8-16-32-50,V1,,32,D-voto,,,delegate,,,,0x5c19a95c,,48347,1,,0x97563cc4398d7b02943ad3e3ef1bdae06351c02ad3fb2d2b948579fc1d32295f
2026-09-23T22-01-29-998Z_n-sweep_1-2-4-8-16-32-50,V1,,32,D-voto,,,delegate,,,,0x5c19a95c,,48347,1,,0x2254c00b60e2f0581478274e6123b6295b391cc3698f1951fb660335b3cd6c33
2026-09-23T22-01-29-998Z_n-sweep_1-2-4-8-16-32-50,V1,,32,D-voto,,,delegate,,,,0x5c19a95c,,48347,1,,0xc3e2689cb93afecc73f02fe2fc704ca424bfebf2840b02e15e94e2eacaca6d1c
2026-09-23T22-01-29-998Z_n-sweep_1-2-4-8-16-32-50,V1,,32,D-voto,,,delegate,,,,0x5c19a95c,,48347,1,,0xf481a9d9df12d0c5f7b29cc5bd284c8ca3e14873afc209155e790bf19f68d897
2026-09-23T22-01-29-998Z_n-sweep_1-2-4-8-16-32-50,V1,,32,D-voto,,,delegate,,,,0x5c19a95c,,48347,1,,0x8975637550f485546f85f8e6d9a6ed6447c7e76fff1ec5f6c9e76fb534393987
2026-09-23T22-01-29-998Z_n-sweep_1-2-4-8-16-32-50,V1,,32,D-voto,,,delegate,,,,0x5c19a95c,,48347,1,,0x923ae1f8d3d22d25940fc9eb75f6f6f16c191c6a236895f77670dcca6996d312
2026-09-23T22-01-29-998Z_n-sweep_1-2-4-8-16-32-50,V1,,32,D-voto,,,delegate,,,,0x5c19a95c,,48347,1,,0xfa31a6684a33a12042a314e8f53f866c316bd76cf3829f1b1bdf9c6709375faf
2026-09-23T22-01-29-998Z_n-sweep_1-2-4-8-16-32-50,V1,,32,D-voto,,,delegate,,,,0x5c19a95c,,48347,1,,0x85a35cc5c2fd484741123514532c6d193414e920845266674d577133f95aeb61
2026-09-23T22-01-29-998Z_n-sweep_1-2-4-8-16-32-50,V1,,32,D-voto,,,delegate,,,,0x5c19a95c,,48347,1,,0x2c0c0e3cf1f17f2dbd21478c48f6a01b7c3f80cdc9a8337eb22078304610831f
2026-09-23T22-01-29-998Z_n-sweep_1-2-4-8-16-32-50,V1,,32,D-voto,,,delegate,,,,0x5c19a95c,,48347,1,,0xa3ed7a1ccf1c20c61c0c5d590ac689d2c051d45201c4389538358e9b8bb285bc
2026-09-23T22-01-29-998Z_n-sweep_1-2-4-8-16-32-50,V1,,32,D-voto,,,delegate,,,,0x5c19a95c,,48347,1,,0x661c282cd9e0e8ae9af420543abc3bdc613c6cb387574718fba247544e2af8e9
2026-09-23T22-01-29-998Z_n-sweep_1-2-4-8-16-32-50,V1,,32,D-voto,,,delegate,,,,0x5c19a95c,,48347,1,,0xa25eec8de30d8f33b67249979cc372deee4340970acf515ed11237297c254db8
2026-09-23T22-01-29-998Z_n-sweep_1-2-4-8-16-32-50,V1,,32,D-voto,,,delegate,,,,0x5c19a95c,,48347,1,,0x4531944da7228710c401fe613cc835a5a2ab8911500c323b7a89206096a62c5e
2026-09-23T22-01-29-998Z_n-sweep_1-2-4-8-16-32-50,V1,,32,D-voto,,,delegate,,,,0x5c19a95c,,48335,1,,0x34fd858bbdd79805fe9ac14ac3496bc1581b8cd1fca415dd388ac92a1031b1a5
2026-09-23T22-01-29-998Z_n-sweep_1-2-4-8-16-32-50,V1,,32,D-voto,,,delegate,,,,0x5c19a95c,,48347,1,,0x3873a22f0d3bd864cb6adf03e490138f7a8c74e0367b46c72eb32ab59606fc50
2026-09-23T22-01-29-998Z_n-sweep_1-2-4-8-16-32-50,V1,,32,D-voto,,,delegate,,,,0x5c19a95c,,48347,1,,0x015c8107c64083620d33bd63ee4539fae6a634cbff1a7060ce0d9d7635a92667
2026-09-23T22-01-29-998Z_n-sweep_1-2-4-8-16-32-50,V1,,32,D-voto,,,delegate,,,,0x5c19a95c,,48347,1,,0x4d690799cd4e7de3c25a6216085b0327439b44872c331c8bdeed03412851c496
2026-09-23T22-01-29-998Z_n-sweep_1-2-4-8-16-32-50,V1,,32,D-voto,,,delegate,,,,0x5c19a95c,,48347,1,,0x4e2b6075a69f1a5defbf56244ed346d13180f658d70986f145e7afacf2a1769c
2026-09-23T22-01-29-998Z_n-sweep_1-2-4-8-16-32-50,V1,,32,D-voto,,,delegate,,,,0x5c19a95c,,48347,1,,0xdb953c4d33d8186e4e68b823485663114eed9632b4e6afebc927746da2cc5444
2026-09-23T22-01-29-998Z_n-sweep_1-2-4-8-16-32-50,V1,,32,D-voto,,,delegate,,,,0x5c19a95c,,48347,1,,0x6e11fc1a1f465bb514b7050fb921834e4af6a4c1f01678025fabce44812892fb
2026-09-23T22-01-29-998Z_n-sweep_1-2-4-8-16-32-50,V1,,32,D-voto,,,delegate,,,,0x5c19a95c,,48347,1,,0x02ed69ad44539ce394fe9de851cfc82976eaf863ce9b6bb6dbf7356c766b4e34
2026-09-23T22-01-29-998Z_n-sweep_1-2-4-8-16-32-50,V1,,32,D-voto,,,transfer,,,,0xa9059cbb,,135960,1,,0xb456269427e69b5e6ce8e76119fc7d322df6ec9289b99576d4a1afad4e375832
2026-09-23T22-01-29-998Z_n-sweep_1-2-4-8-16-32-50,V1,,32,D-voto,,,transfer,,,,0xa9059cbb,,135948,1,,0xb1ebdc3fafc8d37f132e1bcc9fa8242f9ac4ccbf686053a9c11fea1447d7954a
2026-09-23T22-01-29-998Z_n-sweep_1-2-4-8-16-32-50,V1,,32,D-voto,,,transfer,,,,0xa9059cbb,,135960,1,,0x0706982ce9ffc9a9a6049bdad109ccb7771a360862c1c67d4604b16e468e88b3
2026-09-23T22-01-29-998Z_n-sweep_1-2-4-8-16-32-50,V1,,32,D-voto,,,transfer,,,,0xa9059cbb,,135960,1,,0x2be7a2323568fcd1226a0c9609a47190689b94f2bfd0a447e2dd0b263421859f
2026-09-23T22-01-29-998Z_n-sweep_1-2-4-8-16-32-50,V1,,32,D-voto,,,transfer,,,,0xa9059cbb,,135960,1,,0x306101092df768e906c434b562ff9c882664cf533261e971ab14944111cc0b35
2026-09-23T22-01-29-998Z_n-sweep_1-2-4-8-16-32-50,V1,,32,D-voto,,,transfer,,,,0xa9059cbb,,135960,1,,0x5a32b538f96cee1fd52ee740d3498092b5ff7b800fe37d249516ce644ac4c638
2026-09-23T22-01-29-998Z_n-sweep_1-2-4-8-16-32-50,V1,,32,D-voto,,,transfer,,,,0xa9059cbb,,135960,1,,0x2b3c88dfa9086dedb70af73e2a72d41b372d8737896af7d9c24b888ba77809a8
2026-09-23T22-01-29-998Z_n-sweep_1-2-4-8-16-32-50,V1,,32,D-voto,,,transfer,,,,0xa9059cbb,,135960,1,,0xc6c3504257735cab1ebbf8e23b8dfa0891033d340b7faee41c7a4c8ffcaf2f05
2026-09-23T22-01-29-998Z_n-sweep_1-2-4-8-16-32-50,V1,,32,D-voto,,,transfer,,,,0xa9059cbb,,135960,1,,0x8c375b595de805e2c20ab49d5366ef38ae2405712a57898e36c42d7394dc7dea
2026-09-23T22-01-29-998Z_n-sweep_1-2-4-8-16-32-50,V1,,32,D-voto,,,transfer,,,,0xa9059cbb,,135948,1,,0x956797de8927bfe4fa4238f3c3d6225ec80fb5cb7f8988c10bcbf7507db7f433
2026-09-23T22-01-29-998Z_n-sweep_1-2-4-8-16-32-50,V1,,32,D-voto,,,transfer,,,,0xa9059cbb,,135960,1,,0x8419adca48826d94d148af9eb8c52743544499d0862d2c79fe217f13838d3f89
2026-09-23T22-01-29-998Z_n-sweep_1-2-4-8-16-32-50,V1,,32,D-voto,,,transfer,,,,0xa9059cbb,,135960,1,,0xa6a407b8151974f51fd3480ed2808e823a862b1a9fc3e4d58826cc40991de5ce
2026-09-23T22-01-29-998Z_n-sweep_1-2-4-8-16-32-50,V1,,32,D-voto,,,transfer,,,,0xa9059cbb,,135960,1,,0x7cb9b9759a154291125191612f5d3d9c005445ca3d44499b84df2cdf24196036
2026-09-23T22-01-29-998Z_n-sweep_1-2-4-8-16-32-50,V1,,32,D-voto,,,transfer,,,,0xa9059cbb,,135960,1,,0x37425c743b5169af4a191d2411ef9ec7a8ecfd4d3f9e18e9c74c8441e728227d
2026-09-23T22-01-29-998Z_n-sweep_1-2-4-8-16-32-50,V1,,32,D-voto,,,transfer,,,,0xa9059cbb,,135960,1,,0x30047ac0d2b376ce93122498326e833da05270630abef795f3659920af1f01f3
2026-09-23T22-01-29-998Z_n-sweep_1-2-4-8-16-32-50,V1,,32,D-voto,,,transfer,,,,0xa9059cbb,,135960,1,,0x25b05249a040061fc25c18be11522eaba7e4df163e9ce17f69863b5a67fccb76
2026-09-23T22-01-29-998Z_n-sweep_1-2-4-8-16-32-50,V1,,32,D-voto,,,transfer,,,,0xa9059cbb,,135960,1,,0x9f4ab1b66a7ab3047273f1a54d34b17dce9dff1c107a018ddfac1f8406fd791a
2026-09-23T22-01-29-998Z_n-sweep_1-2-4-8-16-32-50,V1,,32,D-voto,,,transfer,,,,0xa9059cbb,,135960,1,,0x1c23e5aa6a3e4e7eece03a43c7bee946db01ccd04cb4351c56313615169cd5f7
2026-09-23T22-01-29-998Z_n-sweep_1-2-4-8-16-32-50,V1,,32,D-voto,,,transfer,,,,0xa9059cbb,,135960,1,,0x808e0b1a1f83e43b1b0bbeebf1eaa49a2a0bd603dc033838a51dbc520100f07e
2026-09-23T22-01-29-998Z_n-sweep_1-2-4-8-16-32-50,V1,,32,D-voto,,,transfer,,,,0xa9059cbb,,135960,1,,0x5a9e739bf10cf83ed688f6b886c370f4149c627ecdb8e2f83acec9af0d1e9ad7
2026-09-23T22-01-29-998Z_n-sweep_1-2-4-8-16-32-50,V1,,32,D-voto,,,transfer,,,,0xa9059cbb,,135960,1,,0xd98acace08286d3e5bc862992a1feeb750161810d0f11fff091be1b9b2d82ec4
2026-09-23T22-01-29-998Z_n-sweep_1-2-4-8-16-32-50,V1,,32,D-voto,,,transfer,,,,0xa9059cbb,,135960,1,,0x02f3d6da6a616977f3c74d4af815dd50f18791ec5f826da90aa5ae9ef216be0b
2026-09-23T22-01-29-998Z_n-sweep_1-2-4-8-16-32-50,V1,,32,D-voto,,,transfer,,,,0xa9059cbb,,135960,1,,0xba289594f475d94893786718c7be70af369cd9d6fb44497a45822d97b6355a29
2026-09-23T22-01-29-998Z_n-sweep_1-2-4-8-16-32-50,V1,,32,D-voto,,,transfer,,,,0xa9059cbb,,135960,1,,0x08700732f89c0ba615bd8eeeeb0da4c103eba6f7d06c33eb6c01e53380f25dcd
2026-09-23T22-01-29-998Z_n-sweep_1-2-4-8-16-32-50,V1,,32,D-voto,,,transfer,,,,0xa9059cbb,,135948,1,,0xcfffabbbdd8e51d9435bb673210e62b7334b7d2df8e4a3d70c4461cd0fcf447a
2026-09-23T22-01-29-998Z_n-sweep_1-2-4-8-16-32-50,V1,,32,D-voto,,,transfer,,,,0xa9059cbb,,135960,1,,0x6a4069c122629b5e403a8e517573612f517cdc4223087adf4d4e46ecc1ee28fa
2026-09-23T22-01-29-998Z_n-sweep_1-2-4-8-16-32-50,V1,,32,D-voto,,,transfer,,,,0xa9059cbb,,135960,1,,0x43f7e058f78f5c7ce717c161d923cabe7762bcbb8972d7ee8fefca0222f2ac2e
2026-09-23T22-01-29-998Z_n-sweep_1-2-4-8-16-32-50,V1,,32,D-voto,,,transfer,,,,0xa9059cbb,,135960,1,,0xb91cdfd0d12560265c641a94d1861458541d1dae9f997abd1dfa9cd90d1da67f
2026-09-23T22-01-29-998Z_n-sweep_1-2-4-8-16-32-50,V1,,32,D-voto,,,transfer,,,,0xa9059cbb,,135960,1,,0x284b008bbeb87e89e13af70f36c3f6915fd65474aadd30470c0579190ecd68bd
2026-09-23T22-01-29-998Z_n-sweep_1-2-4-8-16-32-50,V1,,32,D-voto,,,transfer,,,,0xa9059cbb,,135960,1,,0x97b6c18b16e030e7b38ed387cb03f0c4d64c025ee39fe4e224cc6b950d321c35
2026-09-23T22-01-29-998Z_n-sweep_1-2-4-8-16-32-50,V1,,32,D-voto,,,transfer,,,,0xa9059cbb,,135960,1,,0xa345160eee559cdd8379b98b9e47ed1c8910297dd1a07ae65e92da3cd077a630
2026-09-23T22-01-29-998Z_n-sweep_1-2-4-8-16-32-50,V1,,32,D-voto,,,transfer,,,,0xa9059cbb,,135960,1,,0xd9fc574e08881af2698645cc1d7617b8e12462a5806467e1d7fe5ff479431a79
2026-09-23T22-01-29-998Z_n-sweep_1-2-4-8-16-32-50,V1,,32,D-voto,,,propose,,,propose,0x7d5e81e2,WasteCategoryRegistry.updateCredits,63351,1,,0x983229acd285222a375126a74e5a014741498851b15659e90b12639f0548435a
2026-09-23T22-01-29-998Z_n-sweep_1-2-4-8-16-32-50,V1,,32,D-voto,,,vote,1,for,,0x56781388,,82468,1,,0x19bcb17d1f8b3c0f09f534630d9922f2d818fe77cf10f9a5434d7eaa4206731d
2026-09-23T22-01-29-998Z_n-sweep_1-2-4-8-16-32-50,V1,,32,D-voto,,,vote,2,for,,0x56781388,,65368,1,,0xcd4fa1558dcc0a31015f00d90e8ac6e6ca8dc993bb5b589f62f1dbf037eeaa64
2026-09-23T22-01-29-998Z_n-sweep_1-2-4-8-16-32-50,V1,,32,D-voto,,,vote,3,for,,0x56781388,,65368,1,,0x7362529a5ac9c536cb69dd54fef9708faa6a7a8f4bfc624146898bd204b86846
2026-09-23T22-01-29-998Z_n-sweep_1-2-4-8-16-32-50,V1,,32,D-voto,,,vote,4,for,,0x56781388,,65368,1,,0x4a3d1ea31e7850dabda24c844cd4b60f6b8b5e5b1896fd76937a28f80459faa7
2026-09-23T22-01-29-998Z_n-sweep_1-2-4-8-16-32-50,V1,,32,D-voto,,,vote,5,for,,0x56781388,,65368,1,,0x54be4e9ca041ff75a1f0383d024f0e37fb63839cdfcad82c2993eb5255c8daf8
2026-09-23T22-01-29-998Z_n-sweep_1-2-4-8-16-32-50,V1,,32,D-voto,,,vote,6,for,,0x56781388,,65368,1,,0x0686c7b881c4db7f17e7f2d53cc59d588e89db32aa47c755dc1baa510021d940
2026-09-23T22-01-29-998Z_n-sweep_1-2-4-8-16-32-50,V1,,32,D-voto,,,vote,7,for,,0x56781388,,65368,1,,0x8bfe69b2f43ef4f0b1a77f47f28f04b9079c1a32ec461a9f3a4201e6c7e6bdf0
2026-09-23T22-01-29-998Z_n-sweep_1-2-4-8-16-32-50,V1,,32,D-voto,,,vote,8,for,,0x56781388,,65368,1,,0x3f9e410484c6e2fbe6cf0e1da20549ee4c2405c93606615c7a499c0058c126fd
2026-09-23T22-01-29-998Z_n-sweep_1-2-4-8-16-32-50,V1,,32,D-voto,,,vote,9,for,,0x56781388,,65368,1,,0x60bf794628898900a39fdf98759d4c349bc042f283fca4c79b3337765a74a0d0
2026-09-23T22-01-29-998Z_n-sweep_1-2-4-8-16-32-50,V1,,32,D-voto,,,vote,10,for,,0x56781388,,65368,1,,0x5d5f6558db43d62650fdbc42d41f0a5b4e94e61318d78008fd648467aba591b4
2026-09-23T22-01-29-998Z_n-sweep_1-2-4-8-16-32-50,V1,,32,D-voto,,,vote,11,for,,0x56781388,,65368,1,,0x428f738d2826f1db00dc824e93b05012b40ecb3cc3a85305e33584ed9692b149
2026-09-23T22-01-29-998Z_n-sweep_1-2-4-8-16-32-50,V1,,32,D-voto,,,vote,12,for,,0x56781388,,65368,1,,0x89df6b49b85bef9af9d3ddd205a8a696c889d4fe3914acd0d582a7d5ac6f26ab
2026-09-23T22-01-29-998Z_n-sweep_1-2-4-8-16-32-50,V1,,32,D-voto,,,vote,13,for,,0x56781388,,65368,1,,0xd8ef015d172dff51ee77a0051a7e8f1cf0f02837dfda83fb1b52922a8928e6bf
2026-09-23T22-01-29-998Z_n-sweep_1-2-4-8-16-32-50,V1,,32,D-voto,,,vote,14,for,,0x56781388,,65368,1,,0x379f8c475c7739e99921b6a4e05e42bd7c0cf161eb720df4a634c32e5b51eff7
2026-09-23T22-01-29-998Z_n-sweep_1-2-4-8-16-32-50,V1,,32,D-voto,,,vote,15,for,,0x56781388,,65368,1,,0x02382f040c723d99e9ff6f62a0a2e15a63f0c01c31ec5c021ce2731107b87e2d
2026-09-23T22-01-29-998Z_n-sweep_1-2-4-8-16-32-50,V1,,32,D-voto,,,vote,1,against,,0x56781388,,82416,1,,0x2996d2756bf28d5d82532f96adcad67bc40610b0f97c5494999e1a2ca563d78c
2026-09-23T22-01-29-998Z_n-sweep_1-2-4-8-16-32-50,V1,,32,D-voto,,,vote,2,against,,0x56781388,,65316,1,,0xf098c04c16938b9447e2d2475c85333b237fcca3094f5e512e484521f749256a
2026-09-23T22-01-29-998Z_n-sweep_1-2-4-8-16-32-50,V1,,32,D-voto,,,vote,3,against,,0x56781388,,65316,1,,0x59d85a68b448d8149dbec5d79263b1f529f47d42da334675a0a2337dc58ada40
2026-09-23T22-01-29-998Z_n-sweep_1-2-4-8-16-32-50,V1,,32,D-voto,,,vote,4,against,,0x56781388,,65316,1,,0x011d5f6b641982e82d3648ae01aeb3de213f411b90ab7ea2d14f473f5d3a5b10
2026-09-23T22-01-29-998Z_n-sweep_1-2-4-8-16-32-50,V1,,32,D-voto,,,vote,5,against,,0x56781388,,65316,1,,0xeef437e511e87dbb3b1fe6b55344b941c92eadb5b740c29da52d6bd5511af16c
2026-09-23T22-01-29-998Z_n-sweep_1-2-4-8-16-32-50,V1,,32,D-voto,,,vote,6,against,,0x56781388,,65316,1,,0x8b8e82a0d0fca7793ca94cee953e590c04c82cbcdff75488091b4fc79d13a859
2026-09-23T22-01-29-998Z_n-sweep_1-2-4-8-16-32-50,V1,,32,D-voto,,,vote,7,against,,0x56781388,,65316,1,,0x02f064ce93509a28a68c54b6fc69c13fcd1ee74b497a0ed8351c04bc49458fc5
2026-09-23T22-01-29-998Z_n-sweep_1-2-4-8-16-32-50,V1,,32,D-voto,,,vote,8,against,,0x56781388,,65316,1,,0xdd63dcb7155cb5c8e4ec8cbeb63a9530cc1b60415e25924a60c8e8b85054d2c9
2026-09-23T22-01-29-998Z_n-sweep_1-2-4-8-16-32-50,V1,,32,D-voto,,,vote,9,against,,0x56781388,,65316,1,,0xdec04abaa3c105938ac5f9fe08f9e94ee7af2211f620c89cf867d0d2ca00c5a7
2026-09-23T22-01-29-998Z_n-sweep_1-2-4-8-16-32-50,V1,,32,D-voto,,,vote,10,against,,0x56781388,,65316,1,,0xa5dbd213899e915bbc695ff335ae698989c9b56f6213b6affd5444e23748eaaf
2026-09-23T22-01-29-998Z_n-sweep_1-2-4-8-16-32-50,V1,,32,D-voto,,,vote,11,against,,0x56781388,,65316,1,,0x285a39b55b398ac00e7e3741d259fea6e815f8f42c0d59ee30b12bfffe442145
2026-09-23T22-01-29-998Z_n-sweep_1-2-4-8-16-32-50,V1,,32,D-voto,,,vote,12,against,,0x56781388,,65316,1,,0xf3b6dcc63ce5de4ac44f60a319ae49a8f29305324ef5f55c5118f61b6aeba5f6
2026-09-23T22-01-29-998Z_n-sweep_1-2-4-8-16-32-50,V1,,32,D-voto,,,vote,13,against,,0x56781388,,65316,1,,0x4c0968f9ed643898fafe2dc7b3eaf7e98706714085560df163afc85e014eca32
2026-09-23T22-01-29-998Z_n-sweep_1-2-4-8-16-32-50,V1,,32,D-voto,,,vote,14,against,,0x56781388,,65316,1,,0xebb4c2ef55b62fc110473fb05c4de26e6b7b3307eda1fda7694e72df99465c4b
2026-09-23T22-01-29-998Z_n-sweep_1-2-4-8-16-32-50,V1,,32,D-voto,,,vote,15,against,,0x56781388,,65316,1,,0x0940b95c922dccf8b4b2e5cc5b0ed6baacdf198beb535a40f69b6df56a25cedd
2026-09-23T22-01-29-998Z_n-sweep_1-2-4-8-16-32-50,V1,,32,D-voto,,,vote,16,against,,0x56781388,,65316,1,,0xb80458437c2fe59d020c826a4479709cde54aa77e06ee11358b82a5b9df14798
2026-09-23T22-01-29-998Z_n-sweep_1-2-4-8-16-32-50,V1,,32,D-voto,,,vote,17,against,,0x56781388,,65316,1,,0x145970674e262ebc1317add14301cb4336f47f7b1c1ba47ff7506ee7922fe06f
2026-09-23T22-01-29-998Z_n-sweep_1-2-4-8-16-32-50,V1,,32,D-voto,,,execute_attempt,,,execute,0x2656227d,WasteCategoryRegistry.updateCredits,40382,0,"VM Exception while processing transaction: reverted with custom error 'GovernorUnexpectedProposalState(61764899254125787268531666918427554117803156101299123505867002082345889686435, 3, '0x0000000000000000000000000000000000000000000000000000000000000030')'",0xef872c7bea76a33094a1a159c4d6853a3dd5d0a5e83cb2a324f57eb7e0b893d1
2026-09-23T22-01-29-998Z_n-sweep_1-2-4-8-16-32-50,V2,T1,,,,,deploy_token_T1,,,constructor,0x61016060,,1621017,1,,0xece28f063ba256e8fc65152daf61fe745a7823e8ba387b1b661409f18f6dc4cc
2026-09-23T22-01-29-998Z_n-sweep_1-2-4-8-16-32-50,V2,,,,,,deploy_registry,,,constructor,0x60806040,,4590964,1,,0x9005486642112873086c0faf3a06ce7199e3377186a80eb6eea4235f5e1c6f56
2026-09-23T22-01-29-998Z_n-sweep_1-2-4-8-16-32-50,V2,,,,,,deploy_governor_V2,,,constructor,0x6101e080,,2178840,1,,0xa32c9f3d540c0ae9eee563ea02a53e3c1648afde51e09209202bc2912d9a8532
2026-09-23T22-01-29-998Z_n-sweep_1-2-4-8-16-32-50,V2,,,,,,grant_admin_role,,,grantRole,0x2f2ff15d,,50799,1,,0x0482dd737ad13e5cf9f342f77b7f4c8d4a60575e6613b501a7a433855227e65d
2026-09-23T22-01-29-998Z_n-sweep_1-2-4-8-16-32-50,V2,,,,,,revoke_deployer_admin_role,,,revokeRole,0xd547741f,,27116,1,,0xbf6c6756b6e885a31717a4b56f3c4fc35da4780ca84e075711ea97189f58ea3d
2026-09-23T22-01-29-998Z_n-sweep_1-2-4-8-16-32-50,V2,,32,D-voto,,,delegate_admin,,,,0x5c19a95c,,95559,1,,0xe4ed125ff7fcf34a784094393e69d7b32184f90f45a88cf0e398ac5fe2329d50
2026-09-23T22-01-29-998Z_n-sweep_1-2-4-8-16-32-50,V2,,32,D-voto,,,delegate,,,,0x5c19a95c,,48347,1,,0x8e5cf2e817455991c3f88244f29b95e3c5703efb253d16587c3e019ace8ed4aa
2026-09-23T22-01-29-998Z_n-sweep_1-2-4-8-16-32-50,V2,,32,D-voto,,,delegate,,,,0x5c19a95c,,48335,1,,0x3a4d0b938991cc6665fddf48aab742d27a2480134e4cb1cf5b844b9724575405
2026-09-23T22-01-29-998Z_n-sweep_1-2-4-8-16-32-50,V2,,32,D-voto,,,delegate,,,,0x5c19a95c,,48347,1,,0x8df16e2387da0d9fa03469e487a72815c7ad0f22d2e3631bfcd3e8532e84566f
2026-09-23T22-01-29-998Z_n-sweep_1-2-4-8-16-32-50,V2,,32,D-voto,,,delegate,,,,0x5c19a95c,,48347,1,,0x95612e3ccf4e98f664cb62c90a18fd3142e8f5668db18fb82a400652a6b96b06
2026-09-23T22-01-29-998Z_n-sweep_1-2-4-8-16-32-50,V2,,32,D-voto,,,delegate,,,,0x5c19a95c,,48347,1,,0x8cfbd9c8afd095297879c4ea5a6d41c276c3b770abd2f751b06ec63384df15d6
2026-09-23T22-01-29-998Z_n-sweep_1-2-4-8-16-32-50,V2,,32,D-voto,,,delegate,,,,0x5c19a95c,,48347,1,,0x96ff47bd12ed3260165a9b3c82bacf4a9f1cfd47a5f8548491ee35c1066f2e38
2026-09-23T22-01-29-998Z_n-sweep_1-2-4-8-16-32-50,V2,,32,D-voto,,,delegate,,,,0x5c19a95c,,48347,1,,0x3c7464a5135ef0630048da3b891f6f95d941c4b44dfb27d1230d6c7015af52d6
2026-09-23T22-01-29-998Z_n-sweep_1-2-4-8-16-32-50,V2,,32,D-voto,,,delegate,,,,0x5c19a95c,,48347,1,,0xcef7f0dbdf22e7ddd7612e11e8e4d04d07ff7ed50742fa593a04379c3fb4c79a
2026-09-23T22-01-29-998Z_n-sweep_1-2-4-8-16-32-50,V2,,32,D-voto,,,delegate,,,,0x5c19a95c,,48347,1,,0x2a05bf2175c5ddc1c903f568e1aef2d66314124f75bcf8379ba8adf2782fee08
2026-09-23T22-01-29-998Z_n-sweep_1-2-4-8-16-32-50,V2,,32,D-voto,,,delegate,,,,0x5c19a95c,,48335,1,,0xed076a3bb603efd5d8a71a2cc98ed4047b12d152a544a7d1d7a341433c9a4602
2026-09-23T22-01-29-998Z_n-sweep_1-2-4-8-16-32-50,V2,,32,D-voto,,,delegate,,,,0x5c19a95c,,48347,1,,0x10be283a8ec30b680dc3aca50b759e0cf9c8afc082d9e83402cea754eca72a1f
2026-09-23T22-01-29-998Z_n-sweep_1-2-4-8-16-32-50,V2,,32,D-voto,,,delegate,,,,0x5c19a95c,,48347,1,,0x2a30f5270f05f3f17e6177f9b77f58b934718ec7c2e872415fd5bb3af3d1a729
2026-09-23T22-01-29-998Z_n-sweep_1-2-4-8-16-32-50,V2,,32,D-voto,,,delegate,,,,0x5c19a95c,,48347,1,,0x8627a7ad29f66cec2d29399f287974e7802b96ce1c1094b9f03f71ebb4aee554
2026-09-23T22-01-29-998Z_n-sweep_1-2-4-8-16-32-50,V2,,32,D-voto,,,delegate,,,,0x5c19a95c,,48347,1,,0x09935171751aaaad6b28f8c0a6e1389d805ea4048b73d32206a0f9fb56fe6526
2026-09-23T22-01-29-998Z_n-sweep_1-2-4-8-16-32-50,V2,,32,D-voto,,,delegate,,,,0x5c19a95c,,48347,1,,0xcc0bb7cbd2d0f3f8fa2b739bbaa5db203755fbd70b3eefc00d112f1bb589ceaf
2026-09-23T22-01-29-998Z_n-sweep_1-2-4-8-16-32-50,V2,,32,D-voto,,,delegate,,,,0x5c19a95c,,48347,1,,0xc76339288f99a2e44a4485a1794ebb0cad6215adbb061dde8b472b5783d68437
2026-09-23T22-01-29-998Z_n-sweep_1-2-4-8-16-32-50,V2,,32,D-voto,,,delegate,,,,0x5c19a95c,,48347,1,,0x4eff498246ceed5814c564e65aad18449d9d8819517ba51d588d9cfdae3d4d2a
2026-09-23T22-01-29-998Z_n-sweep_1-2-4-8-16-32-50,V2,,32,D-voto,,,delegate,,,,0x5c19a95c,,48347,1,,0xa6ae49a326f302b9e71391f9415c0d930458ea03039ee9086f5687369d739f43
2026-09-23T22-01-29-998Z_n-sweep_1-2-4-8-16-32-50,V2,,32,D-voto,,,delegate,,,,0x5c19a95c,,48347,1,,0xf13688c59dca87eeaaf2b3d3ae625f01224e2d5b4954af7ddb9eacd7e8fca21e
2026-09-23T22-01-29-998Z_n-sweep_1-2-4-8-16-32-50,V2,,32,D-voto,,,delegate,,,,0x5c19a95c,,48347,1,,0xed760b7612d9a02f7ab38dcca54d7d989dd819b4bb98906db1dbcca059ac084f
2026-09-23T22-01-29-998Z_n-sweep_1-2-4-8-16-32-50,V2,,32,D-voto,,,delegate,,,,0x5c19a95c,,48347,1,,0x408a7ccbb0d6637960a2093204a5084a7c3370084f7061b277e04d5d1523ae58
2026-09-23T22-01-29-998Z_n-sweep_1-2-4-8-16-32-50,V2,,32,D-voto,,,delegate,,,,0x5c19a95c,,48347,1,,0x3152e0d13e4c1339d74b6b187ca12500a969817e0120fc16874758b89451705c
2026-09-23T22-01-29-998Z_n-sweep_1-2-4-8-16-32-50,V2,,32,D-voto,,,delegate,,,,0x5c19a95c,,48347,1,,0xa643950d224ced9bbf99ea95cbb9cecb86c028ad6a357741d9eed43fd1418124
2026-09-23T22-01-29-998Z_n-sweep_1-2-4-8-16-32-50,V2,,32,D-voto,,,delegate,,,,0x5c19a95c,,48347,1,,0x055e399c3cbfa6644dce91a7f3b36ea2bc185d80c647c0f1d04321e14c4b1361
2026-09-23T22-01-29-998Z_n-sweep_1-2-4-8-16-32-50,V2,,32,D-voto,,,delegate,,,,0x5c19a95c,,48335,1,,0xdbafa2287cf62155690c72d09b21b76ada56306bf24799e90a6ebd1fd470abc6
2026-09-23T22-01-29-998Z_n-sweep_1-2-4-8-16-32-50,V2,,32,D-voto,,,delegate,,,,0x5c19a95c,,48347,1,,0x5f3e39c0a04665565fe3ba089f22454588d4f688c9a7aef067e7ad9e116a759a
2026-09-23T22-01-29-998Z_n-sweep_1-2-4-8-16-32-50,V2,,32,D-voto,,,delegate,,,,0x5c19a95c,,48347,1,,0x7f968e30943d915d45decb0caea3281b5a4ce30a34416fbe354786d67369fd83
2026-09-23T22-01-29-998Z_n-sweep_1-2-4-8-16-32-50,V2,,32,D-voto,,,delegate,,,,0x5c19a95c,,48347,1,,0xacced85e76fc346ac6aeec9a7ad6b61324fa6705450ea8d9c6b571e609652ec6
2026-09-23T22-01-29-998Z_n-sweep_1-2-4-8-16-32-50,V2,,32,D-voto,,,delegate,,,,0x5c19a95c,,48347,1,,0xc354d6d794f1199566d0378cd1a05e9a5ef44036fa08971363ffdb3f0a83ac1f
2026-09-23T22-01-29-998Z_n-sweep_1-2-4-8-16-32-50,V2,,32,D-voto,,,delegate,,,,0x5c19a95c,,48347,1,,0x41430b21e85fff00baa6651f5e9419f14411e203e9c65cf045d70399e1f94f10
2026-09-23T22-01-29-998Z_n-sweep_1-2-4-8-16-32-50,V2,,32,D-voto,,,delegate,,,,0x5c19a95c,,48347,1,,0x0bedefd31dfd1911f1b821af9af59b2add8145ffa98e5dbae489249c34ba12b9
2026-09-23T22-01-29-998Z_n-sweep_1-2-4-8-16-32-50,V2,,32,D-voto,,,delegate,,,,0x5c19a95c,,48347,1,,0x56ad8c486cf180aa0b39b839e9aa8457bb432ce913afb5054ca9bcce3effbb92
2026-09-23T22-01-29-998Z_n-sweep_1-2-4-8-16-32-50,V2,,32,D-voto,,,transfer,,,,0xa9059cbb,,135960,1,,0xd0698b15d0a4158e25b6354447a9183a1c7e2709f2dc65467f1f8d003c028165
2026-09-23T22-01-29-998Z_n-sweep_1-2-4-8-16-32-50,V2,,32,D-voto,,,transfer,,,,0xa9059cbb,,135948,1,,0xc1d83b95bf805ba4371c2bb98c2893712e313bdae17608c8cca1a20cefcace3f
2026-09-23T22-01-29-998Z_n-sweep_1-2-4-8-16-32-50,V2,,32,D-voto,,,transfer,,,,0xa9059cbb,,135960,1,,0x5c9a2f524061f2cedfc3a23928ba3522a97347623158802a7574d89aac66c5e2
2026-09-23T22-01-29-998Z_n-sweep_1-2-4-8-16-32-50,V2,,32,D-voto,,,transfer,,,,0xa9059cbb,,135960,1,,0xd7a1d861a8ffae45389bf7b1e050a2ad6774adf1f26964e59f924d13efe16f93
2026-09-23T22-01-29-998Z_n-sweep_1-2-4-8-16-32-50,V2,,32,D-voto,,,transfer,,,,0xa9059cbb,,135960,1,,0x3ed47764d1b6dc2977a87f07c00932d7919f86a38d7fa6897797557fcaf8ddb2
2026-09-23T22-01-29-998Z_n-sweep_1-2-4-8-16-32-50,V2,,32,D-voto,,,transfer,,,,0xa9059cbb,,135960,1,,0xe38aeefc29cc229da8f80086faf7a65278385513d6000ae2998b9164c52a2ec0
2026-09-23T22-01-29-998Z_n-sweep_1-2-4-8-16-32-50,V2,,32,D-voto,,,transfer,,,,0xa9059cbb,,135960,1,,0x66cced5377a01cb01ced1557db51d3d576fa40d9f04be2db053b55b41fb5089e
2026-09-23T22-01-29-998Z_n-sweep_1-2-4-8-16-32-50,V2,,32,D-voto,,,transfer,,,,0xa9059cbb,,135960,1,,0xfe5aef131cc72a9ad79a1f5ffde1443d7f223ae84ed6a6626946d0308ab353a6
2026-09-23T22-01-29-998Z_n-sweep_1-2-4-8-16-32-50,V2,,32,D-voto,,,transfer,,,,0xa9059cbb,,135960,1,,0x2c714ceb4fe03bcf2c3d8630106ccb262af10d86fa7e1b83496bbb0c41f8f657
2026-09-23T22-01-29-998Z_n-sweep_1-2-4-8-16-32-50,V2,,32,D-voto,,,transfer,,,,0xa9059cbb,,135948,1,,0xd761f278e00234ae7bff4ba89185e7e3ecd0c332b003b4603918a2f13a1ab358
2026-09-23T22-01-29-998Z_n-sweep_1-2-4-8-16-32-50,V2,,32,D-voto,,,transfer,,,,0xa9059cbb,,135960,1,,0x031aa8f9222008ee539d955a400cef5a9aceb2377b58d9bdfb60366e2e5ec88d
2026-09-23T22-01-29-998Z_n-sweep_1-2-4-8-16-32-50,V2,,32,D-voto,,,transfer,,,,0xa9059cbb,,135960,1,,0x42cd908997f6996bc98d0e95639112ede936d48a3f26d5c3e2a8c7e95054854d
2026-09-23T22-01-29-998Z_n-sweep_1-2-4-8-16-32-50,V2,,32,D-voto,,,transfer,,,,0xa9059cbb,,135960,1,,0x719b6c90c96e3584e7554597250f36160d4f86bef73d716538651162072dc1a3
2026-09-23T22-01-29-998Z_n-sweep_1-2-4-8-16-32-50,V2,,32,D-voto,,,transfer,,,,0xa9059cbb,,135960,1,,0x964636b08302fb1a1aeb3ebfcb46761628f9689f5d7910980ca3e90d3ad72185
2026-09-23T22-01-29-998Z_n-sweep_1-2-4-8-16-32-50,V2,,32,D-voto,,,transfer,,,,0xa9059cbb,,135960,1,,0x42dca054fb5013aa31f156620dd3fdd731d2a22f0bd44862620f1e9366320d94
2026-09-23T22-01-29-998Z_n-sweep_1-2-4-8-16-32-50,V2,,32,D-voto,,,transfer,,,,0xa9059cbb,,135960,1,,0x6f8161bec26017fcea839ed5cf5aec77f0adc12b00fe597537d73b33c0d89ead
2026-09-23T22-01-29-998Z_n-sweep_1-2-4-8-16-32-50,V2,,32,D-voto,,,transfer,,,,0xa9059cbb,,135960,1,,0xcf984e4f2d4bd10afedd9acbd2d1940ac71703f84a09ab0031926511e28e2635
2026-09-23T22-01-29-998Z_n-sweep_1-2-4-8-16-32-50,V2,,32,D-voto,,,transfer,,,,0xa9059cbb,,135960,1,,0x9ce98ec599be9f522859383caa8c4fd89d812e3757dda9a4573341c20e0f2613
2026-09-23T22-01-29-998Z_n-sweep_1-2-4-8-16-32-50,V2,,32,D-voto,,,transfer,,,,0xa9059cbb,,135960,1,,0x578c45ba07da6aebe660bcaad7363e9c4cf3bef6fd87b78be2c9f7b1bb99e96d
2026-09-23T22-01-29-998Z_n-sweep_1-2-4-8-16-32-50,V2,,32,D-voto,,,transfer,,,,0xa9059cbb,,135960,1,,0x870d481b432dffcac70d460fc5462f566d3e5e210615efc5b22ba6a948560817
2026-09-23T22-01-29-998Z_n-sweep_1-2-4-8-16-32-50,V2,,32,D-voto,,,transfer,,,,0xa9059cbb,,135960,1,,0x7bf6c0061eb2f4e93af69e04140e29de63e118de26abe4b6171070162b2d402a
2026-09-23T22-01-29-998Z_n-sweep_1-2-4-8-16-32-50,V2,,32,D-voto,,,transfer,,,,0xa9059cbb,,135960,1,,0xa145b9fd5a9b7cc823bbd816c5ebb6f4a4e624107b23481a0f732956d4cf4a2a
2026-09-23T22-01-29-998Z_n-sweep_1-2-4-8-16-32-50,V2,,32,D-voto,,,transfer,,,,0xa9059cbb,,135960,1,,0x733583bfcddbe7384a5465c8d5867f76d65ba6745b91267e14d1ff485cfc70a6
2026-09-23T22-01-29-998Z_n-sweep_1-2-4-8-16-32-50,V2,,32,D-voto,,,transfer,,,,0xa9059cbb,,135960,1,,0x4a66f968338e1f313aca3afb2b02f5492b1059155b1945e1c21e14e3a325a61b
2026-09-23T22-01-29-998Z_n-sweep_1-2-4-8-16-32-50,V2,,32,D-voto,,,transfer,,,,0xa9059cbb,,135948,1,,0x31d3300ea2257060997f08297c579c9fd07c152fb88c10f797eeaa1ce1b5d8c1
2026-09-23T22-01-29-998Z_n-sweep_1-2-4-8-16-32-50,V2,,32,D-voto,,,transfer,,,,0xa9059cbb,,135960,1,,0x0c15552baf3e28feb479668eb96380f728a17e0b946d2c06f49aa57eb6a55216
2026-09-23T22-01-29-998Z_n-sweep_1-2-4-8-16-32-50,V2,,32,D-voto,,,transfer,,,,0xa9059cbb,,135960,1,,0xb5337b3b2747f7cf90d047e14df44ca40ddf66c56cac22f65df754a2a7477674
2026-09-23T22-01-29-998Z_n-sweep_1-2-4-8-16-32-50,V2,,32,D-voto,,,transfer,,,,0xa9059cbb,,135960,1,,0xd975c85cb79c51b1d0496e30fd86543301c9241eff30516f72f25cc09bcb27f8
2026-09-23T22-01-29-998Z_n-sweep_1-2-4-8-16-32-50,V2,,32,D-voto,,,transfer,,,,0xa9059cbb,,135960,1,,0xccb63e701c5fafcdff6e12e25d99046f8dca7b8b696a22e64faa06a60df2355d
2026-09-23T22-01-29-998Z_n-sweep_1-2-4-8-16-32-50,V2,,32,D-voto,,,transfer,,,,0xa9059cbb,,135960,1,,0xd39a246d199b5cb2fc9322eba7c3345d022e2a9a3f0302913750ebace68ebda0
2026-09-23T22-01-29-998Z_n-sweep_1-2-4-8-16-32-50,V2,,32,D-voto,,,transfer,,,,0xa9059cbb,,135960,1,,0x57e5a44adb6f3fbfa94b276517bacf362a9bf1ce37dbd7787bbfce9c429fc160
2026-09-23T22-01-29-998Z_n-sweep_1-2-4-8-16-32-50,V2,,32,D-voto,,,transfer,,,,0xa9059cbb,,135960,1,,0x5e033e0960901e629ef36ddfc933139c1162e979bbacabacf5504b8436e9a8f3
2026-09-23T22-01-29-998Z_n-sweep_1-2-4-8-16-32-50,V2,,32,D-voto,,,propose,,,propose,0x7d5e81e2,WasteCategoryRegistry.updateCredits,63351,1,,0xfca58f9d57d71168bc95c0d74695b56c384e660e773aa8a18feca65c32fb5499
2026-09-23T22-01-29-998Z_n-sweep_1-2-4-8-16-32-50,V2,,32,D-voto,,,vote,1,for,,0x56781388,,82468,1,,0xf2067f08718fb04252a958c5f7b2e1104039b328be2c3c174679ed975b221ea8
2026-09-23T22-01-29-998Z_n-sweep_1-2-4-8-16-32-50,V2,,32,D-voto,,,vote,2,for,,0x56781388,,65368,1,,0x5249849c8fb1bc66a02edf3d50a325ba6dac1c121fc9423d0d4cf6d6a769e1da
2026-09-23T22-01-29-998Z_n-sweep_1-2-4-8-16-32-50,V2,,32,D-voto,,,vote,3,for,,0x56781388,,65368,1,,0x0e799c426a26cd028804c47e1c0ca8863c958952bad6be8ee7d83526f9fbb8f8
2026-09-23T22-01-29-998Z_n-sweep_1-2-4-8-16-32-50,V2,,32,D-voto,,,vote,4,for,,0x56781388,,65368,1,,0x70ce6971056c9fc1300071bb4dfb8f9c7ab65e320362422030ae643711a64693
2026-09-23T22-01-29-998Z_n-sweep_1-2-4-8-16-32-50,V2,,32,D-voto,,,vote,5,for,,0x56781388,,65368,1,,0x48aa24f632fbe441f2ab43208a7b4360ae47b5cce06c1f155f10e04dd804803b
2026-09-23T22-01-29-998Z_n-sweep_1-2-4-8-16-32-50,V2,,32,D-voto,,,vote,6,for,,0x56781388,,65368,1,,0x1d5564076e199f3d7d42c6e79e0d6ccde9fb73d037aa5ffd1ae33cbb414b41c4
2026-09-23T22-01-29-998Z_n-sweep_1-2-4-8-16-32-50,V2,,32,D-voto,,,vote,7,for,,0x56781388,,65368,1,,0xb5a38ee2f03c64a6d2ae815c1f80f4aa58dd1be963472c4f27936453010757d3
2026-09-23T22-01-29-998Z_n-sweep_1-2-4-8-16-32-50,V2,,32,D-voto,,,vote,8,for,,0x56781388,,65368,1,,0x01441bb8fb223842a4f47f5994f00878e62546c163c423c6eaa538b1ce0b42dc
2026-09-23T22-01-29-998Z_n-sweep_1-2-4-8-16-32-50,V2,,32,D-voto,,,vote,9,for,,0x56781388,,65368,1,,0xd83e572f02f6d2054b78c0dbef29cc1ac5a3fed409895684d40df925781bccb6
2026-09-23T22-01-29-998Z_n-sweep_1-2-4-8-16-32-50,V2,,32,D-voto,,,vote,10,for,,0x56781388,,65368,1,,0xf3c8c14727933fd511cb57776f9fb505c5f5108b34600c4b07c439b18bdb21c9
2026-09-23T22-01-29-998Z_n-sweep_1-2-4-8-16-32-50,V2,,32,D-voto,,,vote,11,for,,0x56781388,,65368,1,,0xe1780eb3eff0732f77df1a213466a8a7bc4daf15c405e7b2aded7590ca6f61b9
2026-09-23T22-01-29-998Z_n-sweep_1-2-4-8-16-32-50,V2,,32,D-voto,,,vote,12,for,,0x56781388,,65368,1,,0x06dacff49a3c7918c628b8b973322f028f90d738a1e1079347a42f46f048bf81
2026-09-23T22-01-29-998Z_n-sweep_1-2-4-8-16-32-50,V2,,32,D-voto,,,vote,13,for,,0x56781388,,65368,1,,0xd5ac4deacdb4280a02a6b4b78e31dc5e946d3c1b14c3ce1ff41ea4c8a4bb35c5
2026-09-23T22-01-29-998Z_n-sweep_1-2-4-8-16-32-50,V2,,32,D-voto,,,vote,14,for,,0x56781388,,65368,1,,0x2a30522e1298bf7c5bfb3943dca5af196e33ec73fa110f31442d9333826c0b10
2026-09-23T22-01-29-998Z_n-sweep_1-2-4-8-16-32-50,V2,,32,D-voto,,,vote,15,for,,0x56781388,,65368,1,,0x57331c730687426d6e997cfa8e8fc37e84d34e22e9d8b96baccf09eed6259193
2026-09-23T22-01-29-998Z_n-sweep_1-2-4-8-16-32-50,V2,,32,D-voto,,,vote,1,against,,0x56781388,,82416,1,,0x5a4d9fa3686f62574ab44f31135128b1f1528a16058ee8211c4a43ed73605c6a
2026-09-23T22-01-29-998Z_n-sweep_1-2-4-8-16-32-50,V2,,32,D-voto,,,vote,2,against,,0x56781388,,65316,1,,0xb461266efc5c4dfcb604f8942a124f159d1600154ccc2ec796e77f21958b3ac5
2026-09-23T22-01-29-998Z_n-sweep_1-2-4-8-16-32-50,V2,,32,D-voto,,,vote,3,against,,0x56781388,,65316,1,,0x6bf23ed08c506c872aa838c0c1360eaa8d545e4c82cab13c10d83a8a598c0feb
2026-09-23T22-01-29-998Z_n-sweep_1-2-4-8-16-32-50,V2,,32,D-voto,,,vote,4,against,,0x56781388,,65316,1,,0xbbd4412b3ee495e555efb440a4c998035828f7cac318adc0f577ba8b7432bda1
2026-09-23T22-01-29-998Z_n-sweep_1-2-4-8-16-32-50,V2,,32,D-voto,,,vote,5,against,,0x56781388,,65316,1,,0x15f9f5ddac7a56d8630ef645859ca2121c6f91ace2e906a0362a3a7454038196
2026-09-23T22-01-29-998Z_n-sweep_1-2-4-8-16-32-50,V2,,32,D-voto,,,vote,6,against,,0x56781388,,65316,1,,0xdc207e05710b5e1e62aac3624f2f20e9c60717c0e372d10b9c30c77ff1770ec2
2026-09-23T22-01-29-998Z_n-sweep_1-2-4-8-16-32-50,V2,,32,D-voto,,,vote,7,against,,0x56781388,,65316,1,,0x9588b934e6468776e9d34ef2dd8c0668ba7e42b1143ddc2fbef7aca29b7e0989
2026-09-23T22-01-29-998Z_n-sweep_1-2-4-8-16-32-50,V2,,32,D-voto,,,vote,8,against,,0x56781388,,65316,1,,0xf42b056b14573f151dd34a6dc42570927741c1fcc350a3a4e8728c6c3aa0eccd
2026-09-23T22-01-29-998Z_n-sweep_1-2-4-8-16-32-50,V2,,32,D-voto,,,vote,9,against,,0x56781388,,65316,1,,0xeef694c68ecd137f019d84bd3f1f27bc8eb01008ee50249ae4c93a30e358b797
2026-09-23T22-01-29-998Z_n-sweep_1-2-4-8-16-32-50,V2,,32,D-voto,,,vote,10,against,,0x56781388,,65316,1,,0x7a78f2b4d31a2f2b28721e9c8b0294c95219905ed2dbd3b441f9f9ebc2b70617
2026-09-23T22-01-29-998Z_n-sweep_1-2-4-8-16-32-50,V2,,32,D-voto,,,vote,11,against,,0x56781388,,65316,1,,0x08dad5b8f1aac0567d54d54050badea13f6cc2faf67a2ec5621173d0f7b75555
2026-09-23T22-01-29-998Z_n-sweep_1-2-4-8-16-32-50,V2,,32,D-voto,,,vote,12,against,,0x56781388,,65316,1,,0x5f53d16f0250becd39e37ab6cd4ec73d6f99f333a4663db4e8fd619565480401
2026-09-23T22-01-29-998Z_n-sweep_1-2-4-8-16-32-50,V2,,32,D-voto,,,vote,13,against,,0x56781388,,65316,1,,0x484ab1b15bdf92afc7e9bb95783eb461ef1b8368c8477b2aea916979240db1fb
2026-09-23T22-01-29-998Z_n-sweep_1-2-4-8-16-32-50,V2,,32,D-voto,,,vote,14,against,,0x56781388,,65316,1,,0x7181d4481965aba19ee2a9adafeba3182e1c32814df684983f0b56a7d107677b
2026-09-23T22-01-29-998Z_n-sweep_1-2-4-8-16-32-50,V2,,32,D-voto,,,vote,15,against,,0x56781388,,65316,1,,0xabb1b85489e3a891c5285e42a4ab5b4748b84f7f81c12bae2bd3f11f20252eb0
2026-09-23T22-01-29-998Z_n-sweep_1-2-4-8-16-32-50,V2,,32,D-voto,,,vote,16,against,,0x56781388,,65316,1,,0x449ef21ef6c118f4738a20fb3d581e807472a3d6dae0910d4f93da88b4ccfcba
2026-09-23T22-01-29-998Z_n-sweep_1-2-4-8-16-32-50,V2,,32,D-voto,,,vote,17,against,,0x56781388,,65316,1,,0x4a256826406969f4f08e220bb0f9dcd1060f3a52edfd0d5f041d73066377416e
2026-09-23T22-01-29-998Z_n-sweep_1-2-4-8-16-32-50,V2,,32,D-voto,,,execute_attempt,,,execute,0x2656227d,WasteCategoryRegistry.updateCredits,40422,0,"VM Exception while processing transaction: reverted with custom error 'GovernorUnexpectedProposalState(67502670223898117803243803841205110460966996965271625255161190196732696559640, 3, '0x0000000000000000000000000000000000000000000000000000000000000030')'",0xfd1f60fe89c58f5ef5a84319622a942d5254f7704393677d100557322334a523
2026-09-23T22-01-29-998Z_n-sweep_1-2-4-8-16-32-50,V0,T1,,,,,deploy_token_T1,,,constructor,0x61016060,,1621017,1,,0xece28f063ba256e8fc65152daf61fe745a7823e8ba387b1b661409f18f6dc4cc
2026-09-23T22-01-29-998Z_n-sweep_1-2-4-8-16-32-50,V0,,,,,,deploy_registry,,,constructor,0x60806040,,4590964,1,,0x9005486642112873086c0faf3a06ce7199e3377186a80eb6eea4235f5e1c6f56
2026-09-23T22-01-29-998Z_n-sweep_1-2-4-8-16-32-50,V0,,,,,,deploy_governor_V0,,,constructor,0x6101c080,,2133394,1,,0x8b33a795df9df0e5a3cb812430955580d1fb4f654a6028dd161238e13d560524
2026-09-23T22-01-29-998Z_n-sweep_1-2-4-8-16-32-50,V0,,,,,,grant_admin_role,,,grantRole,0x2f2ff15d,,50799,1,,0xb518a3911be32f0a59dcaec3e43c7ec54010f07f3e473d550516b1aab1a18d6b
2026-09-23T22-01-29-998Z_n-sweep_1-2-4-8-16-32-50,V0,,,,,,revoke_deployer_admin_role,,,revokeRole,0xd547741f,,27116,1,,0x8cb08b8b6ca45600b76a431b4cd18aee2095374e00c890903bfaa28d83b5f82b
2026-09-23T22-01-29-998Z_n-sweep_1-2-4-8-16-32-50,V0,,32,E-empate,,,delegate_admin,,,,0x5c19a95c,,95559,1,,0xfa43c1f7a1a1658c8aeac58119b26e806face10fc63ae3e18099942309f4d395
2026-09-23T22-01-29-998Z_n-sweep_1-2-4-8-16-32-50,V0,,32,E-empate,,,delegate,,,,0x5c19a95c,,48347,1,,0xf96ae171d39b1290c248e3ee88c92c43e24751ff4aacf46bad404cad29a33e37
2026-09-23T22-01-29-998Z_n-sweep_1-2-4-8-16-32-50,V0,,32,E-empate,,,delegate,,,,0x5c19a95c,,48335,1,,0x65ff74d2610d5c80f16dc62aa4e01b339a9ecd8c95911ae092d678a9792cdcb8
2026-09-23T22-01-29-998Z_n-sweep_1-2-4-8-16-32-50,V0,,32,E-empate,,,delegate,,,,0x5c19a95c,,48347,1,,0xb06e4e18b389cc3c69848b844c44927f26087a909c0e4532a1ba892e8d7bac4c
2026-09-23T22-01-29-998Z_n-sweep_1-2-4-8-16-32-50,V0,,32,E-empate,,,delegate,,,,0x5c19a95c,,48347,1,,0xfdc5c4ae6e458adbd0780d18d4ef20dca6b7a02f3efff2f7c0eec7590e340a41
2026-09-23T22-01-29-998Z_n-sweep_1-2-4-8-16-32-50,V0,,32,E-empate,,,delegate,,,,0x5c19a95c,,48347,1,,0x5c4d4bc02e09949d860a2c409a26209335f7c4e4eca7ac13d0e60a5cf0d0f233
2026-09-23T22-01-29-998Z_n-sweep_1-2-4-8-16-32-50,V0,,32,E-empate,,,delegate,,,,0x5c19a95c,,48347,1,,0x8eb2597a239d7d5a9d780141fa850308f21a221b62b2f0b2cd01922a25b294b2
2026-09-23T22-01-29-998Z_n-sweep_1-2-4-8-16-32-50,V0,,32,E-empate,,,delegate,,,,0x5c19a95c,,48347,1,,0x61b0a2cbceae6ab3b47dbad41fbaa57485b4b4545814b177fb76f5e80989f4b6
2026-09-23T22-01-29-998Z_n-sweep_1-2-4-8-16-32-50,V0,,32,E-empate,,,delegate,,,,0x5c19a95c,,48347,1,,0x8e8293e79ce57e8b2bd6c914c167b0ec5858ded7d332cc962607075acbcc0b43
2026-09-23T22-01-29-998Z_n-sweep_1-2-4-8-16-32-50,V0,,32,E-empate,,,delegate,,,,0x5c19a95c,,48347,1,,0x700d26ece381a9328c0c0607c8015a890a8cc373fc0ec5e3e5957a9b1720c821
2026-09-23T22-01-29-998Z_n-sweep_1-2-4-8-16-32-50,V0,,32,E-empate,,,delegate,,,,0x5c19a95c,,48335,1,,0x827f347ed9162ee5aa31942cb2cd15f5b7940183deaee5d4a11b6efe87452173
2026-09-23T22-01-29-998Z_n-sweep_1-2-4-8-16-32-50,V0,,32,E-empate,,,delegate,,,,0x5c19a95c,,48347,1,,0x05e0616bb804c3cd4df19f7b0cf511dbcb6e9524c52bcfbf8b39223490cc0846
2026-09-23T22-01-29-998Z_n-sweep_1-2-4-8-16-32-50,V0,,32,E-empate,,,delegate,,,,0x5c19a95c,,48347,1,,0x7409a97667b08d9b70b0d678843340d442fad8337ae46944499977e000325f92
2026-09-23T22-01-29-998Z_n-sweep_1-2-4-8-16-32-50,V0,,32,E-empate,,,delegate,,,,0x5c19a95c,,48347,1,,0x06bc39c687cf89ca2626bc142b16cf4a83fd68b90155fd6344acd5c17148d8a6
2026-09-23T22-01-29-998Z_n-sweep_1-2-4-8-16-32-50,V0,,32,E-empate,,,delegate,,,,0x5c19a95c,,48347,1,,0xe5d3691fe9ffad366e158fc098b74dd6635f083c235a6588c23e1d5313889cc9
2026-09-23T22-01-29-998Z_n-sweep_1-2-4-8-16-32-50,V0,,32,E-empate,,,delegate,,,,0x5c19a95c,,48347,1,,0x75300fe9f7d70fbe306b3cefadf0423a64334a4470eee34e958b76b4418900c0
2026-09-23T22-01-29-998Z_n-sweep_1-2-4-8-16-32-50,V0,,32,E-empate,,,delegate,,,,0x5c19a95c,,48347,1,,0xef2cf8fae96fa4c95b9eb5fc78e668af4f5126a23f921c90e15afdcffccd9bf9
2026-09-23T22-01-29-998Z_n-sweep_1-2-4-8-16-32-50,V0,,32,E-empate,,,delegate,,,,0x5c19a95c,,48347,1,,0x75636b14aa58b1ee084fe99cfffb238b737ed57732e5f8ae341a0948974569ff
2026-09-23T22-01-29-998Z_n-sweep_1-2-4-8-16-32-50,V0,,32,E-empate,,,delegate,,,,0x5c19a95c,,48347,1,,0x65f4191d52cde8745142fbad7dab453ac77b84433334a064c65edeec324649be
2026-09-23T22-01-29-998Z_n-sweep_1-2-4-8-16-32-50,V0,,32,E-empate,,,delegate,,,,0x5c19a95c,,48347,1,,0x0015672d62ab0be7ad971272757786d6751bd437c259b6f784a5abb0f9f433e0
2026-09-23T22-01-29-998Z_n-sweep_1-2-4-8-16-32-50,V0,,32,E-empate,,,delegate,,,,0x5c19a95c,,48347,1,,0xf061e3370e552636294057b3e13f8e38e49eb9ccd954add59da578817c58a14b
2026-09-23T22-01-29-998Z_n-sweep_1-2-4-8-16-32-50,V0,,32,E-empate,,,delegate,,,,0x5c19a95c,,48347,1,,0x68475bd925d88da79400657a3df0347cc6be2f887e9fd5fcbf64f6c37d69bf4c
2026-09-23T22-01-29-998Z_n-sweep_1-2-4-8-16-32-50,V0,,32,E-empate,,,delegate,,,,0x5c19a95c,,48347,1,,0xd0da4d004b36ebb022f1b178255cff262f0f75fc2d5a7fda434ccc846c4f7499
2026-09-23T22-01-29-998Z_n-sweep_1-2-4-8-16-32-50,V0,,32,E-empate,,,delegate,,,,0x5c19a95c,,48347,1,,0xaae5636599004f1ba254fea80dbb33335f44a116db4d94090e99b80481406327
2026-09-23T22-01-29-998Z_n-sweep_1-2-4-8-16-32-50,V0,,32,E-empate,,,delegate,,,,0x5c19a95c,,48347,1,,0xfcd4c1dd668d5148e045ce4771c59bdb6f602ef49d2404bbfeb296fc6ce93753
2026-09-23T22-01-29-998Z_n-sweep_1-2-4-8-16-32-50,V0,,32,E-empate,,,delegate,,,,0x5c19a95c,,48335,1,,0x4ebfe89be7e94686ecfb217057d8b4fa5161bcce6d50adcc044a0aff6d4282af
2026-09-23T22-01-29-998Z_n-sweep_1-2-4-8-16-32-50,V0,,32,E-empate,,,delegate,,,,0x5c19a95c,,48347,1,,0xb3d77ed4f7a6d94080b6c775433f6c6f21a916c783059136f4572f52dc3a8874
2026-09-23T22-01-29-998Z_n-sweep_1-2-4-8-16-32-50,V0,,32,E-empate,,,delegate,,,,0x5c19a95c,,48347,1,,0x127f4971e3e590d8328bd74ed6096c37b20e6836b27cf90514b9a87cd503f413
2026-09-23T22-01-29-998Z_n-sweep_1-2-4-8-16-32-50,V0,,32,E-empate,,,delegate,,,,0x5c19a95c,,48347,1,,0xb67155a13ea706a326342e60462ed0ed7c4a680e0112e43260248751f2fe896b
2026-09-23T22-01-29-998Z_n-sweep_1-2-4-8-16-32-50,V0,,32,E-empate,,,delegate,,,,0x5c19a95c,,48347,1,,0xe2be7e7d00839d4fa7d3020666aa9dcf9efcdc40f9fa77a35592a87459c52b90
2026-09-23T22-01-29-998Z_n-sweep_1-2-4-8-16-32-50,V0,,32,E-empate,,,delegate,,,,0x5c19a95c,,48347,1,,0xb535243780f9c28da64ec7309760125fe2487568589114d83acf79e30a47d760
2026-09-23T22-01-29-998Z_n-sweep_1-2-4-8-16-32-50,V0,,32,E-empate,,,delegate,,,,0x5c19a95c,,48347,1,,0x293dda08d12cb640488f1dad6a8ab9d2c5b59be364ffe60275d52382b886183e
2026-09-23T22-01-29-998Z_n-sweep_1-2-4-8-16-32-50,V0,,32,E-empate,,,delegate,,,,0x5c19a95c,,48347,1,,0xacef40fd99317b96d80072941137339058a20720c237b0b3cc16b1e2fa83b630
2026-09-23T22-01-29-998Z_n-sweep_1-2-4-8-16-32-50,V0,,32,E-empate,,,transfer,,,,0xa9059cbb,,135960,1,,0x29f9412c2ffdb239cd38ad70ce5ff600bccbe9b453fde1a6c033626a6c646eba
2026-09-23T22-01-29-998Z_n-sweep_1-2-4-8-16-32-50,V0,,32,E-empate,,,transfer,,,,0xa9059cbb,,135948,1,,0x8f041ff9c5655d4daebf93c7047f302ad35f1ca24ab937021cdfaef9f1a6a756
2026-09-23T22-01-29-998Z_n-sweep_1-2-4-8-16-32-50,V0,,32,E-empate,,,transfer,,,,0xa9059cbb,,135960,1,,0x894cb225643f213ea48145224f017a92ba27a56c855d4e864be1cf03f553f4e4
2026-09-23T22-01-29-998Z_n-sweep_1-2-4-8-16-32-50,V0,,32,E-empate,,,transfer,,,,0xa9059cbb,,135960,1,,0x3669c5c62c9c04c0b63cd9e2ac0efe73efa33690cc7c083d0f722f4faf7f3deb
2026-09-23T22-01-29-998Z_n-sweep_1-2-4-8-16-32-50,V0,,32,E-empate,,,transfer,,,,0xa9059cbb,,135960,1,,0x1c6da41f1d7427474ac4a460fc9ab6ecebc43e28111a95210985017e1df19b0e
2026-09-23T22-01-29-998Z_n-sweep_1-2-4-8-16-32-50,V0,,32,E-empate,,,transfer,,,,0xa9059cbb,,135960,1,,0xc5f663a7a79d99e5243ccdf534e9568721965742239be272f3f09fa15d179d28
2026-09-23T22-01-29-998Z_n-sweep_1-2-4-8-16-32-50,V0,,32,E-empate,,,transfer,,,,0xa9059cbb,,135960,1,,0xe2291692adeb618776d98781636168333451130b8435b697ba7b7a0a14dad560
2026-09-23T22-01-29-998Z_n-sweep_1-2-4-8-16-32-50,V0,,32,E-empate,,,transfer,,,,0xa9059cbb,,135960,1,,0xf9506b0c1beff2bf33e7ef0c136749f5ac13cab6771da989a3e2fb148f3590fd
2026-09-23T22-01-29-998Z_n-sweep_1-2-4-8-16-32-50,V0,,32,E-empate,,,transfer,,,,0xa9059cbb,,135960,1,,0x1af83e41b3f45f8f3d1d590a022ee767ac4aa81951ba2005ee07c6b983c5ae3d
2026-09-23T22-01-29-998Z_n-sweep_1-2-4-8-16-32-50,V0,,32,E-empate,,,transfer,,,,0xa9059cbb,,135948,1,,0x81332d9b7f7537150d94378442ce4c1db2ae444318b30870687f0b9d9d59c7ff
2026-09-23T22-01-29-998Z_n-sweep_1-2-4-8-16-32-50,V0,,32,E-empate,,,transfer,,,,0xa9059cbb,,135960,1,,0x83112f8201f0c640c328f03974afb701b3c52488e26c4ce16f2126d7ff8a492c
2026-09-23T22-01-29-998Z_n-sweep_1-2-4-8-16-32-50,V0,,32,E-empate,,,transfer,,,,0xa9059cbb,,135960,1,,0xd7d0ebb80ee8277ef9fc42d27e0c679b8bd859df8440554c35cc1a996dc02c21
2026-09-23T22-01-29-998Z_n-sweep_1-2-4-8-16-32-50,V0,,32,E-empate,,,transfer,,,,0xa9059cbb,,135960,1,,0x4e991d25cd36c95cf9959fc7a6653525ae36cb4fbd796fbb9ba757016258bbb9
2026-09-23T22-01-29-998Z_n-sweep_1-2-4-8-16-32-50,V0,,32,E-empate,,,transfer,,,,0xa9059cbb,,135960,1,,0xbfb14ecb18d97c103bf85e2649d90cf38911c74dd5004a26deaa8825ea4c32a4
2026-09-23T22-01-29-998Z_n-sweep_1-2-4-8-16-32-50,V0,,32,E-empate,,,transfer,,,,0xa9059cbb,,135960,1,,0x3c7d501780724688ead8021f53dc00a7489d01e9bab616a55018637497b101f9
2026-09-23T22-01-29-998Z_n-sweep_1-2-4-8-16-32-50,V0,,32,E-empate,,,transfer,,,,0xa9059cbb,,135960,1,,0x4848334ed2c15d3209e587cbc01ded41ac3ae7959e01e3088414815d95fc5302
2026-09-23T22-01-29-998Z_n-sweep_1-2-4-8-16-32-50,V0,,32,E-empate,,,transfer,,,,0xa9059cbb,,135960,1,,0x5f2f463fd6ad6b09608be879823215fb0086144e80786aa3038baab71396069c
2026-09-23T22-01-29-998Z_n-sweep_1-2-4-8-16-32-50,V0,,32,E-empate,,,transfer,,,,0xa9059cbb,,135960,1,,0xf459250b562448f3f29aa124d5882799326b8b758c0ea42a1d12b4824cdfab1c
2026-09-23T22-01-29-998Z_n-sweep_1-2-4-8-16-32-50,V0,,32,E-empate,,,transfer,,,,0xa9059cbb,,135960,1,,0x7089aa37c55c94d5d7acc2178587f6883081bde5d780d769be725cac7e5fbe2f
2026-09-23T22-01-29-998Z_n-sweep_1-2-4-8-16-32-50,V0,,32,E-empate,,,transfer,,,,0xa9059cbb,,135960,1,,0xaf488783a3e4419bba44faa6aff56ddd7d64da2f8b4cf7ffeb304ce38d8b8721
2026-09-23T22-01-29-998Z_n-sweep_1-2-4-8-16-32-50,V0,,32,E-empate,,,transfer,,,,0xa9059cbb,,135960,1,,0x9866769fd009b00ae123d54396745d165237c883c885367f0e674f0ec147d65b
2026-09-23T22-01-29-998Z_n-sweep_1-2-4-8-16-32-50,V0,,32,E-empate,,,transfer,,,,0xa9059cbb,,135960,1,,0x9b11b2365648571eb08e85854e2ad5903cd2dc39371288a6c4499d5661306550
2026-09-23T22-01-29-998Z_n-sweep_1-2-4-8-16-32-50,V0,,32,E-empate,,,transfer,,,,0xa9059cbb,,135960,1,,0xfed884270499bcd3176a9f41559400dfc67e33cc85c9cf1e2b0c4f0300cf901c
2026-09-23T22-01-29-998Z_n-sweep_1-2-4-8-16-32-50,V0,,32,E-empate,,,transfer,,,,0xa9059cbb,,135960,1,,0x90196f63091268ec6f03e3e9ddf2d137561e730a9d2068e83e18df72495b9131
2026-09-23T22-01-29-998Z_n-sweep_1-2-4-8-16-32-50,V0,,32,E-empate,,,transfer,,,,0xa9059cbb,,135948,1,,0xf62e7d88596a4e9b4d817a01d6586dda1eb972d68851d850254c7350a6787d38
2026-09-23T22-01-29-998Z_n-sweep_1-2-4-8-16-32-50,V0,,32,E-empate,,,transfer,,,,0xa9059cbb,,135960,1,,0x219d104340144e3e3b7d963c3954f2ab9c5bbb3a95032d66b2248e20f2ad8415
2026-09-23T22-01-29-998Z_n-sweep_1-2-4-8-16-32-50,V0,,32,E-empate,,,transfer,,,,0xa9059cbb,,135960,1,,0xd7c4ae0a3058753c425b7d1146a5a547dea0c3fd6f8873007ba05ac840726440
2026-09-23T22-01-29-998Z_n-sweep_1-2-4-8-16-32-50,V0,,32,E-empate,,,transfer,,,,0xa9059cbb,,135960,1,,0x7d8ba84f56812a83c5a8a1f0841c117ae04a38ef1d1f6541c6706b9d410b82d6
2026-09-23T22-01-29-998Z_n-sweep_1-2-4-8-16-32-50,V0,,32,E-empate,,,transfer,,,,0xa9059cbb,,135960,1,,0xd05619fc8ee97b58203ac2a41fa73951547786737aee796dfa908b3464554172
2026-09-23T22-01-29-998Z_n-sweep_1-2-4-8-16-32-50,V0,,32,E-empate,,,transfer,,,,0xa9059cbb,,135960,1,,0x53e684e6a147858b71f1d1b69168181a8e311b1a5c3e32ed9089312a984860df
2026-09-23T22-01-29-998Z_n-sweep_1-2-4-8-16-32-50,V0,,32,E-empate,,,transfer,,,,0xa9059cbb,,135960,1,,0xcdebc9833856cef219be3f76cfb611e9b988c73c657911fbab9cb4dd4d47476e
2026-09-23T22-01-29-998Z_n-sweep_1-2-4-8-16-32-50,V0,,32,E-empate,,,transfer,,,,0xa9059cbb,,135960,1,,0x14ef011d0e8f8bec73e6333fe3ee405aec446d146c63cb7386bf63138b12b7d3
2026-09-23T22-01-29-998Z_n-sweep_1-2-4-8-16-32-50,V0,,32,E-empate,,,propose,,,propose,0x7d5e81e2,WasteCategoryRegistry.updateCredits,63778,1,,0x1a07804a1a6ef9664bdad35d12c3f3aee1972969864746c26469f110229e0e37
2026-09-23T22-01-29-998Z_n-sweep_1-2-4-8-16-32-50,V0,,32,E-empate,,,vote,1,for,,0x56781388,,81899,1,,0x1d51676510b27e9a9e2ddd9b875efc6454f343302ed6c21835c07298f39584de
2026-09-23T22-01-29-998Z_n-sweep_1-2-4-8-16-32-50,V0,,32,E-empate,,,vote,2,for,,0x56781388,,64799,1,,0x2a3ac28e2c69b9b1ff732f94810d54f9a2e25358a35901a2332c8744e9529375
2026-09-23T22-01-29-998Z_n-sweep_1-2-4-8-16-32-50,V0,,32,E-empate,,,vote,3,for,,0x56781388,,64799,1,,0x28165a03c845f87c12e213563f49303d511a439e13e9b946d3bbf7c85256af83
2026-09-23T22-01-29-998Z_n-sweep_1-2-4-8-16-32-50,V0,,32,E-empate,,,vote,4,for,,0x56781388,,64799,1,,0xa1019630a4fb508d1858aa0c4c2e16395bbfbd838f074e4b00a0673f8a607e4b
2026-09-23T22-01-29-998Z_n-sweep_1-2-4-8-16-32-50,V0,,32,E-empate,,,vote,5,for,,0x56781388,,64799,1,,0x35f1afa4ac1dc62aacd76cf2aa396c8c40eaca381459562fd0ab953662a7fd8a
2026-09-23T22-01-29-998Z_n-sweep_1-2-4-8-16-32-50,V0,,32,E-empate,,,vote,6,for,,0x56781388,,64799,1,,0x723410c2aa4fc64a73098d273fcb9a18eb12539ac73008662542492d9d2b313e
2026-09-23T22-01-29-998Z_n-sweep_1-2-4-8-16-32-50,V0,,32,E-empate,,,vote,7,for,,0x56781388,,64799,1,,0x56c9e8c140a9fde7fe1e4b462030a9090542993fd4edeabc5d09b51ac5409f41
2026-09-23T22-01-29-998Z_n-sweep_1-2-4-8-16-32-50,V0,,32,E-empate,,,vote,8,for,,0x56781388,,64799,1,,0x08f104ad302ebce55c8c0b6dc78eacae300ce63aa4856434143fc6aa44a26439
2026-09-23T22-01-29-998Z_n-sweep_1-2-4-8-16-32-50,V0,,32,E-empate,,,vote,9,for,,0x56781388,,64799,1,,0x94e1037c2599802a585d83398bb93ed7c32011eee92a33b768810307ece06469
2026-09-23T22-01-29-998Z_n-sweep_1-2-4-8-16-32-50,V0,,32,E-empate,,,vote,10,for,,0x56781388,,64799,1,,0x5ee76482abe63095f19a3a7898acca5d0b3345606537b4c0ab82c8a88313eaad
2026-09-23T22-01-29-998Z_n-sweep_1-2-4-8-16-32-50,V0,,32,E-empate,,,vote,11,for,,0x56781388,,64799,1,,0xf29b45b4259ff4829be6f36b50609d6eeab1ca422cfd2ea4aaf2701ac2652b27
2026-09-23T22-01-29-998Z_n-sweep_1-2-4-8-16-32-50,V0,,32,E-empate,,,vote,12,for,,0x56781388,,64799,1,,0x4c53751e1aadac263cd91489bd8a517794415b2f1b480bdf29d691bd0da4cfe7
2026-09-23T22-01-29-998Z_n-sweep_1-2-4-8-16-32-50,V0,,32,E-empate,,,vote,13,for,,0x56781388,,64799,1,,0x36f2f79e07e8ce6b41e1b4796a08a58b34c629b446ecb325dcebcf9ea0110457
2026-09-23T22-01-29-998Z_n-sweep_1-2-4-8-16-32-50,V0,,32,E-empate,,,vote,14,for,,0x56781388,,64799,1,,0x60383fe1417c7c435d0b83220fb1f3b2c3a962bf027e1ddc002a39eae857a13a
2026-09-23T22-01-29-998Z_n-sweep_1-2-4-8-16-32-50,V0,,32,E-empate,,,vote,15,for,,0x56781388,,64799,1,,0xe7715317dcdfeb51881c6d4df909f32fc7919e71af7d9b9a202adc90ac602afe
2026-09-23T22-01-29-998Z_n-sweep_1-2-4-8-16-32-50,V0,,32,E-empate,,,vote,16,for,,0x56781388,,64799,1,,0x6e52550004055d77739e9b0957311f58fffbdf1deb1d535f4f1fa0800c1ae034
2026-09-23T22-01-29-998Z_n-sweep_1-2-4-8-16-32-50,V0,,32,E-empate,,,vote,1,against,,0x56781388,,81847,1,,0x4caf06bc70af1be70f39068d3dae5b72e0ddb6be48f1012dc631c36bb7bc8486
2026-09-23T22-01-29-998Z_n-sweep_1-2-4-8-16-32-50,V0,,32,E-empate,,,vote,2,against,,0x56781388,,64747,1,,0x7e1137be591c2e133a07bfcbfdc8a2b2c3adbf6a803f76c378f2b22735c7d532
2026-09-23T22-01-29-998Z_n-sweep_1-2-4-8-16-32-50,V0,,32,E-empate,,,vote,3,against,,0x56781388,,64747,1,,0x7f31d6e61a820021c1fffd70f0963e65d799b6a9452ae4a50b2f790673847903
2026-09-23T22-01-29-998Z_n-sweep_1-2-4-8-16-32-50,V0,,32,E-empate,,,vote,4,against,,0x56781388,,64747,1,,0x4dc61ac4922f98471784b86a40ed6dff70bd704d1b322c71fd93dc17ef4d86a7
2026-09-23T22-01-29-998Z_n-sweep_1-2-4-8-16-32-50,V0,,32,E-empate,,,vote,5,against,,0x56781388,,64747,1,,0x258a785bbd231cfa23175b50552fe900cf3d51ff3d9f602ecc2622652c88d9d9
2026-09-23T22-01-29-998Z_n-sweep_1-2-4-8-16-32-50,V0,,32,E-empate,,,vote,6,against,,0x56781388,,64747,1,,0x4b236f6a63d7e3091afef1fd0607d65b170b68666bdffa6d7a7581361ee2c216
2026-09-23T22-01-29-998Z_n-sweep_1-2-4-8-16-32-50,V0,,32,E-empate,,,vote,7,against,,0x56781388,,64747,1,,0x8df2e8c97e0fadadcfeedde1f5f6bf30f3efb7a98ece49877aa2ea10f5908e3d
2026-09-23T22-01-29-998Z_n-sweep_1-2-4-8-16-32-50,V0,,32,E-empate,,,vote,8,against,,0x56781388,,64747,1,,0xc0e8f4dd962e30642cdd2bbefa214a0d4cfc33719b90b7571c0b417033ff2681
2026-09-23T22-01-29-998Z_n-sweep_1-2-4-8-16-32-50,V0,,32,E-empate,,,vote,9,against,,0x56781388,,64747,1,,0xee5210144c6213325fe29bbbda80a57ecc766f97d543bf38ef6b256d6af2d9fb
2026-09-23T22-01-29-998Z_n-sweep_1-2-4-8-16-32-50,V0,,32,E-empate,,,vote,10,against,,0x56781388,,64747,1,,0x0f54af1e13e3a97dd4a905278b68683538b9dcb3ec860ec3176153342a4febb6
2026-09-23T22-01-29-998Z_n-sweep_1-2-4-8-16-32-50,V0,,32,E-empate,,,vote,11,against,,0x56781388,,64747,1,,0xf6594c13ffb94719ce314cbb3d553b8ea08367e6473b8241dc91353a27fd6219
2026-09-23T22-01-29-998Z_n-sweep_1-2-4-8-16-32-50,V0,,32,E-empate,,,vote,12,against,,0x56781388,,64747,1,,0x223e5baf2b4ced04fcefe81d699dad882062b1f2bbb19b5f4c3b979555fbac96
2026-09-23T22-01-29-998Z_n-sweep_1-2-4-8-16-32-50,V0,,32,E-empate,,,vote,13,against,,0x56781388,,64747,1,,0xebc25f8b293f3f8ed13c2e119858605fe622df4d98068c0dab327c78cb317e14
2026-09-23T22-01-29-998Z_n-sweep_1-2-4-8-16-32-50,V0,,32,E-empate,,,vote,14,against,,0x56781388,,64747,1,,0xf639cbb8385619f84e9fda73a656bda8817d269c1a66d6795d196581bc38727d
2026-09-23T22-01-29-998Z_n-sweep_1-2-4-8-16-32-50,V0,,32,E-empate,,,vote,15,against,,0x56781388,,64747,1,,0xd004aa3ef20a4e5eecd53455567096480fdfc5d00e3c84b17f5827dc875133de
2026-09-23T22-01-29-998Z_n-sweep_1-2-4-8-16-32-50,V0,,32,E-empate,,,vote,16,against,,0x56781388,,64747,1,,0x910ccdd542dec4808a134df609af7bdeaa104f0cdaa860ecf7f44a2d8fceb2df
2026-09-23T22-01-29-998Z_n-sweep_1-2-4-8-16-32-50,V0,,32,E-empate,,,execute_attempt,,,execute,0x2656227d,WasteCategoryRegistry.updateCredits,40382,0,"VM Exception while processing transaction: reverted with custom error 'GovernorUnexpectedProposalState(35767167474506758911162484785792862631196465675716722141005564300664732085362, 3, '0x0000000000000000000000000000000000000000000000000000000000000030')'",0x2c95c5e4e74df3eb2e50a033dc5c3d9a18fa92cde95a830ab4ff72122cbafba1
2026-09-23T22-01-29-998Z_n-sweep_1-2-4-8-16-32-50,V1,T1,,,,,deploy_token_T1,,,constructor,0x61016060,,1621017,1,,0xece28f063ba256e8fc65152daf61fe745a7823e8ba387b1b661409f18f6dc4cc
2026-09-23T22-01-29-998Z_n-sweep_1-2-4-8-16-32-50,V1,,,,,,deploy_registry,,,constructor,0x60806040,,4590964,1,,0x9005486642112873086c0faf3a06ce7199e3377186a80eb6eea4235f5e1c6f56
2026-09-23T22-01-29-998Z_n-sweep_1-2-4-8-16-32-50,V1,,,,,,deploy_governor_V1,,,constructor,0x6101c080,,2141155,1,,0xcbf032b87647649d09648621f7d61fb312aee4174486ee6f404819243ac59ca9
2026-09-23T22-01-29-998Z_n-sweep_1-2-4-8-16-32-50,V1,,,,,,grant_admin_role,,,grantRole,0x2f2ff15d,,50799,1,,0xfdc9a3875129e16eb4a0e6527cfb2e5662449c13660398cf3b7c723db6d0e009
2026-09-23T22-01-29-998Z_n-sweep_1-2-4-8-16-32-50,V1,,,,,,revoke_deployer_admin_role,,,revokeRole,0xd547741f,,27116,1,,0xc189311656167d1c4c211ee1c4f5143a8df64ff72cb449ebf7ec77ff2fd0bcbb
2026-09-23T22-01-29-998Z_n-sweep_1-2-4-8-16-32-50,V1,,32,E-empate,,,delegate_admin,,,,0x5c19a95c,,95559,1,,0xd4695df7ceba86e36d8d32ccf756640823a0c1b729cf20e3a0b632c08e38ee6a
2026-09-23T22-01-29-998Z_n-sweep_1-2-4-8-16-32-50,V1,,32,E-empate,,,delegate,,,,0x5c19a95c,,48347,1,,0x81d5bf8e96fad9ce8b5230dc73abbeb313b25fcb2932728690f357e6b4e905b9
2026-09-23T22-01-29-998Z_n-sweep_1-2-4-8-16-32-50,V1,,32,E-empate,,,delegate,,,,0x5c19a95c,,48335,1,,0x92147b8c796bc2b0f21acc979799bbf4c5b5033d9d67806a8ad6842fe03d41df
2026-09-23T22-01-29-998Z_n-sweep_1-2-4-8-16-32-50,V1,,32,E-empate,,,delegate,,,,0x5c19a95c,,48347,1,,0xfff43b85310b182c6fdaa6a0b82056393aba2572b23e543b42f064dc4690e2fc
2026-09-23T22-01-29-998Z_n-sweep_1-2-4-8-16-32-50,V1,,32,E-empate,,,delegate,,,,0x5c19a95c,,48347,1,,0xd65054394087a126f7201b8caf565d34e4b8e2c37299a2eb2e8e1e169e8753b2
2026-09-23T22-01-29-998Z_n-sweep_1-2-4-8-16-32-50,V1,,32,E-empate,,,delegate,,,,0x5c19a95c,,48347,1,,0x0c6ee11e6f4f09c9119d3c03df89d743f104be74b800d0b47cbfa2e1629e917b
2026-09-23T22-01-29-998Z_n-sweep_1-2-4-8-16-32-50,V1,,32,E-empate,,,delegate,,,,0x5c19a95c,,48347,1,,0x9e4c58d93f5292a4566258e1c10f556eb9dc4074e322b7c357bf5ad65da50cae
2026-09-23T22-01-29-998Z_n-sweep_1-2-4-8-16-32-50,V1,,32,E-empate,,,delegate,,,,0x5c19a95c,,48347,1,,0x6ebf0fe5777b4feb07a84b604e7094e789e104c0aa39284dccf1b9da9c17904e
2026-09-23T22-01-29-998Z_n-sweep_1-2-4-8-16-32-50,V1,,32,E-empate,,,delegate,,,,0x5c19a95c,,48347,1,,0xfe42119cc5b68fbfd433dffe547dcf50b55480a011d31795da0f08ec660c70b3
2026-09-23T22-01-29-998Z_n-sweep_1-2-4-8-16-32-50,V1,,32,E-empate,,,delegate,,,,0x5c19a95c,,48347,1,,0x1cd5ec1a28c590b58fdf7467e7fffeb349eed4d261a6e6dd6bbe64d73d17bd59
2026-09-23T22-01-29-998Z_n-sweep_1-2-4-8-16-32-50,V1,,32,E-empate,,,delegate,,,,0x5c19a95c,,48335,1,,0x44f126ec5cf68cfd276b82e1245a8bb78ca6d635813f085d1a125f483e4d5924
2026-09-23T22-01-29-998Z_n-sweep_1-2-4-8-16-32-50,V1,,32,E-empate,,,delegate,,,,0x5c19a95c,,48347,1,,0xe3c56247fde6ff45e5ce391eac68170bdc36be578302a953ddcf8384ecd07aa8
2026-09-23T22-01-29-998Z_n-sweep_1-2-4-8-16-32-50,V1,,32,E-empate,,,delegate,,,,0x5c19a95c,,48347,1,,0x97563cc4398d7b02943ad3e3ef1bdae06351c02ad3fb2d2b948579fc1d32295f
2026-09-23T22-01-29-998Z_n-sweep_1-2-4-8-16-32-50,V1,,32,E-empate,,,delegate,,,,0x5c19a95c,,48347,1,,0x2254c00b60e2f0581478274e6123b6295b391cc3698f1951fb660335b3cd6c33
2026-09-23T22-01-29-998Z_n-sweep_1-2-4-8-16-32-50,V1,,32,E-empate,,,delegate,,,,0x5c19a95c,,48347,1,,0xc3e2689cb93afecc73f02fe2fc704ca424bfebf2840b02e15e94e2eacaca6d1c
2026-09-23T22-01-29-998Z_n-sweep_1-2-4-8-16-32-50,V1,,32,E-empate,,,delegate,,,,0x5c19a95c,,48347,1,,0xf481a9d9df12d0c5f7b29cc5bd284c8ca3e14873afc209155e790bf19f68d897
2026-09-23T22-01-29-998Z_n-sweep_1-2-4-8-16-32-50,V1,,32,E-empate,,,delegate,,,,0x5c19a95c,,48347,1,,0x8975637550f485546f85f8e6d9a6ed6447c7e76fff1ec5f6c9e76fb534393987
2026-09-23T22-01-29-998Z_n-sweep_1-2-4-8-16-32-50,V1,,32,E-empate,,,delegate,,,,0x5c19a95c,,48347,1,,0x923ae1f8d3d22d25940fc9eb75f6f6f16c191c6a236895f77670dcca6996d312
2026-09-23T22-01-29-998Z_n-sweep_1-2-4-8-16-32-50,V1,,32,E-empate,,,delegate,,,,0x5c19a95c,,48347,1,,0xfa31a6684a33a12042a314e8f53f866c316bd76cf3829f1b1bdf9c6709375faf
2026-09-23T22-01-29-998Z_n-sweep_1-2-4-8-16-32-50,V1,,32,E-empate,,,delegate,,,,0x5c19a95c,,48347,1,,0x85a35cc5c2fd484741123514532c6d193414e920845266674d577133f95aeb61
2026-09-23T22-01-29-998Z_n-sweep_1-2-4-8-16-32-50,V1,,32,E-empate,,,delegate,,,,0x5c19a95c,,48347,1,,0x2c0c0e3cf1f17f2dbd21478c48f6a01b7c3f80cdc9a8337eb22078304610831f
2026-09-23T22-01-29-998Z_n-sweep_1-2-4-8-16-32-50,V1,,32,E-empate,,,delegate,,,,0x5c19a95c,,48347,1,,0xa3ed7a1ccf1c20c61c0c5d590ac689d2c051d45201c4389538358e9b8bb285bc
2026-09-23T22-01-29-998Z_n-sweep_1-2-4-8-16-32-50,V1,,32,E-empate,,,delegate,,,,0x5c19a95c,,48347,1,,0x661c282cd9e0e8ae9af420543abc3bdc613c6cb387574718fba247544e2af8e9
2026-09-23T22-01-29-998Z_n-sweep_1-2-4-8-16-32-50,V1,,32,E-empate,,,delegate,,,,0x5c19a95c,,48347,1,,0xa25eec8de30d8f33b67249979cc372deee4340970acf515ed11237297c254db8
2026-09-23T22-01-29-998Z_n-sweep_1-2-4-8-16-32-50,V1,,32,E-empate,,,delegate,,,,0x5c19a95c,,48347,1,,0x4531944da7228710c401fe613cc835a5a2ab8911500c323b7a89206096a62c5e
2026-09-23T22-01-29-998Z_n-sweep_1-2-4-8-16-32-50,V1,,32,E-empate,,,delegate,,,,0x5c19a95c,,48335,1,,0x34fd858bbdd79805fe9ac14ac3496bc1581b8cd1fca415dd388ac92a1031b1a5
2026-09-23T22-01-29-998Z_n-sweep_1-2-4-8-16-32-50,V1,,32,E-empate,,,delegate,,,,0x5c19a95c,,48347,1,,0x3873a22f0d3bd864cb6adf03e490138f7a8c74e0367b46c72eb32ab59606fc50
2026-09-23T22-01-29-998Z_n-sweep_1-2-4-8-16-32-50,V1,,32,E-empate,,,delegate,,,,0x5c19a95c,,48347,1,,0x015c8107c64083620d33bd63ee4539fae6a634cbff1a7060ce0d9d7635a92667
2026-09-23T22-01-29-998Z_n-sweep_1-2-4-8-16-32-50,V1,,32,E-empate,,,delegate,,,,0x5c19a95c,,48347,1,,0x4d690799cd4e7de3c25a6216085b0327439b44872c331c8bdeed03412851c496
2026-09-23T22-01-29-998Z_n-sweep_1-2-4-8-16-32-50,V1,,32,E-empate,,,delegate,,,,0x5c19a95c,,48347,1,,0x4e2b6075a69f1a5defbf56244ed346d13180f658d70986f145e7afacf2a1769c
2026-09-23T22-01-29-998Z_n-sweep_1-2-4-8-16-32-50,V1,,32,E-empate,,,delegate,,,,0x5c19a95c,,48347,1,,0xdb953c4d33d8186e4e68b823485663114eed9632b4e6afebc927746da2cc5444
2026-09-23T22-01-29-998Z_n-sweep_1-2-4-8-16-32-50,V1,,32,E-empate,,,delegate,,,,0x5c19a95c,,48347,1,,0x6e11fc1a1f465bb514b7050fb921834e4af6a4c1f01678025fabce44812892fb
2026-09-23T22-01-29-998Z_n-sweep_1-2-4-8-16-32-50,V1,,32,E-empate,,,delegate,,,,0x5c19a95c,,48347,1,,0x02ed69ad44539ce394fe9de851cfc82976eaf863ce9b6bb6dbf7356c766b4e34
2026-09-23T22-01-29-998Z_n-sweep_1-2-4-8-16-32-50,V1,,32,E-empate,,,transfer,,,,0xa9059cbb,,135960,1,,0xb456269427e69b5e6ce8e76119fc7d322df6ec9289b99576d4a1afad4e375832
2026-09-23T22-01-29-998Z_n-sweep_1-2-4-8-16-32-50,V1,,32,E-empate,,,transfer,,,,0xa9059cbb,,135948,1,,0xb1ebdc3fafc8d37f132e1bcc9fa8242f9ac4ccbf686053a9c11fea1447d7954a
2026-09-23T22-01-29-998Z_n-sweep_1-2-4-8-16-32-50,V1,,32,E-empate,,,transfer,,,,0xa9059cbb,,135960,1,,0x0706982ce9ffc9a9a6049bdad109ccb7771a360862c1c67d4604b16e468e88b3
2026-09-23T22-01-29-998Z_n-sweep_1-2-4-8-16-32-50,V1,,32,E-empate,,,transfer,,,,0xa9059cbb,,135960,1,,0x2be7a2323568fcd1226a0c9609a47190689b94f2bfd0a447e2dd0b263421859f
2026-09-23T22-01-29-998Z_n-sweep_1-2-4-8-16-32-50,V1,,32,E-empate,,,transfer,,,,0xa9059cbb,,135960,1,,0x306101092df768e906c434b562ff9c882664cf533261e971ab14944111cc0b35
2026-09-23T22-01-29-998Z_n-sweep_1-2-4-8-16-32-50,V1,,32,E-empate,,,transfer,,,,0xa9059cbb,,135960,1,,0x5a32b538f96cee1fd52ee740d3498092b5ff7b800fe37d249516ce644ac4c638
2026-09-23T22-01-29-998Z_n-sweep_1-2-4-8-16-32-50,V1,,32,E-empate,,,transfer,,,,0xa9059cbb,,135960,1,,0x2b3c88dfa9086dedb70af73e2a72d41b372d8737896af7d9c24b888ba77809a8
2026-09-23T22-01-29-998Z_n-sweep_1-2-4-8-16-32-50,V1,,32,E-empate,,,transfer,,,,0xa9059cbb,,135960,1,,0xc6c3504257735cab1ebbf8e23b8dfa0891033d340b7faee41c7a4c8ffcaf2f05
2026-09-23T22-01-29-998Z_n-sweep_1-2-4-8-16-32-50,V1,,32,E-empate,,,transfer,,,,0xa9059cbb,,135960,1,,0x8c375b595de805e2c20ab49d5366ef38ae2405712a57898e36c42d7394dc7dea
2026-09-23T22-01-29-998Z_n-sweep_1-2-4-8-16-32-50,V1,,32,E-empate,,,transfer,,,,0xa9059cbb,,135948,1,,0x956797de8927bfe4fa4238f3c3d6225ec80fb5cb7f8988c10bcbf7507db7f433
2026-09-23T22-01-29-998Z_n-sweep_1-2-4-8-16-32-50,V1,,32,E-empate,,,transfer,,,,0xa9059cbb,,135960,1,,0x8419adca48826d94d148af9eb8c52743544499d0862d2c79fe217f13838d3f89
2026-09-23T22-01-29-998Z_n-sweep_1-2-4-8-16-32-50,V1,,32,E-empate,,,transfer,,,,0xa9059cbb,,135960,1,,0xa6a407b8151974f51fd3480ed2808e823a862b1a9fc3e4d58826cc40991de5ce
2026-09-23T22-01-29-998Z_n-sweep_1-2-4-8-16-32-50,V1,,32,E-empate,,,transfer,,,,0xa9059cbb,,135960,1,,0x7cb9b9759a154291125191612f5d3d9c005445ca3d44499b84df2cdf24196036
2026-09-23T22-01-29-998Z_n-sweep_1-2-4-8-16-32-50,V1,,32,E-empate,,,transfer,,,,0xa9059cbb,,135960,1,,0x37425c743b5169af4a191d2411ef9ec7a8ecfd4d3f9e18e9c74c8441e728227d
2026-09-23T22-01-29-998Z_n-sweep_1-2-4-8-16-32-50,V1,,32,E-empate,,,transfer,,,,0xa9059cbb,,135960,1,,0x30047ac0d2b376ce93122498326e833da05270630abef795f3659920af1f01f3
2026-09-23T22-01-29-998Z_n-sweep_1-2-4-8-16-32-50,V1,,32,E-empate,,,transfer,,,,0xa9059cbb,,135960,1,,0x25b05249a040061fc25c18be11522eaba7e4df163e9ce17f69863b5a67fccb76
2026-09-23T22-01-29-998Z_n-sweep_1-2-4-8-16-32-50,V1,,32,E-empate,,,transfer,,,,0xa9059cbb,,135960,1,,0x9f4ab1b66a7ab3047273f1a54d34b17dce9dff1c107a018ddfac1f8406fd791a
2026-09-23T22-01-29-998Z_n-sweep_1-2-4-8-16-32-50,V1,,32,E-empate,,,transfer,,,,0xa9059cbb,,135960,1,,0x1c23e5aa6a3e4e7eece03a43c7bee946db01ccd04cb4351c56313615169cd5f7
2026-09-23T22-01-29-998Z_n-sweep_1-2-4-8-16-32-50,V1,,32,E-empate,,,transfer,,,,0xa9059cbb,,135960,1,,0x808e0b1a1f83e43b1b0bbeebf1eaa49a2a0bd603dc033838a51dbc520100f07e
2026-09-23T22-01-29-998Z_n-sweep_1-2-4-8-16-32-50,V1,,32,E-empate,,,transfer,,,,0xa9059cbb,,135960,1,,0x5a9e739bf10cf83ed688f6b886c370f4149c627ecdb8e2f83acec9af0d1e9ad7
2026-09-23T22-01-29-998Z_n-sweep_1-2-4-8-16-32-50,V1,,32,E-empate,,,transfer,,,,0xa9059cbb,,135960,1,,0xd98acace08286d3e5bc862992a1feeb750161810d0f11fff091be1b9b2d82ec4
2026-09-23T22-01-29-998Z_n-sweep_1-2-4-8-16-32-50,V1,,32,E-empate,,,transfer,,,,0xa9059cbb,,135960,1,,0x02f3d6da6a616977f3c74d4af815dd50f18791ec5f826da90aa5ae9ef216be0b
2026-09-23T22-01-29-998Z_n-sweep_1-2-4-8-16-32-50,V1,,32,E-empate,,,transfer,,,,0xa9059cbb,,135960,1,,0xba289594f475d94893786718c7be70af369cd9d6fb44497a45822d97b6355a29
2026-09-23T22-01-29-998Z_n-sweep_1-2-4-8-16-32-50,V1,,32,E-empate,,,transfer,,,,0xa9059cbb,,135960,1,,0x08700732f89c0ba615bd8eeeeb0da4c103eba6f7d06c33eb6c01e53380f25dcd
2026-09-23T22-01-29-998Z_n-sweep_1-2-4-8-16-32-50,V1,,32,E-empate,,,transfer,,,,0xa9059cbb,,135948,1,,0xcfffabbbdd8e51d9435bb673210e62b7334b7d2df8e4a3d70c4461cd0fcf447a
2026-09-23T22-01-29-998Z_n-sweep_1-2-4-8-16-32-50,V1,,32,E-empate,,,transfer,,,,0xa9059cbb,,135960,1,,0x6a4069c122629b5e403a8e517573612f517cdc4223087adf4d4e46ecc1ee28fa
2026-09-23T22-01-29-998Z_n-sweep_1-2-4-8-16-32-50,V1,,32,E-empate,,,transfer,,,,0xa9059cbb,,135960,1,,0x43f7e058f78f5c7ce717c161d923cabe7762bcbb8972d7ee8fefca0222f2ac2e
2026-09-23T22-01-29-998Z_n-sweep_1-2-4-8-16-32-50,V1,,32,E-empate,,,transfer,,,,0xa9059cbb,,135960,1,,0xb91cdfd0d12560265c641a94d1861458541d1dae9f997abd1dfa9cd90d1da67f
2026-09-23T22-01-29-998Z_n-sweep_1-2-4-8-16-32-50,V1,,32,E-empate,,,transfer,,,,0xa9059cbb,,135960,1,,0x284b008bbeb87e89e13af70f36c3f6915fd65474aadd30470c0579190ecd68bd
2026-09-23T22-01-29-998Z_n-sweep_1-2-4-8-16-32-50,V1,,32,E-empate,,,transfer,,,,0xa9059cbb,,135960,1,,0x97b6c18b16e030e7b38ed387cb03f0c4d64c025ee39fe4e224cc6b950d321c35
2026-09-23T22-01-29-998Z_n-sweep_1-2-4-8-16-32-50,V1,,32,E-empate,,,transfer,,,,0xa9059cbb,,135960,1,,0xa345160eee559cdd8379b98b9e47ed1c8910297dd1a07ae65e92da3cd077a630
2026-09-23T22-01-29-998Z_n-sweep_1-2-4-8-16-32-50,V1,,32,E-empate,,,transfer,,,,0xa9059cbb,,135960,1,,0xd9fc574e08881af2698645cc1d7617b8e12462a5806467e1d7fe5ff479431a79
2026-09-23T22-01-29-998Z_n-sweep_1-2-4-8-16-32-50,V1,,32,E-empate,,,propose,,,propose,0x7d5e81e2,WasteCategoryRegistry.updateCredits,63778,1,,0xf07e44e7dfa1c23efa4ab702df47afc63c09316fd284942f01a7fb20d62bcf4c
2026-09-23T22-01-29-998Z_n-sweep_1-2-4-8-16-32-50,V1,,32,E-empate,,,vote,1,for,,0x56781388,,82468,1,,0x80e60afa99e3cf6dbfb0d17c3debde1f42abc5e8a74c2562230b9495f0783c0b
2026-09-23T22-01-29-998Z_n-sweep_1-2-4-8-16-32-50,V1,,32,E-empate,,,vote,2,for,,0x56781388,,65368,1,,0xccaf148b0977f17a903521a3c8e5ce44c41c21efa861a10f35cf7532c6d4cc67
2026-09-23T22-01-29-998Z_n-sweep_1-2-4-8-16-32-50,V1,,32,E-empate,,,vote,3,for,,0x56781388,,65368,1,,0xedf73f20f9a8e68755a919a58fda5c0379f535926e3efc74ef3a9d4311172496
2026-09-23T22-01-29-998Z_n-sweep_1-2-4-8-16-32-50,V1,,32,E-empate,,,vote,4,for,,0x56781388,,65368,1,,0x1a049e1f9d325ca06a3cb8b8f09ad43b4b9e151c5c733c5ce7dbd10544997b7b
2026-09-23T22-01-29-998Z_n-sweep_1-2-4-8-16-32-50,V1,,32,E-empate,,,vote,5,for,,0x56781388,,65368,1,,0xf6866ddff36100a1408f6de970a7dc39f9dd06529bca4b1fba3da0b1c4bcdf90
2026-09-23T22-01-29-998Z_n-sweep_1-2-4-8-16-32-50,V1,,32,E-empate,,,vote,6,for,,0x56781388,,65368,1,,0xb9625da95bc73462f417024b5ef0ac22a4ae658a410e5cd9ac21dbcffc2fdb6a
2026-09-23T22-01-29-998Z_n-sweep_1-2-4-8-16-32-50,V1,,32,E-empate,,,vote,7,for,,0x56781388,,65368,1,,0xbe8855194d927f1adc9bc048f50f69cb385cd8b5c147db367b0be2defd5d11d1
2026-09-23T22-01-29-998Z_n-sweep_1-2-4-8-16-32-50,V1,,32,E-empate,,,vote,8,for,,0x56781388,,65368,1,,0xca73e287b629bc1079cba8c691c96ad8fdaa03604324a19f1cfdce6eda87b4c0
2026-09-23T22-01-29-998Z_n-sweep_1-2-4-8-16-32-50,V1,,32,E-empate,,,vote,9,for,,0x56781388,,65368,1,,0xc447dfc2ad8a1c12aad6d70167ef014c3f58efee8c4addb69b23221e48528abc
2026-09-23T22-01-29-998Z_n-sweep_1-2-4-8-16-32-50,V1,,32,E-empate,,,vote,10,for,,0x56781388,,65368,1,,0x22f841da37d91ed57433719e4ef5f354347c63e4a042350f4ea3eedabafab8c3
2026-09-23T22-01-29-998Z_n-sweep_1-2-4-8-16-32-50,V1,,32,E-empate,,,vote,11,for,,0x56781388,,65368,1,,0x605b95bc6d340700dda3ec2f51d129a0bdf9bc217d0ac8ca6cf1bc306fc9c679
2026-09-23T22-01-29-998Z_n-sweep_1-2-4-8-16-32-50,V1,,32,E-empate,,,vote,12,for,,0x56781388,,65368,1,,0xacfd2a87bb3afbc008e22fc7fe1ad88c49ea5b9b17d0d4b52219aa7ff501aeaa
2026-09-23T22-01-29-998Z_n-sweep_1-2-4-8-16-32-50,V1,,32,E-empate,,,vote,13,for,,0x56781388,,65368,1,,0x49417a86adbed17c3c5f205054870f54082e60a526f3fe71e1241f3d2f4651fd
2026-09-23T22-01-29-998Z_n-sweep_1-2-4-8-16-32-50,V1,,32,E-empate,,,vote,14,for,,0x56781388,,65368,1,,0x220d9469bdc8db39a437062b2dff7cfd89b4ac167180ad43feb16db5293f6eb5
2026-09-23T22-01-29-998Z_n-sweep_1-2-4-8-16-32-50,V1,,32,E-empate,,,vote,15,for,,0x56781388,,65368,1,,0x0bc2a65eac788958fa602d32810d6ed3b2baba6eb99abbe1e4a4abc0bf675c73
2026-09-23T22-01-29-998Z_n-sweep_1-2-4-8-16-32-50,V1,,32,E-empate,,,vote,16,for,,0x56781388,,65368,1,,0x7d27864bbe51eb22b290fc6b55c4dcbf14eadd0e23f9a0178448c57ddc373e90
2026-09-23T22-01-29-998Z_n-sweep_1-2-4-8-16-32-50,V1,,32,E-empate,,,vote,1,against,,0x56781388,,82416,1,,0x77582bc23bc575fffb91277f438a697cbbc1a66f2c43e93070364a5017e1a62c
2026-09-23T22-01-29-998Z_n-sweep_1-2-4-8-16-32-50,V1,,32,E-empate,,,vote,2,against,,0x56781388,,65316,1,,0x967a0a4c41f25dff088e7f846dce8e14c657ca1d3c9896195a241c7da444f83b
2026-09-23T22-01-29-998Z_n-sweep_1-2-4-8-16-32-50,V1,,32,E-empate,,,vote,3,against,,0x56781388,,65316,1,,0x8dcea9205c31bc671ba5e6e51ad0962445afba605b4b4c8d706cfd3340462e52
2026-09-23T22-01-29-998Z_n-sweep_1-2-4-8-16-32-50,V1,,32,E-empate,,,vote,4,against,,0x56781388,,65316,1,,0x52d2763bc61ef55be2d900b3142a0e44828244053ea5d1c907a2aa13dfbc5f91
2026-09-23T22-01-29-998Z_n-sweep_1-2-4-8-16-32-50,V1,,32,E-empate,,,vote,5,against,,0x56781388,,65316,1,,0x55573e4f237ebd1da35e090269b3910d32f872bfe354e0c43c1ae46e8a495624
2026-09-23T22-01-29-998Z_n-sweep_1-2-4-8-16-32-50,V1,,32,E-empate,,,vote,6,against,,0x56781388,,65316,1,,0xe88cac728fea47a60e553d5b4b7ed2d120d8ea2e0bced80d9187df1edabace72
2026-09-23T22-01-29-998Z_n-sweep_1-2-4-8-16-32-50,V1,,32,E-empate,,,vote,7,against,,0x56781388,,65316,1,,0xe1e105ed074dbe36be01f1665428bdec8b372ba41d4b63168f5dbf8d941b1845
2026-09-23T22-01-29-998Z_n-sweep_1-2-4-8-16-32-50,V1,,32,E-empate,,,vote,8,against,,0x56781388,,65316,1,,0x298af925862c34ffc497b06a7007771fe44981b37d7e81a1ce6a1a8bfed10d89
2026-09-23T22-01-29-998Z_n-sweep_1-2-4-8-16-32-50,V1,,32,E-empate,,,vote,9,against,,0x56781388,,65316,1,,0xd835d5c240a107631ea39e2f1a3a08d8dc2d6283b286cb0ccd1af6bcc1db934a
2026-09-23T22-01-29-998Z_n-sweep_1-2-4-8-16-32-50,V1,,32,E-empate,,,vote,10,against,,0x56781388,,65316,1,,0xefe4159b1251005e6682e39bb9c7a870e8777b33a1565adfd0988f955ed5c11f
2026-09-23T22-01-29-998Z_n-sweep_1-2-4-8-16-32-50,V1,,32,E-empate,,,vote,11,against,,0x56781388,,65316,1,,0x499de970edd748a20315062d75a32ba5fa2f13e5ed060016f2abffabe87c39ae
2026-09-23T22-01-29-998Z_n-sweep_1-2-4-8-16-32-50,V1,,32,E-empate,,,vote,12,against,,0x56781388,,65316,1,,0x649b2cdacdc12e46fb6160121e53c1b1745e1dfdee9a825dd7a6c3278123366a
2026-09-23T22-01-29-998Z_n-sweep_1-2-4-8-16-32-50,V1,,32,E-empate,,,vote,13,against,,0x56781388,,65316,1,,0x95d7256cffad60e5cc5a7dc26c10257f5fee3cb07b4bf937e11def08f2d91cd4
2026-09-23T22-01-29-998Z_n-sweep_1-2-4-8-16-32-50,V1,,32,E-empate,,,vote,14,against,,0x56781388,,65316,1,,0xe5c7539fba2a30bb8d93ede2b2477a1307906946eac2e00bd0c7cd6179fbfd00
2026-09-23T22-01-29-998Z_n-sweep_1-2-4-8-16-32-50,V1,,32,E-empate,,,vote,15,against,,0x56781388,,65316,1,,0xbb59e39e0959f3cdc76cf46a8d29b694b1d3769bc998f984dcd2c403dfd55b34
2026-09-23T22-01-29-998Z_n-sweep_1-2-4-8-16-32-50,V1,,32,E-empate,,,vote,16,against,,0x56781388,,65316,1,,0x783d6f1837a5fe4b9cd915e30a781f33af55321e0986491146821e74d8a5af1a
2026-09-23T22-01-29-998Z_n-sweep_1-2-4-8-16-32-50,V1,,32,E-empate,,,execute_attempt,,,execute,0x2656227d,WasteCategoryRegistry.updateCredits,40382,0,"VM Exception while processing transaction: reverted with custom error 'GovernorUnexpectedProposalState(46985231277081823393202473510360816690510731684694968079920269659245176170389, 3, '0x0000000000000000000000000000000000000000000000000000000000000030')'",0xbb302038e198439bc176565843fd80c705ac5b26337fca0b57ab3e36e33720ac
2026-09-23T22-01-29-998Z_n-sweep_1-2-4-8-16-32-50,V2,T1,,,,,deploy_token_T1,,,constructor,0x61016060,,1621017,1,,0xece28f063ba256e8fc65152daf61fe745a7823e8ba387b1b661409f18f6dc4cc
2026-09-23T22-01-29-998Z_n-sweep_1-2-4-8-16-32-50,V2,,,,,,deploy_registry,,,constructor,0x60806040,,4590964,1,,0x9005486642112873086c0faf3a06ce7199e3377186a80eb6eea4235f5e1c6f56
2026-09-23T22-01-29-998Z_n-sweep_1-2-4-8-16-32-50,V2,,,,,,deploy_governor_V2,,,constructor,0x6101e080,,2178840,1,,0xa32c9f3d540c0ae9eee563ea02a53e3c1648afde51e09209202bc2912d9a8532
2026-09-23T22-01-29-998Z_n-sweep_1-2-4-8-16-32-50,V2,,,,,,grant_admin_role,,,grantRole,0x2f2ff15d,,50799,1,,0x0482dd737ad13e5cf9f342f77b7f4c8d4a60575e6613b501a7a433855227e65d
2026-09-23T22-01-29-998Z_n-sweep_1-2-4-8-16-32-50,V2,,,,,,revoke_deployer_admin_role,,,revokeRole,0xd547741f,,27116,1,,0xbf6c6756b6e885a31717a4b56f3c4fc35da4780ca84e075711ea97189f58ea3d
2026-09-23T22-01-29-998Z_n-sweep_1-2-4-8-16-32-50,V2,,32,E-empate,,,delegate_admin,,,,0x5c19a95c,,95559,1,,0xe4ed125ff7fcf34a784094393e69d7b32184f90f45a88cf0e398ac5fe2329d50
2026-09-23T22-01-29-998Z_n-sweep_1-2-4-8-16-32-50,V2,,32,E-empate,,,delegate,,,,0x5c19a95c,,48347,1,,0x8e5cf2e817455991c3f88244f29b95e3c5703efb253d16587c3e019ace8ed4aa
2026-09-23T22-01-29-998Z_n-sweep_1-2-4-8-16-32-50,V2,,32,E-empate,,,delegate,,,,0x5c19a95c,,48335,1,,0x3a4d0b938991cc6665fddf48aab742d27a2480134e4cb1cf5b844b9724575405
2026-09-23T22-01-29-998Z_n-sweep_1-2-4-8-16-32-50,V2,,32,E-empate,,,delegate,,,,0x5c19a95c,,48347,1,,0x8df16e2387da0d9fa03469e487a72815c7ad0f22d2e3631bfcd3e8532e84566f
2026-09-23T22-01-29-998Z_n-sweep_1-2-4-8-16-32-50,V2,,32,E-empate,,,delegate,,,,0x5c19a95c,,48347,1,,0x95612e3ccf4e98f664cb62c90a18fd3142e8f5668db18fb82a400652a6b96b06
2026-09-23T22-01-29-998Z_n-sweep_1-2-4-8-16-32-50,V2,,32,E-empate,,,delegate,,,,0x5c19a95c,,48347,1,,0x8cfbd9c8afd095297879c4ea5a6d41c276c3b770abd2f751b06ec63384df15d6
2026-09-23T22-01-29-998Z_n-sweep_1-2-4-8-16-32-50,V2,,32,E-empate,,,delegate,,,,0x5c19a95c,,48347,1,,0x96ff47bd12ed3260165a9b3c82bacf4a9f1cfd47a5f8548491ee35c1066f2e38
2026-09-23T22-01-29-998Z_n-sweep_1-2-4-8-16-32-50,V2,,32,E-empate,,,delegate,,,,0x5c19a95c,,48347,1,,0x3c7464a5135ef0630048da3b891f6f95d941c4b44dfb27d1230d6c7015af52d6
2026-09-23T22-01-29-998Z_n-sweep_1-2-4-8-16-32-50,V2,,32,E-empate,,,delegate,,,,0x5c19a95c,,48347,1,,0xcef7f0dbdf22e7ddd7612e11e8e4d04d07ff7ed50742fa593a04379c3fb4c79a
2026-09-23T22-01-29-998Z_n-sweep_1-2-4-8-16-32-50,V2,,32,E-empate,,,delegate,,,,0x5c19a95c,,48347,1,,0x2a05bf2175c5ddc1c903f568e1aef2d66314124f75bcf8379ba8adf2782fee08
2026-09-23T22-01-29-998Z_n-sweep_1-2-4-8-16-32-50,V2,,32,E-empate,,,delegate,,,,0x5c19a95c,,48335,1,,0xed076a3bb603efd5d8a71a2cc98ed4047b12d152a544a7d1d7a341433c9a4602
2026-09-23T22-01-29-998Z_n-sweep_1-2-4-8-16-32-50,V2,,32,E-empate,,,delegate,,,,0x5c19a95c,,48347,1,,0x10be283a8ec30b680dc3aca50b759e0cf9c8afc082d9e83402cea754eca72a1f
2026-09-23T22-01-29-998Z_n-sweep_1-2-4-8-16-32-50,V2,,32,E-empate,,,delegate,,,,0x5c19a95c,,48347,1,,0x2a30f5270f05f3f17e6177f9b77f58b934718ec7c2e872415fd5bb3af3d1a729
2026-09-23T22-01-29-998Z_n-sweep_1-2-4-8-16-32-50,V2,,32,E-empate,,,delegate,,,,0x5c19a95c,,48347,1,,0x8627a7ad29f66cec2d29399f287974e7802b96ce1c1094b9f03f71ebb4aee554
2026-09-23T22-01-29-998Z_n-sweep_1-2-4-8-16-32-50,V2,,32,E-empate,,,delegate,,,,0x5c19a95c,,48347,1,,0x09935171751aaaad6b28f8c0a6e1389d805ea4048b73d32206a0f9fb56fe6526
2026-09-23T22-01-29-998Z_n-sweep_1-2-4-8-16-32-50,V2,,32,E-empate,,,delegate,,,,0x5c19a95c,,48347,1,,0xcc0bb7cbd2d0f3f8fa2b739bbaa5db203755fbd70b3eefc00d112f1bb589ceaf
2026-09-23T22-01-29-998Z_n-sweep_1-2-4-8-16-32-50,V2,,32,E-empate,,,delegate,,,,0x5c19a95c,,48347,1,,0xc76339288f99a2e44a4485a1794ebb0cad6215adbb061dde8b472b5783d68437
2026-09-23T22-01-29-998Z_n-sweep_1-2-4-8-16-32-50,V2,,32,E-empate,,,delegate,,,,0x5c19a95c,,48347,1,,0x4eff498246ceed5814c564e65aad18449d9d8819517ba51d588d9cfdae3d4d2a
2026-09-23T22-01-29-998Z_n-sweep_1-2-4-8-16-32-50,V2,,32,E-empate,,,delegate,,,,0x5c19a95c,,48347,1,,0xa6ae49a326f302b9e71391f9415c0d930458ea03039ee9086f5687369d739f43
2026-09-23T22-01-29-998Z_n-sweep_1-2-4-8-16-32-50,V2,,32,E-empate,,,delegate,,,,0x5c19a95c,,48347,1,,0xf13688c59dca87eeaaf2b3d3ae625f01224e2d5b4954af7ddb9eacd7e8fca21e
2026-09-23T22-01-29-998Z_n-sweep_1-2-4-8-16-32-50,V2,,32,E-empate,,,delegate,,,,0x5c19a95c,,48347,1,,0xed760b7612d9a02f7ab38dcca54d7d989dd819b4bb98906db1dbcca059ac084f
2026-09-23T22-01-29-998Z_n-sweep_1-2-4-8-16-32-50,V2,,32,E-empate,,,delegate,,,,0x5c19a95c,,48347,1,,0x408a7ccbb0d6637960a2093204a5084a7c3370084f7061b277e04d5d1523ae58
2026-09-23T22-01-29-998Z_n-sweep_1-2-4-8-16-32-50,V2,,32,E-empate,,,delegate,,,,0x5c19a95c,,48347,1,,0x3152e0d13e4c1339d74b6b187ca12500a969817e0120fc16874758b89451705c
2026-09-23T22-01-29-998Z_n-sweep_1-2-4-8-16-32-50,V2,,32,E-empate,,,delegate,,,,0x5c19a95c,,48347,1,,0xa643950d224ced9bbf99ea95cbb9cecb86c028ad6a357741d9eed43fd1418124
2026-09-23T22-01-29-998Z_n-sweep_1-2-4-8-16-32-50,V2,,32,E-empate,,,delegate,,,,0x5c19a95c,,48347,1,,0x055e399c3cbfa6644dce91a7f3b36ea2bc185d80c647c0f1d04321e14c4b1361
2026-09-23T22-01-29-998Z_n-sweep_1-2-4-8-16-32-50,V2,,32,E-empate,,,delegate,,,,0x5c19a95c,,48335,1,,0xdbafa2287cf62155690c72d09b21b76ada56306bf24799e90a6ebd1fd470abc6
2026-09-23T22-01-29-998Z_n-sweep_1-2-4-8-16-32-50,V2,,32,E-empate,,,delegate,,,,0x5c19a95c,,48347,1,,0x5f3e39c0a04665565fe3ba089f22454588d4f688c9a7aef067e7ad9e116a759a
2026-09-23T22-01-29-998Z_n-sweep_1-2-4-8-16-32-50,V2,,32,E-empate,,,delegate,,,,0x5c19a95c,,48347,1,,0x7f968e30943d915d45decb0caea3281b5a4ce30a34416fbe354786d67369fd83
2026-09-23T22-01-29-998Z_n-sweep_1-2-4-8-16-32-50,V2,,32,E-empate,,,delegate,,,,0x5c19a95c,,48347,1,,0xacced85e76fc346ac6aeec9a7ad6b61324fa6705450ea8d9c6b571e609652ec6
2026-09-23T22-01-29-998Z_n-sweep_1-2-4-8-16-32-50,V2,,32,E-empate,,,delegate,,,,0x5c19a95c,,48347,1,,0xc354d6d794f1199566d0378cd1a05e9a5ef44036fa08971363ffdb3f0a83ac1f
2026-09-23T22-01-29-998Z_n-sweep_1-2-4-8-16-32-50,V2,,32,E-empate,,,delegate,,,,0x5c19a95c,,48347,1,,0x41430b21e85fff00baa6651f5e9419f14411e203e9c65cf045d70399e1f94f10
2026-09-23T22-01-29-998Z_n-sweep_1-2-4-8-16-32-50,V2,,32,E-empate,,,delegate,,,,0x5c19a95c,,48347,1,,0x0bedefd31dfd1911f1b821af9af59b2add8145ffa98e5dbae489249c34ba12b9
2026-09-23T22-01-29-998Z_n-sweep_1-2-4-8-16-32-50,V2,,32,E-empate,,,delegate,,,,0x5c19a95c,,48347,1,,0x56ad8c486cf180aa0b39b839e9aa8457bb432ce913afb5054ca9bcce3effbb92
2026-09-23T22-01-29-998Z_n-sweep_1-2-4-8-16-32-50,V2,,32,E-empate,,,transfer,,,,0xa9059cbb,,135960,1,,0xd0698b15d0a4158e25b6354447a9183a1c7e2709f2dc65467f1f8d003c028165
2026-09-23T22-01-29-998Z_n-sweep_1-2-4-8-16-32-50,V2,,32,E-empate,,,transfer,,,,0xa9059cbb,,135948,1,,0xc1d83b95bf805ba4371c2bb98c2893712e313bdae17608c8cca1a20cefcace3f
2026-09-23T22-01-29-998Z_n-sweep_1-2-4-8-16-32-50,V2,,32,E-empate,,,transfer,,,,0xa9059cbb,,135960,1,,0x5c9a2f524061f2cedfc3a23928ba3522a97347623158802a7574d89aac66c5e2
2026-09-23T22-01-29-998Z_n-sweep_1-2-4-8-16-32-50,V2,,32,E-empate,,,transfer,,,,0xa9059cbb,,135960,1,,0xd7a1d861a8ffae45389bf7b1e050a2ad6774adf1f26964e59f924d13efe16f93
2026-09-23T22-01-29-998Z_n-sweep_1-2-4-8-16-32-50,V2,,32,E-empate,,,transfer,,,,0xa9059cbb,,135960,1,,0x3ed47764d1b6dc2977a87f07c00932d7919f86a38d7fa6897797557fcaf8ddb2
2026-09-23T22-01-29-998Z_n-sweep_1-2-4-8-16-32-50,V2,,32,E-empate,,,transfer,,,,0xa9059cbb,,135960,1,,0xe38aeefc29cc229da8f80086faf7a65278385513d6000ae2998b9164c52a2ec0
2026-09-23T22-01-29-998Z_n-sweep_1-2-4-8-16-32-50,V2,,32,E-empate,,,transfer,,,,0xa9059cbb,,135960,1,,0x66cced5377a01cb01ced1557db51d3d576fa40d9f04be2db053b55b41fb5089e
2026-09-23T22-01-29-998Z_n-sweep_1-2-4-8-16-32-50,V2,,32,E-empate,,,transfer,,,,0xa9059cbb,,135960,1,,0xfe5aef131cc72a9ad79a1f5ffde1443d7f223ae84ed6a6626946d0308ab353a6
2026-09-23T22-01-29-998Z_n-sweep_1-2-4-8-16-32-50,V2,,32,E-empate,,,transfer,,,,0xa9059cbb,,135960,1,,0x2c714ceb4fe03bcf2c3d8630106ccb262af10d86fa7e1b83496bbb0c41f8f657
2026-09-23T22-01-29-998Z_n-sweep_1-2-4-8-16-32-50,V2,,32,E-empate,,,transfer,,,,0xa9059cbb,,135948,1,,0xd761f278e00234ae7bff4ba89185e7e3ecd0c332b003b4603918a2f13a1ab358
2026-09-23T22-01-29-998Z_n-sweep_1-2-4-8-16-32-50,V2,,32,E-empate,,,transfer,,,,0xa9059cbb,,135960,1,,0x031aa8f9222008ee539d955a400cef5a9aceb2377b58d9bdfb60366e2e5ec88d
2026-09-23T22-01-29-998Z_n-sweep_1-2-4-8-16-32-50,V2,,32,E-empate,,,transfer,,,,0xa9059cbb,,135960,1,,0x42cd908997f6996bc98d0e95639112ede936d48a3f26d5c3e2a8c7e95054854d
2026-09-23T22-01-29-998Z_n-sweep_1-2-4-8-16-32-50,V2,,32,E-empate,,,transfer,,,,0xa9059cbb,,135960,1,,0x719b6c90c96e3584e7554597250f36160d4f86bef73d716538651162072dc1a3
2026-09-23T22-01-29-998Z_n-sweep_1-2-4-8-16-32-50,V2,,32,E-empate,,,transfer,,,,0xa9059cbb,,135960,1,,0x964636b08302fb1a1aeb3ebfcb46761628f9689f5d7910980ca3e90d3ad72185
2026-09-23T22-01-29-998Z_n-sweep_1-2-4-8-16-32-50,V2,,32,E-empate,,,transfer,,,,0xa9059cbb,,135960,1,,0x42dca054fb5013aa31f156620dd3fdd731d2a22f0bd44862620f1e9366320d94
2026-09-23T22-01-29-998Z_n-sweep_1-2-4-8-16-32-50,V2,,32,E-empate,,,transfer,,,,0xa9059cbb,,135960,1,,0x6f8161bec26017fcea839ed5cf5aec77f0adc12b00fe597537d73b33c0d89ead
2026-09-23T22-01-29-998Z_n-sweep_1-2-4-8-16-32-50,V2,,32,E-empate,,,transfer,,,,0xa9059cbb,,135960,1,,0xcf984e4f2d4bd10afedd9acbd2d1940ac71703f84a09ab0031926511e28e2635
2026-09-23T22-01-29-998Z_n-sweep_1-2-4-8-16-32-50,V2,,32,E-empate,,,transfer,,,,0xa9059cbb,,135960,1,,0x9ce98ec599be9f522859383caa8c4fd89d812e3757dda9a4573341c20e0f2613
2026-09-23T22-01-29-998Z_n-sweep_1-2-4-8-16-32-50,V2,,32,E-empate,,,transfer,,,,0xa9059cbb,,135960,1,,0x578c45ba07da6aebe660bcaad7363e9c4cf3bef6fd87b78be2c9f7b1bb99e96d
2026-09-23T22-01-29-998Z_n-sweep_1-2-4-8-16-32-50,V2,,32,E-empate,,,transfer,,,,0xa9059cbb,,135960,1,,0x870d481b432dffcac70d460fc5462f566d3e5e210615efc5b22ba6a948560817
2026-09-23T22-01-29-998Z_n-sweep_1-2-4-8-16-32-50,V2,,32,E-empate,,,transfer,,,,0xa9059cbb,,135960,1,,0x7bf6c0061eb2f4e93af69e04140e29de63e118de26abe4b6171070162b2d402a
2026-09-23T22-01-29-998Z_n-sweep_1-2-4-8-16-32-50,V2,,32,E-empate,,,transfer,,,,0xa9059cbb,,135960,1,,0xa145b9fd5a9b7cc823bbd816c5ebb6f4a4e624107b23481a0f732956d4cf4a2a
2026-09-23T22-01-29-998Z_n-sweep_1-2-4-8-16-32-50,V2,,32,E-empate,,,transfer,,,,0xa9059cbb,,135960,1,,0x733583bfcddbe7384a5465c8d5867f76d65ba6745b91267e14d1ff485cfc70a6
2026-09-23T22-01-29-998Z_n-sweep_1-2-4-8-16-32-50,V2,,32,E-empate,,,transfer,,,,0xa9059cbb,,135960,1,,0x4a66f968338e1f313aca3afb2b02f5492b1059155b1945e1c21e14e3a325a61b
2026-09-23T22-01-29-998Z_n-sweep_1-2-4-8-16-32-50,V2,,32,E-empate,,,transfer,,,,0xa9059cbb,,135948,1,,0x31d3300ea2257060997f08297c579c9fd07c152fb88c10f797eeaa1ce1b5d8c1
2026-09-23T22-01-29-998Z_n-sweep_1-2-4-8-16-32-50,V2,,32,E-empate,,,transfer,,,,0xa9059cbb,,135960,1,,0x0c15552baf3e28feb479668eb96380f728a17e0b946d2c06f49aa57eb6a55216
2026-09-23T22-01-29-998Z_n-sweep_1-2-4-8-16-32-50,V2,,32,E-empate,,,transfer,,,,0xa9059cbb,,135960,1,,0xb5337b3b2747f7cf90d047e14df44ca40ddf66c56cac22f65df754a2a7477674
2026-09-23T22-01-29-998Z_n-sweep_1-2-4-8-16-32-50,V2,,32,E-empate,,,transfer,,,,0xa9059cbb,,135960,1,,0xd975c85cb79c51b1d0496e30fd86543301c9241eff30516f72f25cc09bcb27f8
2026-09-23T22-01-29-998Z_n-sweep_1-2-4-8-16-32-50,V2,,32,E-empate,,,transfer,,,,0xa9059cbb,,135960,1,,0xccb63e701c5fafcdff6e12e25d99046f8dca7b8b696a22e64faa06a60df2355d
2026-09-23T22-01-29-998Z_n-sweep_1-2-4-8-16-32-50,V2,,32,E-empate,,,transfer,,,,0xa9059cbb,,135960,1,,0xd39a246d199b5cb2fc9322eba7c3345d022e2a9a3f0302913750ebace68ebda0
2026-09-23T22-01-29-998Z_n-sweep_1-2-4-8-16-32-50,V2,,32,E-empate,,,transfer,,,,0xa9059cbb,,135960,1,,0x57e5a44adb6f3fbfa94b276517bacf362a9bf1ce37dbd7787bbfce9c429fc160
2026-09-23T22-01-29-998Z_n-sweep_1-2-4-8-16-32-50,V2,,32,E-empate,,,transfer,,,,0xa9059cbb,,135960,1,,0x5e033e0960901e629ef36ddfc933139c1162e979bbacabacf5504b8436e9a8f3
2026-09-23T22-01-29-998Z_n-sweep_1-2-4-8-16-32-50,V2,,32,E-empate,,,propose,,,propose,0x7d5e81e2,WasteCategoryRegistry.updateCredits,63778,1,,0x3af069b722fd988dcc8539587f7fc12a738e24f8a9f1d05bef8b30f9a5242b08
2026-09-23T22-01-29-998Z_n-sweep_1-2-4-8-16-32-50,V2,,32,E-empate,,,vote,1,for,,0x56781388,,82468,1,,0xf7c505fbc1c04ffc6eac8d6d3c06c20ee3d4dac14a1ba3ba27a15afb02bd7f13
2026-09-23T22-01-29-998Z_n-sweep_1-2-4-8-16-32-50,V2,,32,E-empate,,,vote,2,for,,0x56781388,,65368,1,,0x4cfbf0af3465c3f1622da595ef2e13291d0219374cd280be02a361f70c3eb405
2026-09-23T22-01-29-998Z_n-sweep_1-2-4-8-16-32-50,V2,,32,E-empate,,,vote,3,for,,0x56781388,,65368,1,,0x6f0e334b4c05d554c784666a1c7310883afb40f57891d603622a491370541fdb
2026-09-23T22-01-29-998Z_n-sweep_1-2-4-8-16-32-50,V2,,32,E-empate,,,vote,4,for,,0x56781388,,65368,1,,0x0b2d09c3d7accc680ff050ebec3e8fc5770e62901f53cc2c93a943f5027c65c5
2026-09-23T22-01-29-998Z_n-sweep_1-2-4-8-16-32-50,V2,,32,E-empate,,,vote,5,for,,0x56781388,,65368,1,,0xfa02ba5fcbe32598ac0cb62d45d6e79bb1fa957cddf35410a7f68a00e1ed82d4
2026-09-23T22-01-29-998Z_n-sweep_1-2-4-8-16-32-50,V2,,32,E-empate,,,vote,6,for,,0x56781388,,65368,1,,0xe2d9c24486acafda389dc3d792b25e87ef1c7a1db6034a01c3db576482ef8044
2026-09-23T22-01-29-998Z_n-sweep_1-2-4-8-16-32-50,V2,,32,E-empate,,,vote,7,for,,0x56781388,,65368,1,,0x116855a1a51cf9db2727eb59ed1a5dbfbb0c102698ef3ce7bdc92bd9bff23e06
2026-09-23T22-01-29-998Z_n-sweep_1-2-4-8-16-32-50,V2,,32,E-empate,,,vote,8,for,,0x56781388,,65368,1,,0x76755e450b30fb46c75cbd7bc4d7ebb98e689f15a6e16c334988880699080923
2026-09-23T22-01-29-998Z_n-sweep_1-2-4-8-16-32-50,V2,,32,E-empate,,,vote,9,for,,0x56781388,,65368,1,,0x0b1fd668b3cf8c95492396aba71b11356ea4fa085d6afca851fdb5079a22fdd3
2026-09-23T22-01-29-998Z_n-sweep_1-2-4-8-16-32-50,V2,,32,E-empate,,,vote,10,for,,0x56781388,,65368,1,,0x0d72f233b3693a55ead0dfbb093cf2040ea3922b9dd4a9cea0339480cbab0973
2026-09-23T22-01-29-998Z_n-sweep_1-2-4-8-16-32-50,V2,,32,E-empate,,,vote,11,for,,0x56781388,,65368,1,,0xe3ac665d2800ca8eb19c9eefdd7f04578f45c8097a8b2f6a497f50081da22bb6
2026-09-23T22-01-29-998Z_n-sweep_1-2-4-8-16-32-50,V2,,32,E-empate,,,vote,12,for,,0x56781388,,65368,1,,0x094dbe91873e37a53878de3b12af996c8fa7b8cc0fef5eca246e2cf3445a44b5
2026-09-23T22-01-29-998Z_n-sweep_1-2-4-8-16-32-50,V2,,32,E-empate,,,vote,13,for,,0x56781388,,65368,1,,0x39fce1567d875fe6c9cdd82088162199b7b453f6295c9ec4cc9903a3495b0754
2026-09-23T22-01-29-998Z_n-sweep_1-2-4-8-16-32-50,V2,,32,E-empate,,,vote,14,for,,0x56781388,,65368,1,,0x423196ed501e2218297c46544fd81614302dca2987a568af4d5bca2ed9c8e419
2026-09-23T22-01-29-998Z_n-sweep_1-2-4-8-16-32-50,V2,,32,E-empate,,,vote,15,for,,0x56781388,,65368,1,,0x9b2cbf4ff17285d0d749cd97e7f25b60de7eea91ca924004fe60146844f50315
2026-09-23T22-01-29-998Z_n-sweep_1-2-4-8-16-32-50,V2,,32,E-empate,,,vote,16,for,,0x56781388,,65368,1,,0x8eaf1cc9dd700a22ef2a3596ddfa37ef6555c6ce7fb3a4a7a44da04a4c6408ed
2026-09-23T22-01-29-998Z_n-sweep_1-2-4-8-16-32-50,V2,,32,E-empate,,,vote,1,against,,0x56781388,,82416,1,,0xeef49b64e690115e6113af4407536ff59bb34b265a340f6ee801553e3dbe19ac
2026-09-23T22-01-29-998Z_n-sweep_1-2-4-8-16-32-50,V2,,32,E-empate,,,vote,2,against,,0x56781388,,65316,1,,0xce7d0440bcd335a5077f1cb7dd30f21180490e6622e812bf919454873efd13ef
2026-09-23T22-01-29-998Z_n-sweep_1-2-4-8-16-32-50,V2,,32,E-empate,,,vote,3,against,,0x56781388,,65316,1,,0x4a69c01048984146db5b05c59cdd4f82e43e58b84d52a88a73a6442bc1d16a53
2026-09-23T22-01-29-998Z_n-sweep_1-2-4-8-16-32-50,V2,,32,E-empate,,,vote,4,against,,0x56781388,,65316,1,,0x0b637959fc4d1a7e46695e90d7f2f269e3084cfad0cd398516487230066826c9
2026-09-23T22-01-29-998Z_n-sweep_1-2-4-8-16-32-50,V2,,32,E-empate,,,vote,5,against,,0x56781388,,65316,1,,0x39653a1052428e723f78948766bce46d3f866fb91f242383c97c9bf5a4db37bf
2026-09-23T22-01-29-998Z_n-sweep_1-2-4-8-16-32-50,V2,,32,E-empate,,,vote,6,against,,0x56781388,,65316,1,,0x3652018b439cffd88a7fc887311546c7aa01b9225da9a95d090c9f33c1f82b9b
2026-09-23T22-01-29-998Z_n-sweep_1-2-4-8-16-32-50,V2,,32,E-empate,,,vote,7,against,,0x56781388,,65316,1,,0xe58c8be17b4cb4c620923cafac805e85b77daa3f700d98e7ed3a9f8a14a262bf
2026-09-23T22-01-29-998Z_n-sweep_1-2-4-8-16-32-50,V2,,32,E-empate,,,vote,8,against,,0x56781388,,65316,1,,0x1aeb404dd99dae43c50ff009caecaba2830eaa2a50625db941ecee1b4110e19b
2026-09-23T22-01-29-998Z_n-sweep_1-2-4-8-16-32-50,V2,,32,E-empate,,,vote,9,against,,0x56781388,,65316,1,,0x1416d6c11591e352f691037a0ae3004b028341f5b55da521ddc426ace124a5f4
2026-09-23T22-01-29-998Z_n-sweep_1-2-4-8-16-32-50,V2,,32,E-empate,,,vote,10,against,,0x56781388,,65316,1,,0xe7e2568321a21070feb8fc54ad9135b61ebf5c220ef1cc38c75f66c78f0e17af
2026-09-23T22-01-29-998Z_n-sweep_1-2-4-8-16-32-50,V2,,32,E-empate,,,vote,11,against,,0x56781388,,65316,1,,0x0d2c807540b13d6f7713490849f8c551d431a2d8fc71d31284ce3d6df54560c7
2026-09-23T22-01-29-998Z_n-sweep_1-2-4-8-16-32-50,V2,,32,E-empate,,,vote,12,against,,0x56781388,,65316,1,,0xae072495b3e763188c3cba04283c6909f253fe99d717a5fa0179ebf99245848f
2026-09-23T22-01-29-998Z_n-sweep_1-2-4-8-16-32-50,V2,,32,E-empate,,,vote,13,against,,0x56781388,,65316,1,,0x8dbb5577fcc0cbb9874c15531c2e72eae2aa781df7dfcb1c853440cdb80efef5
2026-09-23T22-01-29-998Z_n-sweep_1-2-4-8-16-32-50,V2,,32,E-empate,,,vote,14,against,,0x56781388,,65316,1,,0xd403165d9a3628aee9c03250e96ee9db82c425278a30b778e3888ffe997ca87b
2026-09-23T22-01-29-998Z_n-sweep_1-2-4-8-16-32-50,V2,,32,E-empate,,,vote,15,against,,0x56781388,,65316,1,,0x41f8d26e26424956ebb2e399deab7d0499c63c982a111f20754178d838959ee3
2026-09-23T22-01-29-998Z_n-sweep_1-2-4-8-16-32-50,V2,,32,E-empate,,,vote,16,against,,0x56781388,,65316,1,,0xa2c1f0e80f7e95cb091656db8d47be5b8c5cc1e6f2cf002904921c3d9552c37c
2026-09-23T22-01-29-998Z_n-sweep_1-2-4-8-16-32-50,V2,,32,E-empate,,,execute_attempt,,,execute,0x2656227d,WasteCategoryRegistry.updateCredits,40422,0,"VM Exception while processing transaction: reverted with custom error 'GovernorUnexpectedProposalState(43306591356824783510664150694578758394019675943884813632042868373703302836576, 3, '0x0000000000000000000000000000000000000000000000000000000000000030')'",0xfc4c31c9223213de17a6bc269272ef385f924712256456289e929a8ff96faca1
2026-09-23T22-01-29-998Z_n-sweep_1-2-4-8-16-32-50,V0,T1,,,,,deploy_token_T1,,,constructor,0x61016060,,1621017,1,,0xece28f063ba256e8fc65152daf61fe745a7823e8ba387b1b661409f18f6dc4cc
2026-09-23T22-01-29-998Z_n-sweep_1-2-4-8-16-32-50,V0,,,,,,deploy_registry,,,constructor,0x60806040,,4590964,1,,0x9005486642112873086c0faf3a06ce7199e3377186a80eb6eea4235f5e1c6f56
2026-09-23T22-01-29-998Z_n-sweep_1-2-4-8-16-32-50,V0,,,,,,deploy_governor_V0,,,constructor,0x6101c080,,2133394,1,,0x8b33a795df9df0e5a3cb812430955580d1fb4f654a6028dd161238e13d560524
2026-09-23T22-01-29-998Z_n-sweep_1-2-4-8-16-32-50,V0,,,,,,grant_admin_role,,,grantRole,0x2f2ff15d,,50799,1,,0xb518a3911be32f0a59dcaec3e43c7ec54010f07f3e473d550516b1aab1a18d6b
2026-09-23T22-01-29-998Z_n-sweep_1-2-4-8-16-32-50,V0,,,,,,revoke_deployer_admin_role,,,revokeRole,0xd547741f,,27116,1,,0x8cb08b8b6ca45600b76a431b4cd18aee2095374e00c890903bfaa28d83b5f82b
2026-09-23T22-01-29-998Z_n-sweep_1-2-4-8-16-32-50,V0,,50,A-unanime,,,delegate_admin,,,,0x5c19a95c,,95559,1,,0xfa43c1f7a1a1658c8aeac58119b26e806face10fc63ae3e18099942309f4d395
2026-09-23T22-01-29-998Z_n-sweep_1-2-4-8-16-32-50,V0,,50,A-unanime,,,delegate,,,,0x5c19a95c,,48347,1,,0xf96ae171d39b1290c248e3ee88c92c43e24751ff4aacf46bad404cad29a33e37
2026-09-23T22-01-29-998Z_n-sweep_1-2-4-8-16-32-50,V0,,50,A-unanime,,,delegate,,,,0x5c19a95c,,48335,1,,0x65ff74d2610d5c80f16dc62aa4e01b339a9ecd8c95911ae092d678a9792cdcb8
2026-09-23T22-01-29-998Z_n-sweep_1-2-4-8-16-32-50,V0,,50,A-unanime,,,delegate,,,,0x5c19a95c,,48347,1,,0xb06e4e18b389cc3c69848b844c44927f26087a909c0e4532a1ba892e8d7bac4c
2026-09-23T22-01-29-998Z_n-sweep_1-2-4-8-16-32-50,V0,,50,A-unanime,,,delegate,,,,0x5c19a95c,,48347,1,,0xfdc5c4ae6e458adbd0780d18d4ef20dca6b7a02f3efff2f7c0eec7590e340a41
2026-09-23T22-01-29-998Z_n-sweep_1-2-4-8-16-32-50,V0,,50,A-unanime,,,delegate,,,,0x5c19a95c,,48347,1,,0x5c4d4bc02e09949d860a2c409a26209335f7c4e4eca7ac13d0e60a5cf0d0f233
2026-09-23T22-01-29-998Z_n-sweep_1-2-4-8-16-32-50,V0,,50,A-unanime,,,delegate,,,,0x5c19a95c,,48347,1,,0x8eb2597a239d7d5a9d780141fa850308f21a221b62b2f0b2cd01922a25b294b2
2026-09-23T22-01-29-998Z_n-sweep_1-2-4-8-16-32-50,V0,,50,A-unanime,,,delegate,,,,0x5c19a95c,,48347,1,,0x61b0a2cbceae6ab3b47dbad41fbaa57485b4b4545814b177fb76f5e80989f4b6
2026-09-23T22-01-29-998Z_n-sweep_1-2-4-8-16-32-50,V0,,50,A-unanime,,,delegate,,,,0x5c19a95c,,48347,1,,0x8e8293e79ce57e8b2bd6c914c167b0ec5858ded7d332cc962607075acbcc0b43
2026-09-23T22-01-29-998Z_n-sweep_1-2-4-8-16-32-50,V0,,50,A-unanime,,,delegate,,,,0x5c19a95c,,48347,1,,0x700d26ece381a9328c0c0607c8015a890a8cc373fc0ec5e3e5957a9b1720c821
2026-09-23T22-01-29-998Z_n-sweep_1-2-4-8-16-32-50,V0,,50,A-unanime,,,delegate,,,,0x5c19a95c,,48335,1,,0x827f347ed9162ee5aa31942cb2cd15f5b7940183deaee5d4a11b6efe87452173
2026-09-23T22-01-29-998Z_n-sweep_1-2-4-8-16-32-50,V0,,50,A-unanime,,,delegate,,,,0x5c19a95c,,48347,1,,0x05e0616bb804c3cd4df19f7b0cf511dbcb6e9524c52bcfbf8b39223490cc0846
2026-09-23T22-01-29-998Z_n-sweep_1-2-4-8-16-32-50,V0,,50,A-unanime,,,delegate,,,,0x5c19a95c,,48347,1,,0x7409a97667b08d9b70b0d678843340d442fad8337ae46944499977e000325f92
2026-09-23T22-01-29-998Z_n-sweep_1-2-4-8-16-32-50,V0,,50,A-unanime,,,delegate,,,,0x5c19a95c,,48347,1,,0x06bc39c687cf89ca2626bc142b16cf4a83fd68b90155fd6344acd5c17148d8a6
2026-09-23T22-01-29-998Z_n-sweep_1-2-4-8-16-32-50,V0,,50,A-unanime,,,delegate,,,,0x5c19a95c,,48347,1,,0xe5d3691fe9ffad366e158fc098b74dd6635f083c235a6588c23e1d5313889cc9
2026-09-23T22-01-29-998Z_n-sweep_1-2-4-8-16-32-50,V0,,50,A-unanime,,,delegate,,,,0x5c19a95c,,48347,1,,0x75300fe9f7d70fbe306b3cefadf0423a64334a4470eee34e958b76b4418900c0
2026-09-23T22-01-29-998Z_n-sweep_1-2-4-8-16-32-50,V0,,50,A-unanime,,,delegate,,,,0x5c19a95c,,48347,1,,0xef2cf8fae96fa4c95b9eb5fc78e668af4f5126a23f921c90e15afdcffccd9bf9
2026-09-23T22-01-29-998Z_n-sweep_1-2-4-8-16-32-50,V0,,50,A-unanime,,,delegate,,,,0x5c19a95c,,48347,1,,0x75636b14aa58b1ee084fe99cfffb238b737ed57732e5f8ae341a0948974569ff
2026-09-23T22-01-29-998Z_n-sweep_1-2-4-8-16-32-50,V0,,50,A-unanime,,,delegate,,,,0x5c19a95c,,48347,1,,0x65f4191d52cde8745142fbad7dab453ac77b84433334a064c65edeec324649be
2026-09-23T22-01-29-998Z_n-sweep_1-2-4-8-16-32-50,V0,,50,A-unanime,,,delegate,,,,0x5c19a95c,,48347,1,,0x0015672d62ab0be7ad971272757786d6751bd437c259b6f784a5abb0f9f433e0
2026-09-23T22-01-29-998Z_n-sweep_1-2-4-8-16-32-50,V0,,50,A-unanime,,,delegate,,,,0x5c19a95c,,48347,1,,0xf061e3370e552636294057b3e13f8e38e49eb9ccd954add59da578817c58a14b
2026-09-23T22-01-29-998Z_n-sweep_1-2-4-8-16-32-50,V0,,50,A-unanime,,,delegate,,,,0x5c19a95c,,48347,1,,0x68475bd925d88da79400657a3df0347cc6be2f887e9fd5fcbf64f6c37d69bf4c
2026-09-23T22-01-29-998Z_n-sweep_1-2-4-8-16-32-50,V0,,50,A-unanime,,,delegate,,,,0x5c19a95c,,48347,1,,0xd0da4d004b36ebb022f1b178255cff262f0f75fc2d5a7fda434ccc846c4f7499
2026-09-23T22-01-29-998Z_n-sweep_1-2-4-8-16-32-50,V0,,50,A-unanime,,,delegate,,,,0x5c19a95c,,48347,1,,0xaae5636599004f1ba254fea80dbb33335f44a116db4d94090e99b80481406327
2026-09-23T22-01-29-998Z_n-sweep_1-2-4-8-16-32-50,V0,,50,A-unanime,,,delegate,,,,0x5c19a95c,,48347,1,,0xfcd4c1dd668d5148e045ce4771c59bdb6f602ef49d2404bbfeb296fc6ce93753
2026-09-23T22-01-29-998Z_n-sweep_1-2-4-8-16-32-50,V0,,50,A-unanime,,,delegate,,,,0x5c19a95c,,48335,1,,0x4ebfe89be7e94686ecfb217057d8b4fa5161bcce6d50adcc044a0aff6d4282af
2026-09-23T22-01-29-998Z_n-sweep_1-2-4-8-16-32-50,V0,,50,A-unanime,,,delegate,,,,0x5c19a95c,,48347,1,,0xb3d77ed4f7a6d94080b6c775433f6c6f21a916c783059136f4572f52dc3a8874
2026-09-23T22-01-29-998Z_n-sweep_1-2-4-8-16-32-50,V0,,50,A-unanime,,,delegate,,,,0x5c19a95c,,48347,1,,0x127f4971e3e590d8328bd74ed6096c37b20e6836b27cf90514b9a87cd503f413
2026-09-23T22-01-29-998Z_n-sweep_1-2-4-8-16-32-50,V0,,50,A-unanime,,,delegate,,,,0x5c19a95c,,48347,1,,0xb67155a13ea706a326342e60462ed0ed7c4a680e0112e43260248751f2fe896b
2026-09-23T22-01-29-998Z_n-sweep_1-2-4-8-16-32-50,V0,,50,A-unanime,,,delegate,,,,0x5c19a95c,,48347,1,,0xe2be7e7d00839d4fa7d3020666aa9dcf9efcdc40f9fa77a35592a87459c52b90
2026-09-23T22-01-29-998Z_n-sweep_1-2-4-8-16-32-50,V0,,50,A-unanime,,,delegate,,,,0x5c19a95c,,48347,1,,0xb535243780f9c28da64ec7309760125fe2487568589114d83acf79e30a47d760
2026-09-23T22-01-29-998Z_n-sweep_1-2-4-8-16-32-50,V0,,50,A-unanime,,,delegate,,,,0x5c19a95c,,48347,1,,0x293dda08d12cb640488f1dad6a8ab9d2c5b59be364ffe60275d52382b886183e
2026-09-23T22-01-29-998Z_n-sweep_1-2-4-8-16-32-50,V0,,50,A-unanime,,,delegate,,,,0x5c19a95c,,48347,1,,0xacef40fd99317b96d80072941137339058a20720c237b0b3cc16b1e2fa83b630
2026-09-23T22-01-29-998Z_n-sweep_1-2-4-8-16-32-50,V0,,50,A-unanime,,,delegate,,,,0x5c19a95c,,48347,1,,0x874e3bdbbb382b33fc802e762b8afaeb74890371f9e90e42b654398963d5450a
2026-09-23T22-01-29-998Z_n-sweep_1-2-4-8-16-32-50,V0,,50,A-unanime,,,delegate,,,,0x5c19a95c,,48347,1,,0xc4ce881a3229757ef0916b5b38f56fd71ea37dc4ce0c25657fe825333b1390a9
2026-09-23T22-01-29-998Z_n-sweep_1-2-4-8-16-32-50,V0,,50,A-unanime,,,delegate,,,,0x5c19a95c,,48347,1,,0x948aa1237a772b9ae7ceaf6a877c58a9eaee86be4b1632334a83eb32fc9c970e
2026-09-23T22-01-29-998Z_n-sweep_1-2-4-8-16-32-50,V0,,50,A-unanime,,,delegate,,,,0x5c19a95c,,48347,1,,0x724a0f6b2002a9186c36b165e7ecbbc7a40a76030969b40a2e2577eb54a1820f
2026-09-23T22-01-29-998Z_n-sweep_1-2-4-8-16-32-50,V0,,50,A-unanime,,,delegate,,,,0x5c19a95c,,48347,1,,0xe6bf6e8535c492cbc219ebcb66906e13fe0e8aba65db27b0ee807a9ce50159a6
2026-09-23T22-01-29-998Z_n-sweep_1-2-4-8-16-32-50,V0,,50,A-unanime,,,delegate,,,,0x5c19a95c,,48347,1,,0x99934c52da999bd333bf0bcb8dcb9052eb729ff6de129a19e7858a1114758b5f
2026-09-23T22-01-29-998Z_n-sweep_1-2-4-8-16-32-50,V0,,50,A-unanime,,,delegate,,,,0x5c19a95c,,48347,1,,0xae5a74f4a15509d401b33a9d2e0d0b103c7368bbda3092183fd7afec21fe1b38
2026-09-23T22-01-29-998Z_n-sweep_1-2-4-8-16-32-50,V0,,50,A-unanime,,,delegate,,,,0x5c19a95c,,48347,1,,0x4e03c40365e3f08445610173d8a5aab17c1a9985617b23002e99146989bde67b
2026-09-23T22-01-29-998Z_n-sweep_1-2-4-8-16-32-50,V0,,50,A-unanime,,,delegate,,,,0x5c19a95c,,48347,1,,0xbd7c7e71b663e95a1ebb4df4d571f63f55405d7c2a5a3b82f3bfd4bd2f4a4f3c
2026-09-23T22-01-29-998Z_n-sweep_1-2-4-8-16-32-50,V0,,50,A-unanime,,,delegate,,,,0x5c19a95c,,48347,1,,0x5710d169af4337148348bf7e90435b7ad2643c5cb5e68be237c055acf992bb1d
2026-09-23T22-01-29-998Z_n-sweep_1-2-4-8-16-32-50,V0,,50,A-unanime,,,delegate,,,,0x5c19a95c,,48347,1,,0x26ac86c5b4e952fd269d281f8f584bac9de144147fc74ac458b0892301875b65
2026-09-23T22-01-29-998Z_n-sweep_1-2-4-8-16-32-50,V0,,50,A-unanime,,,delegate,,,,0x5c19a95c,,48347,1,,0xdd18dda4f7d2f9d5017a5099fc65f2bde9900c2b7f7cd9142c85bc45302d997d
2026-09-23T22-01-29-998Z_n-sweep_1-2-4-8-16-32-50,V0,,50,A-unanime,,,delegate,,,,0x5c19a95c,,48347,1,,0x2526a88e7a9bc23abf7e291112eed1cf1dc580bc6f130dac24bd7d5944d87477
2026-09-23T22-01-29-998Z_n-sweep_1-2-4-8-16-32-50,V0,,50,A-unanime,,,delegate,,,,0x5c19a95c,,48347,1,,0x3075040da32eb21282662e62054f3e200a8446f2d4f403eef3fa94bb1635ff76
2026-09-23T22-01-29-998Z_n-sweep_1-2-4-8-16-32-50,V0,,50,A-unanime,,,delegate,,,,0x5c19a95c,,48347,1,,0x066952594f6e38e25be3e8a6a7f209366afa55abc166c93a8e224bb511c8494d
2026-09-23T22-01-29-998Z_n-sweep_1-2-4-8-16-32-50,V0,,50,A-unanime,,,delegate,,,,0x5c19a95c,,48335,1,,0x8bb8a33bff13c7144c1f418543083d6f94567244d79ea8f619a0c75a2f27fa4a
2026-09-23T22-01-29-998Z_n-sweep_1-2-4-8-16-32-50,V0,,50,A-unanime,,,delegate,,,,0x5c19a95c,,48347,1,,0x6c54c809c4f9534d5cba051c534c1e8766baef0a8a908131461d33d9128bbfcc
2026-09-23T22-01-29-998Z_n-sweep_1-2-4-8-16-32-50,V0,,50,A-unanime,,,delegate,,,,0x5c19a95c,,48347,1,,0x8adf4db6c4d4616dc2f62bf4dd64239a4831bcda025ec23ae708a17092102b68
2026-09-23T22-01-29-998Z_n-sweep_1-2-4-8-16-32-50,V0,,50,A-unanime,,,transfer,,,,0xa9059cbb,,135960,1,,0x4738f12ddbf16b15af30490182badd2176f325bdbab0b6478398bbec79b7dc28
2026-09-23T22-01-29-998Z_n-sweep_1-2-4-8-16-32-50,V0,,50,A-unanime,,,transfer,,,,0xa9059cbb,,135948,1,,0xdb5365bb2be3b7b8cc112f0213d633ade3c7e7bc7ad9aaecf62e64ed9e1a7caf
2026-09-23T22-01-29-998Z_n-sweep_1-2-4-8-16-32-50,V0,,50,A-unanime,,,transfer,,,,0xa9059cbb,,135960,1,,0xf98f425e5752485b25ef0ccd95a4c78376b83c881983a0bac773be47febfb65f
2026-09-23T22-01-29-998Z_n-sweep_1-2-4-8-16-32-50,V0,,50,A-unanime,,,transfer,,,,0xa9059cbb,,135960,1,,0x282473fb0ccbf3e1c08e1e9108475757ea33bdb7a1ec0fd7e9972935b8147ff9
2026-09-23T22-01-29-998Z_n-sweep_1-2-4-8-16-32-50,V0,,50,A-unanime,,,transfer,,,,0xa9059cbb,,135960,1,,0x3be689c6bafe86b1298a5cdf8208350cc4ed03f598caecb4ba939120ca95cbdc
2026-09-23T22-01-29-998Z_n-sweep_1-2-4-8-16-32-50,V0,,50,A-unanime,,,transfer,,,,0xa9059cbb,,135960,1,,0x9de6714ab89d8a5fd3f2597570bc143f3a1af9127378ed9af281e65fc3ec9fe3
2026-09-23T22-01-29-998Z_n-sweep_1-2-4-8-16-32-50,V0,,50,A-unanime,,,transfer,,,,0xa9059cbb,,135960,1,,0x7e80f334a1dee70982fdab945ebab57269fa1beb2d43e65f710360b0a2cd982e
2026-09-23T22-01-29-998Z_n-sweep_1-2-4-8-16-32-50,V0,,50,A-unanime,,,transfer,,,,0xa9059cbb,,135960,1,,0x27b1ae83c293848bd4c7ef8e83394180fe459102a982bdb0e0ae72172b47c354
2026-09-23T22-01-29-998Z_n-sweep_1-2-4-8-16-32-50,V0,,50,A-unanime,,,transfer,,,,0xa9059cbb,,135960,1,,0x96b0fdfd4af3aa894f947917a36b55e1ad07a60d97edb7750d413e9dee2381db
2026-09-23T22-01-29-998Z_n-sweep_1-2-4-8-16-32-50,V0,,50,A-unanime,,,transfer,,,,0xa9059cbb,,135948,1,,0x7453cb68c65eced2c1a8c0edc7d2e6fa2a15d17379d1524cccbce7273eb710e2
2026-09-23T22-01-29-998Z_n-sweep_1-2-4-8-16-32-50,V0,,50,A-unanime,,,transfer,,,,0xa9059cbb,,135960,1,,0xcfdfd9f8e74005133c4ec2fd8a45d7fa3c34b933659d0d018b7373909c364a3e
2026-09-23T22-01-29-998Z_n-sweep_1-2-4-8-16-32-50,V0,,50,A-unanime,,,transfer,,,,0xa9059cbb,,135960,1,,0x2e2a45a060e33ad6eba15323c3a182a7702afc84c27cee14937941973cb7195b
2026-09-23T22-01-29-998Z_n-sweep_1-2-4-8-16-32-50,V0,,50,A-unanime,,,transfer,,,,0xa9059cbb,,135960,1,,0x722861688ab8b9316c7799d53a4d244274fa5496db0445e9c2d2dfebf40d2897
2026-09-23T22-01-29-998Z_n-sweep_1-2-4-8-16-32-50,V0,,50,A-unanime,,,transfer,,,,0xa9059cbb,,135960,1,,0xf2376b0b632ee2352a46ae959e025cffa360b8a0b80fe50067621a998c1c43ad
2026-09-23T22-01-29-998Z_n-sweep_1-2-4-8-16-32-50,V0,,50,A-unanime,,,transfer,,,,0xa9059cbb,,135960,1,,0x156ccb35128f8673eab3be2c7c688727058a7508fbe508737eafc52903bd8a6c
2026-09-23T22-01-29-998Z_n-sweep_1-2-4-8-16-32-50,V0,,50,A-unanime,,,transfer,,,,0xa9059cbb,,135960,1,,0x434ff5731b4fe7cad4d5fae127a37979539dd00a9c81ff44d7f9952eaec35981
2026-09-23T22-01-29-998Z_n-sweep_1-2-4-8-16-32-50,V0,,50,A-unanime,,,transfer,,,,0xa9059cbb,,135960,1,,0xff53509b7ffa83e91a8d9f7308739cadef5de861d1ac9b010f8563630ddbb9e8
2026-09-23T22-01-29-998Z_n-sweep_1-2-4-8-16-32-50,V0,,50,A-unanime,,,transfer,,,,0xa9059cbb,,135960,1,,0x1481a6fac12abbfb5ae438615ae4c4890ac6c3f37e8bafd47abaebebb776710e
2026-09-23T22-01-29-998Z_n-sweep_1-2-4-8-16-32-50,V0,,50,A-unanime,,,transfer,,,,0xa9059cbb,,135960,1,,0x40d31992dad738e7161a566a97470f4f23d6224713e3a3a21f23a99f256113ad
2026-09-23T22-01-29-998Z_n-sweep_1-2-4-8-16-32-50,V0,,50,A-unanime,,,transfer,,,,0xa9059cbb,,135960,1,,0xd431457b152a5fbcd99e6a68f5e09c4ea8ddcc9957b99171d54a0ec35f2e2d5a
2026-09-23T22-01-29-998Z_n-sweep_1-2-4-8-16-32-50,V0,,50,A-unanime,,,transfer,,,,0xa9059cbb,,135960,1,,0xdaeea444fedb436c0f47827c738f564c1f0cd769f13db84099d2267a182c9da4
2026-09-23T22-01-29-998Z_n-sweep_1-2-4-8-16-32-50,V0,,50,A-unanime,,,transfer,,,,0xa9059cbb,,135960,1,,0xb6aac0f166fa785c1143df1ecc212bd14ea1f84c2b60f02bb9852740c6bd0b1f
2026-09-23T22-01-29-998Z_n-sweep_1-2-4-8-16-32-50,V0,,50,A-unanime,,,transfer,,,,0xa9059cbb,,135960,1,,0x789df9d95ad058b19bb121d61079bb7415b425edf0e895abea736359d155b086
2026-09-23T22-01-29-998Z_n-sweep_1-2-4-8-16-32-50,V0,,50,A-unanime,,,transfer,,,,0xa9059cbb,,135960,1,,0x01501a0527d8caa8394991f46f946df92ecc192ee6850c384c5525558f7eb592
2026-09-23T22-01-29-998Z_n-sweep_1-2-4-8-16-32-50,V0,,50,A-unanime,,,transfer,,,,0xa9059cbb,,135948,1,,0x3b06d60815284c0ce920efdf41b4432d07213c3928da5626c700316a2c40c2c0
2026-09-23T22-01-29-998Z_n-sweep_1-2-4-8-16-32-50,V0,,50,A-unanime,,,transfer,,,,0xa9059cbb,,135960,1,,0x6bb98515438640ac2e7fa535c7796ef27283be00a404038eba97c552161e6001
2026-09-23T22-01-29-998Z_n-sweep_1-2-4-8-16-32-50,V0,,50,A-unanime,,,transfer,,,,0xa9059cbb,,135960,1,,0x84de23390c0a8dcca680eb39469b10b60dbb26548279fad2329dd60c75502d0b
2026-09-23T22-01-29-998Z_n-sweep_1-2-4-8-16-32-50,V0,,50,A-unanime,,,transfer,,,,0xa9059cbb,,135960,1,,0x33f8412c15d4105b6d336a8b07bbfb7d530e5b10ef6319f32d920ebb838648ec
2026-09-23T22-01-29-998Z_n-sweep_1-2-4-8-16-32-50,V0,,50,A-unanime,,,transfer,,,,0xa9059cbb,,135960,1,,0xb0333deee0af7b78d7b4b5b86633676bdae519326d484603675db0f26c88b9df
2026-09-23T22-01-29-998Z_n-sweep_1-2-4-8-16-32-50,V0,,50,A-unanime,,,transfer,,,,0xa9059cbb,,135960,1,,0x91a6b5a93ddd89ffbf66ac0296cdf3b1d313cd0b2890835c17ba5adcaced8ec8
2026-09-23T22-01-29-998Z_n-sweep_1-2-4-8-16-32-50,V0,,50,A-unanime,,,transfer,,,,0xa9059cbb,,135960,1,,0x42ed8d1330be1065c1cc3e101c7a5a7e20cb148393a8d14d461f9b76c541d4e7
2026-09-23T22-01-29-998Z_n-sweep_1-2-4-8-16-32-50,V0,,50,A-unanime,,,transfer,,,,0xa9059cbb,,135960,1,,0xb87afa69226d6b02977149ca6957bfad332e6a77c1ad200e790fad912b0a8b1c
2026-09-23T22-01-29-998Z_n-sweep_1-2-4-8-16-32-50,V0,,50,A-unanime,,,transfer,,,,0xa9059cbb,,135960,1,,0xd31a5f77ec78cf0dcc46abd6824fc36e0343c70ec7558c5b8b8680a5179c3cee
2026-09-23T22-01-29-998Z_n-sweep_1-2-4-8-16-32-50,V0,,50,A-unanime,,,transfer,,,,0xa9059cbb,,135960,1,,0x3a1cd3ff214ca838bb1f0a7b8e05b8066c941dae934ff8ef5f7d24e51e218d9f
2026-09-23T22-01-29-998Z_n-sweep_1-2-4-8-16-32-50,V0,,50,A-unanime,,,transfer,,,,0xa9059cbb,,135960,1,,0x800f8dd0a0df31e55c4e4712a5972e0d1497dbb92fd85a7ee8c309306ae69f3e
2026-09-23T22-01-29-998Z_n-sweep_1-2-4-8-16-32-50,V0,,50,A-unanime,,,transfer,,,,0xa9059cbb,,135960,1,,0x9c84268ba43fd38465cfd4cbb6628f9f3f9664cc537e635196844f423439df36
2026-09-23T22-01-29-998Z_n-sweep_1-2-4-8-16-32-50,V0,,50,A-unanime,,,transfer,,,,0xa9059cbb,,135960,1,,0x5b82226f4b3968c0c11ff4245b77ddb5c737ac3d9384e7f0f5dacf91ae505b7c
2026-09-23T22-01-29-998Z_n-sweep_1-2-4-8-16-32-50,V0,,50,A-unanime,,,transfer,,,,0xa9059cbb,,135960,1,,0x6b5817c5a2f3233a1f4755f91eec5b61a72e50556aeb151d1df361f8dcacafea
2026-09-23T22-01-29-998Z_n-sweep_1-2-4-8-16-32-50,V0,,50,A-unanime,,,transfer,,,,0xa9059cbb,,135960,1,,0x00442dfd61843442f2f62e78bcf59b803dd8498b1bad260878d59e06f48aaf95
2026-09-23T22-01-29-998Z_n-sweep_1-2-4-8-16-32-50,V0,,50,A-unanime,,,transfer,,,,0xa9059cbb,,135960,1,,0xf5d2b3eeffb65a663d93b8d3c809b6e5121b8784e868e51af3bdba2deee35a8b
2026-09-23T22-01-29-998Z_n-sweep_1-2-4-8-16-32-50,V0,,50,A-unanime,,,transfer,,,,0xa9059cbb,,135960,1,,0xf3df28ed5d40b48f8919791b5b9ed50c0de598885569cd4cda2c88678140358b
2026-09-23T22-01-29-998Z_n-sweep_1-2-4-8-16-32-50,V0,,50,A-unanime,,,transfer,,,,0xa9059cbb,,135960,1,,0xae8265c953b3c6c844fd5e7f9c7464dcd5160d081bd3f12119dae553d5383d46
2026-09-23T22-01-29-998Z_n-sweep_1-2-4-8-16-32-50,V0,,50,A-unanime,,,transfer,,,,0xa9059cbb,,135960,1,,0x2bedec0ecd73ac805d76d0b0f124d689002219a8553658ae536e50df35c6d9db
2026-09-23T22-01-29-998Z_n-sweep_1-2-4-8-16-32-50,V0,,50,A-unanime,,,transfer,,,,0xa9059cbb,,135960,1,,0x7911352af92914fc012e9271fef77802aaf80cb03b085ac5b36a82617ef3d87f
2026-09-23T22-01-29-998Z_n-sweep_1-2-4-8-16-32-50,V0,,50,A-unanime,,,transfer,,,,0xa9059cbb,,135960,1,,0x527083c9aa09a186a9dfde1d6e11e56a88c23af4ff1df829641f565d467e9eb3
2026-09-23T22-01-29-998Z_n-sweep_1-2-4-8-16-32-50,V0,,50,A-unanime,,,transfer,,,,0xa9059cbb,,135960,1,,0x4fcb61575570970b077a3f0175ad61e8f9b670d214f189be9284c9e38d23ea97
2026-09-23T22-01-29-998Z_n-sweep_1-2-4-8-16-32-50,V0,,50,A-unanime,,,transfer,,,,0xa9059cbb,,135960,1,,0x4e542c0f00edf948e31ae0044ddc651c40f57f37ff7015611a62d6daf389f5c0
2026-09-23T22-01-29-998Z_n-sweep_1-2-4-8-16-32-50,V0,,50,A-unanime,,,transfer,,,,0xa9059cbb,,135948,1,,0x678ff5ad84e5f134b40dad86f148a340f9fbc604f5ec27a98b7c60856ee1e375
2026-09-23T22-01-29-998Z_n-sweep_1-2-4-8-16-32-50,V0,,50,A-unanime,,,transfer,,,,0xa9059cbb,,135960,1,,0x8c9fe884dc095bd2cb142ad2f4c3a32815bf358db82984445b1bebe0c495a13f
2026-09-23T22-01-29-998Z_n-sweep_1-2-4-8-16-32-50,V0,,50,A-unanime,,,transfer,,,,0xa9059cbb,,135960,1,,0xcae168b52d2afa75f1568ef6aadf2694b4b83c844b2cc07cfa891dbd891f714c
2026-09-23T22-01-29-998Z_n-sweep_1-2-4-8-16-32-50,V0,,50,A-unanime,,,propose,,,propose,0x7d5e81e2,WasteCategoryRegistry.updateCredits,63790,1,,0x46fbb62a8a1c0acf9f2ed7dc56684b74931df07e347f9b4869ab87138a5c6d8a
2026-09-23T22-01-29-998Z_n-sweep_1-2-4-8-16-32-50,V0,,50,A-unanime,,,vote,1,for,,0x56781388,,81899,1,,0x5a2f19d7a4cde170f954c8ed61104d426176d097f8ea608852deb5537ce00626
2026-09-23T22-01-29-998Z_n-sweep_1-2-4-8-16-32-50,V0,,50,A-unanime,,,vote,2,for,,0x56781388,,64799,1,,0xdf0c3f8d15103b91f1216c30a8545ff46d18614ca3a3bab89b610c2a6a73918e
2026-09-23T22-01-29-998Z_n-sweep_1-2-4-8-16-32-50,V0,,50,A-unanime,,,vote,3,for,,0x56781388,,64799,1,,0x7cbb959ad80223f33a17409b21a2b82abcc2f1e55b3e64a9944ddb2fcd6bf2a3
2026-09-23T22-01-29-998Z_n-sweep_1-2-4-8-16-32-50,V0,,50,A-unanime,,,vote,4,for,,0x56781388,,64799,1,,0x3af8161c9f8312e83822528ebd0a9112fb1be60ec9010a3578e722401b5e4f28
2026-09-23T22-01-29-998Z_n-sweep_1-2-4-8-16-32-50,V0,,50,A-unanime,,,vote,5,for,,0x56781388,,64799,1,,0x09b8a04e3b527601fca8f571cb3189f232ff3ac6d677bcc030cb108fdfec2e60
2026-09-23T22-01-29-998Z_n-sweep_1-2-4-8-16-32-50,V0,,50,A-unanime,,,vote,6,for,,0x56781388,,64799,1,,0xf8b55a0a256795d8fbba114dd39bab72ab356dd2be41e988f5d1e53ce01ce88b
2026-09-23T22-01-29-998Z_n-sweep_1-2-4-8-16-32-50,V0,,50,A-unanime,,,vote,7,for,,0x56781388,,64799,1,,0x4c31f278e0d2958784b20cadf561f285d9e0c2ba2b470c482c2f65f95c509b66
2026-09-23T22-01-29-998Z_n-sweep_1-2-4-8-16-32-50,V0,,50,A-unanime,,,vote,8,for,,0x56781388,,64799,1,,0x83cb3280306809cd89f4bd9bcc368c639d2e802959052cdab13e3899bef8605a
2026-09-23T22-01-29-998Z_n-sweep_1-2-4-8-16-32-50,V0,,50,A-unanime,,,vote,9,for,,0x56781388,,64799,1,,0x9709909cb277a1225654cba8c32f888a60b9bdc8219e60c8edc6063a125db8c6
2026-09-23T22-01-29-998Z_n-sweep_1-2-4-8-16-32-50,V0,,50,A-unanime,,,vote,10,for,,0x56781388,,64799,1,,0x85a4d19faf65d8a85712890f79b52e0803d6db941cafaa3eef725dd8682a13c5
2026-09-23T22-01-29-998Z_n-sweep_1-2-4-8-16-32-50,V0,,50,A-unanime,,,vote,11,for,,0x56781388,,64799,1,,0x883776000c8dd062a36aa8f5218147757627aacaba2bb2dc7702f3a00ad0040b
2026-09-23T22-01-29-998Z_n-sweep_1-2-4-8-16-32-50,V0,,50,A-unanime,,,vote,12,for,,0x56781388,,64799,1,,0xcf1b559327efb1748de4695ab29ce29f31ad744de8dc12327a894d2a59ba3330
2026-09-23T22-01-29-998Z_n-sweep_1-2-4-8-16-32-50,V0,,50,A-unanime,,,vote,13,for,,0x56781388,,64799,1,,0xbbcd46277dd5d902cd5836a3c11d1a9b5a13c319ccde8782e7d9d83908ad3515
2026-09-23T22-01-29-998Z_n-sweep_1-2-4-8-16-32-50,V0,,50,A-unanime,,,vote,14,for,,0x56781388,,64799,1,,0xc8204ac38f66777f2c5357669c53f1cb0f8626d5959f1cacb1878039b3ec1598
2026-09-23T22-01-29-998Z_n-sweep_1-2-4-8-16-32-50,V0,,50,A-unanime,,,vote,15,for,,0x56781388,,64799,1,,0x80af220ff63efd6d35e2eec7ff90269062a50f6e9ab1b9fe74ebbb0f9d6c34c3
2026-09-23T22-01-29-998Z_n-sweep_1-2-4-8-16-32-50,V0,,50,A-unanime,,,vote,16,for,,0x56781388,,64799,1,,0xb6471779ead0734e24f79f850284e00d219da4a136764b38998c6d0a632cf1cb
2026-09-23T22-01-29-998Z_n-sweep_1-2-4-8-16-32-50,V0,,50,A-unanime,,,vote,17,for,,0x56781388,,64799,1,,0xfdf225ce6c4e69be1aaed64bf400fccd7747413098e3124862cd3e3e0c813940
2026-09-23T22-01-29-998Z_n-sweep_1-2-4-8-16-32-50,V0,,50,A-unanime,,,vote,18,for,,0x56781388,,64799,1,,0xd7257be071a58585063a2f1230a29f034dda2f1131376ce39963494c8fdefb33
2026-09-23T22-01-29-998Z_n-sweep_1-2-4-8-16-32-50,V0,,50,A-unanime,,,vote,19,for,,0x56781388,,64799,1,,0x8aa07c87b7059cd37bdd2755e30f6858b49c3b7749a22288bbfc3c96eaf5a918
2026-09-23T22-01-29-998Z_n-sweep_1-2-4-8-16-32-50,V0,,50,A-unanime,,,vote,20,for,,0x56781388,,64799,1,,0xf3d43bb1868d0cec1ec4aa6a14b73209749340126b803a5aa5d6beb89d0ac462
2026-09-23T22-01-29-998Z_n-sweep_1-2-4-8-16-32-50,V0,,50,A-unanime,,,vote,21,for,,0x56781388,,64799,1,,0xd7cf87ace129a3141a42beafdb1e3a3687cacf4ee3881b29aecd043e16688dea
2026-09-23T22-01-29-998Z_n-sweep_1-2-4-8-16-32-50,V0,,50,A-unanime,,,vote,22,for,,0x56781388,,64799,1,,0x4a7e0dbe6524fd845f2fbe20ea97fedcac98996edd488b3cdbf92b3f1baee0c3
2026-09-23T22-01-29-998Z_n-sweep_1-2-4-8-16-32-50,V0,,50,A-unanime,,,vote,23,for,,0x56781388,,64799,1,,0x462065cfc8de74e6f8831da2d1d08d1beac5682d483332d9eb4343d4fd74cc90
2026-09-23T22-01-29-998Z_n-sweep_1-2-4-8-16-32-50,V0,,50,A-unanime,,,vote,24,for,,0x56781388,,64799,1,,0x3a1b5e4b1643553956ee9a39d083a6b2a7c5c8afaea8c711a10996894de046a6
2026-09-23T22-01-29-998Z_n-sweep_1-2-4-8-16-32-50,V0,,50,A-unanime,,,vote,25,for,,0x56781388,,64799,1,,0x02b1e1d887077a8cc05f5f44a22be05d441d951286e95fd3ba5ac78803cf48c2
2026-09-23T22-01-29-998Z_n-sweep_1-2-4-8-16-32-50,V0,,50,A-unanime,,,vote,26,for,,0x56781388,,64799,1,,0xf0a5d933b6dadd8464952d341905add275f35449303dc8fc138362fbd9d29d65
2026-09-23T22-01-29-998Z_n-sweep_1-2-4-8-16-32-50,V0,,50,A-unanime,,,vote,27,for,,0x56781388,,64799,1,,0xd130c7170b1c40c31099550e73b142382afa5fa2520bba8df3ece1b8c1f33800
2026-09-23T22-01-29-998Z_n-sweep_1-2-4-8-16-32-50,V0,,50,A-unanime,,,vote,28,for,,0x56781388,,64799,1,,0x9e7cbd7c991d4e03139fc0c6bef6ecb2816be1b69a932b56e34f136b9e2c65f1
2026-09-23T22-01-29-998Z_n-sweep_1-2-4-8-16-32-50,V0,,50,A-unanime,,,vote,29,for,,0x56781388,,64799,1,,0x8f4d5e1652cb8ab3e7b95ff34981305cd796a27374766a26e20449f1918387fe
2026-09-23T22-01-29-998Z_n-sweep_1-2-4-8-16-32-50,V0,,50,A-unanime,,,vote,30,for,,0x56781388,,64799,1,,0xc06e3787b533db9216a6ab21184af3f92624efdbb31189ae9784c3e6efa67bd2
2026-09-23T22-01-29-998Z_n-sweep_1-2-4-8-16-32-50,V0,,50,A-unanime,,,vote,31,for,,0x56781388,,64799,1,,0xd6564d112b2a814551db5643ade8b22bd22ca75bf99f968f273893a6a91b6a28
2026-09-23T22-01-29-998Z_n-sweep_1-2-4-8-16-32-50,V0,,50,A-unanime,,,vote,32,for,,0x56781388,,64799,1,,0x280fbe87220ba0a0df655a57b5a2deb7845e81afd11fb372db5326aed814179c
2026-09-23T22-01-29-998Z_n-sweep_1-2-4-8-16-32-50,V0,,50,A-unanime,,,vote,33,for,,0x56781388,,64799,1,,0xb45d144529236e56cd464a0feca182a227146c73174be17dd0aa73cafb41df05
2026-09-23T22-01-29-998Z_n-sweep_1-2-4-8-16-32-50,V0,,50,A-unanime,,,vote,34,for,,0x56781388,,64799,1,,0x4628be55c9e024c1556dcb96c7b04733680b245c76e8662c1e4f6afebff9b82e
2026-09-23T22-01-29-998Z_n-sweep_1-2-4-8-16-32-50,V0,,50,A-unanime,,,vote,35,for,,0x56781388,,64799,1,,0xb0859d23076afe0d93a5658f1b9a4a852f13349ae2e15ff4c27d704b42fc23a0
2026-09-23T22-01-29-998Z_n-sweep_1-2-4-8-16-32-50,V0,,50,A-unanime,,,vote,36,for,,0x56781388,,64799,1,,0x6efe7f95c6263b06e8d944d82a3e00724a74cd882d6866205ba4e7b46f882cc2
2026-09-23T22-01-29-998Z_n-sweep_1-2-4-8-16-32-50,V0,,50,A-unanime,,,vote,37,for,,0x56781388,,64799,1,,0xb01adf7aeab6ddcc4fce32a6af635d1b713e540b3a5e49da1ae203f0a7c8b716
2026-09-23T22-01-29-998Z_n-sweep_1-2-4-8-16-32-50,V0,,50,A-unanime,,,vote,38,for,,0x56781388,,64799,1,,0x406a1392de6b491ce20ed31f1d273693267d84ca59b24ab7422489e24c7b6bd3
2026-09-23T22-01-29-998Z_n-sweep_1-2-4-8-16-32-50,V0,,50,A-unanime,,,vote,39,for,,0x56781388,,64799,1,,0x1e8a41794f6e292d051e2932c2b403bdba8e662ba9149ffb6db5685b503109b2
2026-09-23T22-01-29-998Z_n-sweep_1-2-4-8-16-32-50,V0,,50,A-unanime,,,vote,40,for,,0x56781388,,64799,1,,0x339dbe301e4d2be6270780612de8a29517052d377b66006aa942e4bb2c659f51
2026-09-23T22-01-29-998Z_n-sweep_1-2-4-8-16-32-50,V0,,50,A-unanime,,,vote,41,for,,0x56781388,,64799,1,,0x3aef2c2c6d44ebb2256f3dba72c55caaf8657e86d4c9c51ace125c58badc4c0f
2026-09-23T22-01-29-998Z_n-sweep_1-2-4-8-16-32-50,V0,,50,A-unanime,,,vote,42,for,,0x56781388,,64799,1,,0xf02f29d176779593f3a2c9e4ef1878f9dae5c9c1023c92f5775a7bfacd7f5d4f
2026-09-23T22-01-29-998Z_n-sweep_1-2-4-8-16-32-50,V0,,50,A-unanime,,,vote,43,for,,0x56781388,,64799,1,,0x99efbb7780a3af1ec9e4816108c1b7261065e9d9973dfdb5b1b007023092b989
2026-09-23T22-01-29-998Z_n-sweep_1-2-4-8-16-32-50,V0,,50,A-unanime,,,vote,44,for,,0x56781388,,64799,1,,0xb560f0d88c1e02d1160dc5889c075db4f412a981bc23644e523dec9189551b2f
2026-09-23T22-01-29-998Z_n-sweep_1-2-4-8-16-32-50,V0,,50,A-unanime,,,vote,45,for,,0x56781388,,64799,1,,0x0be89c5179adf7b7b9a174fee3f1bd91d4bfc25b9d0161398e056335653dbd7d
2026-09-23T22-01-29-998Z_n-sweep_1-2-4-8-16-32-50,V0,,50,A-unanime,,,vote,46,for,,0x56781388,,64799,1,,0x1c61c6a570f5380388bf66e260def02c76f1d3dc69dab5f82c25b8442a6eff55
2026-09-23T22-01-29-998Z_n-sweep_1-2-4-8-16-32-50,V0,,50,A-unanime,,,vote,47,for,,0x56781388,,64799,1,,0x19666fe331d521c61b28fc630635d6934a9c69cda5780afeba922248bff9dde4
2026-09-23T22-01-29-998Z_n-sweep_1-2-4-8-16-32-50,V0,,50,A-unanime,,,vote,48,for,,0x56781388,,64799,1,,0xa2fda3e759d4c706d43bec4fcbaa65fd3acf226244ba77ae90c032f747a892b4
2026-09-23T22-01-29-998Z_n-sweep_1-2-4-8-16-32-50,V0,,50,A-unanime,,,vote,49,for,,0x56781388,,64799,1,,0xee674b8441db6a685fcae0196bef32e50a78e960ba5c24c4a6361422a1fccba0
2026-09-23T22-01-29-998Z_n-sweep_1-2-4-8-16-32-50,V0,,50,A-unanime,,,vote,50,for,,0x56781388,,64799,1,,0xbba58fc806f3f120488d91fd363c2c45b2799e5eb5c547968e5309dbf5927207
2026-09-23T22-01-29-998Z_n-sweep_1-2-4-8-16-32-50,V0,,50,A-unanime,,,execute,,,execute,0x2656227d,WasteCategoryRegistry.updateCredits,60795,1,,0x2d514ba7be000d9baa93165a786414e676cecdd9aab45b30fe14f43799d9e8e2
2026-09-23T22-01-29-998Z_n-sweep_1-2-4-8-16-32-50,V1,T1,,,,,deploy_token_T1,,,constructor,0x61016060,,1621017,1,,0xece28f063ba256e8fc65152daf61fe745a7823e8ba387b1b661409f18f6dc4cc
2026-09-23T22-01-29-998Z_n-sweep_1-2-4-8-16-32-50,V1,,,,,,deploy_registry,,,constructor,0x60806040,,4590964,1,,0x9005486642112873086c0faf3a06ce7199e3377186a80eb6eea4235f5e1c6f56
2026-09-23T22-01-29-998Z_n-sweep_1-2-4-8-16-32-50,V1,,,,,,deploy_governor_V1,,,constructor,0x6101c080,,2141155,1,,0xcbf032b87647649d09648621f7d61fb312aee4174486ee6f404819243ac59ca9
2026-09-23T22-01-29-998Z_n-sweep_1-2-4-8-16-32-50,V1,,,,,,grant_admin_role,,,grantRole,0x2f2ff15d,,50799,1,,0xfdc9a3875129e16eb4a0e6527cfb2e5662449c13660398cf3b7c723db6d0e009
2026-09-23T22-01-29-998Z_n-sweep_1-2-4-8-16-32-50,V1,,,,,,revoke_deployer_admin_role,,,revokeRole,0xd547741f,,27116,1,,0xc189311656167d1c4c211ee1c4f5143a8df64ff72cb449ebf7ec77ff2fd0bcbb
2026-09-23T22-01-29-998Z_n-sweep_1-2-4-8-16-32-50,V1,,50,A-unanime,,,delegate_admin,,,,0x5c19a95c,,95559,1,,0xd4695df7ceba86e36d8d32ccf756640823a0c1b729cf20e3a0b632c08e38ee6a
2026-09-23T22-01-29-998Z_n-sweep_1-2-4-8-16-32-50,V1,,50,A-unanime,,,delegate,,,,0x5c19a95c,,48347,1,,0x81d5bf8e96fad9ce8b5230dc73abbeb313b25fcb2932728690f357e6b4e905b9
2026-09-23T22-01-29-998Z_n-sweep_1-2-4-8-16-32-50,V1,,50,A-unanime,,,delegate,,,,0x5c19a95c,,48335,1,,0x92147b8c796bc2b0f21acc979799bbf4c5b5033d9d67806a8ad6842fe03d41df
2026-09-23T22-01-29-998Z_n-sweep_1-2-4-8-16-32-50,V1,,50,A-unanime,,,delegate,,,,0x5c19a95c,,48347,1,,0xfff43b85310b182c6fdaa6a0b82056393aba2572b23e543b42f064dc4690e2fc
2026-09-23T22-01-29-998Z_n-sweep_1-2-4-8-16-32-50,V1,,50,A-unanime,,,delegate,,,,0x5c19a95c,,48347,1,,0xd65054394087a126f7201b8caf565d34e4b8e2c37299a2eb2e8e1e169e8753b2
2026-09-23T22-01-29-998Z_n-sweep_1-2-4-8-16-32-50,V1,,50,A-unanime,,,delegate,,,,0x5c19a95c,,48347,1,,0x0c6ee11e6f4f09c9119d3c03df89d743f104be74b800d0b47cbfa2e1629e917b
2026-09-23T22-01-29-998Z_n-sweep_1-2-4-8-16-32-50,V1,,50,A-unanime,,,delegate,,,,0x5c19a95c,,48347,1,,0x9e4c58d93f5292a4566258e1c10f556eb9dc4074e322b7c357bf5ad65da50cae
2026-09-23T22-01-29-998Z_n-sweep_1-2-4-8-16-32-50,V1,,50,A-unanime,,,delegate,,,,0x5c19a95c,,48347,1,,0x6ebf0fe5777b4feb07a84b604e7094e789e104c0aa39284dccf1b9da9c17904e
2026-09-23T22-01-29-998Z_n-sweep_1-2-4-8-16-32-50,V1,,50,A-unanime,,,delegate,,,,0x5c19a95c,,48347,1,,0xfe42119cc5b68fbfd433dffe547dcf50b55480a011d31795da0f08ec660c70b3
2026-09-23T22-01-29-998Z_n-sweep_1-2-4-8-16-32-50,V1,,50,A-unanime,,,delegate,,,,0x5c19a95c,,48347,1,,0x1cd5ec1a28c590b58fdf7467e7fffeb349eed4d261a6e6dd6bbe64d73d17bd59
2026-09-23T22-01-29-998Z_n-sweep_1-2-4-8-16-32-50,V1,,50,A-unanime,,,delegate,,,,0x5c19a95c,,48335,1,,0x44f126ec5cf68cfd276b82e1245a8bb78ca6d635813f085d1a125f483e4d5924
2026-09-23T22-01-29-998Z_n-sweep_1-2-4-8-16-32-50,V1,,50,A-unanime,,,delegate,,,,0x5c19a95c,,48347,1,,0xe3c56247fde6ff45e5ce391eac68170bdc36be578302a953ddcf8384ecd07aa8
2026-09-23T22-01-29-998Z_n-sweep_1-2-4-8-16-32-50,V1,,50,A-unanime,,,delegate,,,,0x5c19a95c,,48347,1,,0x97563cc4398d7b02943ad3e3ef1bdae06351c02ad3fb2d2b948579fc1d32295f
2026-09-23T22-01-29-998Z_n-sweep_1-2-4-8-16-32-50,V1,,50,A-unanime,,,delegate,,,,0x5c19a95c,,48347,1,,0x2254c00b60e2f0581478274e6123b6295b391cc3698f1951fb660335b3cd6c33
2026-09-23T22-01-29-998Z_n-sweep_1-2-4-8-16-32-50,V1,,50,A-unanime,,,delegate,,,,0x5c19a95c,,48347,1,,0xc3e2689cb93afecc73f02fe2fc704ca424bfebf2840b02e15e94e2eacaca6d1c
2026-09-23T22-01-29-998Z_n-sweep_1-2-4-8-16-32-50,V1,,50,A-unanime,,,delegate,,,,0x5c19a95c,,48347,1,,0xf481a9d9df12d0c5f7b29cc5bd284c8ca3e14873afc209155e790bf19f68d897
2026-09-23T22-01-29-998Z_n-sweep_1-2-4-8-16-32-50,V1,,50,A-unanime,,,delegate,,,,0x5c19a95c,,48347,1,,0x8975637550f485546f85f8e6d9a6ed6447c7e76fff1ec5f6c9e76fb534393987
2026-09-23T22-01-29-998Z_n-sweep_1-2-4-8-16-32-50,V1,,50,A-unanime,,,delegate,,,,0x5c19a95c,,48347,1,,0x923ae1f8d3d22d25940fc9eb75f6f6f16c191c6a236895f77670dcca6996d312
2026-09-23T22-01-29-998Z_n-sweep_1-2-4-8-16-32-50,V1,,50,A-unanime,,,delegate,,,,0x5c19a95c,,48347,1,,0xfa31a6684a33a12042a314e8f53f866c316bd76cf3829f1b1bdf9c6709375faf
2026-09-23T22-01-29-998Z_n-sweep_1-2-4-8-16-32-50,V1,,50,A-unanime,,,delegate,,,,0x5c19a95c,,48347,1,,0x85a35cc5c2fd484741123514532c6d193414e920845266674d577133f95aeb61
2026-09-23T22-01-29-998Z_n-sweep_1-2-4-8-16-32-50,V1,,50,A-unanime,,,delegate,,,,0x5c19a95c,,48347,1,,0x2c0c0e3cf1f17f2dbd21478c48f6a01b7c3f80cdc9a8337eb22078304610831f
2026-09-23T22-01-29-998Z_n-sweep_1-2-4-8-16-32-50,V1,,50,A-unanime,,,delegate,,,,0x5c19a95c,,48347,1,,0xa3ed7a1ccf1c20c61c0c5d590ac689d2c051d45201c4389538358e9b8bb285bc
2026-09-23T22-01-29-998Z_n-sweep_1-2-4-8-16-32-50,V1,,50,A-unanime,,,delegate,,,,0x5c19a95c,,48347,1,,0x661c282cd9e0e8ae9af420543abc3bdc613c6cb387574718fba247544e2af8e9
2026-09-23T22-01-29-998Z_n-sweep_1-2-4-8-16-32-50,V1,,50,A-unanime,,,delegate,,,,0x5c19a95c,,48347,1,,0xa25eec8de30d8f33b67249979cc372deee4340970acf515ed11237297c254db8
2026-09-23T22-01-29-998Z_n-sweep_1-2-4-8-16-32-50,V1,,50,A-unanime,,,delegate,,,,0x5c19a95c,,48347,1,,0x4531944da7228710c401fe613cc835a5a2ab8911500c323b7a89206096a62c5e
2026-09-23T22-01-29-998Z_n-sweep_1-2-4-8-16-32-50,V1,,50,A-unanime,,,delegate,,,,0x5c19a95c,,48335,1,,0x34fd858bbdd79805fe9ac14ac3496bc1581b8cd1fca415dd388ac92a1031b1a5
2026-09-23T22-01-29-998Z_n-sweep_1-2-4-8-16-32-50,V1,,50,A-unanime,,,delegate,,,,0x5c19a95c,,48347,1,,0x3873a22f0d3bd864cb6adf03e490138f7a8c74e0367b46c72eb32ab59606fc50
2026-09-23T22-01-29-998Z_n-sweep_1-2-4-8-16-32-50,V1,,50,A-unanime,,,delegate,,,,0x5c19a95c,,48347,1,,0x015c8107c64083620d33bd63ee4539fae6a634cbff1a7060ce0d9d7635a92667
2026-09-23T22-01-29-998Z_n-sweep_1-2-4-8-16-32-50,V1,,50,A-unanime,,,delegate,,,,0x5c19a95c,,48347,1,,0x4d690799cd4e7de3c25a6216085b0327439b44872c331c8bdeed03412851c496
2026-09-23T22-01-29-998Z_n-sweep_1-2-4-8-16-32-50,V1,,50,A-unanime,,,delegate,,,,0x5c19a95c,,48347,1,,0x4e2b6075a69f1a5defbf56244ed346d13180f658d70986f145e7afacf2a1769c
2026-09-23T22-01-29-998Z_n-sweep_1-2-4-8-16-32-50,V1,,50,A-unanime,,,delegate,,,,0x5c19a95c,,48347,1,,0xdb953c4d33d8186e4e68b823485663114eed9632b4e6afebc927746da2cc5444
2026-09-23T22-01-29-998Z_n-sweep_1-2-4-8-16-32-50,V1,,50,A-unanime,,,delegate,,,,0x5c19a95c,,48347,1,,0x6e11fc1a1f465bb514b7050fb921834e4af6a4c1f01678025fabce44812892fb
2026-09-23T22-01-29-998Z_n-sweep_1-2-4-8-16-32-50,V1,,50,A-unanime,,,delegate,,,,0x5c19a95c,,48347,1,,0x02ed69ad44539ce394fe9de851cfc82976eaf863ce9b6bb6dbf7356c766b4e34
2026-09-23T22-01-29-998Z_n-sweep_1-2-4-8-16-32-50,V1,,50,A-unanime,,,delegate,,,,0x5c19a95c,,48347,1,,0x48831c39e8134756256883bee94ef57bd56548f150361c090cf8316d47c484f4
2026-09-23T22-01-29-998Z_n-sweep_1-2-4-8-16-32-50,V1,,50,A-unanime,,,delegate,,,,0x5c19a95c,,48347,1,,0x139bf1c2a5a53f598dabf2c70734fbdea006e57fa2d61abde0ab2327b4959d67
2026-09-23T22-01-29-998Z_n-sweep_1-2-4-8-16-32-50,V1,,50,A-unanime,,,delegate,,,,0x5c19a95c,,48347,1,,0x7253e5fec49078160a40e8379add1524941ccadba4e7d9f3bdd746f905340463
2026-09-23T22-01-29-998Z_n-sweep_1-2-4-8-16-32-50,V1,,50,A-unanime,,,delegate,,,,0x5c19a95c,,48347,1,,0xbe8fd855f7dddc740b71fa203b837e57dd20191f5e26b708460138a203b96a4a
2026-09-23T22-01-29-998Z_n-sweep_1-2-4-8-16-32-50,V1,,50,A-unanime,,,delegate,,,,0x5c19a95c,,48347,1,,0x47aa1c6067f58c4a2e373e2e5df4995a73794f26a82c080785ce7307c874522d
2026-09-23T22-01-29-998Z_n-sweep_1-2-4-8-16-32-50,V1,,50,A-unanime,,,delegate,,,,0x5c19a95c,,48347,1,,0x77d7f6ed87242997677781ffb97cb1d0c1b2765cd18aa0d3a3e6621f04ed4c16
2026-09-23T22-01-29-998Z_n-sweep_1-2-4-8-16-32-50,V1,,50,A-unanime,,,delegate,,,,0x5c19a95c,,48347,1,,0xac77a1d245d1b05d38b52b313cdb3a913ef073b1ff0163a70dab969fe9fef091
2026-09-23T22-01-29-998Z_n-sweep_1-2-4-8-16-32-50,V1,,50,A-unanime,,,delegate,,,,0x5c19a95c,,48347,1,,0x019cc6999109037f5dea40cb65f4f258ac059c4ce180427ba5c5d0fe7fa02e69
2026-09-23T22-01-29-998Z_n-sweep_1-2-4-8-16-32-50,V1,,50,A-unanime,,,delegate,,,,0x5c19a95c,,48347,1,,0x33abf7f586ca024ba5681842a58519c700557723a21452412946bc259f413dff
2026-09-23T22-01-29-998Z_n-sweep_1-2-4-8-16-32-50,V1,,50,A-unanime,,,delegate,,,,0x5c19a95c,,48347,1,,0x1207fe8601271fe0b5487a279faf12949bdc0ad4495c39b2109c87d7fdadc47d
2026-09-23T22-01-29-998Z_n-sweep_1-2-4-8-16-32-50,V1,,50,A-unanime,,,delegate,,,,0x5c19a95c,,48347,1,,0x2a4aed2f06d11367c8b0a4aec5f690179e6e8a7a0852a3be3363c356d2b96e3a
2026-09-23T22-01-29-998Z_n-sweep_1-2-4-8-16-32-50,V1,,50,A-unanime,,,delegate,,,,0x5c19a95c,,48347,1,,0xed996c904c444a34e69bb80148d6a10828392f76a63169cc7c34ef9123712ba1
2026-09-23T22-01-29-998Z_n-sweep_1-2-4-8-16-32-50,V1,,50,A-unanime,,,delegate,,,,0x5c19a95c,,48347,1,,0x38149aa90c24c90e209f966e0f1bff77efedbcfe38d261cd552873d1bdc3ebc5
2026-09-23T22-01-29-998Z_n-sweep_1-2-4-8-16-32-50,V1,,50,A-unanime,,,delegate,,,,0x5c19a95c,,48347,1,,0x80b55601ca774d4abcef268e52e9d6af337cf3103223b2406555e48c3d762bab
2026-09-23T22-01-29-998Z_n-sweep_1-2-4-8-16-32-50,V1,,50,A-unanime,,,delegate,,,,0x5c19a95c,,48347,1,,0x2fcb4545efd255b27911ce44fb2a5c94515c54dc02bab25b5081b878632986d7
2026-09-23T22-01-29-998Z_n-sweep_1-2-4-8-16-32-50,V1,,50,A-unanime,,,delegate,,,,0x5c19a95c,,48335,1,,0x54598c19dc2d95d70dff7fa9539e3e33d9cd81f20144e43273092a2002873303
2026-09-23T22-01-29-998Z_n-sweep_1-2-4-8-16-32-50,V1,,50,A-unanime,,,delegate,,,,0x5c19a95c,,48347,1,,0xedd545ad255ae281a86176d750d3775a786065a315d01e27f2878e52519b253e
2026-09-23T22-01-29-998Z_n-sweep_1-2-4-8-16-32-50,V1,,50,A-unanime,,,delegate,,,,0x5c19a95c,,48347,1,,0xa1d0b3e7b24a00685baccd412a4bcc1ce87addd4525c82c8e62cdd3daa7e291a
2026-09-23T22-01-29-998Z_n-sweep_1-2-4-8-16-32-50,V1,,50,A-unanime,,,transfer,,,,0xa9059cbb,,135960,1,,0x246ae9dbb3705bcf8caab599ddb094f9d36a71a6fddbd32e09cf25058ff79423
2026-09-23T22-01-29-998Z_n-sweep_1-2-4-8-16-32-50,V1,,50,A-unanime,,,transfer,,,,0xa9059cbb,,135948,1,,0xb8fcaeeed203b7eed0543991907d429bdccd4066201666ff9c480634d01c006c
2026-09-23T22-01-29-998Z_n-sweep_1-2-4-8-16-32-50,V1,,50,A-unanime,,,transfer,,,,0xa9059cbb,,135960,1,,0x8f68ceb5cb5672f7b11dda7fcf0b825cffe3ccf92d5ff6d6f4dd4ee4dd9a7112
2026-09-23T22-01-29-998Z_n-sweep_1-2-4-8-16-32-50,V1,,50,A-unanime,,,transfer,,,,0xa9059cbb,,135960,1,,0x6d7dd52faccd9ba960eecfaa0d18731aa9ff52a43c54ca983428173fba0a1542
2026-09-23T22-01-29-998Z_n-sweep_1-2-4-8-16-32-50,V1,,50,A-unanime,,,transfer,,,,0xa9059cbb,,135960,1,,0xa121f25519bfd6019aecce8af680afcb706219b91e74e2c91912af8f363879f0
2026-09-23T22-01-29-998Z_n-sweep_1-2-4-8-16-32-50,V1,,50,A-unanime,,,transfer,,,,0xa9059cbb,,135960,1,,0x76f1062e88ca6706dcea182cc70a3cb51b4c8d16c379956d1c5dbce0a5cc0e99
2026-09-23T22-01-29-998Z_n-sweep_1-2-4-8-16-32-50,V1,,50,A-unanime,,,transfer,,,,0xa9059cbb,,135960,1,,0xacbbec95fc7f64a7b6a9544ee78753f3ec9194dd4f3c9ca38e1268ceb53acb90
2026-09-23T22-01-29-998Z_n-sweep_1-2-4-8-16-32-50,V1,,50,A-unanime,,,transfer,,,,0xa9059cbb,,135960,1,,0x84b0653b2f42104427fe541d5713f2151ede783b5570d40855e4bf1d8522c087
2026-09-23T22-01-29-998Z_n-sweep_1-2-4-8-16-32-50,V1,,50,A-unanime,,,transfer,,,,0xa9059cbb,,135960,1,,0xdfcf57d46ed39b3ededc6eee7405605ee6834e3815162fc171e8851c03541ae0
2026-09-23T22-01-29-998Z_n-sweep_1-2-4-8-16-32-50,V1,,50,A-unanime,,,transfer,,,,0xa9059cbb,,135948,1,,0x8d64a76127e81848a5fe1ebeb2469570ae57a08cf798942f72ad26d0313cd40a
2026-09-23T22-01-29-998Z_n-sweep_1-2-4-8-16-32-50,V1,,50,A-unanime,,,transfer,,,,0xa9059cbb,,135960,1,,0x0d7e03138b4a28e969fa37eb7746cb5ffbed4c8e322ffa756a8980e1da7af365
2026-09-23T22-01-29-998Z_n-sweep_1-2-4-8-16-32-50,V1,,50,A-unanime,,,transfer,,,,0xa9059cbb,,135960,1,,0xb3cd0e36bf8a23a7268c69ad5613412b618c0d97eaf2e84e4ed2a2358616241c
2026-09-23T22-01-29-998Z_n-sweep_1-2-4-8-16-32-50,V1,,50,A-unanime,,,transfer,,,,0xa9059cbb,,135960,1,,0x2c3be7462a120f6f7d3ddb903f791ba5f8a8dff70b3d2fce412bc3d9c96090f2
2026-09-23T22-01-29-998Z_n-sweep_1-2-4-8-16-32-50,V1,,50,A-unanime,,,transfer,,,,0xa9059cbb,,135960,1,,0xa91896e75ebe291a14149c97e6ec3cd3878b7a57ae5efc49d7437ff775cc6d6f
2026-09-23T22-01-29-998Z_n-sweep_1-2-4-8-16-32-50,V1,,50,A-unanime,,,transfer,,,,0xa9059cbb,,135960,1,,0x97ddbf62fa645b51d887aef0923131c606f936331a08b4d180573aedf905cbd1
2026-09-23T22-01-29-998Z_n-sweep_1-2-4-8-16-32-50,V1,,50,A-unanime,,,transfer,,,,0xa9059cbb,,135960,1,,0xbbc7e588c74f5408c5294f754815ee8c2d05196aeb266a95ba79193cf1a3cd4e
2026-09-23T22-01-29-998Z_n-sweep_1-2-4-8-16-32-50,V1,,50,A-unanime,,,transfer,,,,0xa9059cbb,,135960,1,,0xc93f0fe78d0f253b48f6546ce6912425341be3fe3abb7b8d6c8b890afc280746
2026-09-23T22-01-29-998Z_n-sweep_1-2-4-8-16-32-50,V1,,50,A-unanime,,,transfer,,,,0xa9059cbb,,135960,1,,0x095274f7efd5fd91e0259f5aaa0d5d3f3d345e02896f172caf9af482ca0ecd6b
2026-09-23T22-01-29-998Z_n-sweep_1-2-4-8-16-32-50,V1,,50,A-unanime,,,transfer,,,,0xa9059cbb,,135960,1,,0x2f71f3337cfdd7bfe5adb89da0349bbc93812095f8706796bc6e25e0461574de
2026-09-23T22-01-29-998Z_n-sweep_1-2-4-8-16-32-50,V1,,50,A-unanime,,,transfer,,,,0xa9059cbb,,135960,1,,0xbb173ce2f0e08821737486bfce4a8891ea6bc16c53eef5183f23c35fa912acda
2026-09-23T22-01-29-998Z_n-sweep_1-2-4-8-16-32-50,V1,,50,A-unanime,,,transfer,,,,0xa9059cbb,,135960,1,,0x7179fb1c1b852a31eebf015ac4e0db4f8891784970a82e1275e2b2c95797dd8d
2026-09-23T22-01-29-998Z_n-sweep_1-2-4-8-16-32-50,V1,,50,A-unanime,,,transfer,,,,0xa9059cbb,,135960,1,,0x618508a1fffda4dd4799c8f4937ca7db27dc3c1a0a352dbb24eb2e717d7794fa
2026-09-23T22-01-29-998Z_n-sweep_1-2-4-8-16-32-50,V1,,50,A-unanime,,,transfer,,,,0xa9059cbb,,135960,1,,0x80e85afeeecc7ded093b4fca1ee04481c72308140308e350e712a637edf79a77
2026-09-23T22-01-29-998Z_n-sweep_1-2-4-8-16-32-50,V1,,50,A-unanime,,,transfer,,,,0xa9059cbb,,135960,1,,0xde2f59aa8da4ad0c12bad7c83e52b65661db007ebd8ed1e5ab2dd6b10bdbf7fe
2026-09-23T22-01-29-998Z_n-sweep_1-2-4-8-16-32-50,V1,,50,A-unanime,,,transfer,,,,0xa9059cbb,,135948,1,,0x251582621de6281280756db8cf9473cfeae525a492e1d7062a6d6fed1ad7dff9
2026-09-23T22-01-29-998Z_n-sweep_1-2-4-8-16-32-50,V1,,50,A-unanime,,,transfer,,,,0xa9059cbb,,135960,1,,0x7ea700d5019ed1d30c8096d4fef24f6555db72bfe8adf1e7c3e495ce67ed809f
2026-09-23T22-01-29-998Z_n-sweep_1-2-4-8-16-32-50,V1,,50,A-unanime,,,transfer,,,,0xa9059cbb,,135960,1,,0xd099cccecf6f1158f5ba243ca6088f8874d9146baec93a09aef1c985e823d634
2026-09-23T22-01-29-998Z_n-sweep_1-2-4-8-16-32-50,V1,,50,A-unanime,,,transfer,,,,0xa9059cbb,,135960,1,,0xd34db709f4f49d3311a9b6c928a74662fb0bde851655aa6fb02b0ad79e454733
2026-09-23T22-01-29-998Z_n-sweep_1-2-4-8-16-32-50,V1,,50,A-unanime,,,transfer,,,,0xa9059cbb,,135960,1,,0xb0333deee0af7b78d7b4b5b86633676bdae519326d484603675db0f26c88b9df
2026-09-23T22-01-29-998Z_n-sweep_1-2-4-8-16-32-50,V1,,50,A-unanime,,,transfer,,,,0xa9059cbb,,135960,1,,0x91a6b5a93ddd89ffbf66ac0296cdf3b1d313cd0b2890835c17ba5adcaced8ec8
2026-09-23T22-01-29-998Z_n-sweep_1-2-4-8-16-32-50,V1,,50,A-unanime,,,transfer,,,,0xa9059cbb,,135960,1,,0x42ed8d1330be1065c1cc3e101c7a5a7e20cb148393a8d14d461f9b76c541d4e7
2026-09-23T22-01-29-998Z_n-sweep_1-2-4-8-16-32-50,V1,,50,A-unanime,,,transfer,,,,0xa9059cbb,,135960,1,,0xb87afa69226d6b02977149ca6957bfad332e6a77c1ad200e790fad912b0a8b1c
2026-09-23T22-01-29-998Z_n-sweep_1-2-4-8-16-32-50,V1,,50,A-unanime,,,transfer,,,,0xa9059cbb,,135960,1,,0xd31a5f77ec78cf0dcc46abd6824fc36e0343c70ec7558c5b8b8680a5179c3cee
2026-09-23T22-01-29-998Z_n-sweep_1-2-4-8-16-32-50,V1,,50,A-unanime,,,transfer,,,,0xa9059cbb,,135960,1,,0x3a1cd3ff214ca838bb1f0a7b8e05b8066c941dae934ff8ef5f7d24e51e218d9f
2026-09-23T22-01-29-998Z_n-sweep_1-2-4-8-16-32-50,V1,,50,A-unanime,,,transfer,,,,0xa9059cbb,,135960,1,,0x800f8dd0a0df31e55c4e4712a5972e0d1497dbb92fd85a7ee8c309306ae69f3e
2026-09-23T22-01-29-998Z_n-sweep_1-2-4-8-16-32-50,V1,,50,A-unanime,,,transfer,,,,0xa9059cbb,,135960,1,,0x9c84268ba43fd38465cfd4cbb6628f9f3f9664cc537e635196844f423439df36
2026-09-23T22-01-29-998Z_n-sweep_1-2-4-8-16-32-50,V1,,50,A-unanime,,,transfer,,,,0xa9059cbb,,135960,1,,0x5b82226f4b3968c0c11ff4245b77ddb5c737ac3d9384e7f0f5dacf91ae505b7c
2026-09-23T22-01-29-998Z_n-sweep_1-2-4-8-16-32-50,V1,,50,A-unanime,,,transfer,,,,0xa9059cbb,,135960,1,,0x6b5817c5a2f3233a1f4755f91eec5b61a72e50556aeb151d1df361f8dcacafea
2026-09-23T22-01-29-998Z_n-sweep_1-2-4-8-16-32-50,V1,,50,A-unanime,,,transfer,,,,0xa9059cbb,,135960,1,,0x00442dfd61843442f2f62e78bcf59b803dd8498b1bad260878d59e06f48aaf95
2026-09-23T22-01-29-998Z_n-sweep_1-2-4-8-16-32-50,V1,,50,A-unanime,,,transfer,,,,0xa9059cbb,,135960,1,,0xf5d2b3eeffb65a663d93b8d3c809b6e5121b8784e868e51af3bdba2deee35a8b
2026-09-23T22-01-29-998Z_n-sweep_1-2-4-8-16-32-50,V1,,50,A-unanime,,,transfer,,,,0xa9059cbb,,135960,1,,0xf3df28ed5d40b48f8919791b5b9ed50c0de598885569cd4cda2c88678140358b
2026-09-23T22-01-29-998Z_n-sweep_1-2-4-8-16-32-50,V1,,50,A-unanime,,,transfer,,,,0xa9059cbb,,135960,1,,0xae8265c953b3c6c844fd5e7f9c7464dcd5160d081bd3f12119dae553d5383d46
2026-09-23T22-01-29-998Z_n-sweep_1-2-4-8-16-32-50,V1,,50,A-unanime,,,transfer,,,,0xa9059cbb,,135960,1,,0x2bedec0ecd73ac805d76d0b0f124d689002219a8553658ae536e50df35c6d9db
2026-09-23T22-01-29-998Z_n-sweep_1-2-4-8-16-32-50,V1,,50,A-unanime,,,transfer,,,,0xa9059cbb,,135960,1,,0x7911352af92914fc012e9271fef77802aaf80cb03b085ac5b36a82617ef3d87f
2026-09-23T22-01-29-998Z_n-sweep_1-2-4-8-16-32-50,V1,,50,A-unanime,,,transfer,,,,0xa9059cbb,,135960,1,,0x527083c9aa09a186a9dfde1d6e11e56a88c23af4ff1df829641f565d467e9eb3
2026-09-23T22-01-29-998Z_n-sweep_1-2-4-8-16-32-50,V1,,50,A-unanime,,,transfer,,,,0xa9059cbb,,135960,1,,0x4fcb61575570970b077a3f0175ad61e8f9b670d214f189be9284c9e38d23ea97
2026-09-23T22-01-29-998Z_n-sweep_1-2-4-8-16-32-50,V1,,50,A-unanime,,,transfer,,,,0xa9059cbb,,135960,1,,0x4e542c0f00edf948e31ae0044ddc651c40f57f37ff7015611a62d6daf389f5c0
2026-09-23T22-01-29-998Z_n-sweep_1-2-4-8-16-32-50,V1,,50,A-unanime,,,transfer,,,,0xa9059cbb,,135948,1,,0x678ff5ad84e5f134b40dad86f148a340f9fbc604f5ec27a98b7c60856ee1e375
2026-09-23T22-01-29-998Z_n-sweep_1-2-4-8-16-32-50,V1,,50,A-unanime,,,transfer,,,,0xa9059cbb,,135960,1,,0x8c9fe884dc095bd2cb142ad2f4c3a32815bf358db82984445b1bebe0c495a13f
2026-09-23T22-01-29-998Z_n-sweep_1-2-4-8-16-32-50,V1,,50,A-unanime,,,transfer,,,,0xa9059cbb,,135960,1,,0xcae168b52d2afa75f1568ef6aadf2694b4b83c844b2cc07cfa891dbd891f714c
2026-09-23T22-01-29-998Z_n-sweep_1-2-4-8-16-32-50,V1,,50,A-unanime,,,propose,,,propose,0x7d5e81e2,WasteCategoryRegistry.updateCredits,63790,1,,0xf2e322754f1f8afb9d0cfd67d006cc580bd1b0e568505743e0f545bc249c8112
2026-09-23T22-01-29-998Z_n-sweep_1-2-4-8-16-32-50,V1,,50,A-unanime,,,vote,1,for,,0x56781388,,82456,1,,0x0c85fa12e2cb189939cba7f9a8cc38e767d23414678a647195b00a2ee5e3c470
2026-09-23T22-01-29-998Z_n-sweep_1-2-4-8-16-32-50,V1,,50,A-unanime,,,vote,2,for,,0x56781388,,65356,1,,0x10938e83281050934c979370d9232cc51aff5441459fc8b8fdf1507286e08e7f
2026-09-23T22-01-29-998Z_n-sweep_1-2-4-8-16-32-50,V1,,50,A-unanime,,,vote,3,for,,0x56781388,,65356,1,,0x012789502a582b2a3ef697978c09417c8430c3b307cc14d5fae3d407fcb2d564
2026-09-23T22-01-29-998Z_n-sweep_1-2-4-8-16-32-50,V1,,50,A-unanime,,,vote,4,for,,0x56781388,,65356,1,,0x8a3617a108dbb979f0da0c2d100965e96e66398b0ac8962a674f596c3faf7807
2026-09-23T22-01-29-998Z_n-sweep_1-2-4-8-16-32-50,V1,,50,A-unanime,,,vote,5,for,,0x56781388,,65356,1,,0x8c389b1a94a75a1792f61e524a57e0b0c3ed992a5f1e54f8ccdda9cc511fb7bc
2026-09-23T22-01-29-998Z_n-sweep_1-2-4-8-16-32-50,V1,,50,A-unanime,,,vote,6,for,,0x56781388,,65356,1,,0xeb19356665382e041c5ea1a737321e7638e23cc64c0c4c76e216f98dea898ffb
2026-09-23T22-01-29-998Z_n-sweep_1-2-4-8-16-32-50,V1,,50,A-unanime,,,vote,7,for,,0x56781388,,65356,1,,0xead48c5f0ca15967a84a91e7815150de0d9600bc149937ab583df08443746d0a
2026-09-23T22-01-29-998Z_n-sweep_1-2-4-8-16-32-50,V1,,50,A-unanime,,,vote,8,for,,0x56781388,,65356,1,,0xc45ae6f9021b2b62d0d6422767ed6b4a640985221035f5c17507613c6a1635ee
2026-09-23T22-01-29-998Z_n-sweep_1-2-4-8-16-32-50,V1,,50,A-unanime,,,vote,9,for,,0x56781388,,65356,1,,0xeec7d92148600392d3c2ac4915c153d8e7fc1449ab61ec04bdd899a4aa4b9288
2026-09-23T22-01-29-998Z_n-sweep_1-2-4-8-16-32-50,V1,,50,A-unanime,,,vote,10,for,,0x56781388,,65356,1,,0x1dee4e757ac32638cd6ccf31e02138d42a9616d1d5956ebc7ab649086dbc2390
2026-09-23T22-01-29-998Z_n-sweep_1-2-4-8-16-32-50,V1,,50,A-unanime,,,vote,11,for,,0x56781388,,65356,1,,0xd29db120c126e86f48b5fd31d25ed3992ab67c719caea46afe4c3a15eb199346
2026-09-23T22-01-29-998Z_n-sweep_1-2-4-8-16-32-50,V1,,50,A-unanime,,,vote,12,for,,0x56781388,,65356,1,,0xcc17334536ef2e09cb2d64fde4a1835be1593e9189869a87901c73f43b4dab0a
2026-09-23T22-01-29-998Z_n-sweep_1-2-4-8-16-32-50,V1,,50,A-unanime,,,vote,13,for,,0x56781388,,65356,1,,0x430e61875533c1ebde045c226031b55fc063418aeee8d62089297827a0849772
2026-09-23T22-01-29-998Z_n-sweep_1-2-4-8-16-32-50,V1,,50,A-unanime,,,vote,14,for,,0x56781388,,65356,1,,0xa9d254c30b4cd0a554b6751ac4dc30e435cb8e980e7ce50072d1e923a6a2a9c1
2026-09-23T22-01-29-998Z_n-sweep_1-2-4-8-16-32-50,V1,,50,A-unanime,,,vote,15,for,,0x56781388,,65356,1,,0x5acb16f0cc8c99a8ed70c5b5d65836317b7b7088cd26b1aa061e6318bf184548
2026-09-23T22-01-29-998Z_n-sweep_1-2-4-8-16-32-50,V1,,50,A-unanime,,,vote,16,for,,0x56781388,,65356,1,,0xb2393e22c83ceaf5a0db4e3d2aa619d5a14651481c4da0dfde001bb25fe6aed5
2026-09-23T22-01-29-998Z_n-sweep_1-2-4-8-16-32-50,V1,,50,A-unanime,,,vote,17,for,,0x56781388,,65356,1,,0xccee32de118f0e7d5b80a126e0d6acc6f082adc9f623622ad65975a509e2bc29
2026-09-23T22-01-29-998Z_n-sweep_1-2-4-8-16-32-50,V1,,50,A-unanime,,,vote,18,for,,0x56781388,,65356,1,,0xb4aa6d8da9dbf25e115dacb1f4deeecea2f7dc43e70a34fad7c5a135190d1b8e
2026-09-23T22-01-29-998Z_n-sweep_1-2-4-8-16-32-50,V1,,50,A-unanime,,,vote,19,for,,0x56781388,,65356,1,,0x475debd39edfc7be6ab338e0dce168573d27da7afbf19043d8360238024426ff
2026-09-23T22-01-29-998Z_n-sweep_1-2-4-8-16-32-50,V1,,50,A-unanime,,,vote,20,for,,0x56781388,,65356,1,,0xee238ecdfa9abd182a22840ed9c9e3e1b4c06a109591d252400acdc48756828b
2026-09-23T22-01-29-998Z_n-sweep_1-2-4-8-16-32-50,V1,,50,A-unanime,,,vote,21,for,,0x56781388,,65356,1,,0xa37a13ed6b8b0e66e7a71e686665001b3e02068f521986ac1b867f7b7db68f71
2026-09-23T22-01-29-998Z_n-sweep_1-2-4-8-16-32-50,V1,,50,A-unanime,,,vote,22,for,,0x56781388,,65356,1,,0x6faa711b4927e78c424f7c527f3affdab5f9b5140d3f255919bd5059a130410c
2026-09-23T22-01-29-998Z_n-sweep_1-2-4-8-16-32-50,V1,,50,A-unanime,,,vote,23,for,,0x56781388,,65356,1,,0xbd4edbb0c85170d17f5ff6597860db5c061c0ea29ce2f411bc2cfcece5b1fd65
2026-09-23T22-01-29-998Z_n-sweep_1-2-4-8-16-32-50,V1,,50,A-unanime,,,vote,24,for,,0x56781388,,65356,1,,0x170cc9859e956184c0df19488c1dae7771858f30368d6b8f3714cfdf48e1de56
2026-09-23T22-01-29-998Z_n-sweep_1-2-4-8-16-32-50,V1,,50,A-unanime,,,vote,25,for,,0x56781388,,65356,1,,0x6e6172005de074ffbfa67e471ee55688e8126187f6c0c0063ac5cccd5cdc0343
2026-09-23T22-01-29-998Z_n-sweep_1-2-4-8-16-32-50,V1,,50,A-unanime,,,vote,26,for,,0x56781388,,65356,1,,0x2c3ada088f3d5e3721fc401deb57c8ab51733ab9434361fea30b9c34bb9f4381
2026-09-23T22-01-29-998Z_n-sweep_1-2-4-8-16-32-50,V1,,50,A-unanime,,,vote,27,for,,0x56781388,,65356,1,,0xa3f4bfb39e4d13447469e5af840b84b85f25aab4c7272f21490b4ccd3dffea31
2026-09-23T22-01-29-998Z_n-sweep_1-2-4-8-16-32-50,V1,,50,A-unanime,,,vote,28,for,,0x56781388,,65356,1,,0xc4ed94befa000cac8e0c714cbce91271d82c3a8d52e8194dfdc0f2fff6a414f0
2026-09-23T22-01-29-998Z_n-sweep_1-2-4-8-16-32-50,V1,,50,A-unanime,,,vote,29,for,,0x56781388,,65356,1,,0x48b221c4aa8304eb8256bffb4afe021af84acc8ab7a9c95f766300a92918c8b0
2026-09-23T22-01-29-998Z_n-sweep_1-2-4-8-16-32-50,V1,,50,A-unanime,,,vote,30,for,,0x56781388,,65356,1,,0xe1d95d77d5d592aea7db4d10452af8cf280ef64017851ed7373a8398d28c4772
2026-09-23T22-01-29-998Z_n-sweep_1-2-4-8-16-32-50,V1,,50,A-unanime,,,vote,31,for,,0x56781388,,65356,1,,0x73179fde9bbac9ae12497a91df9af5a08bb275c9939e16536951e239831e71b8
2026-09-23T22-01-29-998Z_n-sweep_1-2-4-8-16-32-50,V1,,50,A-unanime,,,vote,32,for,,0x56781388,,65356,1,,0xb6d70986f3bc941358c604f12cbb1f9ca8c2ed99816efba76c3b81e486eacbe8
2026-09-23T22-01-29-998Z_n-sweep_1-2-4-8-16-32-50,V1,,50,A-unanime,,,vote,33,for,,0x56781388,,65356,1,,0x75dd49d9d4894d003941afe2bad95f7e4dfe4fa360f2008b6987615133c2b981
2026-09-23T22-01-29-998Z_n-sweep_1-2-4-8-16-32-50,V1,,50,A-unanime,,,vote,34,for,,0x56781388,,65356,1,,0x23dcd172d1dfb92334491f8626c5e9719c8035e8b227fb3d0876e9ee80d9196d
2026-09-23T22-01-29-998Z_n-sweep_1-2-4-8-16-32-50,V1,,50,A-unanime,,,vote,35,for,,0x56781388,,65356,1,,0x8a1056975aa9d5e402b47742051c298336525c145d59dadd4db7ed274d750fd9
2026-09-23T22-01-29-998Z_n-sweep_1-2-4-8-16-32-50,V1,,50,A-unanime,,,vote,36,for,,0x56781388,,65356,1,,0xd3a12158217cec7f3dac50f8b95af14ff36228124eabe0c00510ffdfba8d4d94
2026-09-23T22-01-29-998Z_n-sweep_1-2-4-8-16-32-50,V1,,50,A-unanime,,,vote,37,for,,0x56781388,,65356,1,,0x6f13f5ffb73b78bbc3244f6e6af316406c4e6bdd27870ad0b4a048d32bea52fb
2026-09-23T22-01-29-998Z_n-sweep_1-2-4-8-16-32-50,V1,,50,A-unanime,,,vote,38,for,,0x56781388,,65356,1,,0xb22eccecadda8b38c0739b90fe631ede1c28e287c9d3c742e3e84f0b77d9f616
2026-09-23T22-01-29-998Z_n-sweep_1-2-4-8-16-32-50,V1,,50,A-unanime,,,vote,39,for,,0x56781388,,65356,1,,0x110ff0b9c93e3ea59c41a22268b3de45bc31b1c878ea81fa6598e5759b9c8680
2026-09-23T22-01-29-998Z_n-sweep_1-2-4-8-16-32-50,V1,,50,A-unanime,,,vote,40,for,,0x56781388,,65356,1,,0x5fabf90e6004aace22e73c64dfc11900d5cc11c6672f7180dbdcac63682703a0
2026-09-23T22-01-29-998Z_n-sweep_1-2-4-8-16-32-50,V1,,50,A-unanime,,,vote,41,for,,0x56781388,,65356,1,,0x816d7f468c679c4be9ce6a2e56f7f461201d4a29a6ee18ce5d8c69e4592c73e7
2026-09-23T22-01-29-998Z_n-sweep_1-2-4-8-16-32-50,V1,,50,A-unanime,,,vote,42,for,,0x56781388,,65356,1,,0x11fa67db04d12874a5d007a4b3589431c402059ce4d9d8f5ee4158a9b59af6b7
2026-09-23T22-01-29-998Z_n-sweep_1-2-4-8-16-32-50,V1,,50,A-unanime,,,vote,43,for,,0x56781388,,65356,1,,0x6de444c2d30d998603a55775cbfcb68aed64ec835aaf8921b8d6e8bf5787b771
2026-09-23T22-01-29-998Z_n-sweep_1-2-4-8-16-32-50,V1,,50,A-unanime,,,vote,44,for,,0x56781388,,65356,1,,0xbdf27f8dd25248fba7fe20a43eff48ededbbe10a537229d974a871da03ad3916
2026-09-23T22-01-29-998Z_n-sweep_1-2-4-8-16-32-50,V1,,50,A-unanime,,,vote,45,for,,0x56781388,,65356,1,,0xe0def8ff4c0e873acdcdab8a625b55e7babf941567f8d5217d3f94acb928b695
2026-09-23T22-01-29-998Z_n-sweep_1-2-4-8-16-32-50,V1,,50,A-unanime,,,vote,46,for,,0x56781388,,65356,1,,0x7e852446da26393ec26346a058355436abcecc65933bd24966b267d785f47c6d
2026-09-23T22-01-29-998Z_n-sweep_1-2-4-8-16-32-50,V1,,50,A-unanime,,,vote,47,for,,0x56781388,,65356,1,,0x5e314e38fc7ac3b7c75f748044978fbe5d7d45ed520eb697642e06b481485db2
2026-09-23T22-01-29-998Z_n-sweep_1-2-4-8-16-32-50,V1,,50,A-unanime,,,vote,48,for,,0x56781388,,65356,1,,0xeb343e92da2254f592b2884b258cf3a2ef260da33dfc1a7e69d9569c096911de
2026-09-23T22-01-29-998Z_n-sweep_1-2-4-8-16-32-50,V1,,50,A-unanime,,,vote,49,for,,0x56781388,,65356,1,,0xcb90f487a0adf442ca35c2b5992b8378d7910bbcb05a12e9b7a63a6c58d1c0a3
2026-09-23T22-01-29-998Z_n-sweep_1-2-4-8-16-32-50,V1,,50,A-unanime,,,vote,50,for,,0x56781388,,65356,1,,0x5a6ddcb55134e8151509971fb39bc8cd48c70f558ff71d9fb2017f9c94eb3fdd
2026-09-23T22-01-29-998Z_n-sweep_1-2-4-8-16-32-50,V1,,50,A-unanime,,,execute,,,execute,0x2656227d,WasteCategoryRegistry.updateCredits,60807,1,,0x739fdfc2f225a1350dc1482478d6e9c3f0d951a10b0d6cf427d1795809f6fa82
2026-09-23T22-01-29-998Z_n-sweep_1-2-4-8-16-32-50,V2,T1,,,,,deploy_token_T1,,,constructor,0x61016060,,1621017,1,,0xece28f063ba256e8fc65152daf61fe745a7823e8ba387b1b661409f18f6dc4cc
2026-09-23T22-01-29-998Z_n-sweep_1-2-4-8-16-32-50,V2,,,,,,deploy_registry,,,constructor,0x60806040,,4590964,1,,0x9005486642112873086c0faf3a06ce7199e3377186a80eb6eea4235f5e1c6f56
2026-09-23T22-01-29-998Z_n-sweep_1-2-4-8-16-32-50,V2,,,,,,deploy_governor_V2,,,constructor,0x6101e080,,2178840,1,,0xa32c9f3d540c0ae9eee563ea02a53e3c1648afde51e09209202bc2912d9a8532
2026-09-23T22-01-29-998Z_n-sweep_1-2-4-8-16-32-50,V2,,,,,,grant_admin_role,,,grantRole,0x2f2ff15d,,50799,1,,0x0482dd737ad13e5cf9f342f77b7f4c8d4a60575e6613b501a7a433855227e65d
2026-09-23T22-01-29-998Z_n-sweep_1-2-4-8-16-32-50,V2,,,,,,revoke_deployer_admin_role,,,revokeRole,0xd547741f,,27116,1,,0xbf6c6756b6e885a31717a4b56f3c4fc35da4780ca84e075711ea97189f58ea3d
2026-09-23T22-01-29-998Z_n-sweep_1-2-4-8-16-32-50,V2,,50,A-unanime,,,delegate_admin,,,,0x5c19a95c,,95559,1,,0xe4ed125ff7fcf34a784094393e69d7b32184f90f45a88cf0e398ac5fe2329d50
2026-09-23T22-01-29-998Z_n-sweep_1-2-4-8-16-32-50,V2,,50,A-unanime,,,delegate,,,,0x5c19a95c,,48347,1,,0x8e5cf2e817455991c3f88244f29b95e3c5703efb253d16587c3e019ace8ed4aa
2026-09-23T22-01-29-998Z_n-sweep_1-2-4-8-16-32-50,V2,,50,A-unanime,,,delegate,,,,0x5c19a95c,,48335,1,,0x3a4d0b938991cc6665fddf48aab742d27a2480134e4cb1cf5b844b9724575405
2026-09-23T22-01-29-998Z_n-sweep_1-2-4-8-16-32-50,V2,,50,A-unanime,,,delegate,,,,0x5c19a95c,,48347,1,,0x8df16e2387da0d9fa03469e487a72815c7ad0f22d2e3631bfcd3e8532e84566f
2026-09-23T22-01-29-998Z_n-sweep_1-2-4-8-16-32-50,V2,,50,A-unanime,,,delegate,,,,0x5c19a95c,,48347,1,,0x95612e3ccf4e98f664cb62c90a18fd3142e8f5668db18fb82a400652a6b96b06
2026-09-23T22-01-29-998Z_n-sweep_1-2-4-8-16-32-50,V2,,50,A-unanime,,,delegate,,,,0x5c19a95c,,48347,1,,0x8cfbd9c8afd095297879c4ea5a6d41c276c3b770abd2f751b06ec63384df15d6
2026-09-23T22-01-29-998Z_n-sweep_1-2-4-8-16-32-50,V2,,50,A-unanime,,,delegate,,,,0x5c19a95c,,48347,1,,0x96ff47bd12ed3260165a9b3c82bacf4a9f1cfd47a5f8548491ee35c1066f2e38
2026-09-23T22-01-29-998Z_n-sweep_1-2-4-8-16-32-50,V2,,50,A-unanime,,,delegate,,,,0x5c19a95c,,48347,1,,0x3c7464a5135ef0630048da3b891f6f95d941c4b44dfb27d1230d6c7015af52d6
2026-09-23T22-01-29-998Z_n-sweep_1-2-4-8-16-32-50,V2,,50,A-unanime,,,delegate,,,,0x5c19a95c,,48347,1,,0xcef7f0dbdf22e7ddd7612e11e8e4d04d07ff7ed50742fa593a04379c3fb4c79a
2026-09-23T22-01-29-998Z_n-sweep_1-2-4-8-16-32-50,V2,,50,A-unanime,,,delegate,,,,0x5c19a95c,,48347,1,,0x2a05bf2175c5ddc1c903f568e1aef2d66314124f75bcf8379ba8adf2782fee08
2026-09-23T22-01-29-998Z_n-sweep_1-2-4-8-16-32-50,V2,,50,A-unanime,,,delegate,,,,0x5c19a95c,,48335,1,,0xed076a3bb603efd5d8a71a2cc98ed4047b12d152a544a7d1d7a341433c9a4602
2026-09-23T22-01-29-998Z_n-sweep_1-2-4-8-16-32-50,V2,,50,A-unanime,,,delegate,,,,0x5c19a95c,,48347,1,,0x10be283a8ec30b680dc3aca50b759e0cf9c8afc082d9e83402cea754eca72a1f
2026-09-23T22-01-29-998Z_n-sweep_1-2-4-8-16-32-50,V2,,50,A-unanime,,,delegate,,,,0x5c19a95c,,48347,1,,0x2a30f5270f05f3f17e6177f9b77f58b934718ec7c2e872415fd5bb3af3d1a729
2026-09-23T22-01-29-998Z_n-sweep_1-2-4-8-16-32-50,V2,,50,A-unanime,,,delegate,,,,0x5c19a95c,,48347,1,,0x8627a7ad29f66cec2d29399f287974e7802b96ce1c1094b9f03f71ebb4aee554
2026-09-23T22-01-29-998Z_n-sweep_1-2-4-8-16-32-50,V2,,50,A-unanime,,,delegate,,,,0x5c19a95c,,48347,1,,0x09935171751aaaad6b28f8c0a6e1389d805ea4048b73d32206a0f9fb56fe6526
2026-09-23T22-01-29-998Z_n-sweep_1-2-4-8-16-32-50,V2,,50,A-unanime,,,delegate,,,,0x5c19a95c,,48347,1,,0xcc0bb7cbd2d0f3f8fa2b739bbaa5db203755fbd70b3eefc00d112f1bb589ceaf
2026-09-23T22-01-29-998Z_n-sweep_1-2-4-8-16-32-50,V2,,50,A-unanime,,,delegate,,,,0x5c19a95c,,48347,1,,0xc76339288f99a2e44a4485a1794ebb0cad6215adbb061dde8b472b5783d68437
2026-09-23T22-01-29-998Z_n-sweep_1-2-4-8-16-32-50,V2,,50,A-unanime,,,delegate,,,,0x5c19a95c,,48347,1,,0x4eff498246ceed5814c564e65aad18449d9d8819517ba51d588d9cfdae3d4d2a
2026-09-23T22-01-29-998Z_n-sweep_1-2-4-8-16-32-50,V2,,50,A-unanime,,,delegate,,,,0x5c19a95c,,48347,1,,0xa6ae49a326f302b9e71391f9415c0d930458ea03039ee9086f5687369d739f43
2026-09-23T22-01-29-998Z_n-sweep_1-2-4-8-16-32-50,V2,,50,A-unanime,,,delegate,,,,0x5c19a95c,,48347,1,,0xf13688c59dca87eeaaf2b3d3ae625f01224e2d5b4954af7ddb9eacd7e8fca21e
2026-09-23T22-01-29-998Z_n-sweep_1-2-4-8-16-32-50,V2,,50,A-unanime,,,delegate,,,,0x5c19a95c,,48347,1,,0xed760b7612d9a02f7ab38dcca54d7d989dd819b4bb98906db1dbcca059ac084f
2026-09-23T22-01-29-998Z_n-sweep_1-2-4-8-16-32-50,V2,,50,A-unanime,,,delegate,,,,0x5c19a95c,,48347,1,,0x408a7ccbb0d6637960a2093204a5084a7c3370084f7061b277e04d5d1523ae58
2026-09-23T22-01-29-998Z_n-sweep_1-2-4-8-16-32-50,V2,,50,A-unanime,,,delegate,,,,0x5c19a95c,,48347,1,,0x3152e0d13e4c1339d74b6b187ca12500a969817e0120fc16874758b89451705c
2026-09-23T22-01-29-998Z_n-sweep_1-2-4-8-16-32-50,V2,,50,A-unanime,,,delegate,,,,0x5c19a95c,,48347,1,,0xa643950d224ced9bbf99ea95cbb9cecb86c028ad6a357741d9eed43fd1418124
2026-09-23T22-01-29-998Z_n-sweep_1-2-4-8-16-32-50,V2,,50,A-unanime,,,delegate,,,,0x5c19a95c,,48347,1,,0x055e399c3cbfa6644dce91a7f3b36ea2bc185d80c647c0f1d04321e14c4b1361
2026-09-23T22-01-29-998Z_n-sweep_1-2-4-8-16-32-50,V2,,50,A-unanime,,,delegate,,,,0x5c19a95c,,48335,1,,0xdbafa2287cf62155690c72d09b21b76ada56306bf24799e90a6ebd1fd470abc6
2026-09-23T22-01-29-998Z_n-sweep_1-2-4-8-16-32-50,V2,,50,A-unanime,,,delegate,,,,0x5c19a95c,,48347,1,,0x5f3e39c0a04665565fe3ba089f22454588d4f688c9a7aef067e7ad9e116a759a
2026-09-23T22-01-29-998Z_n-sweep_1-2-4-8-16-32-50,V2,,50,A-unanime,,,delegate,,,,0x5c19a95c,,48347,1,,0x7f968e30943d915d45decb0caea3281b5a4ce30a34416fbe354786d67369fd83
2026-09-23T22-01-29-998Z_n-sweep_1-2-4-8-16-32-50,V2,,50,A-unanime,,,delegate,,,,0x5c19a95c,,48347,1,,0xacced85e76fc346ac6aeec9a7ad6b61324fa6705450ea8d9c6b571e609652ec6
2026-09-23T22-01-29-998Z_n-sweep_1-2-4-8-16-32-50,V2,,50,A-unanime,,,delegate,,,,0x5c19a95c,,48347,1,,0xc354d6d794f1199566d0378cd1a05e9a5ef44036fa08971363ffdb3f0a83ac1f
2026-09-23T22-01-29-998Z_n-sweep_1-2-4-8-16-32-50,V2,,50,A-unanime,,,delegate,,,,0x5c19a95c,,48347,1,,0x41430b21e85fff00baa6651f5e9419f14411e203e9c65cf045d70399e1f94f10
2026-09-23T22-01-29-998Z_n-sweep_1-2-4-8-16-32-50,V2,,50,A-unanime,,,delegate,,,,0x5c19a95c,,48347,1,,0x0bedefd31dfd1911f1b821af9af59b2add8145ffa98e5dbae489249c34ba12b9
2026-09-23T22-01-29-998Z_n-sweep_1-2-4-8-16-32-50,V2,,50,A-unanime,,,delegate,,,,0x5c19a95c,,48347,1,,0x56ad8c486cf180aa0b39b839e9aa8457bb432ce913afb5054ca9bcce3effbb92
2026-09-23T22-01-29-998Z_n-sweep_1-2-4-8-16-32-50,V2,,50,A-unanime,,,delegate,,,,0x5c19a95c,,48347,1,,0x889ffacd513472f47703d03e4eb91f2565e857d0c007bd0d90101601ecbd4461
2026-09-23T22-01-29-998Z_n-sweep_1-2-4-8-16-32-50,V2,,50,A-unanime,,,delegate,,,,0x5c19a95c,,48347,1,,0x300cffcbe8eda0567de301008cf1f50514fdf7ef82e382d9507bbf31fffcabc4
2026-09-23T22-01-29-998Z_n-sweep_1-2-4-8-16-32-50,V2,,50,A-unanime,,,delegate,,,,0x5c19a95c,,48347,1,,0xb26cc341ef34517b33cf6cd048c8a54704753c40e4e38bdf9dc80c483ec06148
2026-09-23T22-01-29-998Z_n-sweep_1-2-4-8-16-32-50,V2,,50,A-unanime,,,delegate,,,,0x5c19a95c,,48347,1,,0x58d7882e8df8d9a84dda04828e62e55811e2fc55bbdf72e420a219528a50c760
2026-09-23T22-01-29-998Z_n-sweep_1-2-4-8-16-32-50,V2,,50,A-unanime,,,delegate,,,,0x5c19a95c,,48347,1,,0xa165579965f85981a3065c1e2b2a0995c5caac5df658402f7efd8b0d0b1c2bce
2026-09-23T22-01-29-998Z_n-sweep_1-2-4-8-16-32-50,V2,,50,A-unanime,,,delegate,,,,0x5c19a95c,,48347,1,,0xf0592e48b13df8d29c4f13d4da023052f542ca40ddd14d6babaf7ef698f07dbb
2026-09-23T22-01-29-998Z_n-sweep_1-2-4-8-16-32-50,V2,,50,A-unanime,,,delegate,,,,0x5c19a95c,,48347,1,,0x03d0dbabc01e5d0af5eca4495d4c548d2c41bb5b473d7d98c49d5385061260b8
2026-09-23T22-01-29-998Z_n-sweep_1-2-4-8-16-32-50,V2,,50,A-unanime,,,delegate,,,,0x5c19a95c,,48347,1,,0x9c249c81d873ecf8e9768db83eb14821c2c218d032b11cd7fe5d12088d668fda
2026-09-23T22-01-29-998Z_n-sweep_1-2-4-8-16-32-50,V2,,50,A-unanime,,,delegate,,,,0x5c19a95c,,48347,1,,0xcd63dbf8f1f09a2f6a5ff14decca32fb72ad0f1cae7e574b2fc586f13d025bb2
2026-09-23T22-01-29-998Z_n-sweep_1-2-4-8-16-32-50,V2,,50,A-unanime,,,delegate,,,,0x5c19a95c,,48347,1,,0x046e21685e512200b52e31db93043af7459b5a989dc0808269126d53721ac8f8
2026-09-23T22-01-29-998Z_n-sweep_1-2-4-8-16-32-50,V2,,50,A-unanime,,,delegate,,,,0x5c19a95c,,48347,1,,0x335f1c45ad548204528f7cadd4671e561c20c9c4fe29b91189feade09701c5a9
2026-09-23T22-01-29-998Z_n-sweep_1-2-4-8-16-32-50,V2,,50,A-unanime,,,delegate,,,,0x5c19a95c,,48347,1,,0x9f8ade3454be88805b03b02375f2774d72e2d3169cc94a4166c39604e063955f
2026-09-23T22-01-29-998Z_n-sweep_1-2-4-8-16-32-50,V2,,50,A-unanime,,,delegate,,,,0x5c19a95c,,48347,1,,0xbc2920c9ad77b324c8f64daabfc2a1431c80f30edb3c65e0a07700b98891b56c
2026-09-23T22-01-29-998Z_n-sweep_1-2-4-8-16-32-50,V2,,50,A-unanime,,,delegate,,,,0x5c19a95c,,48347,1,,0x1ff3b9a6966187a5cd8d575d153f2487b31b83e6d2c103a885d102e6de760040
2026-09-23T22-01-29-998Z_n-sweep_1-2-4-8-16-32-50,V2,,50,A-unanime,,,delegate,,,,0x5c19a95c,,48347,1,,0x3007abbd2ca5d8a8c5f340a2614ce189759242bb494aab56e592970fe25a61c4
2026-09-23T22-01-29-998Z_n-sweep_1-2-4-8-16-32-50,V2,,50,A-unanime,,,delegate,,,,0x5c19a95c,,48335,1,,0x1ef3932edbce7e10293b79c0f2bdd68ba9963feeb60783550b8048fadd7093b1
2026-09-23T22-01-29-998Z_n-sweep_1-2-4-8-16-32-50,V2,,50,A-unanime,,,delegate,,,,0x5c19a95c,,48347,1,,0xc1ed614da0f39e829d43e2c73649b3d798068befc640a8a27a6dfe3b86205651
2026-09-23T22-01-29-998Z_n-sweep_1-2-4-8-16-32-50,V2,,50,A-unanime,,,delegate,,,,0x5c19a95c,,48347,1,,0x644c69711f4cf1c5519b2b689791a02de2c659aa2334fad7b76f3e0b8ddc92c8
2026-09-23T22-01-29-998Z_n-sweep_1-2-4-8-16-32-50,V2,,50,A-unanime,,,transfer,,,,0xa9059cbb,,135960,1,,0x988aab2b52dd044a179325bd4967d9ae7237c72920f39685c1b68a865d8bc061
2026-09-23T22-01-29-998Z_n-sweep_1-2-4-8-16-32-50,V2,,50,A-unanime,,,transfer,,,,0xa9059cbb,,135948,1,,0x1740ec9063dfd663705ab00d6d861409d180c9ad70adc6d28480537016214f76
2026-09-23T22-01-29-998Z_n-sweep_1-2-4-8-16-32-50,V2,,50,A-unanime,,,transfer,,,,0xa9059cbb,,135960,1,,0xf56fcef6e6bf4bee12e48c2b9df7dbc660058df2a1fb870619e66bc918f52484
2026-09-23T22-01-29-998Z_n-sweep_1-2-4-8-16-32-50,V2,,50,A-unanime,,,transfer,,,,0xa9059cbb,,135960,1,,0x233ed19ebf1226e5fc37f5fd473c8962d4660a56079a5d6c60cad7337c5b7af9
2026-09-23T22-01-29-998Z_n-sweep_1-2-4-8-16-32-50,V2,,50,A-unanime,,,transfer,,,,0xa9059cbb,,135960,1,,0xcc782b233f1590adef175cd9036af19be976f253c0218163c06331281c553efe
2026-09-23T22-01-29-998Z_n-sweep_1-2-4-8-16-32-50,V2,,50,A-unanime,,,transfer,,,,0xa9059cbb,,135960,1,,0xbea6e584f326824c66cd6b2c4015b7b890bfe3cd9eab172363c69ca2e07fc6c2
2026-09-23T22-01-29-998Z_n-sweep_1-2-4-8-16-32-50,V2,,50,A-unanime,,,transfer,,,,0xa9059cbb,,135960,1,,0x465ed0f194e88c72adeb55b13c9b38160cb85e4cc722e7a5af85df8387d76996
2026-09-23T22-01-29-998Z_n-sweep_1-2-4-8-16-32-50,V2,,50,A-unanime,,,transfer,,,,0xa9059cbb,,135960,1,,0xd1689b874f589c86d72d375fae0451c938fd231cd4095f970e1dd1b81f8676b7
2026-09-23T22-01-29-998Z_n-sweep_1-2-4-8-16-32-50,V2,,50,A-unanime,,,transfer,,,,0xa9059cbb,,135960,1,,0xcf893e779208ade49ba3073a23cde3543874fa081e203c8b7d248491c6588cd6
2026-09-23T22-01-29-998Z_n-sweep_1-2-4-8-16-32-50,V2,,50,A-unanime,,,transfer,,,,0xa9059cbb,,135948,1,,0x55f9f4c5cbe216e8c28f62779d8fa7e3844908ecfb57361604a2d8e371d49fca
2026-09-23T22-01-29-998Z_n-sweep_1-2-4-8-16-32-50,V2,,50,A-unanime,,,transfer,,,,0xa9059cbb,,135960,1,,0x8dbb2d08f54ac53f17e18a86d078179bdcf4aecc630828e698d239a5cb1f6f8e
2026-09-23T22-01-29-998Z_n-sweep_1-2-4-8-16-32-50,V2,,50,A-unanime,,,transfer,,,,0xa9059cbb,,135960,1,,0xed649c0db846b2bff19da4f11088b84071c73ddd4ce7d3749ae53eea75ac41db
2026-09-23T22-01-29-998Z_n-sweep_1-2-4-8-16-32-50,V2,,50,A-unanime,,,transfer,,,,0xa9059cbb,,135960,1,,0xdf2cf31e73eb13bd09dd1afb5bb13ebc7ce5e2763b7e9b9cf73e62e8ef5d4e22
2026-09-23T22-01-29-998Z_n-sweep_1-2-4-8-16-32-50,V2,,50,A-unanime,,,transfer,,,,0xa9059cbb,,135960,1,,0x3c1627a4e1cac6bb0416fd3e398372366c09d1a68ecfeb6747b79ec38aedf91c
2026-09-23T22-01-29-998Z_n-sweep_1-2-4-8-16-32-50,V2,,50,A-unanime,,,transfer,,,,0xa9059cbb,,135960,1,,0xc56ae9e1eaa29c1b61ad02ffd529d88ca71dc67f8df801cf2e6338e0c93601c0
2026-09-23T22-01-29-998Z_n-sweep_1-2-4-8-16-32-50,V2,,50,A-unanime,,,transfer,,,,0xa9059cbb,,135960,1,,0x0d0753aecd5c03f9a033b2f46b7f5cd0425998608ec65fe4e251758640f116cc
2026-09-23T22-01-29-998Z_n-sweep_1-2-4-8-16-32-50,V2,,50,A-unanime,,,transfer,,,,0xa9059cbb,,135960,1,,0xefbd39c3f9ebfa93ac80f360ffd8980bec4b7e10908c53b00b1e61e174e14477
2026-09-23T22-01-29-998Z_n-sweep_1-2-4-8-16-32-50,V2,,50,A-unanime,,,transfer,,,,0xa9059cbb,,135960,1,,0x3a2f642f292c833077cfed053ba476469661e3d952ab0f9708e81024e8a131f0
2026-09-23T22-01-29-998Z_n-sweep_1-2-4-8-16-32-50,V2,,50,A-unanime,,,transfer,,,,0xa9059cbb,,135960,1,,0x92f057c6ea61052e657e17ca72c92f5b41686fa9098dc43c6670fd435baeb520
2026-09-23T22-01-29-998Z_n-sweep_1-2-4-8-16-32-50,V2,,50,A-unanime,,,transfer,,,,0xa9059cbb,,135960,1,,0x401daf28f880e62370c01be106e283ab587a6a396d0ac9a4c1790b877d11cee7
2026-09-23T22-01-29-998Z_n-sweep_1-2-4-8-16-32-50,V2,,50,A-unanime,,,transfer,,,,0xa9059cbb,,135960,1,,0x9fcb64d9dee02b77c33a03d55d294baa22cebf6f3fc60761a8ce82a27b27c4ac
2026-09-23T22-01-29-998Z_n-sweep_1-2-4-8-16-32-50,V2,,50,A-unanime,,,transfer,,,,0xa9059cbb,,135960,1,,0xb12735ad54fd91cf7224ef0aead270b7e5bf6415a1835ea5a76292fff1415cfb
2026-09-23T22-01-29-998Z_n-sweep_1-2-4-8-16-32-50,V2,,50,A-unanime,,,transfer,,,,0xa9059cbb,,135960,1,,0xfe37646fb15fa8302c991c97cf1f7c1a4a0f2b6acd720ebca26aca50888cda23
2026-09-23T22-01-29-998Z_n-sweep_1-2-4-8-16-32-50,V2,,50,A-unanime,,,transfer,,,,0xa9059cbb,,135960,1,,0xd60240538b26e59a2163ed3a22c43b9ab1484704bd0b0f3cdefabb88cb5b257e
2026-09-23T22-01-29-998Z_n-sweep_1-2-4-8-16-32-50,V2,,50,A-unanime,,,transfer,,,,0xa9059cbb,,135948,1,,0xb22c513b7fe482f54292a9bfeef77c21aacef9c17483d515bdfda6c1cf1f42bb
2026-09-23T22-01-29-998Z_n-sweep_1-2-4-8-16-32-50,V2,,50,A-unanime,,,transfer,,,,0xa9059cbb,,135960,1,,0x88644017f1f3ae21daa385d29aee8d731cf7ba0c9b61e24399db19697919acb2
2026-09-23T22-01-29-998Z_n-sweep_1-2-4-8-16-32-50,V2,,50,A-unanime,,,transfer,,,,0xa9059cbb,,135960,1,,0xad4486b295fc1a15477c5d8ebe8706f1ed097c809410e10005b1685953c2a2bb
2026-09-23T22-01-29-998Z_n-sweep_1-2-4-8-16-32-50,V2,,50,A-unanime,,,transfer,,,,0xa9059cbb,,135960,1,,0xc857927978b7fca420d8dfdcf1a08458352c71bd35216ca7bdaabdcf6a420eab
2026-09-23T22-01-29-998Z_n-sweep_1-2-4-8-16-32-50,V2,,50,A-unanime,,,transfer,,,,0xa9059cbb,,135960,1,,0x19da029d75fd0d87dc7a4f9beb9559a212c97f4650b20bec708183e96523aaba
2026-09-23T22-01-29-998Z_n-sweep_1-2-4-8-16-32-50,V2,,50,A-unanime,,,transfer,,,,0xa9059cbb,,135960,1,,0xe39ed1dd6a0f306a57d3c39746352501a07bde119ca084d195183aa8257d544c
2026-09-23T22-01-29-998Z_n-sweep_1-2-4-8-16-32-50,V2,,50,A-unanime,,,transfer,,,,0xa9059cbb,,135960,1,,0x686f042e46d0bb971f2dc7311a4b70e71aa32e852ea51402ab89ee3a2117a475
2026-09-23T22-01-29-998Z_n-sweep_1-2-4-8-16-32-50,V2,,50,A-unanime,,,transfer,,,,0xa9059cbb,,135960,1,,0xf9e0d46378d7c47514f285080aa1c0ba30ccb144fd11142fd8a0965281717e14
2026-09-23T22-01-29-998Z_n-sweep_1-2-4-8-16-32-50,V2,,50,A-unanime,,,transfer,,,,0xa9059cbb,,135960,1,,0x403d5ee904eb62cf03710c0775795d94da962bdd3fc2a81d2c0ef4752ac1fe71
2026-09-23T22-01-29-998Z_n-sweep_1-2-4-8-16-32-50,V2,,50,A-unanime,,,transfer,,,,0xa9059cbb,,135960,1,,0xfdde6c45dcc56940d6e78753c17a5c3fb5be608e7dbf8994340a63db872a194f
2026-09-23T22-01-29-998Z_n-sweep_1-2-4-8-16-32-50,V2,,50,A-unanime,,,transfer,,,,0xa9059cbb,,135960,1,,0x0ab3489848781558a75a336d69aeae715379240b5a6bd11ad38ea8bd2a829107
2026-09-23T22-01-29-998Z_n-sweep_1-2-4-8-16-32-50,V2,,50,A-unanime,,,transfer,,,,0xa9059cbb,,135960,1,,0x1682e6d0d561bf9f64b682c350f3b78d5c3a2bd231295f8d74b4c92182f6cc07
2026-09-23T22-01-29-998Z_n-sweep_1-2-4-8-16-32-50,V2,,50,A-unanime,,,transfer,,,,0xa9059cbb,,135960,1,,0x5b82226f4b3968c0c11ff4245b77ddb5c737ac3d9384e7f0f5dacf91ae505b7c
2026-09-23T22-01-29-998Z_n-sweep_1-2-4-8-16-32-50,V2,,50,A-unanime,,,transfer,,,,0xa9059cbb,,135960,1,,0x6b5817c5a2f3233a1f4755f91eec5b61a72e50556aeb151d1df361f8dcacafea
2026-09-23T22-01-29-998Z_n-sweep_1-2-4-8-16-32-50,V2,,50,A-unanime,,,transfer,,,,0xa9059cbb,,135960,1,,0x00442dfd61843442f2f62e78bcf59b803dd8498b1bad260878d59e06f48aaf95
2026-09-23T22-01-29-998Z_n-sweep_1-2-4-8-16-32-50,V2,,50,A-unanime,,,transfer,,,,0xa9059cbb,,135960,1,,0xf5d2b3eeffb65a663d93b8d3c809b6e5121b8784e868e51af3bdba2deee35a8b
2026-09-23T22-01-29-998Z_n-sweep_1-2-4-8-16-32-50,V2,,50,A-unanime,,,transfer,,,,0xa9059cbb,,135960,1,,0xf3df28ed5d40b48f8919791b5b9ed50c0de598885569cd4cda2c88678140358b
2026-09-23T22-01-29-998Z_n-sweep_1-2-4-8-16-32-50,V2,,50,A-unanime,,,transfer,,,,0xa9059cbb,,135960,1,,0xae8265c953b3c6c844fd5e7f9c7464dcd5160d081bd3f12119dae553d5383d46
2026-09-23T22-01-29-998Z_n-sweep_1-2-4-8-16-32-50,V2,,50,A-unanime,,,transfer,,,,0xa9059cbb,,135960,1,,0x2bedec0ecd73ac805d76d0b0f124d689002219a8553658ae536e50df35c6d9db
2026-09-23T22-01-29-998Z_n-sweep_1-2-4-8-16-32-50,V2,,50,A-unanime,,,transfer,,,,0xa9059cbb,,135960,1,,0x7911352af92914fc012e9271fef77802aaf80cb03b085ac5b36a82617ef3d87f
2026-09-23T22-01-29-998Z_n-sweep_1-2-4-8-16-32-50,V2,,50,A-unanime,,,transfer,,,,0xa9059cbb,,135960,1,,0x527083c9aa09a186a9dfde1d6e11e56a88c23af4ff1df829641f565d467e9eb3
2026-09-23T22-01-29-998Z_n-sweep_1-2-4-8-16-32-50,V2,,50,A-unanime,,,transfer,,,,0xa9059cbb,,135960,1,,0x4fcb61575570970b077a3f0175ad61e8f9b670d214f189be9284c9e38d23ea97
2026-09-23T22-01-29-998Z_n-sweep_1-2-4-8-16-32-50,V2,,50,A-unanime,,,transfer,,,,0xa9059cbb,,135960,1,,0x4e542c0f00edf948e31ae0044ddc651c40f57f37ff7015611a62d6daf389f5c0
2026-09-23T22-01-29-998Z_n-sweep_1-2-4-8-16-32-50,V2,,50,A-unanime,,,transfer,,,,0xa9059cbb,,135948,1,,0x678ff5ad84e5f134b40dad86f148a340f9fbc604f5ec27a98b7c60856ee1e375
2026-09-23T22-01-29-998Z_n-sweep_1-2-4-8-16-32-50,V2,,50,A-unanime,,,transfer,,,,0xa9059cbb,,135960,1,,0x8c9fe884dc095bd2cb142ad2f4c3a32815bf358db82984445b1bebe0c495a13f
2026-09-23T22-01-29-998Z_n-sweep_1-2-4-8-16-32-50,V2,,50,A-unanime,,,transfer,,,,0xa9059cbb,,135960,1,,0xcae168b52d2afa75f1568ef6aadf2694b4b83c844b2cc07cfa891dbd891f714c
2026-09-23T22-01-29-998Z_n-sweep_1-2-4-8-16-32-50,V2,,50,A-unanime,,,propose,,,propose,0x7d5e81e2,WasteCategoryRegistry.updateCredits,63790,1,,0xa54ea48da331be48ddeecffc0068752f3e0f39fc8882f56161baafb3423c2a91
2026-09-23T22-01-29-998Z_n-sweep_1-2-4-8-16-32-50,V2,,50,A-unanime,,,vote,1,for,,0x56781388,,82456,1,,0xdbd9af6ab81ce91316781f698231bd1f570a384922545fadfdb56b66207e2a00
2026-09-23T22-01-29-998Z_n-sweep_1-2-4-8-16-32-50,V2,,50,A-unanime,,,vote,2,for,,0x56781388,,65356,1,,0x7cc3a20d8d8b7abb86add4b53f44855d4bed3531004ee901233e2c6d1b309f0d
2026-09-23T22-01-29-998Z_n-sweep_1-2-4-8-16-32-50,V2,,50,A-unanime,,,vote,3,for,,0x56781388,,65356,1,,0x338ac067310b73630b08c9437122e0767c1705fefc33f33b70f7f25605224e7f
2026-09-23T22-01-29-998Z_n-sweep_1-2-4-8-16-32-50,V2,,50,A-unanime,,,vote,4,for,,0x56781388,,65356,1,,0xd22aa9cf2eaf6f35caf82085a5a6fc932659d646ceb000851145e99089d43196
2026-09-23T22-01-29-998Z_n-sweep_1-2-4-8-16-32-50,V2,,50,A-unanime,,,vote,5,for,,0x56781388,,65356,1,,0x334787f9de83daebe8fa50246ce04673b8e943e259f5d045653b49e1b5c64ad9
2026-09-23T22-01-29-998Z_n-sweep_1-2-4-8-16-32-50,V2,,50,A-unanime,,,vote,6,for,,0x56781388,,65356,1,,0x41510297c7742631ca0d299bd84c4fb6e4815244e7983c1b11986032dd2746b9
2026-09-23T22-01-29-998Z_n-sweep_1-2-4-8-16-32-50,V2,,50,A-unanime,,,vote,7,for,,0x56781388,,65356,1,,0x23f2076b82b285f73add193952bd846f48573b87e93d9dd9eba00816ef32a918
2026-09-23T22-01-29-998Z_n-sweep_1-2-4-8-16-32-50,V2,,50,A-unanime,,,vote,8,for,,0x56781388,,65356,1,,0xe8b909c7873585db110009af20239dc6c4583afad5de3be3b78cbe4f5d5d08d2
2026-09-23T22-01-29-998Z_n-sweep_1-2-4-8-16-32-50,V2,,50,A-unanime,,,vote,9,for,,0x56781388,,65356,1,,0x3dd3e57508fbb49ec8230afbe5f97386744afdce76b33affe884d4cdc830db50
2026-09-23T22-01-29-998Z_n-sweep_1-2-4-8-16-32-50,V2,,50,A-unanime,,,vote,10,for,,0x56781388,,65356,1,,0xe7615515f29a2b838a48be9cd0ebf33cb7d64cd358fd8640a09dabc9f710fbc7
2026-09-23T22-01-29-998Z_n-sweep_1-2-4-8-16-32-50,V2,,50,A-unanime,,,vote,11,for,,0x56781388,,65356,1,,0xadc6b3be6f79e9805279db96db13865a715ecd51664ff980989fbcc3efba75ce
2026-09-23T22-01-29-998Z_n-sweep_1-2-4-8-16-32-50,V2,,50,A-unanime,,,vote,12,for,,0x56781388,,65356,1,,0x576b5a5db7bf504de996227e50f4b54b7062f4dddb633294d89e677ad9c82078
2026-09-23T22-01-29-998Z_n-sweep_1-2-4-8-16-32-50,V2,,50,A-unanime,,,vote,13,for,,0x56781388,,65356,1,,0x7d2d5c4c2a6a6b1e2d70fa2500da8b1cd87b710bf07001acd36477c014b84fee
2026-09-23T22-01-29-998Z_n-sweep_1-2-4-8-16-32-50,V2,,50,A-unanime,,,vote,14,for,,0x56781388,,65356,1,,0xbabf4bf3dd5bc57885a21fa0eb214950c12bc6e3e600297e9842c6237b767d45
2026-09-23T22-01-29-998Z_n-sweep_1-2-4-8-16-32-50,V2,,50,A-unanime,,,vote,15,for,,0x56781388,,65356,1,,0x279207009df8764ab9a3da418f08db6574a353223262845f14e43530a1e0c338
2026-09-23T22-01-29-998Z_n-sweep_1-2-4-8-16-32-50,V2,,50,A-unanime,,,vote,16,for,,0x56781388,,65356,1,,0x3affa137b4196e0001a1e5913bc7ff66174e43b267f32f811541034ea5f1c500
2026-09-23T22-01-29-998Z_n-sweep_1-2-4-8-16-32-50,V2,,50,A-unanime,,,vote,17,for,,0x56781388,,65356,1,,0x0b3419801a1fd6ae39e547961e39d5964771a3eac42f3cce715303625341b5f7
2026-09-23T22-01-29-998Z_n-sweep_1-2-4-8-16-32-50,V2,,50,A-unanime,,,vote,18,for,,0x56781388,,65356,1,,0x5265f570f7e956a866d3b84d61f7ca6fe1cc7e886441d25b12f8f3f885b0eea9
2026-09-23T22-01-29-998Z_n-sweep_1-2-4-8-16-32-50,V2,,50,A-unanime,,,vote,19,for,,0x56781388,,65356,1,,0x5507ff4ebcdb20c5187855d2b0e9e25af87748316c6bc1339ee2c86928ea64a7
2026-09-23T22-01-29-998Z_n-sweep_1-2-4-8-16-32-50,V2,,50,A-unanime,,,vote,20,for,,0x56781388,,65356,1,,0x9009701b89a183f72661f6eed2aa14bae38a0056b5fa03bb0f5f9f2a7c047303
2026-09-23T22-01-29-998Z_n-sweep_1-2-4-8-16-32-50,V2,,50,A-unanime,,,vote,21,for,,0x56781388,,65356,1,,0x709490451227c8f77a69266ae2d66d2fed336d041c4e91654717454e4bc7f1b3
2026-09-23T22-01-29-998Z_n-sweep_1-2-4-8-16-32-50,V2,,50,A-unanime,,,vote,22,for,,0x56781388,,65356,1,,0x2e907951fa644f25484c101d5b300d6c9f63b90e9681d532c2e31de8317e1002
2026-09-23T22-01-29-998Z_n-sweep_1-2-4-8-16-32-50,V2,,50,A-unanime,,,vote,23,for,,0x56781388,,65356,1,,0x0857a58a64ad1d282501e7a898e03eb3cd800a805c02d9f639847cc50f3dff10
2026-09-23T22-01-29-998Z_n-sweep_1-2-4-8-16-32-50,V2,,50,A-unanime,,,vote,24,for,,0x56781388,,65356,1,,0xce4386c2c03e83041b8fdb45a1315d534c9d75350fa6ee298cc2ef78ef0630a4
2026-09-23T22-01-29-998Z_n-sweep_1-2-4-8-16-32-50,V2,,50,A-unanime,,,vote,25,for,,0x56781388,,65356,1,,0xfca2d13b0f3972a1aa9b0554ede4d4f5b7f7bfdb5ce2587696f4ac9d9074206b
2026-09-23T22-01-29-998Z_n-sweep_1-2-4-8-16-32-50,V2,,50,A-unanime,,,vote,26,for,,0x56781388,,65356,1,,0xb816051cc89b3667fce395b3ec110b000c848aec320c2336c339a61a32d26a55
2026-09-23T22-01-29-998Z_n-sweep_1-2-4-8-16-32-50,V2,,50,A-unanime,,,vote,27,for,,0x56781388,,65356,1,,0x4979481a05e96ce57ed1d23c654895583dc5d5b6aa1da4458e42d762d1a48cbc
2026-09-23T22-01-29-998Z_n-sweep_1-2-4-8-16-32-50,V2,,50,A-unanime,,,vote,28,for,,0x56781388,,65356,1,,0x50e25e1945afd8c332e84f522c77d1026f79905d6f8f73d1d2973442cf8e17cf
2026-09-23T22-01-29-998Z_n-sweep_1-2-4-8-16-32-50,V2,,50,A-unanime,,,vote,29,for,,0x56781388,,65356,1,,0xbad583ffa4e0079e82990d188979916d4eed18d83df40aa460f9e838b28a6a28
2026-09-23T22-01-29-998Z_n-sweep_1-2-4-8-16-32-50,V2,,50,A-unanime,,,vote,30,for,,0x56781388,,65356,1,,0xa389f9e0188e906ae280212685b059da98ac75000fff1c26fc4b37606d7179ac
2026-09-23T22-01-29-998Z_n-sweep_1-2-4-8-16-32-50,V2,,50,A-unanime,,,vote,31,for,,0x56781388,,65356,1,,0xd54f4b68fda8289e781d82643c33f117c9b86e612183e01402a79b7d4ee89a40
2026-09-23T22-01-29-998Z_n-sweep_1-2-4-8-16-32-50,V2,,50,A-unanime,,,vote,32,for,,0x56781388,,65356,1,,0x1a76fa76579a8a59302a92b37021b0d9238bc47d31f9044c143c0a8159bb3b29
2026-09-23T22-01-29-998Z_n-sweep_1-2-4-8-16-32-50,V2,,50,A-unanime,,,vote,33,for,,0x56781388,,65356,1,,0x2c9d278284f294e9164523364e8cf012270e3cbe4da1bdfae5c37c0a10694b1c
2026-09-23T22-01-29-998Z_n-sweep_1-2-4-8-16-32-50,V2,,50,A-unanime,,,vote,34,for,,0x56781388,,65356,1,,0xe17979f5567dc403c59168f9a09973defea699e317ddf0f3e8397323a3b615ad
2026-09-23T22-01-29-998Z_n-sweep_1-2-4-8-16-32-50,V2,,50,A-unanime,,,vote,35,for,,0x56781388,,65356,1,,0xe083522b28ae67751636aeb8a1850503d347467043980416886d2fab9210d50b
2026-09-23T22-01-29-998Z_n-sweep_1-2-4-8-16-32-50,V2,,50,A-unanime,,,vote,36,for,,0x56781388,,65356,1,,0x6ed50bc0a932c50e6dd00b3d4dd985728a07a7e78b96eeb6ebc2b3593f3ee480
2026-09-23T22-01-29-998Z_n-sweep_1-2-4-8-16-32-50,V2,,50,A-unanime,,,vote,37,for,,0x56781388,,65356,1,,0xf6ede9644267424568c1936400260c3b84f0ebbaca4141eec97268f17c1ecede
2026-09-23T22-01-29-998Z_n-sweep_1-2-4-8-16-32-50,V2,,50,A-unanime,,,vote,38,for,,0x56781388,,65356,1,,0x152e588f4e8f84f16fd8c0edf63537b97b567ed004f01cc039acdf87787f3eb7
2026-09-23T22-01-29-998Z_n-sweep_1-2-4-8-16-32-50,V2,,50,A-unanime,,,vote,39,for,,0x56781388,,65356,1,,0xb1745d4ec866dbaa32e1e5d53a029b1d449e18a8c242007f528bd2f743598adc
2026-09-23T22-01-29-998Z_n-sweep_1-2-4-8-16-32-50,V2,,50,A-unanime,,,vote,40,for,,0x56781388,,65356,1,,0x2ca1c9aec527d88b835eeda338360933d33510ec9c592a34ce4a0b1de0ab872f
2026-09-23T22-01-29-998Z_n-sweep_1-2-4-8-16-32-50,V2,,50,A-unanime,,,vote,41,for,,0x56781388,,65356,1,,0x48c808e889f27a81dea1e591c32b54fac9246c3ccbcece08c9287526cd850bd1
2026-09-23T22-01-29-998Z_n-sweep_1-2-4-8-16-32-50,V2,,50,A-unanime,,,vote,42,for,,0x56781388,,65356,1,,0x806fa9622cac01cfd2c3f63ac50f9c818685bce98dc788cc8bed23c726f80aed
2026-09-23T22-01-29-998Z_n-sweep_1-2-4-8-16-32-50,V2,,50,A-unanime,,,vote,43,for,,0x56781388,,65356,1,,0x512a87cdfa6b86cd8deb4f55e3ce91f5aca999ef130bfbd13e07fa38af180213
2026-09-23T22-01-29-998Z_n-sweep_1-2-4-8-16-32-50,V2,,50,A-unanime,,,vote,44,for,,0x56781388,,65356,1,,0xf4cb963bb358efa65f9f2b1e5a1238c70f40c48750703b82df8e74facdd509db
2026-09-23T22-01-29-998Z_n-sweep_1-2-4-8-16-32-50,V2,,50,A-unanime,,,vote,45,for,,0x56781388,,65356,1,,0x1285e6d9255b4c848bb1608ea8133905d17ac1f407a11fa2c7e31913041aa558
2026-09-23T22-01-29-998Z_n-sweep_1-2-4-8-16-32-50,V2,,50,A-unanime,,,vote,46,for,,0x56781388,,65356,1,,0x579791958665a50db30c37604e000a23c157ca168b23f4348ce33a9232e973c1
2026-09-23T22-01-29-998Z_n-sweep_1-2-4-8-16-32-50,V2,,50,A-unanime,,,vote,47,for,,0x56781388,,65356,1,,0x210c5d81390fadbf38845daa7700597ccb2264c83c2a06d14e7323fbbac3e0bf
2026-09-23T22-01-29-998Z_n-sweep_1-2-4-8-16-32-50,V2,,50,A-unanime,,,vote,48,for,,0x56781388,,65356,1,,0xbc0fe8982062be2289d7dcc466e83ea920ec9ab392baa2da22b0dda0c73126ab
2026-09-23T22-01-29-998Z_n-sweep_1-2-4-8-16-32-50,V2,,50,A-unanime,,,vote,49,for,,0x56781388,,65356,1,,0x286cd326470dd3f09626fbaf62871f309c531650c4e22de083389ac1d33ff9a8
2026-09-23T22-01-29-998Z_n-sweep_1-2-4-8-16-32-50,V2,,50,A-unanime,,,vote,50,for,,0x56781388,,65356,1,,0xc443c76c355258cbc24eda9954c310185a3fd6e5067c7e923ba8d54dd6742171
2026-09-23T22-01-29-998Z_n-sweep_1-2-4-8-16-32-50,V2,,50,A-unanime,,,execute,,,execute,0x2656227d,WasteCategoryRegistry.updateCredits,60847,1,,0xc05bb757793d612d84ed947feb357454f9a670f97c6303f14ccb49129de987b3
2026-09-23T22-01-29-998Z_n-sweep_1-2-4-8-16-32-50,V0,T1,,,,,deploy_token_T1,,,constructor,0x61016060,,1621017,1,,0xece28f063ba256e8fc65152daf61fe745a7823e8ba387b1b661409f18f6dc4cc
2026-09-23T22-01-29-998Z_n-sweep_1-2-4-8-16-32-50,V0,,,,,,deploy_registry,,,constructor,0x60806040,,4590964,1,,0x9005486642112873086c0faf3a06ce7199e3377186a80eb6eea4235f5e1c6f56
2026-09-23T22-01-29-998Z_n-sweep_1-2-4-8-16-32-50,V0,,,,,,deploy_governor_V0,,,constructor,0x6101c080,,2133394,1,,0x8b33a795df9df0e5a3cb812430955580d1fb4f654a6028dd161238e13d560524
2026-09-23T22-01-29-998Z_n-sweep_1-2-4-8-16-32-50,V0,,,,,,grant_admin_role,,,grantRole,0x2f2ff15d,,50799,1,,0xb518a3911be32f0a59dcaec3e43c7ec54010f07f3e473d550516b1aab1a18d6b
2026-09-23T22-01-29-998Z_n-sweep_1-2-4-8-16-32-50,V0,,,,,,revoke_deployer_admin_role,,,revokeRole,0xd547741f,,27116,1,,0x8cb08b8b6ca45600b76a431b4cd18aee2095374e00c890903bfaa28d83b5f82b
2026-09-23T22-01-29-998Z_n-sweep_1-2-4-8-16-32-50,V0,,50,A-maioria,,,delegate_admin,,,,0x5c19a95c,,95559,1,,0xfa43c1f7a1a1658c8aeac58119b26e806face10fc63ae3e18099942309f4d395
2026-09-23T22-01-29-998Z_n-sweep_1-2-4-8-16-32-50,V0,,50,A-maioria,,,delegate,,,,0x5c19a95c,,48347,1,,0xf96ae171d39b1290c248e3ee88c92c43e24751ff4aacf46bad404cad29a33e37
2026-09-23T22-01-29-998Z_n-sweep_1-2-4-8-16-32-50,V0,,50,A-maioria,,,delegate,,,,0x5c19a95c,,48335,1,,0x65ff74d2610d5c80f16dc62aa4e01b339a9ecd8c95911ae092d678a9792cdcb8
2026-09-23T22-01-29-998Z_n-sweep_1-2-4-8-16-32-50,V0,,50,A-maioria,,,delegate,,,,0x5c19a95c,,48347,1,,0xb06e4e18b389cc3c69848b844c44927f26087a909c0e4532a1ba892e8d7bac4c
2026-09-23T22-01-29-998Z_n-sweep_1-2-4-8-16-32-50,V0,,50,A-maioria,,,delegate,,,,0x5c19a95c,,48347,1,,0xfdc5c4ae6e458adbd0780d18d4ef20dca6b7a02f3efff2f7c0eec7590e340a41
2026-09-23T22-01-29-998Z_n-sweep_1-2-4-8-16-32-50,V0,,50,A-maioria,,,delegate,,,,0x5c19a95c,,48347,1,,0x5c4d4bc02e09949d860a2c409a26209335f7c4e4eca7ac13d0e60a5cf0d0f233
2026-09-23T22-01-29-998Z_n-sweep_1-2-4-8-16-32-50,V0,,50,A-maioria,,,delegate,,,,0x5c19a95c,,48347,1,,0x8eb2597a239d7d5a9d780141fa850308f21a221b62b2f0b2cd01922a25b294b2
2026-09-23T22-01-29-998Z_n-sweep_1-2-4-8-16-32-50,V0,,50,A-maioria,,,delegate,,,,0x5c19a95c,,48347,1,,0x61b0a2cbceae6ab3b47dbad41fbaa57485b4b4545814b177fb76f5e80989f4b6
2026-09-23T22-01-29-998Z_n-sweep_1-2-4-8-16-32-50,V0,,50,A-maioria,,,delegate,,,,0x5c19a95c,,48347,1,,0x8e8293e79ce57e8b2bd6c914c167b0ec5858ded7d332cc962607075acbcc0b43
2026-09-23T22-01-29-998Z_n-sweep_1-2-4-8-16-32-50,V0,,50,A-maioria,,,delegate,,,,0x5c19a95c,,48347,1,,0x700d26ece381a9328c0c0607c8015a890a8cc373fc0ec5e3e5957a9b1720c821
2026-09-23T22-01-29-998Z_n-sweep_1-2-4-8-16-32-50,V0,,50,A-maioria,,,delegate,,,,0x5c19a95c,,48335,1,,0x827f347ed9162ee5aa31942cb2cd15f5b7940183deaee5d4a11b6efe87452173
2026-09-23T22-01-29-998Z_n-sweep_1-2-4-8-16-32-50,V0,,50,A-maioria,,,delegate,,,,0x5c19a95c,,48347,1,,0x05e0616bb804c3cd4df19f7b0cf511dbcb6e9524c52bcfbf8b39223490cc0846
2026-09-23T22-01-29-998Z_n-sweep_1-2-4-8-16-32-50,V0,,50,A-maioria,,,delegate,,,,0x5c19a95c,,48347,1,,0x7409a97667b08d9b70b0d678843340d442fad8337ae46944499977e000325f92
2026-09-23T22-01-29-998Z_n-sweep_1-2-4-8-16-32-50,V0,,50,A-maioria,,,delegate,,,,0x5c19a95c,,48347,1,,0x06bc39c687cf89ca2626bc142b16cf4a83fd68b90155fd6344acd5c17148d8a6
2026-09-23T22-01-29-998Z_n-sweep_1-2-4-8-16-32-50,V0,,50,A-maioria,,,delegate,,,,0x5c19a95c,,48347,1,,0xe5d3691fe9ffad366e158fc098b74dd6635f083c235a6588c23e1d5313889cc9
2026-09-23T22-01-29-998Z_n-sweep_1-2-4-8-16-32-50,V0,,50,A-maioria,,,delegate,,,,0x5c19a95c,,48347,1,,0x75300fe9f7d70fbe306b3cefadf0423a64334a4470eee34e958b76b4418900c0
2026-09-23T22-01-29-998Z_n-sweep_1-2-4-8-16-32-50,V0,,50,A-maioria,,,delegate,,,,0x5c19a95c,,48347,1,,0xef2cf8fae96fa4c95b9eb5fc78e668af4f5126a23f921c90e15afdcffccd9bf9
2026-09-23T22-01-29-998Z_n-sweep_1-2-4-8-16-32-50,V0,,50,A-maioria,,,delegate,,,,0x5c19a95c,,48347,1,,0x75636b14aa58b1ee084fe99cfffb238b737ed57732e5f8ae341a0948974569ff
2026-09-23T22-01-29-998Z_n-sweep_1-2-4-8-16-32-50,V0,,50,A-maioria,,,delegate,,,,0x5c19a95c,,48347,1,,0x65f4191d52cde8745142fbad7dab453ac77b84433334a064c65edeec324649be
2026-09-23T22-01-29-998Z_n-sweep_1-2-4-8-16-32-50,V0,,50,A-maioria,,,delegate,,,,0x5c19a95c,,48347,1,,0x0015672d62ab0be7ad971272757786d6751bd437c259b6f784a5abb0f9f433e0
2026-09-23T22-01-29-998Z_n-sweep_1-2-4-8-16-32-50,V0,,50,A-maioria,,,delegate,,,,0x5c19a95c,,48347,1,,0xf061e3370e552636294057b3e13f8e38e49eb9ccd954add59da578817c58a14b
2026-09-23T22-01-29-998Z_n-sweep_1-2-4-8-16-32-50,V0,,50,A-maioria,,,delegate,,,,0x5c19a95c,,48347,1,,0x68475bd925d88da79400657a3df0347cc6be2f887e9fd5fcbf64f6c37d69bf4c
2026-09-23T22-01-29-998Z_n-sweep_1-2-4-8-16-32-50,V0,,50,A-maioria,,,delegate,,,,0x5c19a95c,,48347,1,,0xd0da4d004b36ebb022f1b178255cff262f0f75fc2d5a7fda434ccc846c4f7499
2026-09-23T22-01-29-998Z_n-sweep_1-2-4-8-16-32-50,V0,,50,A-maioria,,,delegate,,,,0x5c19a95c,,48347,1,,0xaae5636599004f1ba254fea80dbb33335f44a116db4d94090e99b80481406327
2026-09-23T22-01-29-998Z_n-sweep_1-2-4-8-16-32-50,V0,,50,A-maioria,,,delegate,,,,0x5c19a95c,,48347,1,,0xfcd4c1dd668d5148e045ce4771c59bdb6f602ef49d2404bbfeb296fc6ce93753
2026-09-23T22-01-29-998Z_n-sweep_1-2-4-8-16-32-50,V0,,50,A-maioria,,,delegate,,,,0x5c19a95c,,48335,1,,0x4ebfe89be7e94686ecfb217057d8b4fa5161bcce6d50adcc044a0aff6d4282af
2026-09-23T22-01-29-998Z_n-sweep_1-2-4-8-16-32-50,V0,,50,A-maioria,,,delegate,,,,0x5c19a95c,,48347,1,,0xb3d77ed4f7a6d94080b6c775433f6c6f21a916c783059136f4572f52dc3a8874
2026-09-23T22-01-29-998Z_n-sweep_1-2-4-8-16-32-50,V0,,50,A-maioria,,,delegate,,,,0x5c19a95c,,48347,1,,0x127f4971e3e590d8328bd74ed6096c37b20e6836b27cf90514b9a87cd503f413
2026-09-23T22-01-29-998Z_n-sweep_1-2-4-8-16-32-50,V0,,50,A-maioria,,,delegate,,,,0x5c19a95c,,48347,1,,0xb67155a13ea706a326342e60462ed0ed7c4a680e0112e43260248751f2fe896b
2026-09-23T22-01-29-998Z_n-sweep_1-2-4-8-16-32-50,V0,,50,A-maioria,,,delegate,,,,0x5c19a95c,,48347,1,,0xe2be7e7d00839d4fa7d3020666aa9dcf9efcdc40f9fa77a35592a87459c52b90
2026-09-23T22-01-29-998Z_n-sweep_1-2-4-8-16-32-50,V0,,50,A-maioria,,,delegate,,,,0x5c19a95c,,48347,1,,0xb535243780f9c28da64ec7309760125fe2487568589114d83acf79e30a47d760
2026-09-23T22-01-29-998Z_n-sweep_1-2-4-8-16-32-50,V0,,50,A-maioria,,,delegate,,,,0x5c19a95c,,48347,1,,0x293dda08d12cb640488f1dad6a8ab9d2c5b59be364ffe60275d52382b886183e
2026-09-23T22-01-29-998Z_n-sweep_1-2-4-8-16-32-50,V0,,50,A-maioria,,,delegate,,,,0x5c19a95c,,48347,1,,0xacef40fd99317b96d80072941137339058a20720c237b0b3cc16b1e2fa83b630
2026-09-23T22-01-29-998Z_n-sweep_1-2-4-8-16-32-50,V0,,50,A-maioria,,,delegate,,,,0x5c19a95c,,48347,1,,0x874e3bdbbb382b33fc802e762b8afaeb74890371f9e90e42b654398963d5450a
2026-09-23T22-01-29-998Z_n-sweep_1-2-4-8-16-32-50,V0,,50,A-maioria,,,delegate,,,,0x5c19a95c,,48347,1,,0xc4ce881a3229757ef0916b5b38f56fd71ea37dc4ce0c25657fe825333b1390a9
2026-09-23T22-01-29-998Z_n-sweep_1-2-4-8-16-32-50,V0,,50,A-maioria,,,delegate,,,,0x5c19a95c,,48347,1,,0x948aa1237a772b9ae7ceaf6a877c58a9eaee86be4b1632334a83eb32fc9c970e
2026-09-23T22-01-29-998Z_n-sweep_1-2-4-8-16-32-50,V0,,50,A-maioria,,,delegate,,,,0x5c19a95c,,48347,1,,0x724a0f6b2002a9186c36b165e7ecbbc7a40a76030969b40a2e2577eb54a1820f
2026-09-23T22-01-29-998Z_n-sweep_1-2-4-8-16-32-50,V0,,50,A-maioria,,,delegate,,,,0x5c19a95c,,48347,1,,0xe6bf6e8535c492cbc219ebcb66906e13fe0e8aba65db27b0ee807a9ce50159a6
2026-09-23T22-01-29-998Z_n-sweep_1-2-4-8-16-32-50,V0,,50,A-maioria,,,delegate,,,,0x5c19a95c,,48347,1,,0x99934c52da999bd333bf0bcb8dcb9052eb729ff6de129a19e7858a1114758b5f
2026-09-23T22-01-29-998Z_n-sweep_1-2-4-8-16-32-50,V0,,50,A-maioria,,,delegate,,,,0x5c19a95c,,48347,1,,0xae5a74f4a15509d401b33a9d2e0d0b103c7368bbda3092183fd7afec21fe1b38
2026-09-23T22-01-29-998Z_n-sweep_1-2-4-8-16-32-50,V0,,50,A-maioria,,,delegate,,,,0x5c19a95c,,48347,1,,0x4e03c40365e3f08445610173d8a5aab17c1a9985617b23002e99146989bde67b
2026-09-23T22-01-29-998Z_n-sweep_1-2-4-8-16-32-50,V0,,50,A-maioria,,,delegate,,,,0x5c19a95c,,48347,1,,0xbd7c7e71b663e95a1ebb4df4d571f63f55405d7c2a5a3b82f3bfd4bd2f4a4f3c
2026-09-23T22-01-29-998Z_n-sweep_1-2-4-8-16-32-50,V0,,50,A-maioria,,,delegate,,,,0x5c19a95c,,48347,1,,0x5710d169af4337148348bf7e90435b7ad2643c5cb5e68be237c055acf992bb1d
2026-09-23T22-01-29-998Z_n-sweep_1-2-4-8-16-32-50,V0,,50,A-maioria,,,delegate,,,,0x5c19a95c,,48347,1,,0x26ac86c5b4e952fd269d281f8f584bac9de144147fc74ac458b0892301875b65
2026-09-23T22-01-29-998Z_n-sweep_1-2-4-8-16-32-50,V0,,50,A-maioria,,,delegate,,,,0x5c19a95c,,48347,1,,0xdd18dda4f7d2f9d5017a5099fc65f2bde9900c2b7f7cd9142c85bc45302d997d
2026-09-23T22-01-29-998Z_n-sweep_1-2-4-8-16-32-50,V0,,50,A-maioria,,,delegate,,,,0x5c19a95c,,48347,1,,0x2526a88e7a9bc23abf7e291112eed1cf1dc580bc6f130dac24bd7d5944d87477
2026-09-23T22-01-29-998Z_n-sweep_1-2-4-8-16-32-50,V0,,50,A-maioria,,,delegate,,,,0x5c19a95c,,48347,1,,0x3075040da32eb21282662e62054f3e200a8446f2d4f403eef3fa94bb1635ff76
2026-09-23T22-01-29-998Z_n-sweep_1-2-4-8-16-32-50,V0,,50,A-maioria,,,delegate,,,,0x5c19a95c,,48347,1,,0x066952594f6e38e25be3e8a6a7f209366afa55abc166c93a8e224bb511c8494d
2026-09-23T22-01-29-998Z_n-sweep_1-2-4-8-16-32-50,V0,,50,A-maioria,,,delegate,,,,0x5c19a95c,,48335,1,,0x8bb8a33bff13c7144c1f418543083d6f94567244d79ea8f619a0c75a2f27fa4a
2026-09-23T22-01-29-998Z_n-sweep_1-2-4-8-16-32-50,V0,,50,A-maioria,,,delegate,,,,0x5c19a95c,,48347,1,,0x6c54c809c4f9534d5cba051c534c1e8766baef0a8a908131461d33d9128bbfcc
2026-09-23T22-01-29-998Z_n-sweep_1-2-4-8-16-32-50,V0,,50,A-maioria,,,delegate,,,,0x5c19a95c,,48347,1,,0x8adf4db6c4d4616dc2f62bf4dd64239a4831bcda025ec23ae708a17092102b68
2026-09-23T22-01-29-998Z_n-sweep_1-2-4-8-16-32-50,V0,,50,A-maioria,,,transfer,,,,0xa9059cbb,,135960,1,,0x4738f12ddbf16b15af30490182badd2176f325bdbab0b6478398bbec79b7dc28
2026-09-23T22-01-29-998Z_n-sweep_1-2-4-8-16-32-50,V0,,50,A-maioria,,,transfer,,,,0xa9059cbb,,135948,1,,0xdb5365bb2be3b7b8cc112f0213d633ade3c7e7bc7ad9aaecf62e64ed9e1a7caf
2026-09-23T22-01-29-998Z_n-sweep_1-2-4-8-16-32-50,V0,,50,A-maioria,,,transfer,,,,0xa9059cbb,,135960,1,,0xf98f425e5752485b25ef0ccd95a4c78376b83c881983a0bac773be47febfb65f
2026-09-23T22-01-29-998Z_n-sweep_1-2-4-8-16-32-50,V0,,50,A-maioria,,,transfer,,,,0xa9059cbb,,135960,1,,0x282473fb0ccbf3e1c08e1e9108475757ea33bdb7a1ec0fd7e9972935b8147ff9
2026-09-23T22-01-29-998Z_n-sweep_1-2-4-8-16-32-50,V0,,50,A-maioria,,,transfer,,,,0xa9059cbb,,135960,1,,0x3be689c6bafe86b1298a5cdf8208350cc4ed03f598caecb4ba939120ca95cbdc
2026-09-23T22-01-29-998Z_n-sweep_1-2-4-8-16-32-50,V0,,50,A-maioria,,,transfer,,,,0xa9059cbb,,135960,1,,0x9de6714ab89d8a5fd3f2597570bc143f3a1af9127378ed9af281e65fc3ec9fe3
2026-09-23T22-01-29-998Z_n-sweep_1-2-4-8-16-32-50,V0,,50,A-maioria,,,transfer,,,,0xa9059cbb,,135960,1,,0x7e80f334a1dee70982fdab945ebab57269fa1beb2d43e65f710360b0a2cd982e
2026-09-23T22-01-29-998Z_n-sweep_1-2-4-8-16-32-50,V0,,50,A-maioria,,,transfer,,,,0xa9059cbb,,135960,1,,0x27b1ae83c293848bd4c7ef8e83394180fe459102a982bdb0e0ae72172b47c354
2026-09-23T22-01-29-998Z_n-sweep_1-2-4-8-16-32-50,V0,,50,A-maioria,,,transfer,,,,0xa9059cbb,,135960,1,,0x96b0fdfd4af3aa894f947917a36b55e1ad07a60d97edb7750d413e9dee2381db
2026-09-23T22-01-29-998Z_n-sweep_1-2-4-8-16-32-50,V0,,50,A-maioria,,,transfer,,,,0xa9059cbb,,135948,1,,0x7453cb68c65eced2c1a8c0edc7d2e6fa2a15d17379d1524cccbce7273eb710e2
2026-09-23T22-01-29-998Z_n-sweep_1-2-4-8-16-32-50,V0,,50,A-maioria,,,transfer,,,,0xa9059cbb,,135960,1,,0xcfdfd9f8e74005133c4ec2fd8a45d7fa3c34b933659d0d018b7373909c364a3e
2026-09-23T22-01-29-998Z_n-sweep_1-2-4-8-16-32-50,V0,,50,A-maioria,,,transfer,,,,0xa9059cbb,,135960,1,,0x2e2a45a060e33ad6eba15323c3a182a7702afc84c27cee14937941973cb7195b
2026-09-23T22-01-29-998Z_n-sweep_1-2-4-8-16-32-50,V0,,50,A-maioria,,,transfer,,,,0xa9059cbb,,135960,1,,0x722861688ab8b9316c7799d53a4d244274fa5496db0445e9c2d2dfebf40d2897
2026-09-23T22-01-29-998Z_n-sweep_1-2-4-8-16-32-50,V0,,50,A-maioria,,,transfer,,,,0xa9059cbb,,135960,1,,0xf2376b0b632ee2352a46ae959e025cffa360b8a0b80fe50067621a998c1c43ad
2026-09-23T22-01-29-998Z_n-sweep_1-2-4-8-16-32-50,V0,,50,A-maioria,,,transfer,,,,0xa9059cbb,,135960,1,,0x156ccb35128f8673eab3be2c7c688727058a7508fbe508737eafc52903bd8a6c
2026-09-23T22-01-29-998Z_n-sweep_1-2-4-8-16-32-50,V0,,50,A-maioria,,,transfer,,,,0xa9059cbb,,135960,1,,0x434ff5731b4fe7cad4d5fae127a37979539dd00a9c81ff44d7f9952eaec35981
2026-09-23T22-01-29-998Z_n-sweep_1-2-4-8-16-32-50,V0,,50,A-maioria,,,transfer,,,,0xa9059cbb,,135960,1,,0xff53509b7ffa83e91a8d9f7308739cadef5de861d1ac9b010f8563630ddbb9e8
2026-09-23T22-01-29-998Z_n-sweep_1-2-4-8-16-32-50,V0,,50,A-maioria,,,transfer,,,,0xa9059cbb,,135960,1,,0x1481a6fac12abbfb5ae438615ae4c4890ac6c3f37e8bafd47abaebebb776710e
2026-09-23T22-01-29-998Z_n-sweep_1-2-4-8-16-32-50,V0,,50,A-maioria,,,transfer,,,,0xa9059cbb,,135960,1,,0x40d31992dad738e7161a566a97470f4f23d6224713e3a3a21f23a99f256113ad
2026-09-23T22-01-29-998Z_n-sweep_1-2-4-8-16-32-50,V0,,50,A-maioria,,,transfer,,,,0xa9059cbb,,135960,1,,0xd431457b152a5fbcd99e6a68f5e09c4ea8ddcc9957b99171d54a0ec35f2e2d5a
2026-09-23T22-01-29-998Z_n-sweep_1-2-4-8-16-32-50,V0,,50,A-maioria,,,transfer,,,,0xa9059cbb,,135960,1,,0xdaeea444fedb436c0f47827c738f564c1f0cd769f13db84099d2267a182c9da4
2026-09-23T22-01-29-998Z_n-sweep_1-2-4-8-16-32-50,V0,,50,A-maioria,,,transfer,,,,0xa9059cbb,,135960,1,,0xb6aac0f166fa785c1143df1ecc212bd14ea1f84c2b60f02bb9852740c6bd0b1f
2026-09-23T22-01-29-998Z_n-sweep_1-2-4-8-16-32-50,V0,,50,A-maioria,,,transfer,,,,0xa9059cbb,,135960,1,,0x789df9d95ad058b19bb121d61079bb7415b425edf0e895abea736359d155b086
2026-09-23T22-01-29-998Z_n-sweep_1-2-4-8-16-32-50,V0,,50,A-maioria,,,transfer,,,,0xa9059cbb,,135960,1,,0x01501a0527d8caa8394991f46f946df92ecc192ee6850c384c5525558f7eb592
2026-09-23T22-01-29-998Z_n-sweep_1-2-4-8-16-32-50,V0,,50,A-maioria,,,transfer,,,,0xa9059cbb,,135948,1,,0x3b06d60815284c0ce920efdf41b4432d07213c3928da5626c700316a2c40c2c0
2026-09-23T22-01-29-998Z_n-sweep_1-2-4-8-16-32-50,V0,,50,A-maioria,,,transfer,,,,0xa9059cbb,,135960,1,,0x6bb98515438640ac2e7fa535c7796ef27283be00a404038eba97c552161e6001
2026-09-23T22-01-29-998Z_n-sweep_1-2-4-8-16-32-50,V0,,50,A-maioria,,,transfer,,,,0xa9059cbb,,135960,1,,0x84de23390c0a8dcca680eb39469b10b60dbb26548279fad2329dd60c75502d0b
2026-09-23T22-01-29-998Z_n-sweep_1-2-4-8-16-32-50,V0,,50,A-maioria,,,transfer,,,,0xa9059cbb,,135960,1,,0x33f8412c15d4105b6d336a8b07bbfb7d530e5b10ef6319f32d920ebb838648ec
2026-09-23T22-01-29-998Z_n-sweep_1-2-4-8-16-32-50,V0,,50,A-maioria,,,transfer,,,,0xa9059cbb,,135960,1,,0xb0333deee0af7b78d7b4b5b86633676bdae519326d484603675db0f26c88b9df
2026-09-23T22-01-29-998Z_n-sweep_1-2-4-8-16-32-50,V0,,50,A-maioria,,,transfer,,,,0xa9059cbb,,135960,1,,0x91a6b5a93ddd89ffbf66ac0296cdf3b1d313cd0b2890835c17ba5adcaced8ec8
2026-09-23T22-01-29-998Z_n-sweep_1-2-4-8-16-32-50,V0,,50,A-maioria,,,transfer,,,,0xa9059cbb,,135960,1,,0x42ed8d1330be1065c1cc3e101c7a5a7e20cb148393a8d14d461f9b76c541d4e7
2026-09-23T22-01-29-998Z_n-sweep_1-2-4-8-16-32-50,V0,,50,A-maioria,,,transfer,,,,0xa9059cbb,,135960,1,,0xb87afa69226d6b02977149ca6957bfad332e6a77c1ad200e790fad912b0a8b1c
2026-09-23T22-01-29-998Z_n-sweep_1-2-4-8-16-32-50,V0,,50,A-maioria,,,transfer,,,,0xa9059cbb,,135960,1,,0xd31a5f77ec78cf0dcc46abd6824fc36e0343c70ec7558c5b8b8680a5179c3cee
2026-09-23T22-01-29-998Z_n-sweep_1-2-4-8-16-32-50,V0,,50,A-maioria,,,transfer,,,,0xa9059cbb,,135960,1,,0x3a1cd3ff214ca838bb1f0a7b8e05b8066c941dae934ff8ef5f7d24e51e218d9f
2026-09-23T22-01-29-998Z_n-sweep_1-2-4-8-16-32-50,V0,,50,A-maioria,,,transfer,,,,0xa9059cbb,,135960,1,,0x800f8dd0a0df31e55c4e4712a5972e0d1497dbb92fd85a7ee8c309306ae69f3e
2026-09-23T22-01-29-998Z_n-sweep_1-2-4-8-16-32-50,V0,,50,A-maioria,,,transfer,,,,0xa9059cbb,,135960,1,,0x9c84268ba43fd38465cfd4cbb6628f9f3f9664cc537e635196844f423439df36
2026-09-23T22-01-29-998Z_n-sweep_1-2-4-8-16-32-50,V0,,50,A-maioria,,,transfer,,,,0xa9059cbb,,135960,1,,0x5b82226f4b3968c0c11ff4245b77ddb5c737ac3d9384e7f0f5dacf91ae505b7c
2026-09-23T22-01-29-998Z_n-sweep_1-2-4-8-16-32-50,V0,,50,A-maioria,,,transfer,,,,0xa9059cbb,,135960,1,,0x6b5817c5a2f3233a1f4755f91eec5b61a72e50556aeb151d1df361f8dcacafea
2026-09-23T22-01-29-998Z_n-sweep_1-2-4-8-16-32-50,V0,,50,A-maioria,,,transfer,,,,0xa9059cbb,,135960,1,,0x00442dfd61843442f2f62e78bcf59b803dd8498b1bad260878d59e06f48aaf95
2026-09-23T22-01-29-998Z_n-sweep_1-2-4-8-16-32-50,V0,,50,A-maioria,,,transfer,,,,0xa9059cbb,,135960,1,,0xf5d2b3eeffb65a663d93b8d3c809b6e5121b8784e868e51af3bdba2deee35a8b
2026-09-23T22-01-29-998Z_n-sweep_1-2-4-8-16-32-50,V0,,50,A-maioria,,,transfer,,,,0xa9059cbb,,135960,1,,0xf3df28ed5d40b48f8919791b5b9ed50c0de598885569cd4cda2c88678140358b
2026-09-23T22-01-29-998Z_n-sweep_1-2-4-8-16-32-50,V0,,50,A-maioria,,,transfer,,,,0xa9059cbb,,135960,1,,0xae8265c953b3c6c844fd5e7f9c7464dcd5160d081bd3f12119dae553d5383d46
2026-09-23T22-01-29-998Z_n-sweep_1-2-4-8-16-32-50,V0,,50,A-maioria,,,transfer,,,,0xa9059cbb,,135960,1,,0x2bedec0ecd73ac805d76d0b0f124d689002219a8553658ae536e50df35c6d9db
2026-09-23T22-01-29-998Z_n-sweep_1-2-4-8-16-32-50,V0,,50,A-maioria,,,transfer,,,,0xa9059cbb,,135960,1,,0x7911352af92914fc012e9271fef77802aaf80cb03b085ac5b36a82617ef3d87f
2026-09-23T22-01-29-998Z_n-sweep_1-2-4-8-16-32-50,V0,,50,A-maioria,,,transfer,,,,0xa9059cbb,,135960,1,,0x527083c9aa09a186a9dfde1d6e11e56a88c23af4ff1df829641f565d467e9eb3
2026-09-23T22-01-29-998Z_n-sweep_1-2-4-8-16-32-50,V0,,50,A-maioria,,,transfer,,,,0xa9059cbb,,135960,1,,0x4fcb61575570970b077a3f0175ad61e8f9b670d214f189be9284c9e38d23ea97
2026-09-23T22-01-29-998Z_n-sweep_1-2-4-8-16-32-50,V0,,50,A-maioria,,,transfer,,,,0xa9059cbb,,135960,1,,0x4e542c0f00edf948e31ae0044ddc651c40f57f37ff7015611a62d6daf389f5c0
2026-09-23T22-01-29-998Z_n-sweep_1-2-4-8-16-32-50,V0,,50,A-maioria,,,transfer,,,,0xa9059cbb,,135948,1,,0x678ff5ad84e5f134b40dad86f148a340f9fbc604f5ec27a98b7c60856ee1e375
2026-09-23T22-01-29-998Z_n-sweep_1-2-4-8-16-32-50,V0,,50,A-maioria,,,transfer,,,,0xa9059cbb,,135960,1,,0x8c9fe884dc095bd2cb142ad2f4c3a32815bf358db82984445b1bebe0c495a13f
2026-09-23T22-01-29-998Z_n-sweep_1-2-4-8-16-32-50,V0,,50,A-maioria,,,transfer,,,,0xa9059cbb,,135960,1,,0xcae168b52d2afa75f1568ef6aadf2694b4b83c844b2cc07cfa891dbd891f714c
2026-09-23T22-01-29-998Z_n-sweep_1-2-4-8-16-32-50,V0,,50,A-maioria,,,propose,,,propose,0x7d5e81e2,WasteCategoryRegistry.updateCredits,63790,1,,0xe831f9f9c8102f6ff52ef6fb2baf7891bb2c172e76be28177e3b2bce07c474bf
2026-09-23T22-01-29-998Z_n-sweep_1-2-4-8-16-32-50,V0,,50,A-maioria,,,vote,1,for,,0x56781388,,81899,1,,0x185403be0e811a78a382d103ffe2df7508267176e9691af5e85bf9a4ffeaf642
2026-09-23T22-01-29-998Z_n-sweep_1-2-4-8-16-32-50,V0,,50,A-maioria,,,vote,2,for,,0x56781388,,64799,1,,0xf9f8cdf7310c9618aa9bec1b4f15f2ec1b5bd890781f1aa31aa01b8f7f5aab23
2026-09-23T22-01-29-998Z_n-sweep_1-2-4-8-16-32-50,V0,,50,A-maioria,,,vote,3,for,,0x56781388,,64799,1,,0xec105ae33b4003da1bf3948ca75c28347b3b80f564c17845e5e5424f0b70b833
2026-09-23T22-01-29-998Z_n-sweep_1-2-4-8-16-32-50,V0,,50,A-maioria,,,vote,4,for,,0x56781388,,64799,1,,0xbef37291a628d23a0088ba4709746871f44638f3812d591fee3831f75f39f4b9
2026-09-23T22-01-29-998Z_n-sweep_1-2-4-8-16-32-50,V0,,50,A-maioria,,,vote,5,for,,0x56781388,,64799,1,,0xe3e2d8e48b06d3110b04fe4e563fe6a6852fdf09c85cbb8d414bed098b785c48
2026-09-23T22-01-29-998Z_n-sweep_1-2-4-8-16-32-50,V0,,50,A-maioria,,,vote,6,for,,0x56781388,,64799,1,,0x4881be134fa5de9ee36c9a44f86e45285a50301efb225e34c23014298bfea13a
2026-09-23T22-01-29-998Z_n-sweep_1-2-4-8-16-32-50,V0,,50,A-maioria,,,vote,7,for,,0x56781388,,64799,1,,0xc801da61f8adbbff418298fba82f06641c7a0666cd85ed68c94ac8aa0b2097ce
2026-09-23T22-01-29-998Z_n-sweep_1-2-4-8-16-32-50,V0,,50,A-maioria,,,vote,8,for,,0x56781388,,64799,1,,0x786b96a42af20b2be04d6cb56f500a4831ad2e0f84504286cf5491214b843b91
2026-09-23T22-01-29-998Z_n-sweep_1-2-4-8-16-32-50,V0,,50,A-maioria,,,vote,9,for,,0x56781388,,64799,1,,0x411ba2c0fb0dbb39bf5eab926019d6cf89aefd76bd3533bfa5830e9c4ad988e4
2026-09-23T22-01-29-998Z_n-sweep_1-2-4-8-16-32-50,V0,,50,A-maioria,,,vote,10,for,,0x56781388,,64799,1,,0xf5b218057ccf8a75d62337449e883824d0c8e90ec58a31b3e4ae048741882598
2026-09-23T22-01-29-998Z_n-sweep_1-2-4-8-16-32-50,V0,,50,A-maioria,,,vote,11,for,,0x56781388,,64799,1,,0xdda1579d5f82c756b01df86b25bcdea819f76c06200d519e4cc5bd18305dfb55
2026-09-23T22-01-29-998Z_n-sweep_1-2-4-8-16-32-50,V0,,50,A-maioria,,,vote,12,for,,0x56781388,,64799,1,,0x6b7e965e575c9a944641a90b5c21c8d6c024f06cf9420b6c302f8f92bb9c91be
2026-09-23T22-01-29-998Z_n-sweep_1-2-4-8-16-32-50,V0,,50,A-maioria,,,vote,13,for,,0x56781388,,64799,1,,0x841c8c4aedbe9da6e0c9dc41e94d45dcde792da9ac3c8bbd898fc0e5c0fe465f
2026-09-23T22-01-29-998Z_n-sweep_1-2-4-8-16-32-50,V0,,50,A-maioria,,,vote,14,for,,0x56781388,,64799,1,,0xcc00f0210d2adaad0da64bc2e3dd4da6bddee67c53dde348ec22dde9e6f68638
2026-09-23T22-01-29-998Z_n-sweep_1-2-4-8-16-32-50,V0,,50,A-maioria,,,vote,15,for,,0x56781388,,64799,1,,0xf0ec6c029240036e3260de5a4b3f5329ab350726cc09c5505e4a69688ca017fe
2026-09-23T22-01-29-998Z_n-sweep_1-2-4-8-16-32-50,V0,,50,A-maioria,,,vote,16,for,,0x56781388,,64799,1,,0xaf78905b0d91027d64f122082ff8c96a3d3e5e3368e135e6a0e353d11f5797d4
2026-09-23T22-01-29-998Z_n-sweep_1-2-4-8-16-32-50,V0,,50,A-maioria,,,vote,17,for,,0x56781388,,64799,1,,0x0ce3289e5bf7157f24d20b8c1b5184e90bf31c58f93794928eb5c1a1ad38e828
2026-09-23T22-01-29-998Z_n-sweep_1-2-4-8-16-32-50,V0,,50,A-maioria,,,vote,18,for,,0x56781388,,64799,1,,0x98975fe439bc15b616906e10a55af4c19a0d8ca2663dd7cfda84e55ec5261798
2026-09-23T22-01-29-998Z_n-sweep_1-2-4-8-16-32-50,V0,,50,A-maioria,,,vote,19,for,,0x56781388,,64799,1,,0x023f55469f898b0275508c70361c5a28152038cb04df8adb6bf15cf2cdac5166
2026-09-23T22-01-29-998Z_n-sweep_1-2-4-8-16-32-50,V0,,50,A-maioria,,,vote,20,for,,0x56781388,,64799,1,,0x94b48f84f90052df89bd1f887796eefbc73741fa87191fe6b26a849ea0511580
2026-09-23T22-01-29-998Z_n-sweep_1-2-4-8-16-32-50,V0,,50,A-maioria,,,vote,21,for,,0x56781388,,64799,1,,0x8c2e3d96575db9d53222095210dc3113f48d80877545ce48cc3fb211c6e24713
2026-09-23T22-01-29-998Z_n-sweep_1-2-4-8-16-32-50,V0,,50,A-maioria,,,vote,22,for,,0x56781388,,64799,1,,0x3ae7f8281c54ae071e1f9561f7cbdb5c93975312f26e9a26d808670342bee8d2
2026-09-23T22-01-29-998Z_n-sweep_1-2-4-8-16-32-50,V0,,50,A-maioria,,,vote,23,for,,0x56781388,,64799,1,,0xf276b48b2dfb202af0787b3127d4dfbf6c563d2f1135ed685b87536d909d4b5e
2026-09-23T22-01-29-998Z_n-sweep_1-2-4-8-16-32-50,V0,,50,A-maioria,,,vote,24,for,,0x56781388,,64799,1,,0xcf4b048aa59c1664c4a514ab07459566dbec2406dde79110fc810ef6e7f8875f
2026-09-23T22-01-29-998Z_n-sweep_1-2-4-8-16-32-50,V0,,50,A-maioria,,,vote,25,for,,0x56781388,,64799,1,,0x08f9969c8b9421643947697f2c28b87889a2850ce15f3bcfd718e3c9ec9194ef
2026-09-23T22-01-29-998Z_n-sweep_1-2-4-8-16-32-50,V0,,50,A-maioria,,,vote,26,for,,0x56781388,,64799,1,,0x9516ec2f8d350efe70c593240d015756086bc6ef18719e6f2d7bc9b5a5f574e9
2026-09-23T22-01-29-998Z_n-sweep_1-2-4-8-16-32-50,V0,,50,A-maioria,,,vote,1,against,,0x56781388,,81847,1,,0xaaeefe6e1a2e58f872b49a41281038671eb65ab12413c1f122c82b5021362c11
2026-09-23T22-01-29-998Z_n-sweep_1-2-4-8-16-32-50,V0,,50,A-maioria,,,vote,2,against,,0x56781388,,64747,1,,0xb4a5f4f972145f0b18fa34b872cf28b259a962210ded46079855dc80fecce05a
2026-09-23T22-01-29-998Z_n-sweep_1-2-4-8-16-32-50,V0,,50,A-maioria,,,vote,3,against,,0x56781388,,64747,1,,0x85f025dadbdec48b79f6dec07812c68f75b28b4d486d0d75a4a904568195711f
2026-09-23T22-01-29-998Z_n-sweep_1-2-4-8-16-32-50,V0,,50,A-maioria,,,vote,4,against,,0x56781388,,64747,1,,0x033cc199be9ceb5b7b112d403735ee30468b8af88ffaaf638c2f973b4dea5b16
2026-09-23T22-01-29-998Z_n-sweep_1-2-4-8-16-32-50,V0,,50,A-maioria,,,vote,5,against,,0x56781388,,64747,1,,0xff360142b7e5e39de3b1a8e13ac87af733c8be53e519a7f155ff8e841e8c7d15
2026-09-23T22-01-29-998Z_n-sweep_1-2-4-8-16-32-50,V0,,50,A-maioria,,,vote,6,against,,0x56781388,,64747,1,,0x75332c5922073707e42641a3b2e7950e804cbfe9b3356b9e389b4dc72b69cb4b
2026-09-23T22-01-29-998Z_n-sweep_1-2-4-8-16-32-50,V0,,50,A-maioria,,,vote,7,against,,0x56781388,,64747,1,,0x876b45002a360c660fc3642e8c334d68211cd5e082c5733faba1bb85d487218b
2026-09-23T22-01-29-998Z_n-sweep_1-2-4-8-16-32-50,V0,,50,A-maioria,,,vote,8,against,,0x56781388,,64747,1,,0x55a9667941590e34ff060d5db52a834c5a39e5752173d4753c35f718be213807
2026-09-23T22-01-29-998Z_n-sweep_1-2-4-8-16-32-50,V0,,50,A-maioria,,,vote,9,against,,0x56781388,,64747,1,,0xac0a5f0a90f6ffc5e02aef9b746cc5c4722309a59bea3b2c1d66f85a9b234f05
2026-09-23T22-01-29-998Z_n-sweep_1-2-4-8-16-32-50,V0,,50,A-maioria,,,vote,10,against,,0x56781388,,64747,1,,0x3595da08b8e1ac085bbaa41483db0ad5b96c5598af026e074cda1e649f76ccdc
2026-09-23T22-01-29-998Z_n-sweep_1-2-4-8-16-32-50,V0,,50,A-maioria,,,vote,11,against,,0x56781388,,64747,1,,0xeff13ac2b7f689365eb7e7843eba3d7c5d8cfe4c244ae1012576390d92a67df0
2026-09-23T22-01-29-998Z_n-sweep_1-2-4-8-16-32-50,V0,,50,A-maioria,,,vote,12,against,,0x56781388,,64747,1,,0x4980ab9a839b5bcc340dd38f0ff531814fdcd9c835189acd2ed26ca12b6dee0a
2026-09-23T22-01-29-998Z_n-sweep_1-2-4-8-16-32-50,V0,,50,A-maioria,,,vote,13,against,,0x56781388,,64747,1,,0x8a50e9380a40ef7a4af682c54d93a24a094f43d1cd9f803c13d594b8b1c81077
2026-09-23T22-01-29-998Z_n-sweep_1-2-4-8-16-32-50,V0,,50,A-maioria,,,vote,14,against,,0x56781388,,64747,1,,0x3346d3d58b61c30e3b2664c6d5d0d3e2160fc050842cc5d61ec005bc7618b1af
2026-09-23T22-01-29-998Z_n-sweep_1-2-4-8-16-32-50,V0,,50,A-maioria,,,vote,15,against,,0x56781388,,64747,1,,0xfb666d2099197382976d04e1fe7716d1d301634db665c8475d401781d6214eef
2026-09-23T22-01-29-998Z_n-sweep_1-2-4-8-16-32-50,V0,,50,A-maioria,,,vote,16,against,,0x56781388,,64747,1,,0x15c945146a33d6c647ca6ec8086cf6930ef28fb4877585aacf6a8b8c10d1cbd9
2026-09-23T22-01-29-998Z_n-sweep_1-2-4-8-16-32-50,V0,,50,A-maioria,,,vote,17,against,,0x56781388,,64747,1,,0x5454c2a57073139ee0b3725faaaefce453aab6991e69a9fe73ac5f8dcecd8b6f
2026-09-23T22-01-29-998Z_n-sweep_1-2-4-8-16-32-50,V0,,50,A-maioria,,,vote,18,against,,0x56781388,,64747,1,,0x1fb137b16b1470ac4ada3e3503d82de8f7786fce45655855e44a2aef3f5cd0ca
2026-09-23T22-01-29-998Z_n-sweep_1-2-4-8-16-32-50,V0,,50,A-maioria,,,vote,19,against,,0x56781388,,64747,1,,0x0adf69c7bdd2404b98c2ad57646db21ea5140aa482d65523ddc297bb0ebd6aa1
2026-09-23T22-01-29-998Z_n-sweep_1-2-4-8-16-32-50,V0,,50,A-maioria,,,vote,20,against,,0x56781388,,64747,1,,0x306c3bf6e2a84f3f8be7231b4d77200d9b9df5a90a0d31e6a0345a0d7b5d168f
2026-09-23T22-01-29-998Z_n-sweep_1-2-4-8-16-32-50,V0,,50,A-maioria,,,vote,21,against,,0x56781388,,64747,1,,0x4a151f5cf8fe50413cdbf101f5ad2a2fb1104fb688fbd3218a8db60bcd3df280
2026-09-23T22-01-29-998Z_n-sweep_1-2-4-8-16-32-50,V0,,50,A-maioria,,,vote,22,against,,0x56781388,,64747,1,,0x4f88a559eb1db0db8fed4fc472fea7ebaf58a259aafebf4aded6a2ff71497406
2026-09-23T22-01-29-998Z_n-sweep_1-2-4-8-16-32-50,V0,,50,A-maioria,,,vote,23,against,,0x56781388,,64747,1,,0x29912d9ce146edb1c78a8e9158e6f2a3bf14538d49eda68706681bdf091a7df7
2026-09-23T22-01-29-998Z_n-sweep_1-2-4-8-16-32-50,V0,,50,A-maioria,,,vote,24,against,,0x56781388,,64747,1,,0x0a171d86534ddc787898e46e133fbf1f3e6a2797dd3b0cc4ca640593d632dd5f
2026-09-23T22-01-29-998Z_n-sweep_1-2-4-8-16-32-50,V0,,50,A-maioria,,,execute,,,execute,0x2656227d,WasteCategoryRegistry.updateCredits,60807,1,,0x8fe462b4f751f77ec1ee571804728683bcf45928e150dca44b83b85ff352b014
2026-09-23T22-01-29-998Z_n-sweep_1-2-4-8-16-32-50,V1,T1,,,,,deploy_token_T1,,,constructor,0x61016060,,1621017,1,,0xece28f063ba256e8fc65152daf61fe745a7823e8ba387b1b661409f18f6dc4cc
2026-09-23T22-01-29-998Z_n-sweep_1-2-4-8-16-32-50,V1,,,,,,deploy_registry,,,constructor,0x60806040,,4590964,1,,0x9005486642112873086c0faf3a06ce7199e3377186a80eb6eea4235f5e1c6f56
2026-09-23T22-01-29-998Z_n-sweep_1-2-4-8-16-32-50,V1,,,,,,deploy_governor_V1,,,constructor,0x6101c080,,2141155,1,,0xcbf032b87647649d09648621f7d61fb312aee4174486ee6f404819243ac59ca9
2026-09-23T22-01-29-998Z_n-sweep_1-2-4-8-16-32-50,V1,,,,,,grant_admin_role,,,grantRole,0x2f2ff15d,,50799,1,,0xfdc9a3875129e16eb4a0e6527cfb2e5662449c13660398cf3b7c723db6d0e009
2026-09-23T22-01-29-998Z_n-sweep_1-2-4-8-16-32-50,V1,,,,,,revoke_deployer_admin_role,,,revokeRole,0xd547741f,,27116,1,,0xc189311656167d1c4c211ee1c4f5143a8df64ff72cb449ebf7ec77ff2fd0bcbb
2026-09-23T22-01-29-998Z_n-sweep_1-2-4-8-16-32-50,V1,,50,A-maioria,,,delegate_admin,,,,0x5c19a95c,,95559,1,,0xd4695df7ceba86e36d8d32ccf756640823a0c1b729cf20e3a0b632c08e38ee6a
2026-09-23T22-01-29-998Z_n-sweep_1-2-4-8-16-32-50,V1,,50,A-maioria,,,delegate,,,,0x5c19a95c,,48347,1,,0x81d5bf8e96fad9ce8b5230dc73abbeb313b25fcb2932728690f357e6b4e905b9
2026-09-23T22-01-29-998Z_n-sweep_1-2-4-8-16-32-50,V1,,50,A-maioria,,,delegate,,,,0x5c19a95c,,48335,1,,0x92147b8c796bc2b0f21acc979799bbf4c5b5033d9d67806a8ad6842fe03d41df
2026-09-23T22-01-29-998Z_n-sweep_1-2-4-8-16-32-50,V1,,50,A-maioria,,,delegate,,,,0x5c19a95c,,48347,1,,0xfff43b85310b182c6fdaa6a0b82056393aba2572b23e543b42f064dc4690e2fc
2026-09-23T22-01-29-998Z_n-sweep_1-2-4-8-16-32-50,V1,,50,A-maioria,,,delegate,,,,0x5c19a95c,,48347,1,,0xd65054394087a126f7201b8caf565d34e4b8e2c37299a2eb2e8e1e169e8753b2
2026-09-23T22-01-29-998Z_n-sweep_1-2-4-8-16-32-50,V1,,50,A-maioria,,,delegate,,,,0x5c19a95c,,48347,1,,0x0c6ee11e6f4f09c9119d3c03df89d743f104be74b800d0b47cbfa2e1629e917b
2026-09-23T22-01-29-998Z_n-sweep_1-2-4-8-16-32-50,V1,,50,A-maioria,,,delegate,,,,0x5c19a95c,,48347,1,,0x9e4c58d93f5292a4566258e1c10f556eb9dc4074e322b7c357bf5ad65da50cae
2026-09-23T22-01-29-998Z_n-sweep_1-2-4-8-16-32-50,V1,,50,A-maioria,,,delegate,,,,0x5c19a95c,,48347,1,,0x6ebf0fe5777b4feb07a84b604e7094e789e104c0aa39284dccf1b9da9c17904e
2026-09-23T22-01-29-998Z_n-sweep_1-2-4-8-16-32-50,V1,,50,A-maioria,,,delegate,,,,0x5c19a95c,,48347,1,,0xfe42119cc5b68fbfd433dffe547dcf50b55480a011d31795da0f08ec660c70b3
2026-09-23T22-01-29-998Z_n-sweep_1-2-4-8-16-32-50,V1,,50,A-maioria,,,delegate,,,,0x5c19a95c,,48347,1,,0x1cd5ec1a28c590b58fdf7467e7fffeb349eed4d261a6e6dd6bbe64d73d17bd59
2026-09-23T22-01-29-998Z_n-sweep_1-2-4-8-16-32-50,V1,,50,A-maioria,,,delegate,,,,0x5c19a95c,,48335,1,,0x44f126ec5cf68cfd276b82e1245a8bb78ca6d635813f085d1a125f483e4d5924
2026-09-23T22-01-29-998Z_n-sweep_1-2-4-8-16-32-50,V1,,50,A-maioria,,,delegate,,,,0x5c19a95c,,48347,1,,0xe3c56247fde6ff45e5ce391eac68170bdc36be578302a953ddcf8384ecd07aa8
2026-09-23T22-01-29-998Z_n-sweep_1-2-4-8-16-32-50,V1,,50,A-maioria,,,delegate,,,,0x5c19a95c,,48347,1,,0x97563cc4398d7b02943ad3e3ef1bdae06351c02ad3fb2d2b948579fc1d32295f
2026-09-23T22-01-29-998Z_n-sweep_1-2-4-8-16-32-50,V1,,50,A-maioria,,,delegate,,,,0x5c19a95c,,48347,1,,0x2254c00b60e2f0581478274e6123b6295b391cc3698f1951fb660335b3cd6c33
2026-09-23T22-01-29-998Z_n-sweep_1-2-4-8-16-32-50,V1,,50,A-maioria,,,delegate,,,,0x5c19a95c,,48347,1,,0xc3e2689cb93afecc73f02fe2fc704ca424bfebf2840b02e15e94e2eacaca6d1c
2026-09-23T22-01-29-998Z_n-sweep_1-2-4-8-16-32-50,V1,,50,A-maioria,,,delegate,,,,0x5c19a95c,,48347,1,,0xf481a9d9df12d0c5f7b29cc5bd284c8ca3e14873afc209155e790bf19f68d897
2026-09-23T22-01-29-998Z_n-sweep_1-2-4-8-16-32-50,V1,,50,A-maioria,,,delegate,,,,0x5c19a95c,,48347,1,,0x8975637550f485546f85f8e6d9a6ed6447c7e76fff1ec5f6c9e76fb534393987
2026-09-23T22-01-29-998Z_n-sweep_1-2-4-8-16-32-50,V1,,50,A-maioria,,,delegate,,,,0x5c19a95c,,48347,1,,0x923ae1f8d3d22d25940fc9eb75f6f6f16c191c6a236895f77670dcca6996d312
2026-09-23T22-01-29-998Z_n-sweep_1-2-4-8-16-32-50,V1,,50,A-maioria,,,delegate,,,,0x5c19a95c,,48347,1,,0xfa31a6684a33a12042a314e8f53f866c316bd76cf3829f1b1bdf9c6709375faf
2026-09-23T22-01-29-998Z_n-sweep_1-2-4-8-16-32-50,V1,,50,A-maioria,,,delegate,,,,0x5c19a95c,,48347,1,,0x85a35cc5c2fd484741123514532c6d193414e920845266674d577133f95aeb61
2026-09-23T22-01-29-998Z_n-sweep_1-2-4-8-16-32-50,V1,,50,A-maioria,,,delegate,,,,0x5c19a95c,,48347,1,,0x2c0c0e3cf1f17f2dbd21478c48f6a01b7c3f80cdc9a8337eb22078304610831f
2026-09-23T22-01-29-998Z_n-sweep_1-2-4-8-16-32-50,V1,,50,A-maioria,,,delegate,,,,0x5c19a95c,,48347,1,,0xa3ed7a1ccf1c20c61c0c5d590ac689d2c051d45201c4389538358e9b8bb285bc
2026-09-23T22-01-29-998Z_n-sweep_1-2-4-8-16-32-50,V1,,50,A-maioria,,,delegate,,,,0x5c19a95c,,48347,1,,0x661c282cd9e0e8ae9af420543abc3bdc613c6cb387574718fba247544e2af8e9
2026-09-23T22-01-29-998Z_n-sweep_1-2-4-8-16-32-50,V1,,50,A-maioria,,,delegate,,,,0x5c19a95c,,48347,1,,0xa25eec8de30d8f33b67249979cc372deee4340970acf515ed11237297c254db8
2026-09-23T22-01-29-998Z_n-sweep_1-2-4-8-16-32-50,V1,,50,A-maioria,,,delegate,,,,0x5c19a95c,,48347,1,,0x4531944da7228710c401fe613cc835a5a2ab8911500c323b7a89206096a62c5e
2026-09-23T22-01-29-998Z_n-sweep_1-2-4-8-16-32-50,V1,,50,A-maioria,,,delegate,,,,0x5c19a95c,,48335,1,,0x34fd858bbdd79805fe9ac14ac3496bc1581b8cd1fca415dd388ac92a1031b1a5
2026-09-23T22-01-29-998Z_n-sweep_1-2-4-8-16-32-50,V1,,50,A-maioria,,,delegate,,,,0x5c19a95c,,48347,1,,0x3873a22f0d3bd864cb6adf03e490138f7a8c74e0367b46c72eb32ab59606fc50
2026-09-23T22-01-29-998Z_n-sweep_1-2-4-8-16-32-50,V1,,50,A-maioria,,,delegate,,,,0x5c19a95c,,48347,1,,0x015c8107c64083620d33bd63ee4539fae6a634cbff1a7060ce0d9d7635a92667
2026-09-23T22-01-29-998Z_n-sweep_1-2-4-8-16-32-50,V1,,50,A-maioria,,,delegate,,,,0x5c19a95c,,48347,1,,0x4d690799cd4e7de3c25a6216085b0327439b44872c331c8bdeed03412851c496
2026-09-23T22-01-29-998Z_n-sweep_1-2-4-8-16-32-50,V1,,50,A-maioria,,,delegate,,,,0x5c19a95c,,48347,1,,0x4e2b6075a69f1a5defbf56244ed346d13180f658d70986f145e7afacf2a1769c
2026-09-23T22-01-29-998Z_n-sweep_1-2-4-8-16-32-50,V1,,50,A-maioria,,,delegate,,,,0x5c19a95c,,48347,1,,0xdb953c4d33d8186e4e68b823485663114eed9632b4e6afebc927746da2cc5444
2026-09-23T22-01-29-998Z_n-sweep_1-2-4-8-16-32-50,V1,,50,A-maioria,,,delegate,,,,0x5c19a95c,,48347,1,,0x6e11fc1a1f465bb514b7050fb921834e4af6a4c1f01678025fabce44812892fb
2026-09-23T22-01-29-998Z_n-sweep_1-2-4-8-16-32-50,V1,,50,A-maioria,,,delegate,,,,0x5c19a95c,,48347,1,,0x02ed69ad44539ce394fe9de851cfc82976eaf863ce9b6bb6dbf7356c766b4e34
2026-09-23T22-01-29-998Z_n-sweep_1-2-4-8-16-32-50,V1,,50,A-maioria,,,delegate,,,,0x5c19a95c,,48347,1,,0x48831c39e8134756256883bee94ef57bd56548f150361c090cf8316d47c484f4
2026-09-23T22-01-29-998Z_n-sweep_1-2-4-8-16-32-50,V1,,50,A-maioria,,,delegate,,,,0x5c19a95c,,48347,1,,0x139bf1c2a5a53f598dabf2c70734fbdea006e57fa2d61abde0ab2327b4959d67
2026-09-23T22-01-29-998Z_n-sweep_1-2-4-8-16-32-50,V1,,50,A-maioria,,,delegate,,,,0x5c19a95c,,48347,1,,0x7253e5fec49078160a40e8379add1524941ccadba4e7d9f3bdd746f905340463
2026-09-23T22-01-29-998Z_n-sweep_1-2-4-8-16-32-50,V1,,50,A-maioria,,,delegate,,,,0x5c19a95c,,48347,1,,0xbe8fd855f7dddc740b71fa203b837e57dd20191f5e26b708460138a203b96a4a
2026-09-23T22-01-29-998Z_n-sweep_1-2-4-8-16-32-50,V1,,50,A-maioria,,,delegate,,,,0x5c19a95c,,48347,1,,0x47aa1c6067f58c4a2e373e2e5df4995a73794f26a82c080785ce7307c874522d
2026-09-23T22-01-29-998Z_n-sweep_1-2-4-8-16-32-50,V1,,50,A-maioria,,,delegate,,,,0x5c19a95c,,48347,1,,0x77d7f6ed87242997677781ffb97cb1d0c1b2765cd18aa0d3a3e6621f04ed4c16
2026-09-23T22-01-29-998Z_n-sweep_1-2-4-8-16-32-50,V1,,50,A-maioria,,,delegate,,,,0x5c19a95c,,48347,1,,0xac77a1d245d1b05d38b52b313cdb3a913ef073b1ff0163a70dab969fe9fef091
2026-09-23T22-01-29-998Z_n-sweep_1-2-4-8-16-32-50,V1,,50,A-maioria,,,delegate,,,,0x5c19a95c,,48347,1,,0x019cc6999109037f5dea40cb65f4f258ac059c4ce180427ba5c5d0fe7fa02e69
2026-09-23T22-01-29-998Z_n-sweep_1-2-4-8-16-32-50,V1,,50,A-maioria,,,delegate,,,,0x5c19a95c,,48347,1,,0x33abf7f586ca024ba5681842a58519c700557723a21452412946bc259f413dff
2026-09-23T22-01-29-998Z_n-sweep_1-2-4-8-16-32-50,V1,,50,A-maioria,,,delegate,,,,0x5c19a95c,,48347,1,,0x1207fe8601271fe0b5487a279faf12949bdc0ad4495c39b2109c87d7fdadc47d
2026-09-23T22-01-29-998Z_n-sweep_1-2-4-8-16-32-50,V1,,50,A-maioria,,,delegate,,,,0x5c19a95c,,48347,1,,0x2a4aed2f06d11367c8b0a4aec5f690179e6e8a7a0852a3be3363c356d2b96e3a
2026-09-23T22-01-29-998Z_n-sweep_1-2-4-8-16-32-50,V1,,50,A-maioria,,,delegate,,,,0x5c19a95c,,48347,1,,0xed996c904c444a34e69bb80148d6a10828392f76a63169cc7c34ef9123712ba1
2026-09-23T22-01-29-998Z_n-sweep_1-2-4-8-16-32-50,V1,,50,A-maioria,,,delegate,,,,0x5c19a95c,,48347,1,,0x38149aa90c24c90e209f966e0f1bff77efedbcfe38d261cd552873d1bdc3ebc5
2026-09-23T22-01-29-998Z_n-sweep_1-2-4-8-16-32-50,V1,,50,A-maioria,,,delegate,,,,0x5c19a95c,,48347,1,,0x80b55601ca774d4abcef268e52e9d6af337cf3103223b2406555e48c3d762bab
2026-09-23T22-01-29-998Z_n-sweep_1-2-4-8-16-32-50,V1,,50,A-maioria,,,delegate,,,,0x5c19a95c,,48347,1,,0x2fcb4545efd255b27911ce44fb2a5c94515c54dc02bab25b5081b878632986d7
2026-09-23T22-01-29-998Z_n-sweep_1-2-4-8-16-32-50,V1,,50,A-maioria,,,delegate,,,,0x5c19a95c,,48335,1,,0x54598c19dc2d95d70dff7fa9539e3e33d9cd81f20144e43273092a2002873303
2026-09-23T22-01-29-998Z_n-sweep_1-2-4-8-16-32-50,V1,,50,A-maioria,,,delegate,,,,0x5c19a95c,,48347,1,,0xedd545ad255ae281a86176d750d3775a786065a315d01e27f2878e52519b253e
2026-09-23T22-01-29-998Z_n-sweep_1-2-4-8-16-32-50,V1,,50,A-maioria,,,delegate,,,,0x5c19a95c,,48347,1,,0xa1d0b3e7b24a00685baccd412a4bcc1ce87addd4525c82c8e62cdd3daa7e291a
2026-09-23T22-01-29-998Z_n-sweep_1-2-4-8-16-32-50,V1,,50,A-maioria,,,transfer,,,,0xa9059cbb,,135960,1,,0x246ae9dbb3705bcf8caab599ddb094f9d36a71a6fddbd32e09cf25058ff79423
2026-09-23T22-01-29-998Z_n-sweep_1-2-4-8-16-32-50,V1,,50,A-maioria,,,transfer,,,,0xa9059cbb,,135948,1,,0xb8fcaeeed203b7eed0543991907d429bdccd4066201666ff9c480634d01c006c
2026-09-23T22-01-29-998Z_n-sweep_1-2-4-8-16-32-50,V1,,50,A-maioria,,,transfer,,,,0xa9059cbb,,135960,1,,0x8f68ceb5cb5672f7b11dda7fcf0b825cffe3ccf92d5ff6d6f4dd4ee4dd9a7112
2026-09-23T22-01-29-998Z_n-sweep_1-2-4-8-16-32-50,V1,,50,A-maioria,,,transfer,,,,0xa9059cbb,,135960,1,,0x6d7dd52faccd9ba960eecfaa0d18731aa9ff52a43c54ca983428173fba0a1542
2026-09-23T22-01-29-998Z_n-sweep_1-2-4-8-16-32-50,V1,,50,A-maioria,,,transfer,,,,0xa9059cbb,,135960,1,,0xa121f25519bfd6019aecce8af680afcb706219b91e74e2c91912af8f363879f0
2026-09-23T22-01-29-998Z_n-sweep_1-2-4-8-16-32-50,V1,,50,A-maioria,,,transfer,,,,0xa9059cbb,,135960,1,,0x76f1062e88ca6706dcea182cc70a3cb51b4c8d16c379956d1c5dbce0a5cc0e99
2026-09-23T22-01-29-998Z_n-sweep_1-2-4-8-16-32-50,V1,,50,A-maioria,,,transfer,,,,0xa9059cbb,,135960,1,,0xacbbec95fc7f64a7b6a9544ee78753f3ec9194dd4f3c9ca38e1268ceb53acb90
2026-09-23T22-01-29-998Z_n-sweep_1-2-4-8-16-32-50,V1,,50,A-maioria,,,transfer,,,,0xa9059cbb,,135960,1,,0x84b0653b2f42104427fe541d5713f2151ede783b5570d40855e4bf1d8522c087
2026-09-23T22-01-29-998Z_n-sweep_1-2-4-8-16-32-50,V1,,50,A-maioria,,,transfer,,,,0xa9059cbb,,135960,1,,0xdfcf57d46ed39b3ededc6eee7405605ee6834e3815162fc171e8851c03541ae0
2026-09-23T22-01-29-998Z_n-sweep_1-2-4-8-16-32-50,V1,,50,A-maioria,,,transfer,,,,0xa9059cbb,,135948,1,,0x8d64a76127e81848a5fe1ebeb2469570ae57a08cf798942f72ad26d0313cd40a
2026-09-23T22-01-29-998Z_n-sweep_1-2-4-8-16-32-50,V1,,50,A-maioria,,,transfer,,,,0xa9059cbb,,135960,1,,0x0d7e03138b4a28e969fa37eb7746cb5ffbed4c8e322ffa756a8980e1da7af365
2026-09-23T22-01-29-998Z_n-sweep_1-2-4-8-16-32-50,V1,,50,A-maioria,,,transfer,,,,0xa9059cbb,,135960,1,,0xb3cd0e36bf8a23a7268c69ad5613412b618c0d97eaf2e84e4ed2a2358616241c
2026-09-23T22-01-29-998Z_n-sweep_1-2-4-8-16-32-50,V1,,50,A-maioria,,,transfer,,,,0xa9059cbb,,135960,1,,0x2c3be7462a120f6f7d3ddb903f791ba5f8a8dff70b3d2fce412bc3d9c96090f2
2026-09-23T22-01-29-998Z_n-sweep_1-2-4-8-16-32-50,V1,,50,A-maioria,,,transfer,,,,0xa9059cbb,,135960,1,,0xa91896e75ebe291a14149c97e6ec3cd3878b7a57ae5efc49d7437ff775cc6d6f
2026-09-23T22-01-29-998Z_n-sweep_1-2-4-8-16-32-50,V1,,50,A-maioria,,,transfer,,,,0xa9059cbb,,135960,1,,0x97ddbf62fa645b51d887aef0923131c606f936331a08b4d180573aedf905cbd1
2026-09-23T22-01-29-998Z_n-sweep_1-2-4-8-16-32-50,V1,,50,A-maioria,,,transfer,,,,0xa9059cbb,,135960,1,,0xbbc7e588c74f5408c5294f754815ee8c2d05196aeb266a95ba79193cf1a3cd4e
2026-09-23T22-01-29-998Z_n-sweep_1-2-4-8-16-32-50,V1,,50,A-maioria,,,transfer,,,,0xa9059cbb,,135960,1,,0xc93f0fe78d0f253b48f6546ce6912425341be3fe3abb7b8d6c8b890afc280746
2026-09-23T22-01-29-998Z_n-sweep_1-2-4-8-16-32-50,V1,,50,A-maioria,,,transfer,,,,0xa9059cbb,,135960,1,,0x095274f7efd5fd91e0259f5aaa0d5d3f3d345e02896f172caf9af482ca0ecd6b
2026-09-23T22-01-29-998Z_n-sweep_1-2-4-8-16-32-50,V1,,50,A-maioria,,,transfer,,,,0xa9059cbb,,135960,1,,0x2f71f3337cfdd7bfe5adb89da0349bbc93812095f8706796bc6e25e0461574de
2026-09-23T22-01-29-998Z_n-sweep_1-2-4-8-16-32-50,V1,,50,A-maioria,,,transfer,,,,0xa9059cbb,,135960,1,,0xbb173ce2f0e08821737486bfce4a8891ea6bc16c53eef5183f23c35fa912acda
2026-09-23T22-01-29-998Z_n-sweep_1-2-4-8-16-32-50,V1,,50,A-maioria,,,transfer,,,,0xa9059cbb,,135960,1,,0x7179fb1c1b852a31eebf015ac4e0db4f8891784970a82e1275e2b2c95797dd8d
2026-09-23T22-01-29-998Z_n-sweep_1-2-4-8-16-32-50,V1,,50,A-maioria,,,transfer,,,,0xa9059cbb,,135960,1,,0x618508a1fffda4dd4799c8f4937ca7db27dc3c1a0a352dbb24eb2e717d7794fa
2026-09-23T22-01-29-998Z_n-sweep_1-2-4-8-16-32-50,V1,,50,A-maioria,,,transfer,,,,0xa9059cbb,,135960,1,,0x80e85afeeecc7ded093b4fca1ee04481c72308140308e350e712a637edf79a77
2026-09-23T22-01-29-998Z_n-sweep_1-2-4-8-16-32-50,V1,,50,A-maioria,,,transfer,,,,0xa9059cbb,,135960,1,,0xde2f59aa8da4ad0c12bad7c83e52b65661db007ebd8ed1e5ab2dd6b10bdbf7fe
2026-09-23T22-01-29-998Z_n-sweep_1-2-4-8-16-32-50,V1,,50,A-maioria,,,transfer,,,,0xa9059cbb,,135948,1,,0x251582621de6281280756db8cf9473cfeae525a492e1d7062a6d6fed1ad7dff9
2026-09-23T22-01-29-998Z_n-sweep_1-2-4-8-16-32-50,V1,,50,A-maioria,,,transfer,,,,0xa9059cbb,,135960,1,,0x7ea700d5019ed1d30c8096d4fef24f6555db72bfe8adf1e7c3e495ce67ed809f
2026-09-23T22-01-29-998Z_n-sweep_1-2-4-8-16-32-50,V1,,50,A-maioria,,,transfer,,,,0xa9059cbb,,135960,1,,0xd099cccecf6f1158f5ba243ca6088f8874d9146baec93a09aef1c985e823d634
2026-09-23T22-01-29-998Z_n-sweep_1-2-4-8-16-32-50,V1,,50,A-maioria,,,transfer,,,,0xa9059cbb,,135960,1,,0xd34db709f4f49d3311a9b6c928a74662fb0bde851655aa6fb02b0ad79e454733
2026-09-23T22-01-29-998Z_n-sweep_1-2-4-8-16-32-50,V1,,50,A-maioria,,,transfer,,,,0xa9059cbb,,135960,1,,0xb0333deee0af7b78d7b4b5b86633676bdae519326d484603675db0f26c88b9df
2026-09-23T22-01-29-998Z_n-sweep_1-2-4-8-16-32-50,V1,,50,A-maioria,,,transfer,,,,0xa9059cbb,,135960,1,,0x91a6b5a93ddd89ffbf66ac0296cdf3b1d313cd0b2890835c17ba5adcaced8ec8
2026-09-23T22-01-29-998Z_n-sweep_1-2-4-8-16-32-50,V1,,50,A-maioria,,,transfer,,,,0xa9059cbb,,135960,1,,0x42ed8d1330be1065c1cc3e101c7a5a7e20cb148393a8d14d461f9b76c541d4e7
2026-09-23T22-01-29-998Z_n-sweep_1-2-4-8-16-32-50,V1,,50,A-maioria,,,transfer,,,,0xa9059cbb,,135960,1,,0xb87afa69226d6b02977149ca6957bfad332e6a77c1ad200e790fad912b0a8b1c
2026-09-23T22-01-29-998Z_n-sweep_1-2-4-8-16-32-50,V1,,50,A-maioria,,,transfer,,,,0xa9059cbb,,135960,1,,0xd31a5f77ec78cf0dcc46abd6824fc36e0343c70ec7558c5b8b8680a5179c3cee
2026-09-23T22-01-29-998Z_n-sweep_1-2-4-8-16-32-50,V1,,50,A-maioria,,,transfer,,,,0xa9059cbb,,135960,1,,0x3a1cd3ff214ca838bb1f0a7b8e05b8066c941dae934ff8ef5f7d24e51e218d9f
2026-09-23T22-01-29-998Z_n-sweep_1-2-4-8-16-32-50,V1,,50,A-maioria,,,transfer,,,,0xa9059cbb,,135960,1,,0x800f8dd0a0df31e55c4e4712a5972e0d1497dbb92fd85a7ee8c309306ae69f3e
2026-09-23T22-01-29-998Z_n-sweep_1-2-4-8-16-32-50,V1,,50,A-maioria,,,transfer,,,,0xa9059cbb,,135960,1,,0x9c84268ba43fd38465cfd4cbb6628f9f3f9664cc537e635196844f423439df36
2026-09-23T22-01-29-998Z_n-sweep_1-2-4-8-16-32-50,V1,,50,A-maioria,,,transfer,,,,0xa9059cbb,,135960,1,,0x5b82226f4b3968c0c11ff4245b77ddb5c737ac3d9384e7f0f5dacf91ae505b7c
2026-09-23T22-01-29-998Z_n-sweep_1-2-4-8-16-32-50,V1,,50,A-maioria,,,transfer,,,,0xa9059cbb,,135960,1,,0x6b5817c5a2f3233a1f4755f91eec5b61a72e50556aeb151d1df361f8dcacafea
2026-09-23T22-01-29-998Z_n-sweep_1-2-4-8-16-32-50,V1,,50,A-maioria,,,transfer,,,,0xa9059cbb,,135960,1,,0x00442dfd61843442f2f62e78bcf59b803dd8498b1bad260878d59e06f48aaf95
2026-09-23T22-01-29-998Z_n-sweep_1-2-4-8-16-32-50,V1,,50,A-maioria,,,transfer,,,,0xa9059cbb,,135960,1,,0xf5d2b3eeffb65a663d93b8d3c809b6e5121b8784e868e51af3bdba2deee35a8b
2026-09-23T22-01-29-998Z_n-sweep_1-2-4-8-16-32-50,V1,,50,A-maioria,,,transfer,,,,0xa9059cbb,,135960,1,,0xf3df28ed5d40b48f8919791b5b9ed50c0de598885569cd4cda2c88678140358b
2026-09-23T22-01-29-998Z_n-sweep_1-2-4-8-16-32-50,V1,,50,A-maioria,,,transfer,,,,0xa9059cbb,,135960,1,,0xae8265c953b3c6c844fd5e7f9c7464dcd5160d081bd3f12119dae553d5383d46
2026-09-23T22-01-29-998Z_n-sweep_1-2-4-8-16-32-50,V1,,50,A-maioria,,,transfer,,,,0xa9059cbb,,135960,1,,0x2bedec0ecd73ac805d76d0b0f124d689002219a8553658ae536e50df35c6d9db
2026-09-23T22-01-29-998Z_n-sweep_1-2-4-8-16-32-50,V1,,50,A-maioria,,,transfer,,,,0xa9059cbb,,135960,1,,0x7911352af92914fc012e9271fef77802aaf80cb03b085ac5b36a82617ef3d87f
2026-09-23T22-01-29-998Z_n-sweep_1-2-4-8-16-32-50,V1,,50,A-maioria,,,transfer,,,,0xa9059cbb,,135960,1,,0x527083c9aa09a186a9dfde1d6e11e56a88c23af4ff1df829641f565d467e9eb3
2026-09-23T22-01-29-998Z_n-sweep_1-2-4-8-16-32-50,V1,,50,A-maioria,,,transfer,,,,0xa9059cbb,,135960,1,,0x4fcb61575570970b077a3f0175ad61e8f9b670d214f189be9284c9e38d23ea97
2026-09-23T22-01-29-998Z_n-sweep_1-2-4-8-16-32-50,V1,,50,A-maioria,,,transfer,,,,0xa9059cbb,,135960,1,,0x4e542c0f00edf948e31ae0044ddc651c40f57f37ff7015611a62d6daf389f5c0
2026-09-23T22-01-29-998Z_n-sweep_1-2-4-8-16-32-50,V1,,50,A-maioria,,,transfer,,,,0xa9059cbb,,135948,1,,0x678ff5ad84e5f134b40dad86f148a340f9fbc604f5ec27a98b7c60856ee1e375
2026-09-23T22-01-29-998Z_n-sweep_1-2-4-8-16-32-50,V1,,50,A-maioria,,,transfer,,,,0xa9059cbb,,135960,1,,0x8c9fe884dc095bd2cb142ad2f4c3a32815bf358db82984445b1bebe0c495a13f
2026-09-23T22-01-29-998Z_n-sweep_1-2-4-8-16-32-50,V1,,50,A-maioria,,,transfer,,,,0xa9059cbb,,135960,1,,0xcae168b52d2afa75f1568ef6aadf2694b4b83c844b2cc07cfa891dbd891f714c
2026-09-23T22-01-29-998Z_n-sweep_1-2-4-8-16-32-50,V1,,50,A-maioria,,,propose,,,propose,0x7d5e81e2,WasteCategoryRegistry.updateCredits,63790,1,,0xa9f510f48781c57f8925230d1c3f040933ed35a04076ccea42773b6616deeea4
2026-09-23T22-01-29-998Z_n-sweep_1-2-4-8-16-32-50,V1,,50,A-maioria,,,vote,1,for,,0x56781388,,82468,1,,0x83107d99902b165bd101e00a634cafcee3fc40af048ae3cc9eb4e4950ce977fa
2026-09-23T22-01-29-998Z_n-sweep_1-2-4-8-16-32-50,V1,,50,A-maioria,,,vote,2,for,,0x56781388,,65368,1,,0xbff7e4cafc58f058001c1acca0d0a67fd8803dadf9b6d02fd5e4307c700cf974
2026-09-23T22-01-29-998Z_n-sweep_1-2-4-8-16-32-50,V1,,50,A-maioria,,,vote,3,for,,0x56781388,,65368,1,,0xbd43916cfd11938005944e03579bcd74e045af77cb5a92bba33e8b51ea826c15
2026-09-23T22-01-29-998Z_n-sweep_1-2-4-8-16-32-50,V1,,50,A-maioria,,,vote,4,for,,0x56781388,,65368,1,,0xa211b2bcf6992b2cd385913069ae95e6b7d403f05eeca33fd8f5180c4c9ce018
2026-09-23T22-01-29-998Z_n-sweep_1-2-4-8-16-32-50,V1,,50,A-maioria,,,vote,5,for,,0x56781388,,65368,1,,0x779dde235723cfbc1e37a81e133e73d694f736699328595b19d46a234e85cd63
2026-09-23T22-01-29-998Z_n-sweep_1-2-4-8-16-32-50,V1,,50,A-maioria,,,vote,6,for,,0x56781388,,65368,1,,0x90efeaa22d9f90ccf0e2286280ae8b9d46138a4489953fbe5d28a1e81bff5cd4
2026-09-23T22-01-29-998Z_n-sweep_1-2-4-8-16-32-50,V1,,50,A-maioria,,,vote,7,for,,0x56781388,,65368,1,,0x2d3e5408bdf2d1603c5c778edc79a5ab283502bd720cee00b06a3154a0eb49b7
2026-09-23T22-01-29-998Z_n-sweep_1-2-4-8-16-32-50,V1,,50,A-maioria,,,vote,8,for,,0x56781388,,65368,1,,0x095841d2057053745f20331b6fb9977fc9904e67e6b2435407d2830ac36e9d5b
2026-09-23T22-01-29-998Z_n-sweep_1-2-4-8-16-32-50,V1,,50,A-maioria,,,vote,9,for,,0x56781388,,65368,1,,0x197f9494c71142ed6691229a8516637a440a62b0b716699e7968713703d03d58
2026-09-23T22-01-29-998Z_n-sweep_1-2-4-8-16-32-50,V1,,50,A-maioria,,,vote,10,for,,0x56781388,,65368,1,,0x2a0594a1a107d515d5c3543e6881e72c80e55be2355bf0f6d53c9e627092999b
2026-09-23T22-01-29-998Z_n-sweep_1-2-4-8-16-32-50,V1,,50,A-maioria,,,vote,11,for,,0x56781388,,65368,1,,0xbd6cbb2855665584c111c76faeb00779edd47ac17234b777863e4aeea2555961
2026-09-23T22-01-29-998Z_n-sweep_1-2-4-8-16-32-50,V1,,50,A-maioria,,,vote,12,for,,0x56781388,,65368,1,,0xa2517f29f28294dd1ef6885a31dd0fc669610a1faec76ea740587cdf3ea0dc4a
2026-09-23T22-01-29-998Z_n-sweep_1-2-4-8-16-32-50,V1,,50,A-maioria,,,vote,13,for,,0x56781388,,65368,1,,0x1c28869096d6240cf911d4da6b0f16352d657371b54d3a6ea1091337586ebbf8
2026-09-23T22-01-29-998Z_n-sweep_1-2-4-8-16-32-50,V1,,50,A-maioria,,,vote,14,for,,0x56781388,,65368,1,,0x8a5dc7a2461f62a48cf0fa5d4366b81ced8b98a2ddd2dfccbd191f03bb846877
2026-09-23T22-01-29-998Z_n-sweep_1-2-4-8-16-32-50,V1,,50,A-maioria,,,vote,15,for,,0x56781388,,65368,1,,0xb9374761ac73940e55b05f6aaee5c85951323f96e2ad6f95890d2e9f964f8369
2026-09-23T22-01-29-998Z_n-sweep_1-2-4-8-16-32-50,V1,,50,A-maioria,,,vote,16,for,,0x56781388,,65368,1,,0x4ed0aa95203b4bdcf81222990efc1c3aea7979cfddbf0b7ee251975e17b8ff24
2026-09-23T22-01-29-998Z_n-sweep_1-2-4-8-16-32-50,V1,,50,A-maioria,,,vote,17,for,,0x56781388,,65368,1,,0x80c77074f420ad19b55819418003a043d34f7a3098611319e94a074c08007ad2
2026-09-23T22-01-29-998Z_n-sweep_1-2-4-8-16-32-50,V1,,50,A-maioria,,,vote,18,for,,0x56781388,,65368,1,,0x3acf99965911feb40f0c6a750aa8a05186cb163901272c171bb8d3c5a1e4a0a0
2026-09-23T22-01-29-998Z_n-sweep_1-2-4-8-16-32-50,V1,,50,A-maioria,,,vote,19,for,,0x56781388,,65368,1,,0x12c2289b99e87f4faec03b701861721017ea95a037aef0300d269d38c33986cb
2026-09-23T22-01-29-998Z_n-sweep_1-2-4-8-16-32-50,V1,,50,A-maioria,,,vote,20,for,,0x56781388,,65368,1,,0xae47901f7cac0ffb5157e0823f3ff9253cf3d29a9b354fcf4771a295612c5823
2026-09-23T22-01-29-998Z_n-sweep_1-2-4-8-16-32-50,V1,,50,A-maioria,,,vote,21,for,,0x56781388,,65368,1,,0x93891f0b780b1eb0079a1be7c874624e526b9a096f9b2ab2a30d7eebfa527726
2026-09-23T22-01-29-998Z_n-sweep_1-2-4-8-16-32-50,V1,,50,A-maioria,,,vote,22,for,,0x56781388,,65368,1,,0x26631d056167c8d48c0509ca4337ebfb7152dea1acdc0304899a30f1967fc862
2026-09-23T22-01-29-998Z_n-sweep_1-2-4-8-16-32-50,V1,,50,A-maioria,,,vote,23,for,,0x56781388,,65368,1,,0x8e9f8445e3298401b02ddaad55648dbb746aa475d1365e08acdac99f08802f2b
2026-09-23T22-01-29-998Z_n-sweep_1-2-4-8-16-32-50,V1,,50,A-maioria,,,vote,24,for,,0x56781388,,65368,1,,0x12f010576576407ba61614768031c744d3dfe604f335656a50ae160314c5f4fa
2026-09-23T22-01-29-998Z_n-sweep_1-2-4-8-16-32-50,V1,,50,A-maioria,,,vote,25,for,,0x56781388,,65368,1,,0x2ac5ad59873396c6a3f78acc7a12ad0d01e0ef172b55b608801079107bbc49a4
2026-09-23T22-01-29-998Z_n-sweep_1-2-4-8-16-32-50,V1,,50,A-maioria,,,vote,26,for,,0x56781388,,65368,1,,0x25d478511d7fee6614f1205c050cecfe15c9c358dcdcb0fab87e3a43b556b40c
2026-09-23T22-01-29-998Z_n-sweep_1-2-4-8-16-32-50,V1,,50,A-maioria,,,vote,1,against,,0x56781388,,82416,1,,0xf25cb410cfa30ed5879cb0bee6be8985b9ac3fb79ec8c48aca00477af1f18759
2026-09-23T22-01-29-998Z_n-sweep_1-2-4-8-16-32-50,V1,,50,A-maioria,,,vote,2,against,,0x56781388,,65316,1,,0x2015b7c253379a4a43a971ca3572f0ecbb501cc4d442f2d89fe0b5fb25a73bda
2026-09-23T22-01-29-998Z_n-sweep_1-2-4-8-16-32-50,V1,,50,A-maioria,,,vote,3,against,,0x56781388,,65316,1,,0xdbb7cde523a15fdfed965d9a1a93b6ad5916ac60371055e75030ce97a03fe603
2026-09-23T22-01-29-998Z_n-sweep_1-2-4-8-16-32-50,V1,,50,A-maioria,,,vote,4,against,,0x56781388,,65316,1,,0xc89e0a5108ebc53ec843bf28631c0f58e9365f2b0e90a121e52c7d9a2876d951
2026-09-23T22-01-29-998Z_n-sweep_1-2-4-8-16-32-50,V1,,50,A-maioria,,,vote,5,against,,0x56781388,,65316,1,,0x53cf0e954fb3f2da6389cfbe069e072b57b4d31d8502e09ee0a8d351b12d1716
2026-09-23T22-01-29-998Z_n-sweep_1-2-4-8-16-32-50,V1,,50,A-maioria,,,vote,6,against,,0x56781388,,65316,1,,0x7f00d763cee18ad76842a48b4990c00bfe127cfa3d93657066322ac55fea3267
2026-09-23T22-01-29-998Z_n-sweep_1-2-4-8-16-32-50,V1,,50,A-maioria,,,vote,7,against,,0x56781388,,65316,1,,0xbc837b337b3442e5cec71c729220ecabd1d5cc922ad90a2d2f2ac4815ebdbb00
2026-09-23T22-01-29-998Z_n-sweep_1-2-4-8-16-32-50,V1,,50,A-maioria,,,vote,8,against,,0x56781388,,65316,1,,0xfb271e73dc7bb42f3ff9717f5e1cb9873d0216c92e0a8e2a6420770bba029283
2026-09-23T22-01-29-998Z_n-sweep_1-2-4-8-16-32-50,V1,,50,A-maioria,,,vote,9,against,,0x56781388,,65316,1,,0x98bcf7e9941889cb10ed719d3ae42c26647e98a5764267cf9ddd74ba222eeb27
2026-09-23T22-01-29-998Z_n-sweep_1-2-4-8-16-32-50,V1,,50,A-maioria,,,vote,10,against,,0x56781388,,65316,1,,0x50fa992fb515b3bd831c07114790e20021a07748bddd0c3e2c87caa85418acd8
2026-09-23T22-01-29-998Z_n-sweep_1-2-4-8-16-32-50,V1,,50,A-maioria,,,vote,11,against,,0x56781388,,65316,1,,0x0607619bfc29b965c89efd2133be3af46c40e12a39a805879400c3fc6ff8c8b2
2026-09-23T22-01-29-998Z_n-sweep_1-2-4-8-16-32-50,V1,,50,A-maioria,,,vote,12,against,,0x56781388,,65316,1,,0xb228024cce177caf77f89bd27c958899830fcab77bf1cdd5893929743c47624f
2026-09-23T22-01-29-998Z_n-sweep_1-2-4-8-16-32-50,V1,,50,A-maioria,,,vote,13,against,,0x56781388,,65316,1,,0xc879aaf3455ace37d536c6c76c79bbfea3014fac5f6e0ca46de13007a1c0d4a8
2026-09-23T22-01-29-998Z_n-sweep_1-2-4-8-16-32-50,V1,,50,A-maioria,,,vote,14,against,,0x56781388,,65316,1,,0x333422afdbafee7d59465399eaf31bd54b1470a61d53f0fc8e682e9ae8372ea0
2026-09-23T22-01-29-998Z_n-sweep_1-2-4-8-16-32-50,V1,,50,A-maioria,,,vote,15,against,,0x56781388,,65316,1,,0x0031020241f936b964d50b19aa60c4f127735a7c88f4900c87146e1a9f0f6842
2026-09-23T22-01-29-998Z_n-sweep_1-2-4-8-16-32-50,V1,,50,A-maioria,,,vote,16,against,,0x56781388,,65316,1,,0xab77cf463c7261d00c0e1bacf941f84ee1f2584890bee0cb103048caab86950c
2026-09-23T22-01-29-998Z_n-sweep_1-2-4-8-16-32-50,V1,,50,A-maioria,,,vote,17,against,,0x56781388,,65316,1,,0x90ec36a21430f37e5cacfe56897de1b17b3dfb7c5ca3ec297af64aa16b76fdea
2026-09-23T22-01-29-998Z_n-sweep_1-2-4-8-16-32-50,V1,,50,A-maioria,,,vote,18,against,,0x56781388,,65316,1,,0xd2f156a5903e01011617f75f993bb4a77986875fa0796246422854baae762931
2026-09-23T22-01-29-998Z_n-sweep_1-2-4-8-16-32-50,V1,,50,A-maioria,,,vote,19,against,,0x56781388,,65316,1,,0xa2c28dce6d196e07cfa44a5740053ab325e1ddeaf15c3092d3bc6919e1893031
2026-09-23T22-01-29-998Z_n-sweep_1-2-4-8-16-32-50,V1,,50,A-maioria,,,vote,20,against,,0x56781388,,65316,1,,0xda69ef9035452ac5bc8a0ae6a6170ae7757e34266d9d0de2c20d4746991c70b8
2026-09-23T22-01-29-998Z_n-sweep_1-2-4-8-16-32-50,V1,,50,A-maioria,,,vote,21,against,,0x56781388,,65316,1,,0xe5fbc3f953b60053f66e26d0af708e9f1661d137a2ecfc45f908585ed06429a0
2026-09-23T22-01-29-998Z_n-sweep_1-2-4-8-16-32-50,V1,,50,A-maioria,,,vote,22,against,,0x56781388,,65316,1,,0x1bb18f374132fb22dcb527abb61727c5ef9011e9bc01faca92874b0ca511260c
2026-09-23T22-01-29-998Z_n-sweep_1-2-4-8-16-32-50,V1,,50,A-maioria,,,vote,23,against,,0x56781388,,65316,1,,0x268c2c93d4f75182130ef6696b20a9db53a29cc44129b5b4e014d37afbd88913
2026-09-23T22-01-29-998Z_n-sweep_1-2-4-8-16-32-50,V1,,50,A-maioria,,,vote,24,against,,0x56781388,,65316,1,,0xb1ab4f58b5ced6c5ffab83d94de95487fad11f8ae26e5fd974db3f50a0ef72b4
2026-09-23T22-01-29-998Z_n-sweep_1-2-4-8-16-32-50,V1,,50,A-maioria,,,execute,,,execute,0x2656227d,WasteCategoryRegistry.updateCredits,60807,1,,0xa667a79ec672d52064c2d41b106f979d44e1464be9efcfcc4c6bbf07fede1d42
2026-09-23T22-01-29-998Z_n-sweep_1-2-4-8-16-32-50,V2,T1,,,,,deploy_token_T1,,,constructor,0x61016060,,1621017,1,,0xece28f063ba256e8fc65152daf61fe745a7823e8ba387b1b661409f18f6dc4cc
2026-09-23T22-01-29-998Z_n-sweep_1-2-4-8-16-32-50,V2,,,,,,deploy_registry,,,constructor,0x60806040,,4590964,1,,0x9005486642112873086c0faf3a06ce7199e3377186a80eb6eea4235f5e1c6f56
2026-09-23T22-01-29-998Z_n-sweep_1-2-4-8-16-32-50,V2,,,,,,deploy_governor_V2,,,constructor,0x6101e080,,2178840,1,,0xa32c9f3d540c0ae9eee563ea02a53e3c1648afde51e09209202bc2912d9a8532
2026-09-23T22-01-29-998Z_n-sweep_1-2-4-8-16-32-50,V2,,,,,,grant_admin_role,,,grantRole,0x2f2ff15d,,50799,1,,0x0482dd737ad13e5cf9f342f77b7f4c8d4a60575e6613b501a7a433855227e65d
2026-09-23T22-01-29-998Z_n-sweep_1-2-4-8-16-32-50,V2,,,,,,revoke_deployer_admin_role,,,revokeRole,0xd547741f,,27116,1,,0xbf6c6756b6e885a31717a4b56f3c4fc35da4780ca84e075711ea97189f58ea3d
2026-09-23T22-01-29-998Z_n-sweep_1-2-4-8-16-32-50,V2,,50,A-maioria,,,delegate_admin,,,,0x5c19a95c,,95559,1,,0xe4ed125ff7fcf34a784094393e69d7b32184f90f45a88cf0e398ac5fe2329d50
2026-09-23T22-01-29-998Z_n-sweep_1-2-4-8-16-32-50,V2,,50,A-maioria,,,delegate,,,,0x5c19a95c,,48347,1,,0x8e5cf2e817455991c3f88244f29b95e3c5703efb253d16587c3e019ace8ed4aa
2026-09-23T22-01-29-998Z_n-sweep_1-2-4-8-16-32-50,V2,,50,A-maioria,,,delegate,,,,0x5c19a95c,,48335,1,,0x3a4d0b938991cc6665fddf48aab742d27a2480134e4cb1cf5b844b9724575405
2026-09-23T22-01-29-998Z_n-sweep_1-2-4-8-16-32-50,V2,,50,A-maioria,,,delegate,,,,0x5c19a95c,,48347,1,,0x8df16e2387da0d9fa03469e487a72815c7ad0f22d2e3631bfcd3e8532e84566f
2026-09-23T22-01-29-998Z_n-sweep_1-2-4-8-16-32-50,V2,,50,A-maioria,,,delegate,,,,0x5c19a95c,,48347,1,,0x95612e3ccf4e98f664cb62c90a18fd3142e8f5668db18fb82a400652a6b96b06
2026-09-23T22-01-29-998Z_n-sweep_1-2-4-8-16-32-50,V2,,50,A-maioria,,,delegate,,,,0x5c19a95c,,48347,1,,0x8cfbd9c8afd095297879c4ea5a6d41c276c3b770abd2f751b06ec63384df15d6
2026-09-23T22-01-29-998Z_n-sweep_1-2-4-8-16-32-50,V2,,50,A-maioria,,,delegate,,,,0x5c19a95c,,48347,1,,0x96ff47bd12ed3260165a9b3c82bacf4a9f1cfd47a5f8548491ee35c1066f2e38
2026-09-23T22-01-29-998Z_n-sweep_1-2-4-8-16-32-50,V2,,50,A-maioria,,,delegate,,,,0x5c19a95c,,48347,1,,0x3c7464a5135ef0630048da3b891f6f95d941c4b44dfb27d1230d6c7015af52d6
2026-09-23T22-01-29-998Z_n-sweep_1-2-4-8-16-32-50,V2,,50,A-maioria,,,delegate,,,,0x5c19a95c,,48347,1,,0xcef7f0dbdf22e7ddd7612e11e8e4d04d07ff7ed50742fa593a04379c3fb4c79a
2026-09-23T22-01-29-998Z_n-sweep_1-2-4-8-16-32-50,V2,,50,A-maioria,,,delegate,,,,0x5c19a95c,,48347,1,,0x2a05bf2175c5ddc1c903f568e1aef2d66314124f75bcf8379ba8adf2782fee08
2026-09-23T22-01-29-998Z_n-sweep_1-2-4-8-16-32-50,V2,,50,A-maioria,,,delegate,,,,0x5c19a95c,,48335,1,,0xed076a3bb603efd5d8a71a2cc98ed4047b12d152a544a7d1d7a341433c9a4602
2026-09-23T22-01-29-998Z_n-sweep_1-2-4-8-16-32-50,V2,,50,A-maioria,,,delegate,,,,0x5c19a95c,,48347,1,,0x10be283a8ec30b680dc3aca50b759e0cf9c8afc082d9e83402cea754eca72a1f
2026-09-23T22-01-29-998Z_n-sweep_1-2-4-8-16-32-50,V2,,50,A-maioria,,,delegate,,,,0x5c19a95c,,48347,1,,0x2a30f5270f05f3f17e6177f9b77f58b934718ec7c2e872415fd5bb3af3d1a729
2026-09-23T22-01-29-998Z_n-sweep_1-2-4-8-16-32-50,V2,,50,A-maioria,,,delegate,,,,0x5c19a95c,,48347,1,,0x8627a7ad29f66cec2d29399f287974e7802b96ce1c1094b9f03f71ebb4aee554
2026-09-23T22-01-29-998Z_n-sweep_1-2-4-8-16-32-50,V2,,50,A-maioria,,,delegate,,,,0x5c19a95c,,48347,1,,0x09935171751aaaad6b28f8c0a6e1389d805ea4048b73d32206a0f9fb56fe6526
2026-09-23T22-01-29-998Z_n-sweep_1-2-4-8-16-32-50,V2,,50,A-maioria,,,delegate,,,,0x5c19a95c,,48347,1,,0xcc0bb7cbd2d0f3f8fa2b739bbaa5db203755fbd70b3eefc00d112f1bb589ceaf
2026-09-23T22-01-29-998Z_n-sweep_1-2-4-8-16-32-50,V2,,50,A-maioria,,,delegate,,,,0x5c19a95c,,48347,1,,0xc76339288f99a2e44a4485a1794ebb0cad6215adbb061dde8b472b5783d68437
2026-09-23T22-01-29-998Z_n-sweep_1-2-4-8-16-32-50,V2,,50,A-maioria,,,delegate,,,,0x5c19a95c,,48347,1,,0x4eff498246ceed5814c564e65aad18449d9d8819517ba51d588d9cfdae3d4d2a
2026-09-23T22-01-29-998Z_n-sweep_1-2-4-8-16-32-50,V2,,50,A-maioria,,,delegate,,,,0x5c19a95c,,48347,1,,0xa6ae49a326f302b9e71391f9415c0d930458ea03039ee9086f5687369d739f43
2026-09-23T22-01-29-998Z_n-sweep_1-2-4-8-16-32-50,V2,,50,A-maioria,,,delegate,,,,0x5c19a95c,,48347,1,,0xf13688c59dca87eeaaf2b3d3ae625f01224e2d5b4954af7ddb9eacd7e8fca21e
2026-09-23T22-01-29-998Z_n-sweep_1-2-4-8-16-32-50,V2,,50,A-maioria,,,delegate,,,,0x5c19a95c,,48347,1,,0xed760b7612d9a02f7ab38dcca54d7d989dd819b4bb98906db1dbcca059ac084f
2026-09-23T22-01-29-998Z_n-sweep_1-2-4-8-16-32-50,V2,,50,A-maioria,,,delegate,,,,0x5c19a95c,,48347,1,,0x408a7ccbb0d6637960a2093204a5084a7c3370084f7061b277e04d5d1523ae58
2026-09-23T22-01-29-998Z_n-sweep_1-2-4-8-16-32-50,V2,,50,A-maioria,,,delegate,,,,0x5c19a95c,,48347,1,,0x3152e0d13e4c1339d74b6b187ca12500a969817e0120fc16874758b89451705c
2026-09-23T22-01-29-998Z_n-sweep_1-2-4-8-16-32-50,V2,,50,A-maioria,,,delegate,,,,0x5c19a95c,,48347,1,,0xa643950d224ced9bbf99ea95cbb9cecb86c028ad6a357741d9eed43fd1418124
2026-09-23T22-01-29-998Z_n-sweep_1-2-4-8-16-32-50,V2,,50,A-maioria,,,delegate,,,,0x5c19a95c,,48347,1,,0x055e399c3cbfa6644dce91a7f3b36ea2bc185d80c647c0f1d04321e14c4b1361
2026-09-23T22-01-29-998Z_n-sweep_1-2-4-8-16-32-50,V2,,50,A-maioria,,,delegate,,,,0x5c19a95c,,48335,1,,0xdbafa2287cf62155690c72d09b21b76ada56306bf24799e90a6ebd1fd470abc6
2026-09-23T22-01-29-998Z_n-sweep_1-2-4-8-16-32-50,V2,,50,A-maioria,,,delegate,,,,0x5c19a95c,,48347,1,,0x5f3e39c0a04665565fe3ba089f22454588d4f688c9a7aef067e7ad9e116a759a
2026-09-23T22-01-29-998Z_n-sweep_1-2-4-8-16-32-50,V2,,50,A-maioria,,,delegate,,,,0x5c19a95c,,48347,1,,0x7f968e30943d915d45decb0caea3281b5a4ce30a34416fbe354786d67369fd83
2026-09-23T22-01-29-998Z_n-sweep_1-2-4-8-16-32-50,V2,,50,A-maioria,,,delegate,,,,0x5c19a95c,,48347,1,,0xacced85e76fc346ac6aeec9a7ad6b61324fa6705450ea8d9c6b571e609652ec6
2026-09-23T22-01-29-998Z_n-sweep_1-2-4-8-16-32-50,V2,,50,A-maioria,,,delegate,,,,0x5c19a95c,,48347,1,,0xc354d6d794f1199566d0378cd1a05e9a5ef44036fa08971363ffdb3f0a83ac1f
2026-09-23T22-01-29-998Z_n-sweep_1-2-4-8-16-32-50,V2,,50,A-maioria,,,delegate,,,,0x5c19a95c,,48347,1,,0x41430b21e85fff00baa6651f5e9419f14411e203e9c65cf045d70399e1f94f10
2026-09-23T22-01-29-998Z_n-sweep_1-2-4-8-16-32-50,V2,,50,A-maioria,,,delegate,,,,0x5c19a95c,,48347,1,,0x0bedefd31dfd1911f1b821af9af59b2add8145ffa98e5dbae489249c34ba12b9
2026-09-23T22-01-29-998Z_n-sweep_1-2-4-8-16-32-50,V2,,50,A-maioria,,,delegate,,,,0x5c19a95c,,48347,1,,0x56ad8c486cf180aa0b39b839e9aa8457bb432ce913afb5054ca9bcce3effbb92
2026-09-23T22-01-29-998Z_n-sweep_1-2-4-8-16-32-50,V2,,50,A-maioria,,,delegate,,,,0x5c19a95c,,48347,1,,0x889ffacd513472f47703d03e4eb91f2565e857d0c007bd0d90101601ecbd4461
2026-09-23T22-01-29-998Z_n-sweep_1-2-4-8-16-32-50,V2,,50,A-maioria,,,delegate,,,,0x5c19a95c,,48347,1,,0x300cffcbe8eda0567de301008cf1f50514fdf7ef82e382d9507bbf31fffcabc4
2026-09-23T22-01-29-998Z_n-sweep_1-2-4-8-16-32-50,V2,,50,A-maioria,,,delegate,,,,0x5c19a95c,,48347,1,,0xb26cc341ef34517b33cf6cd048c8a54704753c40e4e38bdf9dc80c483ec06148
2026-09-23T22-01-29-998Z_n-sweep_1-2-4-8-16-32-50,V2,,50,A-maioria,,,delegate,,,,0x5c19a95c,,48347,1,,0x58d7882e8df8d9a84dda04828e62e55811e2fc55bbdf72e420a219528a50c760
2026-09-23T22-01-29-998Z_n-sweep_1-2-4-8-16-32-50,V2,,50,A-maioria,,,delegate,,,,0x5c19a95c,,48347,1,,0xa165579965f85981a3065c1e2b2a0995c5caac5df658402f7efd8b0d0b1c2bce
2026-09-23T22-01-29-998Z_n-sweep_1-2-4-8-16-32-50,V2,,50,A-maioria,,,delegate,,,,0x5c19a95c,,48347,1,,0xf0592e48b13df8d29c4f13d4da023052f542ca40ddd14d6babaf7ef698f07dbb
2026-09-23T22-01-29-998Z_n-sweep_1-2-4-8-16-32-50,V2,,50,A-maioria,,,delegate,,,,0x5c19a95c,,48347,1,,0x03d0dbabc01e5d0af5eca4495d4c548d2c41bb5b473d7d98c49d5385061260b8
2026-09-23T22-01-29-998Z_n-sweep_1-2-4-8-16-32-50,V2,,50,A-maioria,,,delegate,,,,0x5c19a95c,,48347,1,,0x9c249c81d873ecf8e9768db83eb14821c2c218d032b11cd7fe5d12088d668fda
2026-09-23T22-01-29-998Z_n-sweep_1-2-4-8-16-32-50,V2,,50,A-maioria,,,delegate,,,,0x5c19a95c,,48347,1,,0xcd63dbf8f1f09a2f6a5ff14decca32fb72ad0f1cae7e574b2fc586f13d025bb2
2026-09-23T22-01-29-998Z_n-sweep_1-2-4-8-16-32-50,V2,,50,A-maioria,,,delegate,,,,0x5c19a95c,,48347,1,,0x046e21685e512200b52e31db93043af7459b5a989dc0808269126d53721ac8f8
2026-09-23T22-01-29-998Z_n-sweep_1-2-4-8-16-32-50,V2,,50,A-maioria,,,delegate,,,,0x5c19a95c,,48347,1,,0x335f1c45ad548204528f7cadd4671e561c20c9c4fe29b91189feade09701c5a9
2026-09-23T22-01-29-998Z_n-sweep_1-2-4-8-16-32-50,V2,,50,A-maioria,,,delegate,,,,0x5c19a95c,,48347,1,,0x9f8ade3454be88805b03b02375f2774d72e2d3169cc94a4166c39604e063955f
2026-09-23T22-01-29-998Z_n-sweep_1-2-4-8-16-32-50,V2,,50,A-maioria,,,delegate,,,,0x5c19a95c,,48347,1,,0xbc2920c9ad77b324c8f64daabfc2a1431c80f30edb3c65e0a07700b98891b56c
2026-09-23T22-01-29-998Z_n-sweep_1-2-4-8-16-32-50,V2,,50,A-maioria,,,delegate,,,,0x5c19a95c,,48347,1,,0x1ff3b9a6966187a5cd8d575d153f2487b31b83e6d2c103a885d102e6de760040
2026-09-23T22-01-29-998Z_n-sweep_1-2-4-8-16-32-50,V2,,50,A-maioria,,,delegate,,,,0x5c19a95c,,48347,1,,0x3007abbd2ca5d8a8c5f340a2614ce189759242bb494aab56e592970fe25a61c4
2026-09-23T22-01-29-998Z_n-sweep_1-2-4-8-16-32-50,V2,,50,A-maioria,,,delegate,,,,0x5c19a95c,,48335,1,,0x1ef3932edbce7e10293b79c0f2bdd68ba9963feeb60783550b8048fadd7093b1
2026-09-23T22-01-29-998Z_n-sweep_1-2-4-8-16-32-50,V2,,50,A-maioria,,,delegate,,,,0x5c19a95c,,48347,1,,0xc1ed614da0f39e829d43e2c73649b3d798068befc640a8a27a6dfe3b86205651
2026-09-23T22-01-29-998Z_n-sweep_1-2-4-8-16-32-50,V2,,50,A-maioria,,,delegate,,,,0x5c19a95c,,48347,1,,0x644c69711f4cf1c5519b2b689791a02de2c659aa2334fad7b76f3e0b8ddc92c8
2026-09-23T22-01-29-998Z_n-sweep_1-2-4-8-16-32-50,V2,,50,A-maioria,,,transfer,,,,0xa9059cbb,,135960,1,,0x988aab2b52dd044a179325bd4967d9ae7237c72920f39685c1b68a865d8bc061
2026-09-23T22-01-29-998Z_n-sweep_1-2-4-8-16-32-50,V2,,50,A-maioria,,,transfer,,,,0xa9059cbb,,135948,1,,0x1740ec9063dfd663705ab00d6d861409d180c9ad70adc6d28480537016214f76
2026-09-23T22-01-29-998Z_n-sweep_1-2-4-8-16-32-50,V2,,50,A-maioria,,,transfer,,,,0xa9059cbb,,135960,1,,0xf56fcef6e6bf4bee12e48c2b9df7dbc660058df2a1fb870619e66bc918f52484
2026-09-23T22-01-29-998Z_n-sweep_1-2-4-8-16-32-50,V2,,50,A-maioria,,,transfer,,,,0xa9059cbb,,135960,1,,0x233ed19ebf1226e5fc37f5fd473c8962d4660a56079a5d6c60cad7337c5b7af9
2026-09-23T22-01-29-998Z_n-sweep_1-2-4-8-16-32-50,V2,,50,A-maioria,,,transfer,,,,0xa9059cbb,,135960,1,,0xcc782b233f1590adef175cd9036af19be976f253c0218163c06331281c553efe
2026-09-23T22-01-29-998Z_n-sweep_1-2-4-8-16-32-50,V2,,50,A-maioria,,,transfer,,,,0xa9059cbb,,135960,1,,0xbea6e584f326824c66cd6b2c4015b7b890bfe3cd9eab172363c69ca2e07fc6c2
2026-09-23T22-01-29-998Z_n-sweep_1-2-4-8-16-32-50,V2,,50,A-maioria,,,transfer,,,,0xa9059cbb,,135960,1,,0x465ed0f194e88c72adeb55b13c9b38160cb85e4cc722e7a5af85df8387d76996
2026-09-23T22-01-29-998Z_n-sweep_1-2-4-8-16-32-50,V2,,50,A-maioria,,,transfer,,,,0xa9059cbb,,135960,1,,0xd1689b874f589c86d72d375fae0451c938fd231cd4095f970e1dd1b81f8676b7
2026-09-23T22-01-29-998Z_n-sweep_1-2-4-8-16-32-50,V2,,50,A-maioria,,,transfer,,,,0xa9059cbb,,135960,1,,0xcf893e779208ade49ba3073a23cde3543874fa081e203c8b7d248491c6588cd6
2026-09-23T22-01-29-998Z_n-sweep_1-2-4-8-16-32-50,V2,,50,A-maioria,,,transfer,,,,0xa9059cbb,,135948,1,,0x55f9f4c5cbe216e8c28f62779d8fa7e3844908ecfb57361604a2d8e371d49fca
2026-09-23T22-01-29-998Z_n-sweep_1-2-4-8-16-32-50,V2,,50,A-maioria,,,transfer,,,,0xa9059cbb,,135960,1,,0x8dbb2d08f54ac53f17e18a86d078179bdcf4aecc630828e698d239a5cb1f6f8e
2026-09-23T22-01-29-998Z_n-sweep_1-2-4-8-16-32-50,V2,,50,A-maioria,,,transfer,,,,0xa9059cbb,,135960,1,,0xed649c0db846b2bff19da4f11088b84071c73ddd4ce7d3749ae53eea75ac41db
2026-09-23T22-01-29-998Z_n-sweep_1-2-4-8-16-32-50,V2,,50,A-maioria,,,transfer,,,,0xa9059cbb,,135960,1,,0xdf2cf31e73eb13bd09dd1afb5bb13ebc7ce5e2763b7e9b9cf73e62e8ef5d4e22
2026-09-23T22-01-29-998Z_n-sweep_1-2-4-8-16-32-50,V2,,50,A-maioria,,,transfer,,,,0xa9059cbb,,135960,1,,0x3c1627a4e1cac6bb0416fd3e398372366c09d1a68ecfeb6747b79ec38aedf91c
2026-09-23T22-01-29-998Z_n-sweep_1-2-4-8-16-32-50,V2,,50,A-maioria,,,transfer,,,,0xa9059cbb,,135960,1,,0xc56ae9e1eaa29c1b61ad02ffd529d88ca71dc67f8df801cf2e6338e0c93601c0
2026-09-23T22-01-29-998Z_n-sweep_1-2-4-8-16-32-50,V2,,50,A-maioria,,,transfer,,,,0xa9059cbb,,135960,1,,0x0d0753aecd5c03f9a033b2f46b7f5cd0425998608ec65fe4e251758640f116cc
2026-09-23T22-01-29-998Z_n-sweep_1-2-4-8-16-32-50,V2,,50,A-maioria,,,transfer,,,,0xa9059cbb,,135960,1,,0xefbd39c3f9ebfa93ac80f360ffd8980bec4b7e10908c53b00b1e61e174e14477
2026-09-23T22-01-29-998Z_n-sweep_1-2-4-8-16-32-50,V2,,50,A-maioria,,,transfer,,,,0xa9059cbb,,135960,1,,0x3a2f642f292c833077cfed053ba476469661e3d952ab0f9708e81024e8a131f0
2026-09-23T22-01-29-998Z_n-sweep_1-2-4-8-16-32-50,V2,,50,A-maioria,,,transfer,,,,0xa9059cbb,,135960,1,,0x92f057c6ea61052e657e17ca72c92f5b41686fa9098dc43c6670fd435baeb520
2026-09-23T22-01-29-998Z_n-sweep_1-2-4-8-16-32-50,V2,,50,A-maioria,,,transfer,,,,0xa9059cbb,,135960,1,,0x401daf28f880e62370c01be106e283ab587a6a396d0ac9a4c1790b877d11cee7
2026-09-23T22-01-29-998Z_n-sweep_1-2-4-8-16-32-50,V2,,50,A-maioria,,,transfer,,,,0xa9059cbb,,135960,1,,0x9fcb64d9dee02b77c33a03d55d294baa22cebf6f3fc60761a8ce82a27b27c4ac
2026-09-23T22-01-29-998Z_n-sweep_1-2-4-8-16-32-50,V2,,50,A-maioria,,,transfer,,,,0xa9059cbb,,135960,1,,0xb12735ad54fd91cf7224ef0aead270b7e5bf6415a1835ea5a76292fff1415cfb
2026-09-23T22-01-29-998Z_n-sweep_1-2-4-8-16-32-50,V2,,50,A-maioria,,,transfer,,,,0xa9059cbb,,135960,1,,0xfe37646fb15fa8302c991c97cf1f7c1a4a0f2b6acd720ebca26aca50888cda23
2026-09-23T22-01-29-998Z_n-sweep_1-2-4-8-16-32-50,V2,,50,A-maioria,,,transfer,,,,0xa9059cbb,,135960,1,,0xd60240538b26e59a2163ed3a22c43b9ab1484704bd0b0f3cdefabb88cb5b257e
2026-09-23T22-01-29-998Z_n-sweep_1-2-4-8-16-32-50,V2,,50,A-maioria,,,transfer,,,,0xa9059cbb,,135948,1,,0xb22c513b7fe482f54292a9bfeef77c21aacef9c17483d515bdfda6c1cf1f42bb
2026-09-23T22-01-29-998Z_n-sweep_1-2-4-8-16-32-50,V2,,50,A-maioria,,,transfer,,,,0xa9059cbb,,135960,1,,0x88644017f1f3ae21daa385d29aee8d731cf7ba0c9b61e24399db19697919acb2
2026-09-23T22-01-29-998Z_n-sweep_1-2-4-8-16-32-50,V2,,50,A-maioria,,,transfer,,,,0xa9059cbb,,135960,1,,0xad4486b295fc1a15477c5d8ebe8706f1ed097c809410e10005b1685953c2a2bb
2026-09-23T22-01-29-998Z_n-sweep_1-2-4-8-16-32-50,V2,,50,A-maioria,,,transfer,,,,0xa9059cbb,,135960,1,,0xc857927978b7fca420d8dfdcf1a08458352c71bd35216ca7bdaabdcf6a420eab
2026-09-23T22-01-29-998Z_n-sweep_1-2-4-8-16-32-50,V2,,50,A-maioria,,,transfer,,,,0xa9059cbb,,135960,1,,0x19da029d75fd0d87dc7a4f9beb9559a212c97f4650b20bec708183e96523aaba
2026-09-23T22-01-29-998Z_n-sweep_1-2-4-8-16-32-50,V2,,50,A-maioria,,,transfer,,,,0xa9059cbb,,135960,1,,0xe39ed1dd6a0f306a57d3c39746352501a07bde119ca084d195183aa8257d544c
2026-09-23T22-01-29-998Z_n-sweep_1-2-4-8-16-32-50,V2,,50,A-maioria,,,transfer,,,,0xa9059cbb,,135960,1,,0x686f042e46d0bb971f2dc7311a4b70e71aa32e852ea51402ab89ee3a2117a475
2026-09-23T22-01-29-998Z_n-sweep_1-2-4-8-16-32-50,V2,,50,A-maioria,,,transfer,,,,0xa9059cbb,,135960,1,,0xf9e0d46378d7c47514f285080aa1c0ba30ccb144fd11142fd8a0965281717e14
2026-09-23T22-01-29-998Z_n-sweep_1-2-4-8-16-32-50,V2,,50,A-maioria,,,transfer,,,,0xa9059cbb,,135960,1,,0x403d5ee904eb62cf03710c0775795d94da962bdd3fc2a81d2c0ef4752ac1fe71
2026-09-23T22-01-29-998Z_n-sweep_1-2-4-8-16-32-50,V2,,50,A-maioria,,,transfer,,,,0xa9059cbb,,135960,1,,0xfdde6c45dcc56940d6e78753c17a5c3fb5be608e7dbf8994340a63db872a194f
2026-09-23T22-01-29-998Z_n-sweep_1-2-4-8-16-32-50,V2,,50,A-maioria,,,transfer,,,,0xa9059cbb,,135960,1,,0x0ab3489848781558a75a336d69aeae715379240b5a6bd11ad38ea8bd2a829107
2026-09-23T22-01-29-998Z_n-sweep_1-2-4-8-16-32-50,V2,,50,A-maioria,,,transfer,,,,0xa9059cbb,,135960,1,,0x1682e6d0d561bf9f64b682c350f3b78d5c3a2bd231295f8d74b4c92182f6cc07
2026-09-23T22-01-29-998Z_n-sweep_1-2-4-8-16-32-50,V2,,50,A-maioria,,,transfer,,,,0xa9059cbb,,135960,1,,0x5b82226f4b3968c0c11ff4245b77ddb5c737ac3d9384e7f0f5dacf91ae505b7c
2026-09-23T22-01-29-998Z_n-sweep_1-2-4-8-16-32-50,V2,,50,A-maioria,,,transfer,,,,0xa9059cbb,,135960,1,,0x6b5817c5a2f3233a1f4755f91eec5b61a72e50556aeb151d1df361f8dcacafea
2026-09-23T22-01-29-998Z_n-sweep_1-2-4-8-16-32-50,V2,,50,A-maioria,,,transfer,,,,0xa9059cbb,,135960,1,,0x00442dfd61843442f2f62e78bcf59b803dd8498b1bad260878d59e06f48aaf95
2026-09-23T22-01-29-998Z_n-sweep_1-2-4-8-16-32-50,V2,,50,A-maioria,,,transfer,,,,0xa9059cbb,,135960,1,,0xf5d2b3eeffb65a663d93b8d3c809b6e5121b8784e868e51af3bdba2deee35a8b
2026-09-23T22-01-29-998Z_n-sweep_1-2-4-8-16-32-50,V2,,50,A-maioria,,,transfer,,,,0xa9059cbb,,135960,1,,0xf3df28ed5d40b48f8919791b5b9ed50c0de598885569cd4cda2c88678140358b
2026-09-23T22-01-29-998Z_n-sweep_1-2-4-8-16-32-50,V2,,50,A-maioria,,,transfer,,,,0xa9059cbb,,135960,1,,0xae8265c953b3c6c844fd5e7f9c7464dcd5160d081bd3f12119dae553d5383d46
2026-09-23T22-01-29-998Z_n-sweep_1-2-4-8-16-32-50,V2,,50,A-maioria,,,transfer,,,,0xa9059cbb,,135960,1,,0x2bedec0ecd73ac805d76d0b0f124d689002219a8553658ae536e50df35c6d9db
2026-09-23T22-01-29-998Z_n-sweep_1-2-4-8-16-32-50,V2,,50,A-maioria,,,transfer,,,,0xa9059cbb,,135960,1,,0x7911352af92914fc012e9271fef77802aaf80cb03b085ac5b36a82617ef3d87f
2026-09-23T22-01-29-998Z_n-sweep_1-2-4-8-16-32-50,V2,,50,A-maioria,,,transfer,,,,0xa9059cbb,,135960,1,,0x527083c9aa09a186a9dfde1d6e11e56a88c23af4ff1df829641f565d467e9eb3
2026-09-23T22-01-29-998Z_n-sweep_1-2-4-8-16-32-50,V2,,50,A-maioria,,,transfer,,,,0xa9059cbb,,135960,1,,0x4fcb61575570970b077a3f0175ad61e8f9b670d214f189be9284c9e38d23ea97
2026-09-23T22-01-29-998Z_n-sweep_1-2-4-8-16-32-50,V2,,50,A-maioria,,,transfer,,,,0xa9059cbb,,135960,1,,0x4e542c0f00edf948e31ae0044ddc651c40f57f37ff7015611a62d6daf389f5c0
2026-09-23T22-01-29-998Z_n-sweep_1-2-4-8-16-32-50,V2,,50,A-maioria,,,transfer,,,,0xa9059cbb,,135948,1,,0x678ff5ad84e5f134b40dad86f148a340f9fbc604f5ec27a98b7c60856ee1e375
2026-09-23T22-01-29-998Z_n-sweep_1-2-4-8-16-32-50,V2,,50,A-maioria,,,transfer,,,,0xa9059cbb,,135960,1,,0x8c9fe884dc095bd2cb142ad2f4c3a32815bf358db82984445b1bebe0c495a13f
2026-09-23T22-01-29-998Z_n-sweep_1-2-4-8-16-32-50,V2,,50,A-maioria,,,transfer,,,,0xa9059cbb,,135960,1,,0xcae168b52d2afa75f1568ef6aadf2694b4b83c844b2cc07cfa891dbd891f714c
2026-09-23T22-01-29-998Z_n-sweep_1-2-4-8-16-32-50,V2,,50,A-maioria,,,propose,,,propose,0x7d5e81e2,WasteCategoryRegistry.updateCredits,63790,1,,0x9be04bd90696819e8bc0e553628f03067518d88bdfd89918189bd85e87a300cb
2026-09-23T22-01-29-998Z_n-sweep_1-2-4-8-16-32-50,V2,,50,A-maioria,,,vote,1,for,,0x56781388,,82468,1,,0xccb7d4557270f3ef4ed58acfb323383fb205017045c91b1aaf3afe3344928b73
2026-09-23T22-01-29-998Z_n-sweep_1-2-4-8-16-32-50,V2,,50,A-maioria,,,vote,2,for,,0x56781388,,65368,1,,0x0b641076bc1cead24cd8f9d839c3e21235d75789133819699630089cd540aa6f
2026-09-23T22-01-29-998Z_n-sweep_1-2-4-8-16-32-50,V2,,50,A-maioria,,,vote,3,for,,0x56781388,,65368,1,,0xeeaa0a374b39194fd7238200ad68653e0b2784cbb0d2d4e37c9a88c1c9104bb3
2026-09-23T22-01-29-998Z_n-sweep_1-2-4-8-16-32-50,V2,,50,A-maioria,,,vote,4,for,,0x56781388,,65368,1,,0x3ff19af3308638dfbc25d4b1f6348c66b85b31c1e62d036caa34192d83434ac6
2026-09-23T22-01-29-998Z_n-sweep_1-2-4-8-16-32-50,V2,,50,A-maioria,,,vote,5,for,,0x56781388,,65368,1,,0xf7c794d9a71a6b466572c87a1f6604039f08d5718716be62d98a27e79316891c
2026-09-23T22-01-29-998Z_n-sweep_1-2-4-8-16-32-50,V2,,50,A-maioria,,,vote,6,for,,0x56781388,,65368,1,,0x4d5fc255d79f36c1e339e508e85c41039fe7284e560696be56ca98f1d6cf3ffc
2026-09-23T22-01-29-998Z_n-sweep_1-2-4-8-16-32-50,V2,,50,A-maioria,,,vote,7,for,,0x56781388,,65368,1,,0x32b16d57b97eeed72e91e4f24e458c5c8a8febfbb123f9fc0d82ec8d402cd465
2026-09-23T22-01-29-998Z_n-sweep_1-2-4-8-16-32-50,V2,,50,A-maioria,,,vote,8,for,,0x56781388,,65368,1,,0xb9c24194e1ecc0db7b826db351bbebae9a024cdf4b8082a358e2afdd10d3a21c
2026-09-23T22-01-29-998Z_n-sweep_1-2-4-8-16-32-50,V2,,50,A-maioria,,,vote,9,for,,0x56781388,,65368,1,,0xa5035147b712853284bd6d26bac8a3d94ebfba2c3ae4660254091825952940f3
2026-09-23T22-01-29-998Z_n-sweep_1-2-4-8-16-32-50,V2,,50,A-maioria,,,vote,10,for,,0x56781388,,65368,1,,0xf9865264e1c55e3bb25b6cc2b71297d73996d497d05e52591f5fb995fb6ff75a
2026-09-23T22-01-29-998Z_n-sweep_1-2-4-8-16-32-50,V2,,50,A-maioria,,,vote,11,for,,0x56781388,,65368,1,,0xa930947e44ebc8cbe4badbd2ba0546d4a03d45300faa64bdfef9f0ee69d7bc9f
2026-09-23T22-01-29-998Z_n-sweep_1-2-4-8-16-32-50,V2,,50,A-maioria,,,vote,12,for,,0x56781388,,65368,1,,0xf83d20f0645598e8e41995071bc299e0bf9c033ca4f3f12a67be0bc25f75c2a8
2026-09-23T22-01-29-998Z_n-sweep_1-2-4-8-16-32-50,V2,,50,A-maioria,,,vote,13,for,,0x56781388,,65368,1,,0xd5b20141fbf2f5a4b8345ac6d6d9a7a21355fa96db3272f893a7f16ad5a61aa0
2026-09-23T22-01-29-998Z_n-sweep_1-2-4-8-16-32-50,V2,,50,A-maioria,,,vote,14,for,,0x56781388,,65368,1,,0x24e8df5c6fdbe176a4cd11eb4643a4dd187f6e8c0cb76587105b73828d6a9ba2
2026-09-23T22-01-29-998Z_n-sweep_1-2-4-8-16-32-50,V2,,50,A-maioria,,,vote,15,for,,0x56781388,,65368,1,,0xc3e94450843a156211ca87eab79315aa7e674c4adbcde741adca7c6edd94a9ae
2026-09-23T22-01-29-998Z_n-sweep_1-2-4-8-16-32-50,V2,,50,A-maioria,,,vote,16,for,,0x56781388,,65368,1,,0x31e1defb7f1782ab85430e0be55b3d48eecc337c57a59836af040af8e0a7dfc0
2026-09-23T22-01-29-998Z_n-sweep_1-2-4-8-16-32-50,V2,,50,A-maioria,,,vote,17,for,,0x56781388,,65368,1,,0x11c3c443b9b25bd5ce599709c8b9087a4e711ae0f5a5560ba8fec140222d6c5e
2026-09-23T22-01-29-998Z_n-sweep_1-2-4-8-16-32-50,V2,,50,A-maioria,,,vote,18,for,,0x56781388,,65368,1,,0x94456005c06afc8e4965d2fd9f400e13e73f87329e47334dac6ce079e400523a
2026-09-23T22-01-29-998Z_n-sweep_1-2-4-8-16-32-50,V2,,50,A-maioria,,,vote,19,for,,0x56781388,,65368,1,,0x16fde8e70c95792477c8e79cc65b937d47a7ccc2f25410cba05867152de3b241
2026-09-23T22-01-29-998Z_n-sweep_1-2-4-8-16-32-50,V2,,50,A-maioria,,,vote,20,for,,0x56781388,,65368,1,,0x2b25355089429f1a2f9d87e47b91798c1211f1f84226f1f5c5b5f6f8e8591b91
2026-09-23T22-01-29-998Z_n-sweep_1-2-4-8-16-32-50,V2,,50,A-maioria,,,vote,21,for,,0x56781388,,65368,1,,0xd7ed6f4e9facb9af83c879d1ee3a42c74f7901d551472a49ffda6d54ecf70684
2026-09-23T22-01-29-998Z_n-sweep_1-2-4-8-16-32-50,V2,,50,A-maioria,,,vote,22,for,,0x56781388,,65368,1,,0xd5a31fa206269ea399446bfa7e98c0e1ff8c6bd4f3cac9e6c74dbbfff149ea72
2026-09-23T22-01-29-998Z_n-sweep_1-2-4-8-16-32-50,V2,,50,A-maioria,,,vote,23,for,,0x56781388,,65368,1,,0xb8b98c7174d2afd756ee16e5b90cb73e18e81979fe5384057e954669d39bb7a7
2026-09-23T22-01-29-998Z_n-sweep_1-2-4-8-16-32-50,V2,,50,A-maioria,,,vote,24,for,,0x56781388,,65368,1,,0xbfd92230f7e37a122b4be23705b680127307e6f8c98d999401df6ace21c5b87b
2026-09-23T22-01-29-998Z_n-sweep_1-2-4-8-16-32-50,V2,,50,A-maioria,,,vote,25,for,,0x56781388,,65368,1,,0x89b9380eb190148aaca5fc027fe6c38e8ac48810e3b27f4e7618318536274310
2026-09-23T22-01-29-998Z_n-sweep_1-2-4-8-16-32-50,V2,,50,A-maioria,,,vote,26,for,,0x56781388,,65368,1,,0xd5a21ab88748b2b6cbec64e4a3a64eb33926b988a3f253647a6f2d9f1fe0d55b
2026-09-23T22-01-29-998Z_n-sweep_1-2-4-8-16-32-50,V2,,50,A-maioria,,,vote,1,against,,0x56781388,,82416,1,,0x46c54965e40e29458fe37ed88367166443fb0d3595c0eef9d725b6874eb61ebb
2026-09-23T22-01-29-998Z_n-sweep_1-2-4-8-16-32-50,V2,,50,A-maioria,,,vote,2,against,,0x56781388,,65316,1,,0x929eb49090dcbdf5d23a7254be632f5dea79b97e8d7a662bcdc7be9ffbb580d7
2026-09-23T22-01-29-998Z_n-sweep_1-2-4-8-16-32-50,V2,,50,A-maioria,,,vote,3,against,,0x56781388,,65316,1,,0xc536643bf0641c4e7a768e5d1afec035b2aeb60f58a69e6fcacbffd1e364a513
2026-09-23T22-01-29-998Z_n-sweep_1-2-4-8-16-32-50,V2,,50,A-maioria,,,vote,4,against,,0x56781388,,65316,1,,0xca18958ef4411c301f707d1b944825e269b474433b97a94fbd1ba483fda1a9f7
2026-09-23T22-01-29-998Z_n-sweep_1-2-4-8-16-32-50,V2,,50,A-maioria,,,vote,5,against,,0x56781388,,65316,1,,0xa2033e98e42dd524e8e295caef904b034c326684b62131e8f2025cbf6b90973e
2026-09-23T22-01-29-998Z_n-sweep_1-2-4-8-16-32-50,V2,,50,A-maioria,,,vote,6,against,,0x56781388,,65316,1,,0xc6ca151597a5655b0794bc4b43dbae5df9d0d9cafab774189534b106229b087c
2026-09-23T22-01-29-998Z_n-sweep_1-2-4-8-16-32-50,V2,,50,A-maioria,,,vote,7,against,,0x56781388,,65316,1,,0xa13003b7d57f404ba8aab7a88609b867523670d0164399f955f0b23fed441479
2026-09-23T22-01-29-998Z_n-sweep_1-2-4-8-16-32-50,V2,,50,A-maioria,,,vote,8,against,,0x56781388,,65316,1,,0x85590ae5bfdb41cfe5763e53d5f1b9584a231eccd68590f36e0eda0254623c0a
2026-09-23T22-01-29-998Z_n-sweep_1-2-4-8-16-32-50,V2,,50,A-maioria,,,vote,9,against,,0x56781388,,65316,1,,0x087557a21f80812b6e0a779bc89d6f49dff0225a3d355f5e836d5d78d0e0a534
2026-09-23T22-01-29-998Z_n-sweep_1-2-4-8-16-32-50,V2,,50,A-maioria,,,vote,10,against,,0x56781388,,65316,1,,0x5736184d02546fed772e04d6727109eff971509681bb351802b7fc52a100ca0f
2026-09-23T22-01-29-998Z_n-sweep_1-2-4-8-16-32-50,V2,,50,A-maioria,,,vote,11,against,,0x56781388,,65316,1,,0x2bd96de6c12195ef93f99bb9e2062d3a1b5dd244e80337f8a7082639047a0a13
2026-09-23T22-01-29-998Z_n-sweep_1-2-4-8-16-32-50,V2,,50,A-maioria,,,vote,12,against,,0x56781388,,65316,1,,0xe97e13fe6617756f174b8dbb0682cb5fc3c5da0498daff4e5398f60635d95828
2026-09-23T22-01-29-998Z_n-sweep_1-2-4-8-16-32-50,V2,,50,A-maioria,,,vote,13,against,,0x56781388,,65316,1,,0xed058684e17c320d4a08bf4303fbba09958e862393680f035db724f4af8dff14
2026-09-23T22-01-29-998Z_n-sweep_1-2-4-8-16-32-50,V2,,50,A-maioria,,,vote,14,against,,0x56781388,,65316,1,,0xfa6fb40e5557eb03722101c53d3b92715e7046f766b5b6ca8133278bc4edd8aa
2026-09-23T22-01-29-998Z_n-sweep_1-2-4-8-16-32-50,V2,,50,A-maioria,,,vote,15,against,,0x56781388,,65316,1,,0x36b45642a3582d8eb6882f7ef6b15c5f9f6faccf139ee602ab12634c32481daa
2026-09-23T22-01-29-998Z_n-sweep_1-2-4-8-16-32-50,V2,,50,A-maioria,,,vote,16,against,,0x56781388,,65316,1,,0x433ae286e4b1f97220c3d5ba1177252d2bdbfc9b1da479f1d570af5254fd262e
2026-09-23T22-01-29-998Z_n-sweep_1-2-4-8-16-32-50,V2,,50,A-maioria,,,vote,17,against,,0x56781388,,65316,1,,0x49811e9b44b290fc2ca5643e7918cc395f172c21393315c42f5ba87e7040f0ef
2026-09-23T22-01-29-998Z_n-sweep_1-2-4-8-16-32-50,V2,,50,A-maioria,,,vote,18,against,,0x56781388,,65316,1,,0x6fcb0af20dd608262c71e82af2dede0e6beb187a304dd43fde5c6833ea189c01
2026-09-23T22-01-29-998Z_n-sweep_1-2-4-8-16-32-50,V2,,50,A-maioria,,,vote,19,against,,0x56781388,,65316,1,,0x331788e82e00796457bdf3d86dc75db560f4c328e8387ce3c1b2ce1763fd31e5
2026-09-23T22-01-29-998Z_n-sweep_1-2-4-8-16-32-50,V2,,50,A-maioria,,,vote,20,against,,0x56781388,,65316,1,,0xa622611ff52e99c1f026db2fc889d21c8538c60c3c3709d2fad8ff507d7d6c15
2026-09-23T22-01-29-998Z_n-sweep_1-2-4-8-16-32-50,V2,,50,A-maioria,,,vote,21,against,,0x56781388,,65316,1,,0x304ece416b8fbe62db47deba422a3eeb4692364e5b03b97dbeb497bf12af04e7
2026-09-23T22-01-29-998Z_n-sweep_1-2-4-8-16-32-50,V2,,50,A-maioria,,,vote,22,against,,0x56781388,,65316,1,,0x221018719d0891003f5f4965c21bca8b7d3c58cbec3ddcf7b745c78c3591ec28
2026-09-23T22-01-29-998Z_n-sweep_1-2-4-8-16-32-50,V2,,50,A-maioria,,,vote,23,against,,0x56781388,,65316,1,,0xa1efe53e7fef6fec214d7ef09b37ecb6c01cc6ba8355271e1b37e36f2fdcfe1d
2026-09-23T22-01-29-998Z_n-sweep_1-2-4-8-16-32-50,V2,,50,A-maioria,,,vote,24,against,,0x56781388,,65316,1,,0xdd11b0d5154d8c51070fa8f3016f6cb7f4dd4641257feae719ba475d478dbe8b
2026-09-23T22-01-29-998Z_n-sweep_1-2-4-8-16-32-50,V2,,50,A-maioria,,,execute,,,execute,0x2656227d,WasteCategoryRegistry.updateCredits,60847,1,,0xb35e13fa01e833801f5ad1073226c72bbaacb84cdebff3256c1ef84d6dac5a77
2026-09-23T22-01-29-998Z_n-sweep_1-2-4-8-16-32-50,V0,T1,,,,,deploy_token_T1,,,constructor,0x61016060,,1621017,1,,0xece28f063ba256e8fc65152daf61fe745a7823e8ba387b1b661409f18f6dc4cc
2026-09-23T22-01-29-998Z_n-sweep_1-2-4-8-16-32-50,V0,,,,,,deploy_registry,,,constructor,0x60806040,,4590964,1,,0x9005486642112873086c0faf3a06ce7199e3377186a80eb6eea4235f5e1c6f56
2026-09-23T22-01-29-998Z_n-sweep_1-2-4-8-16-32-50,V0,,,,,,deploy_governor_V0,,,constructor,0x6101c080,,2133394,1,,0x8b33a795df9df0e5a3cb812430955580d1fb4f654a6028dd161238e13d560524
2026-09-23T22-01-29-998Z_n-sweep_1-2-4-8-16-32-50,V0,,,,,,grant_admin_role,,,grantRole,0x2f2ff15d,,50799,1,,0xb518a3911be32f0a59dcaec3e43c7ec54010f07f3e473d550516b1aab1a18d6b
2026-09-23T22-01-29-998Z_n-sweep_1-2-4-8-16-32-50,V0,,,,,,revoke_deployer_admin_role,,,revokeRole,0xd547741f,,27116,1,,0x8cb08b8b6ca45600b76a431b4cd18aee2095374e00c890903bfaa28d83b5f82b
2026-09-23T22-01-29-998Z_n-sweep_1-2-4-8-16-32-50,V0,,50,D-voto,,,delegate_admin,,,,0x5c19a95c,,95559,1,,0xfa43c1f7a1a1658c8aeac58119b26e806face10fc63ae3e18099942309f4d395
2026-09-23T22-01-29-998Z_n-sweep_1-2-4-8-16-32-50,V0,,50,D-voto,,,delegate,,,,0x5c19a95c,,48347,1,,0xf96ae171d39b1290c248e3ee88c92c43e24751ff4aacf46bad404cad29a33e37
2026-09-23T22-01-29-998Z_n-sweep_1-2-4-8-16-32-50,V0,,50,D-voto,,,delegate,,,,0x5c19a95c,,48335,1,,0x65ff74d2610d5c80f16dc62aa4e01b339a9ecd8c95911ae092d678a9792cdcb8
2026-09-23T22-01-29-998Z_n-sweep_1-2-4-8-16-32-50,V0,,50,D-voto,,,delegate,,,,0x5c19a95c,,48347,1,,0xb06e4e18b389cc3c69848b844c44927f26087a909c0e4532a1ba892e8d7bac4c
2026-09-23T22-01-29-998Z_n-sweep_1-2-4-8-16-32-50,V0,,50,D-voto,,,delegate,,,,0x5c19a95c,,48347,1,,0xfdc5c4ae6e458adbd0780d18d4ef20dca6b7a02f3efff2f7c0eec7590e340a41
2026-09-23T22-01-29-998Z_n-sweep_1-2-4-8-16-32-50,V0,,50,D-voto,,,delegate,,,,0x5c19a95c,,48347,1,,0x5c4d4bc02e09949d860a2c409a26209335f7c4e4eca7ac13d0e60a5cf0d0f233
2026-09-23T22-01-29-998Z_n-sweep_1-2-4-8-16-32-50,V0,,50,D-voto,,,delegate,,,,0x5c19a95c,,48347,1,,0x8eb2597a239d7d5a9d780141fa850308f21a221b62b2f0b2cd01922a25b294b2
2026-09-23T22-01-29-998Z_n-sweep_1-2-4-8-16-32-50,V0,,50,D-voto,,,delegate,,,,0x5c19a95c,,48347,1,,0x61b0a2cbceae6ab3b47dbad41fbaa57485b4b4545814b177fb76f5e80989f4b6
2026-09-23T22-01-29-998Z_n-sweep_1-2-4-8-16-32-50,V0,,50,D-voto,,,delegate,,,,0x5c19a95c,,48347,1,,0x8e8293e79ce57e8b2bd6c914c167b0ec5858ded7d332cc962607075acbcc0b43
2026-09-23T22-01-29-998Z_n-sweep_1-2-4-8-16-32-50,V0,,50,D-voto,,,delegate,,,,0x5c19a95c,,48347,1,,0x700d26ece381a9328c0c0607c8015a890a8cc373fc0ec5e3e5957a9b1720c821
2026-09-23T22-01-29-998Z_n-sweep_1-2-4-8-16-32-50,V0,,50,D-voto,,,delegate,,,,0x5c19a95c,,48335,1,,0x827f347ed9162ee5aa31942cb2cd15f5b7940183deaee5d4a11b6efe87452173
2026-09-23T22-01-29-998Z_n-sweep_1-2-4-8-16-32-50,V0,,50,D-voto,,,delegate,,,,0x5c19a95c,,48347,1,,0x05e0616bb804c3cd4df19f7b0cf511dbcb6e9524c52bcfbf8b39223490cc0846
2026-09-23T22-01-29-998Z_n-sweep_1-2-4-8-16-32-50,V0,,50,D-voto,,,delegate,,,,0x5c19a95c,,48347,1,,0x7409a97667b08d9b70b0d678843340d442fad8337ae46944499977e000325f92
2026-09-23T22-01-29-998Z_n-sweep_1-2-4-8-16-32-50,V0,,50,D-voto,,,delegate,,,,0x5c19a95c,,48347,1,,0x06bc39c687cf89ca2626bc142b16cf4a83fd68b90155fd6344acd5c17148d8a6
2026-09-23T22-01-29-998Z_n-sweep_1-2-4-8-16-32-50,V0,,50,D-voto,,,delegate,,,,0x5c19a95c,,48347,1,,0xe5d3691fe9ffad366e158fc098b74dd6635f083c235a6588c23e1d5313889cc9
2026-09-23T22-01-29-998Z_n-sweep_1-2-4-8-16-32-50,V0,,50,D-voto,,,delegate,,,,0x5c19a95c,,48347,1,,0x75300fe9f7d70fbe306b3cefadf0423a64334a4470eee34e958b76b4418900c0
2026-09-23T22-01-29-998Z_n-sweep_1-2-4-8-16-32-50,V0,,50,D-voto,,,delegate,,,,0x5c19a95c,,48347,1,,0xef2cf8fae96fa4c95b9eb5fc78e668af4f5126a23f921c90e15afdcffccd9bf9
2026-09-23T22-01-29-998Z_n-sweep_1-2-4-8-16-32-50,V0,,50,D-voto,,,delegate,,,,0x5c19a95c,,48347,1,,0x75636b14aa58b1ee084fe99cfffb238b737ed57732e5f8ae341a0948974569ff
2026-09-23T22-01-29-998Z_n-sweep_1-2-4-8-16-32-50,V0,,50,D-voto,,,delegate,,,,0x5c19a95c,,48347,1,,0x65f4191d52cde8745142fbad7dab453ac77b84433334a064c65edeec324649be
2026-09-23T22-01-29-998Z_n-sweep_1-2-4-8-16-32-50,V0,,50,D-voto,,,delegate,,,,0x5c19a95c,,48347,1,,0x0015672d62ab0be7ad971272757786d6751bd437c259b6f784a5abb0f9f433e0
2026-09-23T22-01-29-998Z_n-sweep_1-2-4-8-16-32-50,V0,,50,D-voto,,,delegate,,,,0x5c19a95c,,48347,1,,0xf061e3370e552636294057b3e13f8e38e49eb9ccd954add59da578817c58a14b
2026-09-23T22-01-29-998Z_n-sweep_1-2-4-8-16-32-50,V0,,50,D-voto,,,delegate,,,,0x5c19a95c,,48347,1,,0x68475bd925d88da79400657a3df0347cc6be2f887e9fd5fcbf64f6c37d69bf4c
2026-09-23T22-01-29-998Z_n-sweep_1-2-4-8-16-32-50,V0,,50,D-voto,,,delegate,,,,0x5c19a95c,,48347,1,,0xd0da4d004b36ebb022f1b178255cff262f0f75fc2d5a7fda434ccc846c4f7499
2026-09-23T22-01-29-998Z_n-sweep_1-2-4-8-16-32-50,V0,,50,D-voto,,,delegate,,,,0x5c19a95c,,48347,1,,0xaae5636599004f1ba254fea80dbb33335f44a116db4d94090e99b80481406327
2026-09-23T22-01-29-998Z_n-sweep_1-2-4-8-16-32-50,V0,,50,D-voto,,,delegate,,,,0x5c19a95c,,48347,1,,0xfcd4c1dd668d5148e045ce4771c59bdb6f602ef49d2404bbfeb296fc6ce93753
2026-09-23T22-01-29-998Z_n-sweep_1-2-4-8-16-32-50,V0,,50,D-voto,,,delegate,,,,0x5c19a95c,,48335,1,,0x4ebfe89be7e94686ecfb217057d8b4fa5161bcce6d50adcc044a0aff6d4282af
2026-09-23T22-01-29-998Z_n-sweep_1-2-4-8-16-32-50,V0,,50,D-voto,,,delegate,,,,0x5c19a95c,,48347,1,,0xb3d77ed4f7a6d94080b6c775433f6c6f21a916c783059136f4572f52dc3a8874
2026-09-23T22-01-29-998Z_n-sweep_1-2-4-8-16-32-50,V0,,50,D-voto,,,delegate,,,,0x5c19a95c,,48347,1,,0x127f4971e3e590d8328bd74ed6096c37b20e6836b27cf90514b9a87cd503f413
2026-09-23T22-01-29-998Z_n-sweep_1-2-4-8-16-32-50,V0,,50,D-voto,,,delegate,,,,0x5c19a95c,,48347,1,,0xb67155a13ea706a326342e60462ed0ed7c4a680e0112e43260248751f2fe896b
2026-09-23T22-01-29-998Z_n-sweep_1-2-4-8-16-32-50,V0,,50,D-voto,,,delegate,,,,0x5c19a95c,,48347,1,,0xe2be7e7d00839d4fa7d3020666aa9dcf9efcdc40f9fa77a35592a87459c52b90
2026-09-23T22-01-29-998Z_n-sweep_1-2-4-8-16-32-50,V0,,50,D-voto,,,delegate,,,,0x5c19a95c,,48347,1,,0xb535243780f9c28da64ec7309760125fe2487568589114d83acf79e30a47d760
2026-09-23T22-01-29-998Z_n-sweep_1-2-4-8-16-32-50,V0,,50,D-voto,,,delegate,,,,0x5c19a95c,,48347,1,,0x293dda08d12cb640488f1dad6a8ab9d2c5b59be364ffe60275d52382b886183e
2026-09-23T22-01-29-998Z_n-sweep_1-2-4-8-16-32-50,V0,,50,D-voto,,,delegate,,,,0x5c19a95c,,48347,1,,0xacef40fd99317b96d80072941137339058a20720c237b0b3cc16b1e2fa83b630
2026-09-23T22-01-29-998Z_n-sweep_1-2-4-8-16-32-50,V0,,50,D-voto,,,delegate,,,,0x5c19a95c,,48347,1,,0x874e3bdbbb382b33fc802e762b8afaeb74890371f9e90e42b654398963d5450a
2026-09-23T22-01-29-998Z_n-sweep_1-2-4-8-16-32-50,V0,,50,D-voto,,,delegate,,,,0x5c19a95c,,48347,1,,0xc4ce881a3229757ef0916b5b38f56fd71ea37dc4ce0c25657fe825333b1390a9
2026-09-23T22-01-29-998Z_n-sweep_1-2-4-8-16-32-50,V0,,50,D-voto,,,delegate,,,,0x5c19a95c,,48347,1,,0x948aa1237a772b9ae7ceaf6a877c58a9eaee86be4b1632334a83eb32fc9c970e
2026-09-23T22-01-29-998Z_n-sweep_1-2-4-8-16-32-50,V0,,50,D-voto,,,delegate,,,,0x5c19a95c,,48347,1,,0x724a0f6b2002a9186c36b165e7ecbbc7a40a76030969b40a2e2577eb54a1820f
2026-09-23T22-01-29-998Z_n-sweep_1-2-4-8-16-32-50,V0,,50,D-voto,,,delegate,,,,0x5c19a95c,,48347,1,,0xe6bf6e8535c492cbc219ebcb66906e13fe0e8aba65db27b0ee807a9ce50159a6
2026-09-23T22-01-29-998Z_n-sweep_1-2-4-8-16-32-50,V0,,50,D-voto,,,delegate,,,,0x5c19a95c,,48347,1,,0x99934c52da999bd333bf0bcb8dcb9052eb729ff6de129a19e7858a1114758b5f
2026-09-23T22-01-29-998Z_n-sweep_1-2-4-8-16-32-50,V0,,50,D-voto,,,delegate,,,,0x5c19a95c,,48347,1,,0xae5a74f4a15509d401b33a9d2e0d0b103c7368bbda3092183fd7afec21fe1b38
2026-09-23T22-01-29-998Z_n-sweep_1-2-4-8-16-32-50,V0,,50,D-voto,,,delegate,,,,0x5c19a95c,,48347,1,,0x4e03c40365e3f08445610173d8a5aab17c1a9985617b23002e99146989bde67b
2026-09-23T22-01-29-998Z_n-sweep_1-2-4-8-16-32-50,V0,,50,D-voto,,,delegate,,,,0x5c19a95c,,48347,1,,0xbd7c7e71b663e95a1ebb4df4d571f63f55405d7c2a5a3b82f3bfd4bd2f4a4f3c
2026-09-23T22-01-29-998Z_n-sweep_1-2-4-8-16-32-50,V0,,50,D-voto,,,delegate,,,,0x5c19a95c,,48347,1,,0x5710d169af4337148348bf7e90435b7ad2643c5cb5e68be237c055acf992bb1d
2026-09-23T22-01-29-998Z_n-sweep_1-2-4-8-16-32-50,V0,,50,D-voto,,,delegate,,,,0x5c19a95c,,48347,1,,0x26ac86c5b4e952fd269d281f8f584bac9de144147fc74ac458b0892301875b65
2026-09-23T22-01-29-998Z_n-sweep_1-2-4-8-16-32-50,V0,,50,D-voto,,,delegate,,,,0x5c19a95c,,48347,1,,0xdd18dda4f7d2f9d5017a5099fc65f2bde9900c2b7f7cd9142c85bc45302d997d
2026-09-23T22-01-29-998Z_n-sweep_1-2-4-8-16-32-50,V0,,50,D-voto,,,delegate,,,,0x5c19a95c,,48347,1,,0x2526a88e7a9bc23abf7e291112eed1cf1dc580bc6f130dac24bd7d5944d87477
2026-09-23T22-01-29-998Z_n-sweep_1-2-4-8-16-32-50,V0,,50,D-voto,,,delegate,,,,0x5c19a95c,,48347,1,,0x3075040da32eb21282662e62054f3e200a8446f2d4f403eef3fa94bb1635ff76
2026-09-23T22-01-29-998Z_n-sweep_1-2-4-8-16-32-50,V0,,50,D-voto,,,delegate,,,,0x5c19a95c,,48347,1,,0x066952594f6e38e25be3e8a6a7f209366afa55abc166c93a8e224bb511c8494d
2026-09-23T22-01-29-998Z_n-sweep_1-2-4-8-16-32-50,V0,,50,D-voto,,,delegate,,,,0x5c19a95c,,48335,1,,0x8bb8a33bff13c7144c1f418543083d6f94567244d79ea8f619a0c75a2f27fa4a
2026-09-23T22-01-29-998Z_n-sweep_1-2-4-8-16-32-50,V0,,50,D-voto,,,delegate,,,,0x5c19a95c,,48347,1,,0x6c54c809c4f9534d5cba051c534c1e8766baef0a8a908131461d33d9128bbfcc
2026-09-23T22-01-29-998Z_n-sweep_1-2-4-8-16-32-50,V0,,50,D-voto,,,delegate,,,,0x5c19a95c,,48347,1,,0x8adf4db6c4d4616dc2f62bf4dd64239a4831bcda025ec23ae708a17092102b68
2026-09-23T22-01-29-998Z_n-sweep_1-2-4-8-16-32-50,V0,,50,D-voto,,,transfer,,,,0xa9059cbb,,135960,1,,0x4738f12ddbf16b15af30490182badd2176f325bdbab0b6478398bbec79b7dc28
2026-09-23T22-01-29-998Z_n-sweep_1-2-4-8-16-32-50,V0,,50,D-voto,,,transfer,,,,0xa9059cbb,,135948,1,,0xdb5365bb2be3b7b8cc112f0213d633ade3c7e7bc7ad9aaecf62e64ed9e1a7caf
2026-09-23T22-01-29-998Z_n-sweep_1-2-4-8-16-32-50,V0,,50,D-voto,,,transfer,,,,0xa9059cbb,,135960,1,,0xf98f425e5752485b25ef0ccd95a4c78376b83c881983a0bac773be47febfb65f
2026-09-23T22-01-29-998Z_n-sweep_1-2-4-8-16-32-50,V0,,50,D-voto,,,transfer,,,,0xa9059cbb,,135960,1,,0x282473fb0ccbf3e1c08e1e9108475757ea33bdb7a1ec0fd7e9972935b8147ff9
2026-09-23T22-01-29-998Z_n-sweep_1-2-4-8-16-32-50,V0,,50,D-voto,,,transfer,,,,0xa9059cbb,,135960,1,,0x3be689c6bafe86b1298a5cdf8208350cc4ed03f598caecb4ba939120ca95cbdc
2026-09-23T22-01-29-998Z_n-sweep_1-2-4-8-16-32-50,V0,,50,D-voto,,,transfer,,,,0xa9059cbb,,135960,1,,0x9de6714ab89d8a5fd3f2597570bc143f3a1af9127378ed9af281e65fc3ec9fe3
2026-09-23T22-01-29-998Z_n-sweep_1-2-4-8-16-32-50,V0,,50,D-voto,,,transfer,,,,0xa9059cbb,,135960,1,,0x7e80f334a1dee70982fdab945ebab57269fa1beb2d43e65f710360b0a2cd982e
2026-09-23T22-01-29-998Z_n-sweep_1-2-4-8-16-32-50,V0,,50,D-voto,,,transfer,,,,0xa9059cbb,,135960,1,,0x27b1ae83c293848bd4c7ef8e83394180fe459102a982bdb0e0ae72172b47c354
2026-09-23T22-01-29-998Z_n-sweep_1-2-4-8-16-32-50,V0,,50,D-voto,,,transfer,,,,0xa9059cbb,,135960,1,,0x96b0fdfd4af3aa894f947917a36b55e1ad07a60d97edb7750d413e9dee2381db
2026-09-23T22-01-29-998Z_n-sweep_1-2-4-8-16-32-50,V0,,50,D-voto,,,transfer,,,,0xa9059cbb,,135948,1,,0x7453cb68c65eced2c1a8c0edc7d2e6fa2a15d17379d1524cccbce7273eb710e2
2026-09-23T22-01-29-998Z_n-sweep_1-2-4-8-16-32-50,V0,,50,D-voto,,,transfer,,,,0xa9059cbb,,135960,1,,0xcfdfd9f8e74005133c4ec2fd8a45d7fa3c34b933659d0d018b7373909c364a3e
2026-09-23T22-01-29-998Z_n-sweep_1-2-4-8-16-32-50,V0,,50,D-voto,,,transfer,,,,0xa9059cbb,,135960,1,,0x2e2a45a060e33ad6eba15323c3a182a7702afc84c27cee14937941973cb7195b
2026-09-23T22-01-29-998Z_n-sweep_1-2-4-8-16-32-50,V0,,50,D-voto,,,transfer,,,,0xa9059cbb,,135960,1,,0x722861688ab8b9316c7799d53a4d244274fa5496db0445e9c2d2dfebf40d2897
2026-09-23T22-01-29-998Z_n-sweep_1-2-4-8-16-32-50,V0,,50,D-voto,,,transfer,,,,0xa9059cbb,,135960,1,,0xf2376b0b632ee2352a46ae959e025cffa360b8a0b80fe50067621a998c1c43ad
2026-09-23T22-01-29-998Z_n-sweep_1-2-4-8-16-32-50,V0,,50,D-voto,,,transfer,,,,0xa9059cbb,,135960,1,,0x156ccb35128f8673eab3be2c7c688727058a7508fbe508737eafc52903bd8a6c
2026-09-23T22-01-29-998Z_n-sweep_1-2-4-8-16-32-50,V0,,50,D-voto,,,transfer,,,,0xa9059cbb,,135960,1,,0x434ff5731b4fe7cad4d5fae127a37979539dd00a9c81ff44d7f9952eaec35981
2026-09-23T22-01-29-998Z_n-sweep_1-2-4-8-16-32-50,V0,,50,D-voto,,,transfer,,,,0xa9059cbb,,135960,1,,0xff53509b7ffa83e91a8d9f7308739cadef5de861d1ac9b010f8563630ddbb9e8
2026-09-23T22-01-29-998Z_n-sweep_1-2-4-8-16-32-50,V0,,50,D-voto,,,transfer,,,,0xa9059cbb,,135960,1,,0x1481a6fac12abbfb5ae438615ae4c4890ac6c3f37e8bafd47abaebebb776710e
2026-09-23T22-01-29-998Z_n-sweep_1-2-4-8-16-32-50,V0,,50,D-voto,,,transfer,,,,0xa9059cbb,,135960,1,,0x40d31992dad738e7161a566a97470f4f23d6224713e3a3a21f23a99f256113ad
2026-09-23T22-01-29-998Z_n-sweep_1-2-4-8-16-32-50,V0,,50,D-voto,,,transfer,,,,0xa9059cbb,,135960,1,,0xd431457b152a5fbcd99e6a68f5e09c4ea8ddcc9957b99171d54a0ec35f2e2d5a
2026-09-23T22-01-29-998Z_n-sweep_1-2-4-8-16-32-50,V0,,50,D-voto,,,transfer,,,,0xa9059cbb,,135960,1,,0xdaeea444fedb436c0f47827c738f564c1f0cd769f13db84099d2267a182c9da4
2026-09-23T22-01-29-998Z_n-sweep_1-2-4-8-16-32-50,V0,,50,D-voto,,,transfer,,,,0xa9059cbb,,135960,1,,0xb6aac0f166fa785c1143df1ecc212bd14ea1f84c2b60f02bb9852740c6bd0b1f
2026-09-23T22-01-29-998Z_n-sweep_1-2-4-8-16-32-50,V0,,50,D-voto,,,transfer,,,,0xa9059cbb,,135960,1,,0x789df9d95ad058b19bb121d61079bb7415b425edf0e895abea736359d155b086
2026-09-23T22-01-29-998Z_n-sweep_1-2-4-8-16-32-50,V0,,50,D-voto,,,transfer,,,,0xa9059cbb,,135960,1,,0x01501a0527d8caa8394991f46f946df92ecc192ee6850c384c5525558f7eb592
2026-09-23T22-01-29-998Z_n-sweep_1-2-4-8-16-32-50,V0,,50,D-voto,,,transfer,,,,0xa9059cbb,,135948,1,,0x3b06d60815284c0ce920efdf41b4432d07213c3928da5626c700316a2c40c2c0
2026-09-23T22-01-29-998Z_n-sweep_1-2-4-8-16-32-50,V0,,50,D-voto,,,transfer,,,,0xa9059cbb,,135960,1,,0x6bb98515438640ac2e7fa535c7796ef27283be00a404038eba97c552161e6001
2026-09-23T22-01-29-998Z_n-sweep_1-2-4-8-16-32-50,V0,,50,D-voto,,,transfer,,,,0xa9059cbb,,135960,1,,0x84de23390c0a8dcca680eb39469b10b60dbb26548279fad2329dd60c75502d0b
2026-09-23T22-01-29-998Z_n-sweep_1-2-4-8-16-32-50,V0,,50,D-voto,,,transfer,,,,0xa9059cbb,,135960,1,,0x33f8412c15d4105b6d336a8b07bbfb7d530e5b10ef6319f32d920ebb838648ec
2026-09-23T22-01-29-998Z_n-sweep_1-2-4-8-16-32-50,V0,,50,D-voto,,,transfer,,,,0xa9059cbb,,135960,1,,0xb0333deee0af7b78d7b4b5b86633676bdae519326d484603675db0f26c88b9df
2026-09-23T22-01-29-998Z_n-sweep_1-2-4-8-16-32-50,V0,,50,D-voto,,,transfer,,,,0xa9059cbb,,135960,1,,0x91a6b5a93ddd89ffbf66ac0296cdf3b1d313cd0b2890835c17ba5adcaced8ec8
2026-09-23T22-01-29-998Z_n-sweep_1-2-4-8-16-32-50,V0,,50,D-voto,,,transfer,,,,0xa9059cbb,,135960,1,,0x42ed8d1330be1065c1cc3e101c7a5a7e20cb148393a8d14d461f9b76c541d4e7
2026-09-23T22-01-29-998Z_n-sweep_1-2-4-8-16-32-50,V0,,50,D-voto,,,transfer,,,,0xa9059cbb,,135960,1,,0xb87afa69226d6b02977149ca6957bfad332e6a77c1ad200e790fad912b0a8b1c
2026-09-23T22-01-29-998Z_n-sweep_1-2-4-8-16-32-50,V0,,50,D-voto,,,transfer,,,,0xa9059cbb,,135960,1,,0xd31a5f77ec78cf0dcc46abd6824fc36e0343c70ec7558c5b8b8680a5179c3cee
2026-09-23T22-01-29-998Z_n-sweep_1-2-4-8-16-32-50,V0,,50,D-voto,,,transfer,,,,0xa9059cbb,,135960,1,,0x3a1cd3ff214ca838bb1f0a7b8e05b8066c941dae934ff8ef5f7d24e51e218d9f
2026-09-23T22-01-29-998Z_n-sweep_1-2-4-8-16-32-50,V0,,50,D-voto,,,transfer,,,,0xa9059cbb,,135960,1,,0x800f8dd0a0df31e55c4e4712a5972e0d1497dbb92fd85a7ee8c309306ae69f3e
2026-09-23T22-01-29-998Z_n-sweep_1-2-4-8-16-32-50,V0,,50,D-voto,,,transfer,,,,0xa9059cbb,,135960,1,,0x9c84268ba43fd38465cfd4cbb6628f9f3f9664cc537e635196844f423439df36
2026-09-23T22-01-29-998Z_n-sweep_1-2-4-8-16-32-50,V0,,50,D-voto,,,transfer,,,,0xa9059cbb,,135960,1,,0x5b82226f4b3968c0c11ff4245b77ddb5c737ac3d9384e7f0f5dacf91ae505b7c
2026-09-23T22-01-29-998Z_n-sweep_1-2-4-8-16-32-50,V0,,50,D-voto,,,transfer,,,,0xa9059cbb,,135960,1,,0x6b5817c5a2f3233a1f4755f91eec5b61a72e50556aeb151d1df361f8dcacafea
2026-09-23T22-01-29-998Z_n-sweep_1-2-4-8-16-32-50,V0,,50,D-voto,,,transfer,,,,0xa9059cbb,,135960,1,,0x00442dfd61843442f2f62e78bcf59b803dd8498b1bad260878d59e06f48aaf95
2026-09-23T22-01-29-998Z_n-sweep_1-2-4-8-16-32-50,V0,,50,D-voto,,,transfer,,,,0xa9059cbb,,135960,1,,0xf5d2b3eeffb65a663d93b8d3c809b6e5121b8784e868e51af3bdba2deee35a8b
2026-09-23T22-01-29-998Z_n-sweep_1-2-4-8-16-32-50,V0,,50,D-voto,,,transfer,,,,0xa9059cbb,,135960,1,,0xf3df28ed5d40b48f8919791b5b9ed50c0de598885569cd4cda2c88678140358b
2026-09-23T22-01-29-998Z_n-sweep_1-2-4-8-16-32-50,V0,,50,D-voto,,,transfer,,,,0xa9059cbb,,135960,1,,0xae8265c953b3c6c844fd5e7f9c7464dcd5160d081bd3f12119dae553d5383d46
2026-09-23T22-01-29-998Z_n-sweep_1-2-4-8-16-32-50,V0,,50,D-voto,,,transfer,,,,0xa9059cbb,,135960,1,,0x2bedec0ecd73ac805d76d0b0f124d689002219a8553658ae536e50df35c6d9db
2026-09-23T22-01-29-998Z_n-sweep_1-2-4-8-16-32-50,V0,,50,D-voto,,,transfer,,,,0xa9059cbb,,135960,1,,0x7911352af92914fc012e9271fef77802aaf80cb03b085ac5b36a82617ef3d87f
2026-09-23T22-01-29-998Z_n-sweep_1-2-4-8-16-32-50,V0,,50,D-voto,,,transfer,,,,0xa9059cbb,,135960,1,,0x527083c9aa09a186a9dfde1d6e11e56a88c23af4ff1df829641f565d467e9eb3
2026-09-23T22-01-29-998Z_n-sweep_1-2-4-8-16-32-50,V0,,50,D-voto,,,transfer,,,,0xa9059cbb,,135960,1,,0x4fcb61575570970b077a3f0175ad61e8f9b670d214f189be9284c9e38d23ea97
2026-09-23T22-01-29-998Z_n-sweep_1-2-4-8-16-32-50,V0,,50,D-voto,,,transfer,,,,0xa9059cbb,,135960,1,,0x4e542c0f00edf948e31ae0044ddc651c40f57f37ff7015611a62d6daf389f5c0
2026-09-23T22-01-29-998Z_n-sweep_1-2-4-8-16-32-50,V0,,50,D-voto,,,transfer,,,,0xa9059cbb,,135948,1,,0x678ff5ad84e5f134b40dad86f148a340f9fbc604f5ec27a98b7c60856ee1e375
2026-09-23T22-01-29-998Z_n-sweep_1-2-4-8-16-32-50,V0,,50,D-voto,,,transfer,,,,0xa9059cbb,,135960,1,,0x8c9fe884dc095bd2cb142ad2f4c3a32815bf358db82984445b1bebe0c495a13f
2026-09-23T22-01-29-998Z_n-sweep_1-2-4-8-16-32-50,V0,,50,D-voto,,,transfer,,,,0xa9059cbb,,135960,1,,0xcae168b52d2afa75f1568ef6aadf2694b4b83c844b2cc07cfa891dbd891f714c
2026-09-23T22-01-29-998Z_n-sweep_1-2-4-8-16-32-50,V0,,50,D-voto,,,propose,,,propose,0x7d5e81e2,WasteCategoryRegistry.updateCredits,63351,1,,0xda1d6b06352fd8acfcae618888c0445e56554fb0ad4a733038c3e6d3a837702d
2026-09-23T22-01-29-998Z_n-sweep_1-2-4-8-16-32-50,V0,,50,D-voto,,,vote,1,for,,0x56781388,,81899,1,,0xa4fabe9d4898deebe099fa755881ddbabb6ed4010e0d6824db81c97512f13a35
2026-09-23T22-01-29-998Z_n-sweep_1-2-4-8-16-32-50,V0,,50,D-voto,,,vote,2,for,,0x56781388,,64799,1,,0xa535b7be0011c223b2c7b03ba31d6ebe88d5aa3d034b680bf66c4a05bfb6d2d8
2026-09-23T22-01-29-998Z_n-sweep_1-2-4-8-16-32-50,V0,,50,D-voto,,,vote,3,for,,0x56781388,,64799,1,,0x209052308bdbaf161d6b3fd2b45cb9ff5b5e46788ab92bca2d858f324e60e701
2026-09-23T22-01-29-998Z_n-sweep_1-2-4-8-16-32-50,V0,,50,D-voto,,,vote,4,for,,0x56781388,,64799,1,,0x63119ec1f11f169f631330a504a90514a587e88c75e4bdca7ec2176dfbc9f207
2026-09-23T22-01-29-998Z_n-sweep_1-2-4-8-16-32-50,V0,,50,D-voto,,,vote,5,for,,0x56781388,,64799,1,,0x05a494ee18f8abaa0b8f7c985c5e1d35f2d046faa05ff1d6377bc55972597d07
2026-09-23T22-01-29-998Z_n-sweep_1-2-4-8-16-32-50,V0,,50,D-voto,,,vote,6,for,,0x56781388,,64799,1,,0x83fa842861793309ddfb88c0c4d2688896fd1b41920d0773bf0e220870b53e7e
2026-09-23T22-01-29-998Z_n-sweep_1-2-4-8-16-32-50,V0,,50,D-voto,,,vote,7,for,,0x56781388,,64799,1,,0x7fc233bc78dc22cc40b03abfd3890a6367d9bb25a34b8bf96289e2648c20da98
2026-09-23T22-01-29-998Z_n-sweep_1-2-4-8-16-32-50,V0,,50,D-voto,,,vote,8,for,,0x56781388,,64799,1,,0xa616b614030a963b3dc8f8badcf3ae577bdc5593e90d19ef1062054420daf67d
2026-09-23T22-01-29-998Z_n-sweep_1-2-4-8-16-32-50,V0,,50,D-voto,,,vote,9,for,,0x56781388,,64799,1,,0x446312c48e9ad417c97d4cd438bafd8894ef6b0d1487d5b2799ef29548e09044
2026-09-23T22-01-29-998Z_n-sweep_1-2-4-8-16-32-50,V0,,50,D-voto,,,vote,10,for,,0x56781388,,64799,1,,0xca8ca3855c8458e91eeabb1e1fa6ba7c607b10ec6948554a691c1c169d44f2d4
2026-09-23T22-01-29-998Z_n-sweep_1-2-4-8-16-32-50,V0,,50,D-voto,,,vote,11,for,,0x56781388,,64799,1,,0x29f7d55d46c179ec4d25bfed08ae977e318f4e102cb1c967a037c19c5d6d37d5
2026-09-23T22-01-29-998Z_n-sweep_1-2-4-8-16-32-50,V0,,50,D-voto,,,vote,12,for,,0x56781388,,64799,1,,0x70f842caadd9fce9470a74e5df2d26d3493ad36ee8df34707733dee805f78b77
2026-09-23T22-01-29-998Z_n-sweep_1-2-4-8-16-32-50,V0,,50,D-voto,,,vote,13,for,,0x56781388,,64799,1,,0x75c3d288858b3b5bba31807745dc319167c05dea9f6707a486e3ac34009d644a
2026-09-23T22-01-29-998Z_n-sweep_1-2-4-8-16-32-50,V0,,50,D-voto,,,vote,14,for,,0x56781388,,64799,1,,0x1694de750de6f0cfcc29d63ab06437883cb3e0dd1e2c47ef52e7c4f83e5482b8
2026-09-23T22-01-29-998Z_n-sweep_1-2-4-8-16-32-50,V0,,50,D-voto,,,vote,15,for,,0x56781388,,64799,1,,0x8ab211d0b375fba5e11ef5da434734b072d623b5da9dc56f8e507108ade8b375
2026-09-23T22-01-29-998Z_n-sweep_1-2-4-8-16-32-50,V0,,50,D-voto,,,vote,16,for,,0x56781388,,64799,1,,0xddc8f6f93a25f02a91dbc2cccd7bda88f20643e0c728595f57f77caff39cbe08
2026-09-23T22-01-29-998Z_n-sweep_1-2-4-8-16-32-50,V0,,50,D-voto,,,vote,17,for,,0x56781388,,64799,1,,0xe083e08c8b38962916a789023df2e6c007cb73405a84d781595cb5a4a1e82ec2
2026-09-23T22-01-29-998Z_n-sweep_1-2-4-8-16-32-50,V0,,50,D-voto,,,vote,18,for,,0x56781388,,64799,1,,0x30428008f621986c1d9bba3f25762dc3687e966307194aa50b105741cb9e4a61
2026-09-23T22-01-29-998Z_n-sweep_1-2-4-8-16-32-50,V0,,50,D-voto,,,vote,19,for,,0x56781388,,64799,1,,0x7182f00dd93896b163835f2206375f5370510c7b2c3a34c8351876f54704866e
2026-09-23T22-01-29-998Z_n-sweep_1-2-4-8-16-32-50,V0,,50,D-voto,,,vote,20,for,,0x56781388,,64799,1,,0x320afaf43ae6cb7a1971a26019cf23c371ffdfe3ee5029a0eb016e18e1e80004
2026-09-23T22-01-29-998Z_n-sweep_1-2-4-8-16-32-50,V0,,50,D-voto,,,vote,21,for,,0x56781388,,64799,1,,0x6d915ebeaf0ce931127dfde6d9dcd96ba734ca09dc76cabc6bfe8c435c4045bc
2026-09-23T22-01-29-998Z_n-sweep_1-2-4-8-16-32-50,V0,,50,D-voto,,,vote,22,for,,0x56781388,,64799,1,,0x7c825abccd1e4fab41999dcae03a577cba5956f0beb1e5c544ce3015a00308f2
2026-09-23T22-01-29-998Z_n-sweep_1-2-4-8-16-32-50,V0,,50,D-voto,,,vote,23,for,,0x56781388,,64799,1,,0x151c631359ebaea81eaf0f86eb40b67b2ba9b511fff9c493f5139c6bfb835f64
2026-09-23T22-01-29-998Z_n-sweep_1-2-4-8-16-32-50,V0,,50,D-voto,,,vote,24,for,,0x56781388,,64799,1,,0x39c33da685f8579e9a6d3859526a9d72296985b1a6a625c04144c51cc0756db1
2026-09-23T22-01-29-998Z_n-sweep_1-2-4-8-16-32-50,V0,,50,D-voto,,,vote,1,against,,0x56781388,,81847,1,,0x901376916d6c0f157842860ead2b908687a6792840b0f187411919ca52c20a33
2026-09-23T22-01-29-998Z_n-sweep_1-2-4-8-16-32-50,V0,,50,D-voto,,,vote,2,against,,0x56781388,,64747,1,,0x61431e77e5ae60ea0016f778c5341b92e3d086c0e508d527d878c30dde2f2113
2026-09-23T22-01-29-998Z_n-sweep_1-2-4-8-16-32-50,V0,,50,D-voto,,,vote,3,against,,0x56781388,,64747,1,,0x3e473cf91043d7d9711b5dedf77a9a9f8f83fd369d66d5d781fc96b4bfac7604
2026-09-23T22-01-29-998Z_n-sweep_1-2-4-8-16-32-50,V0,,50,D-voto,,,vote,4,against,,0x56781388,,64747,1,,0x60a5323d4497aa9bd97a2883dc08ef9ebfb346c237bdc0bd39db7f542c2881af
2026-09-23T22-01-29-998Z_n-sweep_1-2-4-8-16-32-50,V0,,50,D-voto,,,vote,5,against,,0x56781388,,64747,1,,0x2198c95cf2b625b4e9f760fb7f429077068f74a5dbb6b66703b4c2de1ee242c8
2026-09-23T22-01-29-998Z_n-sweep_1-2-4-8-16-32-50,V0,,50,D-voto,,,vote,6,against,,0x56781388,,64747,1,,0x93d35b0be7fef277d33724e749d50d6d18484945dccd98c61f319ba8d8e5fa58
2026-09-23T22-01-29-998Z_n-sweep_1-2-4-8-16-32-50,V0,,50,D-voto,,,vote,7,against,,0x56781388,,64747,1,,0xe58f0ee3b120598f28df39df9c45b43bbea5d5c9f37ecd97abe31e8d1ee9912c
2026-09-23T22-01-29-998Z_n-sweep_1-2-4-8-16-32-50,V0,,50,D-voto,,,vote,8,against,,0x56781388,,64747,1,,0x9a301777861ae0e57b03c21f5f9ac9cb2fe56ec021a0672c74f262a20813d1a5
2026-09-23T22-01-29-998Z_n-sweep_1-2-4-8-16-32-50,V0,,50,D-voto,,,vote,9,against,,0x56781388,,64747,1,,0x35689e113755dda819243b5a25295b5eaecda1a042f8ff9a443d293548d8ad03
2026-09-23T22-01-29-998Z_n-sweep_1-2-4-8-16-32-50,V0,,50,D-voto,,,vote,10,against,,0x56781388,,64747,1,,0xedc6c67fd48fb78d42c5603122c44b4b3081b4c3f617cc4c930eb6e3984c7643
2026-09-23T22-01-29-998Z_n-sweep_1-2-4-8-16-32-50,V0,,50,D-voto,,,vote,11,against,,0x56781388,,64747,1,,0x5671ecce085bfb0605b7c7a69da02fe4782c9aadc50ec6f3efe3ea66081a47bd
2026-09-23T22-01-29-998Z_n-sweep_1-2-4-8-16-32-50,V0,,50,D-voto,,,vote,12,against,,0x56781388,,64747,1,,0x8c3e46cad62c4e71d8ed83901cda82b8937dcb1ade523f38b6bff71c239ea63b
2026-09-23T22-01-29-998Z_n-sweep_1-2-4-8-16-32-50,V0,,50,D-voto,,,vote,13,against,,0x56781388,,64747,1,,0xe3768adf68a9f9f560d5d3bc55e765d1188509493f57ce6b7039bda957a4178c
2026-09-23T22-01-29-998Z_n-sweep_1-2-4-8-16-32-50,V0,,50,D-voto,,,vote,14,against,,0x56781388,,64747,1,,0xc44fa8586b39d235118076069d49ec65aff16fc526b3c27faeb1e948c7eef28b
2026-09-23T22-01-29-998Z_n-sweep_1-2-4-8-16-32-50,V0,,50,D-voto,,,vote,15,against,,0x56781388,,64747,1,,0xec4631baedb326deb4098f6e57716b278434189d02019ad84952915b39522632
2026-09-23T22-01-29-998Z_n-sweep_1-2-4-8-16-32-50,V0,,50,D-voto,,,vote,16,against,,0x56781388,,64747,1,,0x54aea9ab04ad8a41e0741620aaa7e3a47e6c790ff682848961811f3d75f98557
2026-09-23T22-01-29-998Z_n-sweep_1-2-4-8-16-32-50,V0,,50,D-voto,,,vote,17,against,,0x56781388,,64747,1,,0x9ef5117d816873e5085a78f14f58f4ab4a2f4e9754d5ea4976785987675cf9f1
2026-09-23T22-01-29-998Z_n-sweep_1-2-4-8-16-32-50,V0,,50,D-voto,,,vote,18,against,,0x56781388,,64747,1,,0x2cee775d7108f7ee93a7ddf4b048b7f0a9b3c93153d9aa3209d61e5e9c4bd58b
2026-09-23T22-01-29-998Z_n-sweep_1-2-4-8-16-32-50,V0,,50,D-voto,,,vote,19,against,,0x56781388,,64747,1,,0x8bef05228b1f094993d11d66d64d6bb4416fe34a77bf37dcde5aba3d2f2521bf
2026-09-23T22-01-29-998Z_n-sweep_1-2-4-8-16-32-50,V0,,50,D-voto,,,vote,20,against,,0x56781388,,64747,1,,0xbc7c7c9b8a997f15eb61783c427d3d34c5e5f528b1aa0e80b241927a3dd39309
2026-09-23T22-01-29-998Z_n-sweep_1-2-4-8-16-32-50,V0,,50,D-voto,,,vote,21,against,,0x56781388,,64747,1,,0x8dc2f4a82081238418fadf3d6d716f0cfef03ed6fbaded742e2f594ea0fafba5
2026-09-23T22-01-29-998Z_n-sweep_1-2-4-8-16-32-50,V0,,50,D-voto,,,vote,22,against,,0x56781388,,64747,1,,0x5cc8651b41b1e9ff42b6562b448c099714629045693b9a695a3b83f2674d0b49
2026-09-23T22-01-29-998Z_n-sweep_1-2-4-8-16-32-50,V0,,50,D-voto,,,vote,23,against,,0x56781388,,64747,1,,0x67933dbc398101c077beca0a2f08dabf4bd8089d620d5c85c3e99ef4a43d710a
2026-09-23T22-01-29-998Z_n-sweep_1-2-4-8-16-32-50,V0,,50,D-voto,,,vote,24,against,,0x56781388,,64747,1,,0x14b81e028050315ea906ce979c138f3786339615fd54e1833c211cf69e576628
2026-09-23T22-01-29-998Z_n-sweep_1-2-4-8-16-32-50,V0,,50,D-voto,,,vote,25,against,,0x56781388,,64747,1,,0x1b92d692f8b6a14d2ebc456b51ce69f9440552e7d7f7d9261f5b577bf4d6d218
2026-09-23T22-01-29-998Z_n-sweep_1-2-4-8-16-32-50,V0,,50,D-voto,,,vote,26,against,,0x56781388,,64747,1,,0x976ae17a6c921821f1bf1f379c76b2d939f8d8f4642348cf9d851b58d5a7506f
2026-09-23T22-01-29-998Z_n-sweep_1-2-4-8-16-32-50,V0,,50,D-voto,,,execute_attempt,,,execute,0x2656227d,WasteCategoryRegistry.updateCredits,40382,0,"VM Exception while processing transaction: reverted with custom error 'GovernorUnexpectedProposalState(33254635632299763997426727550079691492945474225976741564801437474257726196521, 3, '0x0000000000000000000000000000000000000000000000000000000000000030')'",0x9cf59d4d91988a5d58acc2497a7edd2109125749fe8130f6c3d60d4cb7b4337c
2026-09-23T22-01-29-998Z_n-sweep_1-2-4-8-16-32-50,V1,T1,,,,,deploy_token_T1,,,constructor,0x61016060,,1621017,1,,0xece28f063ba256e8fc65152daf61fe745a7823e8ba387b1b661409f18f6dc4cc
2026-09-23T22-01-29-998Z_n-sweep_1-2-4-8-16-32-50,V1,,,,,,deploy_registry,,,constructor,0x60806040,,4590964,1,,0x9005486642112873086c0faf3a06ce7199e3377186a80eb6eea4235f5e1c6f56
2026-09-23T22-01-29-998Z_n-sweep_1-2-4-8-16-32-50,V1,,,,,,deploy_governor_V1,,,constructor,0x6101c080,,2141155,1,,0xcbf032b87647649d09648621f7d61fb312aee4174486ee6f404819243ac59ca9
2026-09-23T22-01-29-998Z_n-sweep_1-2-4-8-16-32-50,V1,,,,,,grant_admin_role,,,grantRole,0x2f2ff15d,,50799,1,,0xfdc9a3875129e16eb4a0e6527cfb2e5662449c13660398cf3b7c723db6d0e009
2026-09-23T22-01-29-998Z_n-sweep_1-2-4-8-16-32-50,V1,,,,,,revoke_deployer_admin_role,,,revokeRole,0xd547741f,,27116,1,,0xc189311656167d1c4c211ee1c4f5143a8df64ff72cb449ebf7ec77ff2fd0bcbb
2026-09-23T22-01-29-998Z_n-sweep_1-2-4-8-16-32-50,V1,,50,D-voto,,,delegate_admin,,,,0x5c19a95c,,95559,1,,0xd4695df7ceba86e36d8d32ccf756640823a0c1b729cf20e3a0b632c08e38ee6a
2026-09-23T22-01-29-998Z_n-sweep_1-2-4-8-16-32-50,V1,,50,D-voto,,,delegate,,,,0x5c19a95c,,48347,1,,0x81d5bf8e96fad9ce8b5230dc73abbeb313b25fcb2932728690f357e6b4e905b9
2026-09-23T22-01-29-998Z_n-sweep_1-2-4-8-16-32-50,V1,,50,D-voto,,,delegate,,,,0x5c19a95c,,48335,1,,0x92147b8c796bc2b0f21acc979799bbf4c5b5033d9d67806a8ad6842fe03d41df
2026-09-23T22-01-29-998Z_n-sweep_1-2-4-8-16-32-50,V1,,50,D-voto,,,delegate,,,,0x5c19a95c,,48347,1,,0xfff43b85310b182c6fdaa6a0b82056393aba2572b23e543b42f064dc4690e2fc
2026-09-23T22-01-29-998Z_n-sweep_1-2-4-8-16-32-50,V1,,50,D-voto,,,delegate,,,,0x5c19a95c,,48347,1,,0xd65054394087a126f7201b8caf565d34e4b8e2c37299a2eb2e8e1e169e8753b2
2026-09-23T22-01-29-998Z_n-sweep_1-2-4-8-16-32-50,V1,,50,D-voto,,,delegate,,,,0x5c19a95c,,48347,1,,0x0c6ee11e6f4f09c9119d3c03df89d743f104be74b800d0b47cbfa2e1629e917b
2026-09-23T22-01-29-998Z_n-sweep_1-2-4-8-16-32-50,V1,,50,D-voto,,,delegate,,,,0x5c19a95c,,48347,1,,0x9e4c58d93f5292a4566258e1c10f556eb9dc4074e322b7c357bf5ad65da50cae
2026-09-23T22-01-29-998Z_n-sweep_1-2-4-8-16-32-50,V1,,50,D-voto,,,delegate,,,,0x5c19a95c,,48347,1,,0x6ebf0fe5777b4feb07a84b604e7094e789e104c0aa39284dccf1b9da9c17904e
2026-09-23T22-01-29-998Z_n-sweep_1-2-4-8-16-32-50,V1,,50,D-voto,,,delegate,,,,0x5c19a95c,,48347,1,,0xfe42119cc5b68fbfd433dffe547dcf50b55480a011d31795da0f08ec660c70b3
2026-09-23T22-01-29-998Z_n-sweep_1-2-4-8-16-32-50,V1,,50,D-voto,,,delegate,,,,0x5c19a95c,,48347,1,,0x1cd5ec1a28c590b58fdf7467e7fffeb349eed4d261a6e6dd6bbe64d73d17bd59
2026-09-23T22-01-29-998Z_n-sweep_1-2-4-8-16-32-50,V1,,50,D-voto,,,delegate,,,,0x5c19a95c,,48335,1,,0x44f126ec5cf68cfd276b82e1245a8bb78ca6d635813f085d1a125f483e4d5924
2026-09-23T22-01-29-998Z_n-sweep_1-2-4-8-16-32-50,V1,,50,D-voto,,,delegate,,,,0x5c19a95c,,48347,1,,0xe3c56247fde6ff45e5ce391eac68170bdc36be578302a953ddcf8384ecd07aa8
2026-09-23T22-01-29-998Z_n-sweep_1-2-4-8-16-32-50,V1,,50,D-voto,,,delegate,,,,0x5c19a95c,,48347,1,,0x97563cc4398d7b02943ad3e3ef1bdae06351c02ad3fb2d2b948579fc1d32295f
2026-09-23T22-01-29-998Z_n-sweep_1-2-4-8-16-32-50,V1,,50,D-voto,,,delegate,,,,0x5c19a95c,,48347,1,,0x2254c00b60e2f0581478274e6123b6295b391cc3698f1951fb660335b3cd6c33
2026-09-23T22-01-29-998Z_n-sweep_1-2-4-8-16-32-50,V1,,50,D-voto,,,delegate,,,,0x5c19a95c,,48347,1,,0xc3e2689cb93afecc73f02fe2fc704ca424bfebf2840b02e15e94e2eacaca6d1c
2026-09-23T22-01-29-998Z_n-sweep_1-2-4-8-16-32-50,V1,,50,D-voto,,,delegate,,,,0x5c19a95c,,48347,1,,0xf481a9d9df12d0c5f7b29cc5bd284c8ca3e14873afc209155e790bf19f68d897
2026-09-23T22-01-29-998Z_n-sweep_1-2-4-8-16-32-50,V1,,50,D-voto,,,delegate,,,,0x5c19a95c,,48347,1,,0x8975637550f485546f85f8e6d9a6ed6447c7e76fff1ec5f6c9e76fb534393987
2026-09-23T22-01-29-998Z_n-sweep_1-2-4-8-16-32-50,V1,,50,D-voto,,,delegate,,,,0x5c19a95c,,48347,1,,0x923ae1f8d3d22d25940fc9eb75f6f6f16c191c6a236895f77670dcca6996d312
2026-09-23T22-01-29-998Z_n-sweep_1-2-4-8-16-32-50,V1,,50,D-voto,,,delegate,,,,0x5c19a95c,,48347,1,,0xfa31a6684a33a12042a314e8f53f866c316bd76cf3829f1b1bdf9c6709375faf
2026-09-23T22-01-29-998Z_n-sweep_1-2-4-8-16-32-50,V1,,50,D-voto,,,delegate,,,,0x5c19a95c,,48347,1,,0x85a35cc5c2fd484741123514532c6d193414e920845266674d577133f95aeb61
2026-09-23T22-01-29-998Z_n-sweep_1-2-4-8-16-32-50,V1,,50,D-voto,,,delegate,,,,0x5c19a95c,,48347,1,,0x2c0c0e3cf1f17f2dbd21478c48f6a01b7c3f80cdc9a8337eb22078304610831f
2026-09-23T22-01-29-998Z_n-sweep_1-2-4-8-16-32-50,V1,,50,D-voto,,,delegate,,,,0x5c19a95c,,48347,1,,0xa3ed7a1ccf1c20c61c0c5d590ac689d2c051d45201c4389538358e9b8bb285bc
2026-09-23T22-01-29-998Z_n-sweep_1-2-4-8-16-32-50,V1,,50,D-voto,,,delegate,,,,0x5c19a95c,,48347,1,,0x661c282cd9e0e8ae9af420543abc3bdc613c6cb387574718fba247544e2af8e9
2026-09-23T22-01-29-998Z_n-sweep_1-2-4-8-16-32-50,V1,,50,D-voto,,,delegate,,,,0x5c19a95c,,48347,1,,0xa25eec8de30d8f33b67249979cc372deee4340970acf515ed11237297c254db8
2026-09-23T22-01-29-998Z_n-sweep_1-2-4-8-16-32-50,V1,,50,D-voto,,,delegate,,,,0x5c19a95c,,48347,1,,0x4531944da7228710c401fe613cc835a5a2ab8911500c323b7a89206096a62c5e
2026-09-23T22-01-29-998Z_n-sweep_1-2-4-8-16-32-50,V1,,50,D-voto,,,delegate,,,,0x5c19a95c,,48335,1,,0x34fd858bbdd79805fe9ac14ac3496bc1581b8cd1fca415dd388ac92a1031b1a5
2026-09-23T22-01-29-998Z_n-sweep_1-2-4-8-16-32-50,V1,,50,D-voto,,,delegate,,,,0x5c19a95c,,48347,1,,0x3873a22f0d3bd864cb6adf03e490138f7a8c74e0367b46c72eb32ab59606fc50
2026-09-23T22-01-29-998Z_n-sweep_1-2-4-8-16-32-50,V1,,50,D-voto,,,delegate,,,,0x5c19a95c,,48347,1,,0x015c8107c64083620d33bd63ee4539fae6a634cbff1a7060ce0d9d7635a92667
2026-09-23T22-01-29-998Z_n-sweep_1-2-4-8-16-32-50,V1,,50,D-voto,,,delegate,,,,0x5c19a95c,,48347,1,,0x4d690799cd4e7de3c25a6216085b0327439b44872c331c8bdeed03412851c496
2026-09-23T22-01-29-998Z_n-sweep_1-2-4-8-16-32-50,V1,,50,D-voto,,,delegate,,,,0x5c19a95c,,48347,1,,0x4e2b6075a69f1a5defbf56244ed346d13180f658d70986f145e7afacf2a1769c
2026-09-23T22-01-29-998Z_n-sweep_1-2-4-8-16-32-50,V1,,50,D-voto,,,delegate,,,,0x5c19a95c,,48347,1,,0xdb953c4d33d8186e4e68b823485663114eed9632b4e6afebc927746da2cc5444
2026-09-23T22-01-29-998Z_n-sweep_1-2-4-8-16-32-50,V1,,50,D-voto,,,delegate,,,,0x5c19a95c,,48347,1,,0x6e11fc1a1f465bb514b7050fb921834e4af6a4c1f01678025fabce44812892fb
2026-09-23T22-01-29-998Z_n-sweep_1-2-4-8-16-32-50,V1,,50,D-voto,,,delegate,,,,0x5c19a95c,,48347,1,,0x02ed69ad44539ce394fe9de851cfc82976eaf863ce9b6bb6dbf7356c766b4e34
2026-09-23T22-01-29-998Z_n-sweep_1-2-4-8-16-32-50,V1,,50,D-voto,,,delegate,,,,0x5c19a95c,,48347,1,,0x48831c39e8134756256883bee94ef57bd56548f150361c090cf8316d47c484f4
2026-09-23T22-01-29-998Z_n-sweep_1-2-4-8-16-32-50,V1,,50,D-voto,,,delegate,,,,0x5c19a95c,,48347,1,,0x139bf1c2a5a53f598dabf2c70734fbdea006e57fa2d61abde0ab2327b4959d67
2026-09-23T22-01-29-998Z_n-sweep_1-2-4-8-16-32-50,V1,,50,D-voto,,,delegate,,,,0x5c19a95c,,48347,1,,0x7253e5fec49078160a40e8379add1524941ccadba4e7d9f3bdd746f905340463
2026-09-23T22-01-29-998Z_n-sweep_1-2-4-8-16-32-50,V1,,50,D-voto,,,delegate,,,,0x5c19a95c,,48347,1,,0xbe8fd855f7dddc740b71fa203b837e57dd20191f5e26b708460138a203b96a4a
2026-09-23T22-01-29-998Z_n-sweep_1-2-4-8-16-32-50,V1,,50,D-voto,,,delegate,,,,0x5c19a95c,,48347,1,,0x47aa1c6067f58c4a2e373e2e5df4995a73794f26a82c080785ce7307c874522d
2026-09-23T22-01-29-998Z_n-sweep_1-2-4-8-16-32-50,V1,,50,D-voto,,,delegate,,,,0x5c19a95c,,48347,1,,0x77d7f6ed87242997677781ffb97cb1d0c1b2765cd18aa0d3a3e6621f04ed4c16
2026-09-23T22-01-29-998Z_n-sweep_1-2-4-8-16-32-50,V1,,50,D-voto,,,delegate,,,,0x5c19a95c,,48347,1,,0xac77a1d245d1b05d38b52b313cdb3a913ef073b1ff0163a70dab969fe9fef091
2026-09-23T22-01-29-998Z_n-sweep_1-2-4-8-16-32-50,V1,,50,D-voto,,,delegate,,,,0x5c19a95c,,48347,1,,0x019cc6999109037f5dea40cb65f4f258ac059c4ce180427ba5c5d0fe7fa02e69
2026-09-23T22-01-29-998Z_n-sweep_1-2-4-8-16-32-50,V1,,50,D-voto,,,delegate,,,,0x5c19a95c,,48347,1,,0x33abf7f586ca024ba5681842a58519c700557723a21452412946bc259f413dff
2026-09-23T22-01-29-998Z_n-sweep_1-2-4-8-16-32-50,V1,,50,D-voto,,,delegate,,,,0x5c19a95c,,48347,1,,0x1207fe8601271fe0b5487a279faf12949bdc0ad4495c39b2109c87d7fdadc47d
2026-09-23T22-01-29-998Z_n-sweep_1-2-4-8-16-32-50,V1,,50,D-voto,,,delegate,,,,0x5c19a95c,,48347,1,,0x2a4aed2f06d11367c8b0a4aec5f690179e6e8a7a0852a3be3363c356d2b96e3a
2026-09-23T22-01-29-998Z_n-sweep_1-2-4-8-16-32-50,V1,,50,D-voto,,,delegate,,,,0x5c19a95c,,48347,1,,0xed996c904c444a34e69bb80148d6a10828392f76a63169cc7c34ef9123712ba1
2026-09-23T22-01-29-998Z_n-sweep_1-2-4-8-16-32-50,V1,,50,D-voto,,,delegate,,,,0x5c19a95c,,48347,1,,0x38149aa90c24c90e209f966e0f1bff77efedbcfe38d261cd552873d1bdc3ebc5
2026-09-23T22-01-29-998Z_n-sweep_1-2-4-8-16-32-50,V1,,50,D-voto,,,delegate,,,,0x5c19a95c,,48347,1,,0x80b55601ca774d4abcef268e52e9d6af337cf3103223b2406555e48c3d762bab
2026-09-23T22-01-29-998Z_n-sweep_1-2-4-8-16-32-50,V1,,50,D-voto,,,delegate,,,,0x5c19a95c,,48347,1,,0x2fcb4545efd255b27911ce44fb2a5c94515c54dc02bab25b5081b878632986d7
2026-09-23T22-01-29-998Z_n-sweep_1-2-4-8-16-32-50,V1,,50,D-voto,,,delegate,,,,0x5c19a95c,,48335,1,,0x54598c19dc2d95d70dff7fa9539e3e33d9cd81f20144e43273092a2002873303
2026-09-23T22-01-29-998Z_n-sweep_1-2-4-8-16-32-50,V1,,50,D-voto,,,delegate,,,,0x5c19a95c,,48347,1,,0xedd545ad255ae281a86176d750d3775a786065a315d01e27f2878e52519b253e
2026-09-23T22-01-29-998Z_n-sweep_1-2-4-8-16-32-50,V1,,50,D-voto,,,delegate,,,,0x5c19a95c,,48347,1,,0xa1d0b3e7b24a00685baccd412a4bcc1ce87addd4525c82c8e62cdd3daa7e291a
2026-09-23T22-01-29-998Z_n-sweep_1-2-4-8-16-32-50,V1,,50,D-voto,,,transfer,,,,0xa9059cbb,,135960,1,,0x246ae9dbb3705bcf8caab599ddb094f9d36a71a6fddbd32e09cf25058ff79423
2026-09-23T22-01-29-998Z_n-sweep_1-2-4-8-16-32-50,V1,,50,D-voto,,,transfer,,,,0xa9059cbb,,135948,1,,0xb8fcaeeed203b7eed0543991907d429bdccd4066201666ff9c480634d01c006c
2026-09-23T22-01-29-998Z_n-sweep_1-2-4-8-16-32-50,V1,,50,D-voto,,,transfer,,,,0xa9059cbb,,135960,1,,0x8f68ceb5cb5672f7b11dda7fcf0b825cffe3ccf92d5ff6d6f4dd4ee4dd9a7112
2026-09-23T22-01-29-998Z_n-sweep_1-2-4-8-16-32-50,V1,,50,D-voto,,,transfer,,,,0xa9059cbb,,135960,1,,0x6d7dd52faccd9ba960eecfaa0d18731aa9ff52a43c54ca983428173fba0a1542
2026-09-23T22-01-29-998Z_n-sweep_1-2-4-8-16-32-50,V1,,50,D-voto,,,transfer,,,,0xa9059cbb,,135960,1,,0xa121f25519bfd6019aecce8af680afcb706219b91e74e2c91912af8f363879f0
2026-09-23T22-01-29-998Z_n-sweep_1-2-4-8-16-32-50,V1,,50,D-voto,,,transfer,,,,0xa9059cbb,,135960,1,,0x76f1062e88ca6706dcea182cc70a3cb51b4c8d16c379956d1c5dbce0a5cc0e99
2026-09-23T22-01-29-998Z_n-sweep_1-2-4-8-16-32-50,V1,,50,D-voto,,,transfer,,,,0xa9059cbb,,135960,1,,0xacbbec95fc7f64a7b6a9544ee78753f3ec9194dd4f3c9ca38e1268ceb53acb90
2026-09-23T22-01-29-998Z_n-sweep_1-2-4-8-16-32-50,V1,,50,D-voto,,,transfer,,,,0xa9059cbb,,135960,1,,0x84b0653b2f42104427fe541d5713f2151ede783b5570d40855e4bf1d8522c087
2026-09-23T22-01-29-998Z_n-sweep_1-2-4-8-16-32-50,V1,,50,D-voto,,,transfer,,,,0xa9059cbb,,135960,1,,0xdfcf57d46ed39b3ededc6eee7405605ee6834e3815162fc171e8851c03541ae0
2026-09-23T22-01-29-998Z_n-sweep_1-2-4-8-16-32-50,V1,,50,D-voto,,,transfer,,,,0xa9059cbb,,135948,1,,0x8d64a76127e81848a5fe1ebeb2469570ae57a08cf798942f72ad26d0313cd40a
2026-09-23T22-01-29-998Z_n-sweep_1-2-4-8-16-32-50,V1,,50,D-voto,,,transfer,,,,0xa9059cbb,,135960,1,,0x0d7e03138b4a28e969fa37eb7746cb5ffbed4c8e322ffa756a8980e1da7af365
2026-09-23T22-01-29-998Z_n-sweep_1-2-4-8-16-32-50,V1,,50,D-voto,,,transfer,,,,0xa9059cbb,,135960,1,,0xb3cd0e36bf8a23a7268c69ad5613412b618c0d97eaf2e84e4ed2a2358616241c
2026-09-23T22-01-29-998Z_n-sweep_1-2-4-8-16-32-50,V1,,50,D-voto,,,transfer,,,,0xa9059cbb,,135960,1,,0x2c3be7462a120f6f7d3ddb903f791ba5f8a8dff70b3d2fce412bc3d9c96090f2
2026-09-23T22-01-29-998Z_n-sweep_1-2-4-8-16-32-50,V1,,50,D-voto,,,transfer,,,,0xa9059cbb,,135960,1,,0xa91896e75ebe291a14149c97e6ec3cd3878b7a57ae5efc49d7437ff775cc6d6f
2026-09-23T22-01-29-998Z_n-sweep_1-2-4-8-16-32-50,V1,,50,D-voto,,,transfer,,,,0xa9059cbb,,135960,1,,0x97ddbf62fa645b51d887aef0923131c606f936331a08b4d180573aedf905cbd1
2026-09-23T22-01-29-998Z_n-sweep_1-2-4-8-16-32-50,V1,,50,D-voto,,,transfer,,,,0xa9059cbb,,135960,1,,0xbbc7e588c74f5408c5294f754815ee8c2d05196aeb266a95ba79193cf1a3cd4e
2026-09-23T22-01-29-998Z_n-sweep_1-2-4-8-16-32-50,V1,,50,D-voto,,,transfer,,,,0xa9059cbb,,135960,1,,0xc93f0fe78d0f253b48f6546ce6912425341be3fe3abb7b8d6c8b890afc280746
2026-09-23T22-01-29-998Z_n-sweep_1-2-4-8-16-32-50,V1,,50,D-voto,,,transfer,,,,0xa9059cbb,,135960,1,,0x095274f7efd5fd91e0259f5aaa0d5d3f3d345e02896f172caf9af482ca0ecd6b
2026-09-23T22-01-29-998Z_n-sweep_1-2-4-8-16-32-50,V1,,50,D-voto,,,transfer,,,,0xa9059cbb,,135960,1,,0x2f71f3337cfdd7bfe5adb89da0349bbc93812095f8706796bc6e25e0461574de
2026-09-23T22-01-29-998Z_n-sweep_1-2-4-8-16-32-50,V1,,50,D-voto,,,transfer,,,,0xa9059cbb,,135960,1,,0xbb173ce2f0e08821737486bfce4a8891ea6bc16c53eef5183f23c35fa912acda
2026-09-23T22-01-29-998Z_n-sweep_1-2-4-8-16-32-50,V1,,50,D-voto,,,transfer,,,,0xa9059cbb,,135960,1,,0x7179fb1c1b852a31eebf015ac4e0db4f8891784970a82e1275e2b2c95797dd8d
2026-09-23T22-01-29-998Z_n-sweep_1-2-4-8-16-32-50,V1,,50,D-voto,,,transfer,,,,0xa9059cbb,,135960,1,,0x618508a1fffda4dd4799c8f4937ca7db27dc3c1a0a352dbb24eb2e717d7794fa
2026-09-23T22-01-29-998Z_n-sweep_1-2-4-8-16-32-50,V1,,50,D-voto,,,transfer,,,,0xa9059cbb,,135960,1,,0x80e85afeeecc7ded093b4fca1ee04481c72308140308e350e712a637edf79a77
2026-09-23T22-01-29-998Z_n-sweep_1-2-4-8-16-32-50,V1,,50,D-voto,,,transfer,,,,0xa9059cbb,,135960,1,,0xde2f59aa8da4ad0c12bad7c83e52b65661db007ebd8ed1e5ab2dd6b10bdbf7fe
2026-09-23T22-01-29-998Z_n-sweep_1-2-4-8-16-32-50,V1,,50,D-voto,,,transfer,,,,0xa9059cbb,,135948,1,,0x251582621de6281280756db8cf9473cfeae525a492e1d7062a6d6fed1ad7dff9
2026-09-23T22-01-29-998Z_n-sweep_1-2-4-8-16-32-50,V1,,50,D-voto,,,transfer,,,,0xa9059cbb,,135960,1,,0x7ea700d5019ed1d30c8096d4fef24f6555db72bfe8adf1e7c3e495ce67ed809f
2026-09-23T22-01-29-998Z_n-sweep_1-2-4-8-16-32-50,V1,,50,D-voto,,,transfer,,,,0xa9059cbb,,135960,1,,0xd099cccecf6f1158f5ba243ca6088f8874d9146baec93a09aef1c985e823d634
2026-09-23T22-01-29-998Z_n-sweep_1-2-4-8-16-32-50,V1,,50,D-voto,,,transfer,,,,0xa9059cbb,,135960,1,,0xd34db709f4f49d3311a9b6c928a74662fb0bde851655aa6fb02b0ad79e454733
2026-09-23T22-01-29-998Z_n-sweep_1-2-4-8-16-32-50,V1,,50,D-voto,,,transfer,,,,0xa9059cbb,,135960,1,,0xb0333deee0af7b78d7b4b5b86633676bdae519326d484603675db0f26c88b9df
2026-09-23T22-01-29-998Z_n-sweep_1-2-4-8-16-32-50,V1,,50,D-voto,,,transfer,,,,0xa9059cbb,,135960,1,,0x91a6b5a93ddd89ffbf66ac0296cdf3b1d313cd0b2890835c17ba5adcaced8ec8
2026-09-23T22-01-29-998Z_n-sweep_1-2-4-8-16-32-50,V1,,50,D-voto,,,transfer,,,,0xa9059cbb,,135960,1,,0x42ed8d1330be1065c1cc3e101c7a5a7e20cb148393a8d14d461f9b76c541d4e7
2026-09-23T22-01-29-998Z_n-sweep_1-2-4-8-16-32-50,V1,,50,D-voto,,,transfer,,,,0xa9059cbb,,135960,1,,0xb87afa69226d6b02977149ca6957bfad332e6a77c1ad200e790fad912b0a8b1c
2026-09-23T22-01-29-998Z_n-sweep_1-2-4-8-16-32-50,V1,,50,D-voto,,,transfer,,,,0xa9059cbb,,135960,1,,0xd31a5f77ec78cf0dcc46abd6824fc36e0343c70ec7558c5b8b8680a5179c3cee
2026-09-23T22-01-29-998Z_n-sweep_1-2-4-8-16-32-50,V1,,50,D-voto,,,transfer,,,,0xa9059cbb,,135960,1,,0x3a1cd3ff214ca838bb1f0a7b8e05b8066c941dae934ff8ef5f7d24e51e218d9f
2026-09-23T22-01-29-998Z_n-sweep_1-2-4-8-16-32-50,V1,,50,D-voto,,,transfer,,,,0xa9059cbb,,135960,1,,0x800f8dd0a0df31e55c4e4712a5972e0d1497dbb92fd85a7ee8c309306ae69f3e
2026-09-23T22-01-29-998Z_n-sweep_1-2-4-8-16-32-50,V1,,50,D-voto,,,transfer,,,,0xa9059cbb,,135960,1,,0x9c84268ba43fd38465cfd4cbb6628f9f3f9664cc537e635196844f423439df36
2026-09-23T22-01-29-998Z_n-sweep_1-2-4-8-16-32-50,V1,,50,D-voto,,,transfer,,,,0xa9059cbb,,135960,1,,0x5b82226f4b3968c0c11ff4245b77ddb5c737ac3d9384e7f0f5dacf91ae505b7c
2026-09-23T22-01-29-998Z_n-sweep_1-2-4-8-16-32-50,V1,,50,D-voto,,,transfer,,,,0xa9059cbb,,135960,1,,0x6b5817c5a2f3233a1f4755f91eec5b61a72e50556aeb151d1df361f8dcacafea
2026-09-23T22-01-29-998Z_n-sweep_1-2-4-8-16-32-50,V1,,50,D-voto,,,transfer,,,,0xa9059cbb,,135960,1,,0x00442dfd61843442f2f62e78bcf59b803dd8498b1bad260878d59e06f48aaf95
2026-09-23T22-01-29-998Z_n-sweep_1-2-4-8-16-32-50,V1,,50,D-voto,,,transfer,,,,0xa9059cbb,,135960,1,,0xf5d2b3eeffb65a663d93b8d3c809b6e5121b8784e868e51af3bdba2deee35a8b
2026-09-23T22-01-29-998Z_n-sweep_1-2-4-8-16-32-50,V1,,50,D-voto,,,transfer,,,,0xa9059cbb,,135960,1,,0xf3df28ed5d40b48f8919791b5b9ed50c0de598885569cd4cda2c88678140358b
2026-09-23T22-01-29-998Z_n-sweep_1-2-4-8-16-32-50,V1,,50,D-voto,,,transfer,,,,0xa9059cbb,,135960,1,,0xae8265c953b3c6c844fd5e7f9c7464dcd5160d081bd3f12119dae553d5383d46
2026-09-23T22-01-29-998Z_n-sweep_1-2-4-8-16-32-50,V1,,50,D-voto,,,transfer,,,,0xa9059cbb,,135960,1,,0x2bedec0ecd73ac805d76d0b0f124d689002219a8553658ae536e50df35c6d9db
2026-09-23T22-01-29-998Z_n-sweep_1-2-4-8-16-32-50,V1,,50,D-voto,,,transfer,,,,0xa9059cbb,,135960,1,,0x7911352af92914fc012e9271fef77802aaf80cb03b085ac5b36a82617ef3d87f
2026-09-23T22-01-29-998Z_n-sweep_1-2-4-8-16-32-50,V1,,50,D-voto,,,transfer,,,,0xa9059cbb,,135960,1,,0x527083c9aa09a186a9dfde1d6e11e56a88c23af4ff1df829641f565d467e9eb3
2026-09-23T22-01-29-998Z_n-sweep_1-2-4-8-16-32-50,V1,,50,D-voto,,,transfer,,,,0xa9059cbb,,135960,1,,0x4fcb61575570970b077a3f0175ad61e8f9b670d214f189be9284c9e38d23ea97
2026-09-23T22-01-29-998Z_n-sweep_1-2-4-8-16-32-50,V1,,50,D-voto,,,transfer,,,,0xa9059cbb,,135960,1,,0x4e542c0f00edf948e31ae0044ddc651c40f57f37ff7015611a62d6daf389f5c0
2026-09-23T22-01-29-998Z_n-sweep_1-2-4-8-16-32-50,V1,,50,D-voto,,,transfer,,,,0xa9059cbb,,135948,1,,0x678ff5ad84e5f134b40dad86f148a340f9fbc604f5ec27a98b7c60856ee1e375
2026-09-23T22-01-29-998Z_n-sweep_1-2-4-8-16-32-50,V1,,50,D-voto,,,transfer,,,,0xa9059cbb,,135960,1,,0x8c9fe884dc095bd2cb142ad2f4c3a32815bf358db82984445b1bebe0c495a13f
2026-09-23T22-01-29-998Z_n-sweep_1-2-4-8-16-32-50,V1,,50,D-voto,,,transfer,,,,0xa9059cbb,,135960,1,,0xcae168b52d2afa75f1568ef6aadf2694b4b83c844b2cc07cfa891dbd891f714c
2026-09-23T22-01-29-998Z_n-sweep_1-2-4-8-16-32-50,V1,,50,D-voto,,,propose,,,propose,0x7d5e81e2,WasteCategoryRegistry.updateCredits,63351,1,,0x335220acab14db29aee9db3139434611520907572b29eebe55a2bcd25ccef816
2026-09-23T22-01-29-998Z_n-sweep_1-2-4-8-16-32-50,V1,,50,D-voto,,,vote,1,for,,0x56781388,,82468,1,,0x3e488209646c442cb2b7642858af87ce6891a484866682184e0f03292ce21be8
2026-09-23T22-01-29-998Z_n-sweep_1-2-4-8-16-32-50,V1,,50,D-voto,,,vote,2,for,,0x56781388,,65368,1,,0x67751c58820d5e57b4bf50a8ae3b37e02f728607ca46e83eaddfe25156692b5a
2026-09-23T22-01-29-998Z_n-sweep_1-2-4-8-16-32-50,V1,,50,D-voto,,,vote,3,for,,0x56781388,,65368,1,,0xd93677119b4fe31291fc0efc167d0568e0a40d5fad44a529dbf176974b8fa829
2026-09-23T22-01-29-998Z_n-sweep_1-2-4-8-16-32-50,V1,,50,D-voto,,,vote,4,for,,0x56781388,,65368,1,,0x6303e9ff6a1b31869205cc91ca667282a6ba21fcf55aa0ba0d6a75caf67bfd2a
2026-09-23T22-01-29-998Z_n-sweep_1-2-4-8-16-32-50,V1,,50,D-voto,,,vote,5,for,,0x56781388,,65368,1,,0xe401d45e1241807e50aa7c763318b2ec0f0517e1da6f722b3c11003beefa6e52
2026-09-23T22-01-29-998Z_n-sweep_1-2-4-8-16-32-50,V1,,50,D-voto,,,vote,6,for,,0x56781388,,65368,1,,0xb2eef24532e7b220e092118b99a6fbb1bbd3e40b1010a9c0b73deb013fa1533b
2026-09-23T22-01-29-998Z_n-sweep_1-2-4-8-16-32-50,V1,,50,D-voto,,,vote,7,for,,0x56781388,,65368,1,,0x62a1b2afd135109eb34f4913fcec1712f467ded7bda07ed267b31ea277e5b152
2026-09-23T22-01-29-998Z_n-sweep_1-2-4-8-16-32-50,V1,,50,D-voto,,,vote,8,for,,0x56781388,,65368,1,,0xc6962b6acad1496d096e1a52cb0a31f52cfa44980165907f63d54097f80b0ec0
2026-09-23T22-01-29-998Z_n-sweep_1-2-4-8-16-32-50,V1,,50,D-voto,,,vote,9,for,,0x56781388,,65368,1,,0x029b885f7635d48d31652f7a8bbc3c60600c2f4b7d8913492bc948671b093cc7
2026-09-23T22-01-29-998Z_n-sweep_1-2-4-8-16-32-50,V1,,50,D-voto,,,vote,10,for,,0x56781388,,65368,1,,0x22ee0fa96f6846151d9506326973e69211fe3b7dc94eb090c0bc11f5fd8a8208
2026-09-23T22-01-29-998Z_n-sweep_1-2-4-8-16-32-50,V1,,50,D-voto,,,vote,11,for,,0x56781388,,65368,1,,0x27b92dc800d71280886e0d95fa53e3278f813ee67b1da04926930189eae06e39
2026-09-23T22-01-29-998Z_n-sweep_1-2-4-8-16-32-50,V1,,50,D-voto,,,vote,12,for,,0x56781388,,65368,1,,0x4aad83f6c9fc875c106bddc647ca23b5ff66e52df8990c8ae3addee8f96a959a
2026-09-23T22-01-29-998Z_n-sweep_1-2-4-8-16-32-50,V1,,50,D-voto,,,vote,13,for,,0x56781388,,65368,1,,0x67883e7a8efeaa6c2a0525487f99ec5f3777821213839ae895c30e712e4a6eeb
2026-09-23T22-01-29-998Z_n-sweep_1-2-4-8-16-32-50,V1,,50,D-voto,,,vote,14,for,,0x56781388,,65368,1,,0x7772ef679e4ced9f8983b1c79a27654138fe5dee297d3e2924856be979ad22e9
2026-09-23T22-01-29-998Z_n-sweep_1-2-4-8-16-32-50,V1,,50,D-voto,,,vote,15,for,,0x56781388,,65368,1,,0x9f10030b7a25da2398993ed8b516ee3b79323f3bb907872cbcfebe4ba28ebdb2
2026-09-23T22-01-29-998Z_n-sweep_1-2-4-8-16-32-50,V1,,50,D-voto,,,vote,16,for,,0x56781388,,65368,1,,0x9e181eb5ad9e7c12ee1a7448c96a036f03779dc9e461144eed270b1601f0ce20
2026-09-23T22-01-29-998Z_n-sweep_1-2-4-8-16-32-50,V1,,50,D-voto,,,vote,17,for,,0x56781388,,65368,1,,0x9a6620ee6eaa8852de730fa7ce971cdad577668048cb4ae58c7dccf355a87b31
2026-09-23T22-01-29-998Z_n-sweep_1-2-4-8-16-32-50,V1,,50,D-voto,,,vote,18,for,,0x56781388,,65368,1,,0x727ff423798dae7572308967a2e55d06679122ce579c9651ef58bf4e683bab20
2026-09-23T22-01-29-998Z_n-sweep_1-2-4-8-16-32-50,V1,,50,D-voto,,,vote,19,for,,0x56781388,,65368,1,,0x5612bedd04c92837acef9142d362a662601e40fa126b42fafea4c6a761b49174
2026-09-23T22-01-29-998Z_n-sweep_1-2-4-8-16-32-50,V1,,50,D-voto,,,vote,20,for,,0x56781388,,65368,1,,0x2867d581bca830e075ae7c12b2e76e98a6656362a5740c95549e20509cd6188c
2026-09-23T22-01-29-998Z_n-sweep_1-2-4-8-16-32-50,V1,,50,D-voto,,,vote,21,for,,0x56781388,,65368,1,,0xa185a79a893d79612f03091f83125c1ad2928c0639cdd93e24b8ede06f14a955
2026-09-23T22-01-29-998Z_n-sweep_1-2-4-8-16-32-50,V1,,50,D-voto,,,vote,22,for,,0x56781388,,65368,1,,0xf9084633ded2a07cf1c42cc9834c8bc0e65894faedb49876b4c6ba0ef47d55ca
2026-09-23T22-01-29-998Z_n-sweep_1-2-4-8-16-32-50,V1,,50,D-voto,,,vote,23,for,,0x56781388,,65368,1,,0x2e8b5c9df2b27af512f386355c2bededb7373679b856482381b2e25bdb0848b2
2026-09-23T22-01-29-998Z_n-sweep_1-2-4-8-16-32-50,V1,,50,D-voto,,,vote,24,for,,0x56781388,,65368,1,,0x6935cb097e3d5e0dff87a698b2cb4874cde1aa11f01c86066e4ba4a8ea929a5b
2026-09-23T22-01-29-998Z_n-sweep_1-2-4-8-16-32-50,V1,,50,D-voto,,,vote,1,against,,0x56781388,,82416,1,,0x1575f287a17885ca11c69d43d5a2210fa7c9863cc3ced871ae1871019b60616f
2026-09-23T22-01-29-998Z_n-sweep_1-2-4-8-16-32-50,V1,,50,D-voto,,,vote,2,against,,0x56781388,,65316,1,,0xe444b8b106f340331bcb9be2720f9f0d99992b3110c037f1a613e976287a8dc0
2026-09-23T22-01-29-998Z_n-sweep_1-2-4-8-16-32-50,V1,,50,D-voto,,,vote,3,against,,0x56781388,,65316,1,,0xc5606d059a7eea1ae3ec3ff7037a1c1315af4782a270f5502a334be6d93af74b
2026-09-23T22-01-29-998Z_n-sweep_1-2-4-8-16-32-50,V1,,50,D-voto,,,vote,4,against,,0x56781388,,65316,1,,0xca7be032c524e4b7f2d85bc690bd94a7d0b6f8d555bfb62da8b68243886b793e
2026-09-23T22-01-29-998Z_n-sweep_1-2-4-8-16-32-50,V1,,50,D-voto,,,vote,5,against,,0x56781388,,65316,1,,0x49bf51cf242abfa4fc0e9fc1b6a833413d26516c2b2904c80582c84c6680f07e
2026-09-23T22-01-29-998Z_n-sweep_1-2-4-8-16-32-50,V1,,50,D-voto,,,vote,6,against,,0x56781388,,65316,1,,0x138f5a67e7ad10e75bd0c347cca1cc8abe9ab570f5f1a2e4b6d86c9f799645ff
2026-09-23T22-01-29-998Z_n-sweep_1-2-4-8-16-32-50,V1,,50,D-voto,,,vote,7,against,,0x56781388,,65316,1,,0x21cff729ddf718a3a407cb6954b0610cb66efec1cf20fe781f06a3d048351e4f
2026-09-23T22-01-29-998Z_n-sweep_1-2-4-8-16-32-50,V1,,50,D-voto,,,vote,8,against,,0x56781388,,65316,1,,0x7c5723be6e81ff9a3077161d844df78e0640f2af92bae26bc9d9db60b67b714c
2026-09-23T22-01-29-998Z_n-sweep_1-2-4-8-16-32-50,V1,,50,D-voto,,,vote,9,against,,0x56781388,,65316,1,,0x42c107d86d5bdac57bbd96939cfa23dceafd0a5074c58f08a0d6c8cf3210e54e
2026-09-23T22-01-29-998Z_n-sweep_1-2-4-8-16-32-50,V1,,50,D-voto,,,vote,10,against,,0x56781388,,65316,1,,0x87e9290d71d38d532c107a525bcf45d46a8a76dd256341841edb1d11a6fd8af5
2026-09-23T22-01-29-998Z_n-sweep_1-2-4-8-16-32-50,V1,,50,D-voto,,,vote,11,against,,0x56781388,,65316,1,,0xa769b82555914aae125941d45bacdb72e1cf0b4425908bc56a229201896afb7d
2026-09-23T22-01-29-998Z_n-sweep_1-2-4-8-16-32-50,V1,,50,D-voto,,,vote,12,against,,0x56781388,,65316,1,,0x81980670feb6adc4b0972d9a395a22c6162ec3c8429abe107c5a30939d2c8395
2026-09-23T22-01-29-998Z_n-sweep_1-2-4-8-16-32-50,V1,,50,D-voto,,,vote,13,against,,0x56781388,,65316,1,,0x803c1b03f4ab10076203b67899c5e8ce19305b7eba130f6bc7cf096d358ce18b
2026-09-23T22-01-29-998Z_n-sweep_1-2-4-8-16-32-50,V1,,50,D-voto,,,vote,14,against,,0x56781388,,65316,1,,0x089328301b8555551c92649f28449b975bcece5c9cc7fd2206d4544bf2f39dc6
2026-09-23T22-01-29-998Z_n-sweep_1-2-4-8-16-32-50,V1,,50,D-voto,,,vote,15,against,,0x56781388,,65316,1,,0x222abda7be59b549905ca4c1d7411ebfd930af21990178357249697ab6900fe0
2026-09-23T22-01-29-998Z_n-sweep_1-2-4-8-16-32-50,V1,,50,D-voto,,,vote,16,against,,0x56781388,,65316,1,,0x695da570eda629effb39fc6a5b34200e6550e3c518ad47df12f123e12279794a
2026-09-23T22-01-29-998Z_n-sweep_1-2-4-8-16-32-50,V1,,50,D-voto,,,vote,17,against,,0x56781388,,65316,1,,0x84412b773a90275b73793a811bbb7236399d116fb3c4303fcb1ae52ee530d122
2026-09-23T22-01-29-998Z_n-sweep_1-2-4-8-16-32-50,V1,,50,D-voto,,,vote,18,against,,0x56781388,,65316,1,,0x9abd4dab7e5c1bef91c931f06b4448898f45123e1bb6341b49891c12eb508a15
2026-09-23T22-01-29-998Z_n-sweep_1-2-4-8-16-32-50,V1,,50,D-voto,,,vote,19,against,,0x56781388,,65316,1,,0x54491ea57771bbc2bc1813cd2fe07963110eebd0d4f30de2a4d8de181560b349
2026-09-23T22-01-29-998Z_n-sweep_1-2-4-8-16-32-50,V1,,50,D-voto,,,vote,20,against,,0x56781388,,65316,1,,0xe1de34a9586685b0264a8a6edd3584783c10e0561ca49046549dda5eae542bb4
2026-09-23T22-01-29-998Z_n-sweep_1-2-4-8-16-32-50,V1,,50,D-voto,,,vote,21,against,,0x56781388,,65316,1,,0x1981ed8ffce3184cc42a71b9a91eb915a998a0361042ea8857236c7e38d08c60
2026-09-23T22-01-29-998Z_n-sweep_1-2-4-8-16-32-50,V1,,50,D-voto,,,vote,22,against,,0x56781388,,65316,1,,0xe449011b01a20a87abcecafbafa942c808d56de6820c6d29726839e98c06fd13
2026-09-23T22-01-29-998Z_n-sweep_1-2-4-8-16-32-50,V1,,50,D-voto,,,vote,23,against,,0x56781388,,65316,1,,0x73b2d5926688a74248f9f50c4d01edd66bfbb04fd93ac9d10f0c988481fe807e
2026-09-23T22-01-29-998Z_n-sweep_1-2-4-8-16-32-50,V1,,50,D-voto,,,vote,24,against,,0x56781388,,65316,1,,0xdd14534e5b40b702a89d7397f98d1ac00656988b280ebbca18c3453e3074d7e9
2026-09-23T22-01-29-998Z_n-sweep_1-2-4-8-16-32-50,V1,,50,D-voto,,,vote,25,against,,0x56781388,,65316,1,,0x89f53793c3178e46164494fc0934d5267ff2cc7ee9d9933d5386116ae5e855a5
2026-09-23T22-01-29-998Z_n-sweep_1-2-4-8-16-32-50,V1,,50,D-voto,,,vote,26,against,,0x56781388,,65316,1,,0x8f7581053bd60eef780721fa424fafa22dc105caea78d2656c47aa1f392cd659
2026-09-23T22-01-29-998Z_n-sweep_1-2-4-8-16-32-50,V1,,50,D-voto,,,execute_attempt,,,execute,0x2656227d,WasteCategoryRegistry.updateCredits,40382,0,"VM Exception while processing transaction: reverted with custom error 'GovernorUnexpectedProposalState(90614532677994374315631566151676141878512487820129930227224081873625398314040, 3, '0x0000000000000000000000000000000000000000000000000000000000000030')'",0x896cc40efc21a9da35c78c130cf425e6b17c1977b043eed41e1adad520d6a3e0
2026-09-23T22-01-29-998Z_n-sweep_1-2-4-8-16-32-50,V2,T1,,,,,deploy_token_T1,,,constructor,0x61016060,,1621017,1,,0xece28f063ba256e8fc65152daf61fe745a7823e8ba387b1b661409f18f6dc4cc
2026-09-23T22-01-29-998Z_n-sweep_1-2-4-8-16-32-50,V2,,,,,,deploy_registry,,,constructor,0x60806040,,4590964,1,,0x9005486642112873086c0faf3a06ce7199e3377186a80eb6eea4235f5e1c6f56
2026-09-23T22-01-29-998Z_n-sweep_1-2-4-8-16-32-50,V2,,,,,,deploy_governor_V2,,,constructor,0x6101e080,,2178840,1,,0xa32c9f3d540c0ae9eee563ea02a53e3c1648afde51e09209202bc2912d9a8532
2026-09-23T22-01-29-998Z_n-sweep_1-2-4-8-16-32-50,V2,,,,,,grant_admin_role,,,grantRole,0x2f2ff15d,,50799,1,,0x0482dd737ad13e5cf9f342f77b7f4c8d4a60575e6613b501a7a433855227e65d
2026-09-23T22-01-29-998Z_n-sweep_1-2-4-8-16-32-50,V2,,,,,,revoke_deployer_admin_role,,,revokeRole,0xd547741f,,27116,1,,0xbf6c6756b6e885a31717a4b56f3c4fc35da4780ca84e075711ea97189f58ea3d
2026-09-23T22-01-29-998Z_n-sweep_1-2-4-8-16-32-50,V2,,50,D-voto,,,delegate_admin,,,,0x5c19a95c,,95559,1,,0xe4ed125ff7fcf34a784094393e69d7b32184f90f45a88cf0e398ac5fe2329d50
2026-09-23T22-01-29-998Z_n-sweep_1-2-4-8-16-32-50,V2,,50,D-voto,,,delegate,,,,0x5c19a95c,,48347,1,,0x8e5cf2e817455991c3f88244f29b95e3c5703efb253d16587c3e019ace8ed4aa
2026-09-23T22-01-29-998Z_n-sweep_1-2-4-8-16-32-50,V2,,50,D-voto,,,delegate,,,,0x5c19a95c,,48335,1,,0x3a4d0b938991cc6665fddf48aab742d27a2480134e4cb1cf5b844b9724575405
2026-09-23T22-01-29-998Z_n-sweep_1-2-4-8-16-32-50,V2,,50,D-voto,,,delegate,,,,0x5c19a95c,,48347,1,,0x8df16e2387da0d9fa03469e487a72815c7ad0f22d2e3631bfcd3e8532e84566f
2026-09-23T22-01-29-998Z_n-sweep_1-2-4-8-16-32-50,V2,,50,D-voto,,,delegate,,,,0x5c19a95c,,48347,1,,0x95612e3ccf4e98f664cb62c90a18fd3142e8f5668db18fb82a400652a6b96b06
2026-09-23T22-01-29-998Z_n-sweep_1-2-4-8-16-32-50,V2,,50,D-voto,,,delegate,,,,0x5c19a95c,,48347,1,,0x8cfbd9c8afd095297879c4ea5a6d41c276c3b770abd2f751b06ec63384df15d6
2026-09-23T22-01-29-998Z_n-sweep_1-2-4-8-16-32-50,V2,,50,D-voto,,,delegate,,,,0x5c19a95c,,48347,1,,0x96ff47bd12ed3260165a9b3c82bacf4a9f1cfd47a5f8548491ee35c1066f2e38
2026-09-23T22-01-29-998Z_n-sweep_1-2-4-8-16-32-50,V2,,50,D-voto,,,delegate,,,,0x5c19a95c,,48347,1,,0x3c7464a5135ef0630048da3b891f6f95d941c4b44dfb27d1230d6c7015af52d6
2026-09-23T22-01-29-998Z_n-sweep_1-2-4-8-16-32-50,V2,,50,D-voto,,,delegate,,,,0x5c19a95c,,48347,1,,0xcef7f0dbdf22e7ddd7612e11e8e4d04d07ff7ed50742fa593a04379c3fb4c79a
2026-09-23T22-01-29-998Z_n-sweep_1-2-4-8-16-32-50,V2,,50,D-voto,,,delegate,,,,0x5c19a95c,,48347,1,,0x2a05bf2175c5ddc1c903f568e1aef2d66314124f75bcf8379ba8adf2782fee08
2026-09-23T22-01-29-998Z_n-sweep_1-2-4-8-16-32-50,V2,,50,D-voto,,,delegate,,,,0x5c19a95c,,48335,1,,0xed076a3bb603efd5d8a71a2cc98ed4047b12d152a544a7d1d7a341433c9a4602
2026-09-23T22-01-29-998Z_n-sweep_1-2-4-8-16-32-50,V2,,50,D-voto,,,delegate,,,,0x5c19a95c,,48347,1,,0x10be283a8ec30b680dc3aca50b759e0cf9c8afc082d9e83402cea754eca72a1f
2026-09-23T22-01-29-998Z_n-sweep_1-2-4-8-16-32-50,V2,,50,D-voto,,,delegate,,,,0x5c19a95c,,48347,1,,0x2a30f5270f05f3f17e6177f9b77f58b934718ec7c2e872415fd5bb3af3d1a729
2026-09-23T22-01-29-998Z_n-sweep_1-2-4-8-16-32-50,V2,,50,D-voto,,,delegate,,,,0x5c19a95c,,48347,1,,0x8627a7ad29f66cec2d29399f287974e7802b96ce1c1094b9f03f71ebb4aee554
2026-09-23T22-01-29-998Z_n-sweep_1-2-4-8-16-32-50,V2,,50,D-voto,,,delegate,,,,0x5c19a95c,,48347,1,,0x09935171751aaaad6b28f8c0a6e1389d805ea4048b73d32206a0f9fb56fe6526
2026-09-23T22-01-29-998Z_n-sweep_1-2-4-8-16-32-50,V2,,50,D-voto,,,delegate,,,,0x5c19a95c,,48347,1,,0xcc0bb7cbd2d0f3f8fa2b739bbaa5db203755fbd70b3eefc00d112f1bb589ceaf
2026-09-23T22-01-29-998Z_n-sweep_1-2-4-8-16-32-50,V2,,50,D-voto,,,delegate,,,,0x5c19a95c,,48347,1,,0xc76339288f99a2e44a4485a1794ebb0cad6215adbb061dde8b472b5783d68437
2026-09-23T22-01-29-998Z_n-sweep_1-2-4-8-16-32-50,V2,,50,D-voto,,,delegate,,,,0x5c19a95c,,48347,1,,0x4eff498246ceed5814c564e65aad18449d9d8819517ba51d588d9cfdae3d4d2a
2026-09-23T22-01-29-998Z_n-sweep_1-2-4-8-16-32-50,V2,,50,D-voto,,,delegate,,,,0x5c19a95c,,48347,1,,0xa6ae49a326f302b9e71391f9415c0d930458ea03039ee9086f5687369d739f43
2026-09-23T22-01-29-998Z_n-sweep_1-2-4-8-16-32-50,V2,,50,D-voto,,,delegate,,,,0x5c19a95c,,48347,1,,0xf13688c59dca87eeaaf2b3d3ae625f01224e2d5b4954af7ddb9eacd7e8fca21e
2026-09-23T22-01-29-998Z_n-sweep_1-2-4-8-16-32-50,V2,,50,D-voto,,,delegate,,,,0x5c19a95c,,48347,1,,0xed760b7612d9a02f7ab38dcca54d7d989dd819b4bb98906db1dbcca059ac084f
2026-09-23T22-01-29-998Z_n-sweep_1-2-4-8-16-32-50,V2,,50,D-voto,,,delegate,,,,0x5c19a95c,,48347,1,,0x408a7ccbb0d6637960a2093204a5084a7c3370084f7061b277e04d5d1523ae58
2026-09-23T22-01-29-998Z_n-sweep_1-2-4-8-16-32-50,V2,,50,D-voto,,,delegate,,,,0x5c19a95c,,48347,1,,0x3152e0d13e4c1339d74b6b187ca12500a969817e0120fc16874758b89451705c
2026-09-23T22-01-29-998Z_n-sweep_1-2-4-8-16-32-50,V2,,50,D-voto,,,delegate,,,,0x5c19a95c,,48347,1,,0xa643950d224ced9bbf99ea95cbb9cecb86c028ad6a357741d9eed43fd1418124
2026-09-23T22-01-29-998Z_n-sweep_1-2-4-8-16-32-50,V2,,50,D-voto,,,delegate,,,,0x5c19a95c,,48347,1,,0x055e399c3cbfa6644dce91a7f3b36ea2bc185d80c647c0f1d04321e14c4b1361
2026-09-23T22-01-29-998Z_n-sweep_1-2-4-8-16-32-50,V2,,50,D-voto,,,delegate,,,,0x5c19a95c,,48335,1,,0xdbafa2287cf62155690c72d09b21b76ada56306bf24799e90a6ebd1fd470abc6
2026-09-23T22-01-29-998Z_n-sweep_1-2-4-8-16-32-50,V2,,50,D-voto,,,delegate,,,,0x5c19a95c,,48347,1,,0x5f3e39c0a04665565fe3ba089f22454588d4f688c9a7aef067e7ad9e116a759a
2026-09-23T22-01-29-998Z_n-sweep_1-2-4-8-16-32-50,V2,,50,D-voto,,,delegate,,,,0x5c19a95c,,48347,1,,0x7f968e30943d915d45decb0caea3281b5a4ce30a34416fbe354786d67369fd83
2026-09-23T22-01-29-998Z_n-sweep_1-2-4-8-16-32-50,V2,,50,D-voto,,,delegate,,,,0x5c19a95c,,48347,1,,0xacced85e76fc346ac6aeec9a7ad6b61324fa6705450ea8d9c6b571e609652ec6
2026-09-23T22-01-29-998Z_n-sweep_1-2-4-8-16-32-50,V2,,50,D-voto,,,delegate,,,,0x5c19a95c,,48347,1,,0xc354d6d794f1199566d0378cd1a05e9a5ef44036fa08971363ffdb3f0a83ac1f
2026-09-23T22-01-29-998Z_n-sweep_1-2-4-8-16-32-50,V2,,50,D-voto,,,delegate,,,,0x5c19a95c,,48347,1,,0x41430b21e85fff00baa6651f5e9419f14411e203e9c65cf045d70399e1f94f10
2026-09-23T22-01-29-998Z_n-sweep_1-2-4-8-16-32-50,V2,,50,D-voto,,,delegate,,,,0x5c19a95c,,48347,1,,0x0bedefd31dfd1911f1b821af9af59b2add8145ffa98e5dbae489249c34ba12b9
2026-09-23T22-01-29-998Z_n-sweep_1-2-4-8-16-32-50,V2,,50,D-voto,,,delegate,,,,0x5c19a95c,,48347,1,,0x56ad8c486cf180aa0b39b839e9aa8457bb432ce913afb5054ca9bcce3effbb92
2026-09-23T22-01-29-998Z_n-sweep_1-2-4-8-16-32-50,V2,,50,D-voto,,,delegate,,,,0x5c19a95c,,48347,1,,0x889ffacd513472f47703d03e4eb91f2565e857d0c007bd0d90101601ecbd4461
2026-09-23T22-01-29-998Z_n-sweep_1-2-4-8-16-32-50,V2,,50,D-voto,,,delegate,,,,0x5c19a95c,,48347,1,,0x300cffcbe8eda0567de301008cf1f50514fdf7ef82e382d9507bbf31fffcabc4
2026-09-23T22-01-29-998Z_n-sweep_1-2-4-8-16-32-50,V2,,50,D-voto,,,delegate,,,,0x5c19a95c,,48347,1,,0xb26cc341ef34517b33cf6cd048c8a54704753c40e4e38bdf9dc80c483ec06148
2026-09-23T22-01-29-998Z_n-sweep_1-2-4-8-16-32-50,V2,,50,D-voto,,,delegate,,,,0x5c19a95c,,48347,1,,0x58d7882e8df8d9a84dda04828e62e55811e2fc55bbdf72e420a219528a50c760
2026-09-23T22-01-29-998Z_n-sweep_1-2-4-8-16-32-50,V2,,50,D-voto,,,delegate,,,,0x5c19a95c,,48347,1,,0xa165579965f85981a3065c1e2b2a0995c5caac5df658402f7efd8b0d0b1c2bce
2026-09-23T22-01-29-998Z_n-sweep_1-2-4-8-16-32-50,V2,,50,D-voto,,,delegate,,,,0x5c19a95c,,48347,1,,0xf0592e48b13df8d29c4f13d4da023052f542ca40ddd14d6babaf7ef698f07dbb
2026-09-23T22-01-29-998Z_n-sweep_1-2-4-8-16-32-50,V2,,50,D-voto,,,delegate,,,,0x5c19a95c,,48347,1,,0x03d0dbabc01e5d0af5eca4495d4c548d2c41bb5b473d7d98c49d5385061260b8
2026-09-23T22-01-29-998Z_n-sweep_1-2-4-8-16-32-50,V2,,50,D-voto,,,delegate,,,,0x5c19a95c,,48347,1,,0x9c249c81d873ecf8e9768db83eb14821c2c218d032b11cd7fe5d12088d668fda
2026-09-23T22-01-29-998Z_n-sweep_1-2-4-8-16-32-50,V2,,50,D-voto,,,delegate,,,,0x5c19a95c,,48347,1,,0xcd63dbf8f1f09a2f6a5ff14decca32fb72ad0f1cae7e574b2fc586f13d025bb2
2026-09-23T22-01-29-998Z_n-sweep_1-2-4-8-16-32-50,V2,,50,D-voto,,,delegate,,,,0x5c19a95c,,48347,1,,0x046e21685e512200b52e31db93043af7459b5a989dc0808269126d53721ac8f8
2026-09-23T22-01-29-998Z_n-sweep_1-2-4-8-16-32-50,V2,,50,D-voto,,,delegate,,,,0x5c19a95c,,48347,1,,0x335f1c45ad548204528f7cadd4671e561c20c9c4fe29b91189feade09701c5a9
2026-09-23T22-01-29-998Z_n-sweep_1-2-4-8-16-32-50,V2,,50,D-voto,,,delegate,,,,0x5c19a95c,,48347,1,,0x9f8ade3454be88805b03b02375f2774d72e2d3169cc94a4166c39604e063955f
2026-09-23T22-01-29-998Z_n-sweep_1-2-4-8-16-32-50,V2,,50,D-voto,,,delegate,,,,0x5c19a95c,,48347,1,,0xbc2920c9ad77b324c8f64daabfc2a1431c80f30edb3c65e0a07700b98891b56c
2026-09-23T22-01-29-998Z_n-sweep_1-2-4-8-16-32-50,V2,,50,D-voto,,,delegate,,,,0x5c19a95c,,48347,1,,0x1ff3b9a6966187a5cd8d575d153f2487b31b83e6d2c103a885d102e6de760040
2026-09-23T22-01-29-998Z_n-sweep_1-2-4-8-16-32-50,V2,,50,D-voto,,,delegate,,,,0x5c19a95c,,48347,1,,0x3007abbd2ca5d8a8c5f340a2614ce189759242bb494aab56e592970fe25a61c4
2026-09-23T22-01-29-998Z_n-sweep_1-2-4-8-16-32-50,V2,,50,D-voto,,,delegate,,,,0x5c19a95c,,48335,1,,0x1ef3932edbce7e10293b79c0f2bdd68ba9963feeb60783550b8048fadd7093b1
2026-09-23T22-01-29-998Z_n-sweep_1-2-4-8-16-32-50,V2,,50,D-voto,,,delegate,,,,0x5c19a95c,,48347,1,,0xc1ed614da0f39e829d43e2c73649b3d798068befc640a8a27a6dfe3b86205651
2026-09-23T22-01-29-998Z_n-sweep_1-2-4-8-16-32-50,V2,,50,D-voto,,,delegate,,,,0x5c19a95c,,48347,1,,0x644c69711f4cf1c5519b2b689791a02de2c659aa2334fad7b76f3e0b8ddc92c8
2026-09-23T22-01-29-998Z_n-sweep_1-2-4-8-16-32-50,V2,,50,D-voto,,,transfer,,,,0xa9059cbb,,135960,1,,0x988aab2b52dd044a179325bd4967d9ae7237c72920f39685c1b68a865d8bc061
2026-09-23T22-01-29-998Z_n-sweep_1-2-4-8-16-32-50,V2,,50,D-voto,,,transfer,,,,0xa9059cbb,,135948,1,,0x1740ec9063dfd663705ab00d6d861409d180c9ad70adc6d28480537016214f76
2026-09-23T22-01-29-998Z_n-sweep_1-2-4-8-16-32-50,V2,,50,D-voto,,,transfer,,,,0xa9059cbb,,135960,1,,0xf56fcef6e6bf4bee12e48c2b9df7dbc660058df2a1fb870619e66bc918f52484
2026-09-23T22-01-29-998Z_n-sweep_1-2-4-8-16-32-50,V2,,50,D-voto,,,transfer,,,,0xa9059cbb,,135960,1,,0x233ed19ebf1226e5fc37f5fd473c8962d4660a56079a5d6c60cad7337c5b7af9
2026-09-23T22-01-29-998Z_n-sweep_1-2-4-8-16-32-50,V2,,50,D-voto,,,transfer,,,,0xa9059cbb,,135960,1,,0xcc782b233f1590adef175cd9036af19be976f253c0218163c06331281c553efe
2026-09-23T22-01-29-998Z_n-sweep_1-2-4-8-16-32-50,V2,,50,D-voto,,,transfer,,,,0xa9059cbb,,135960,1,,0xbea6e584f326824c66cd6b2c4015b7b890bfe3cd9eab172363c69ca2e07fc6c2
2026-09-23T22-01-29-998Z_n-sweep_1-2-4-8-16-32-50,V2,,50,D-voto,,,transfer,,,,0xa9059cbb,,135960,1,,0x465ed0f194e88c72adeb55b13c9b38160cb85e4cc722e7a5af85df8387d76996
2026-09-23T22-01-29-998Z_n-sweep_1-2-4-8-16-32-50,V2,,50,D-voto,,,transfer,,,,0xa9059cbb,,135960,1,,0xd1689b874f589c86d72d375fae0451c938fd231cd4095f970e1dd1b81f8676b7
2026-09-23T22-01-29-998Z_n-sweep_1-2-4-8-16-32-50,V2,,50,D-voto,,,transfer,,,,0xa9059cbb,,135960,1,,0xcf893e779208ade49ba3073a23cde3543874fa081e203c8b7d248491c6588cd6
2026-09-23T22-01-29-998Z_n-sweep_1-2-4-8-16-32-50,V2,,50,D-voto,,,transfer,,,,0xa9059cbb,,135948,1,,0x55f9f4c5cbe216e8c28f62779d8fa7e3844908ecfb57361604a2d8e371d49fca
2026-09-23T22-01-29-998Z_n-sweep_1-2-4-8-16-32-50,V2,,50,D-voto,,,transfer,,,,0xa9059cbb,,135960,1,,0x8dbb2d08f54ac53f17e18a86d078179bdcf4aecc630828e698d239a5cb1f6f8e
2026-09-23T22-01-29-998Z_n-sweep_1-2-4-8-16-32-50,V2,,50,D-voto,,,transfer,,,,0xa9059cbb,,135960,1,,0xed649c0db846b2bff19da4f11088b84071c73ddd4ce7d3749ae53eea75ac41db
2026-09-23T22-01-29-998Z_n-sweep_1-2-4-8-16-32-50,V2,,50,D-voto,,,transfer,,,,0xa9059cbb,,135960,1,,0xdf2cf31e73eb13bd09dd1afb5bb13ebc7ce5e2763b7e9b9cf73e62e8ef5d4e22
2026-09-23T22-01-29-998Z_n-sweep_1-2-4-8-16-32-50,V2,,50,D-voto,,,transfer,,,,0xa9059cbb,,135960,1,,0x3c1627a4e1cac6bb0416fd3e398372366c09d1a68ecfeb6747b79ec38aedf91c
2026-09-23T22-01-29-998Z_n-sweep_1-2-4-8-16-32-50,V2,,50,D-voto,,,transfer,,,,0xa9059cbb,,135960,1,,0xc56ae9e1eaa29c1b61ad02ffd529d88ca71dc67f8df801cf2e6338e0c93601c0
2026-09-23T22-01-29-998Z_n-sweep_1-2-4-8-16-32-50,V2,,50,D-voto,,,transfer,,,,0xa9059cbb,,135960,1,,0x0d0753aecd5c03f9a033b2f46b7f5cd0425998608ec65fe4e251758640f116cc
2026-09-23T22-01-29-998Z_n-sweep_1-2-4-8-16-32-50,V2,,50,D-voto,,,transfer,,,,0xa9059cbb,,135960,1,,0xefbd39c3f9ebfa93ac80f360ffd8980bec4b7e10908c53b00b1e61e174e14477
2026-09-23T22-01-29-998Z_n-sweep_1-2-4-8-16-32-50,V2,,50,D-voto,,,transfer,,,,0xa9059cbb,,135960,1,,0x3a2f642f292c833077cfed053ba476469661e3d952ab0f9708e81024e8a131f0
2026-09-23T22-01-29-998Z_n-sweep_1-2-4-8-16-32-50,V2,,50,D-voto,,,transfer,,,,0xa9059cbb,,135960,1,,0x92f057c6ea61052e657e17ca72c92f5b41686fa9098dc43c6670fd435baeb520
2026-09-23T22-01-29-998Z_n-sweep_1-2-4-8-16-32-50,V2,,50,D-voto,,,transfer,,,,0xa9059cbb,,135960,1,,0x401daf28f880e62370c01be106e283ab587a6a396d0ac9a4c1790b877d11cee7
2026-09-23T22-01-29-998Z_n-sweep_1-2-4-8-16-32-50,V2,,50,D-voto,,,transfer,,,,0xa9059cbb,,135960,1,,0x9fcb64d9dee02b77c33a03d55d294baa22cebf6f3fc60761a8ce82a27b27c4ac
2026-09-23T22-01-29-998Z_n-sweep_1-2-4-8-16-32-50,V2,,50,D-voto,,,transfer,,,,0xa9059cbb,,135960,1,,0xb12735ad54fd91cf7224ef0aead270b7e5bf6415a1835ea5a76292fff1415cfb
2026-09-23T22-01-29-998Z_n-sweep_1-2-4-8-16-32-50,V2,,50,D-voto,,,transfer,,,,0xa9059cbb,,135960,1,,0xfe37646fb15fa8302c991c97cf1f7c1a4a0f2b6acd720ebca26aca50888cda23
2026-09-23T22-01-29-998Z_n-sweep_1-2-4-8-16-32-50,V2,,50,D-voto,,,transfer,,,,0xa9059cbb,,135960,1,,0xd60240538b26e59a2163ed3a22c43b9ab1484704bd0b0f3cdefabb88cb5b257e
2026-09-23T22-01-29-998Z_n-sweep_1-2-4-8-16-32-50,V2,,50,D-voto,,,transfer,,,,0xa9059cbb,,135948,1,,0xb22c513b7fe482f54292a9bfeef77c21aacef9c17483d515bdfda6c1cf1f42bb
2026-09-23T22-01-29-998Z_n-sweep_1-2-4-8-16-32-50,V2,,50,D-voto,,,transfer,,,,0xa9059cbb,,135960,1,,0x88644017f1f3ae21daa385d29aee8d731cf7ba0c9b61e24399db19697919acb2
2026-09-23T22-01-29-998Z_n-sweep_1-2-4-8-16-32-50,V2,,50,D-voto,,,transfer,,,,0xa9059cbb,,135960,1,,0xad4486b295fc1a15477c5d8ebe8706f1ed097c809410e10005b1685953c2a2bb
2026-09-23T22-01-29-998Z_n-sweep_1-2-4-8-16-32-50,V2,,50,D-voto,,,transfer,,,,0xa9059cbb,,135960,1,,0xc857927978b7fca420d8dfdcf1a08458352c71bd35216ca7bdaabdcf6a420eab
2026-09-23T22-01-29-998Z_n-sweep_1-2-4-8-16-32-50,V2,,50,D-voto,,,transfer,,,,0xa9059cbb,,135960,1,,0x19da029d75fd0d87dc7a4f9beb9559a212c97f4650b20bec708183e96523aaba
2026-09-23T22-01-29-998Z_n-sweep_1-2-4-8-16-32-50,V2,,50,D-voto,,,transfer,,,,0xa9059cbb,,135960,1,,0xe39ed1dd6a0f306a57d3c39746352501a07bde119ca084d195183aa8257d544c
2026-09-23T22-01-29-998Z_n-sweep_1-2-4-8-16-32-50,V2,,50,D-voto,,,transfer,,,,0xa9059cbb,,135960,1,,0x686f042e46d0bb971f2dc7311a4b70e71aa32e852ea51402ab89ee3a2117a475
2026-09-23T22-01-29-998Z_n-sweep_1-2-4-8-16-32-50,V2,,50,D-voto,,,transfer,,,,0xa9059cbb,,135960,1,,0xf9e0d46378d7c47514f285080aa1c0ba30ccb144fd11142fd8a0965281717e14
2026-09-23T22-01-29-998Z_n-sweep_1-2-4-8-16-32-50,V2,,50,D-voto,,,transfer,,,,0xa9059cbb,,135960,1,,0x403d5ee904eb62cf03710c0775795d94da962bdd3fc2a81d2c0ef4752ac1fe71
2026-09-23T22-01-29-998Z_n-sweep_1-2-4-8-16-32-50,V2,,50,D-voto,,,transfer,,,,0xa9059cbb,,135960,1,,0xfdde6c45dcc56940d6e78753c17a5c3fb5be608e7dbf8994340a63db872a194f
2026-09-23T22-01-29-998Z_n-sweep_1-2-4-8-16-32-50,V2,,50,D-voto,,,transfer,,,,0xa9059cbb,,135960,1,,0x0ab3489848781558a75a336d69aeae715379240b5a6bd11ad38ea8bd2a829107
2026-09-23T22-01-29-998Z_n-sweep_1-2-4-8-16-32-50,V2,,50,D-voto,,,transfer,,,,0xa9059cbb,,135960,1,,0x1682e6d0d561bf9f64b682c350f3b78d5c3a2bd231295f8d74b4c92182f6cc07
2026-09-23T22-01-29-998Z_n-sweep_1-2-4-8-16-32-50,V2,,50,D-voto,,,transfer,,,,0xa9059cbb,,135960,1,,0x5b82226f4b3968c0c11ff4245b77ddb5c737ac3d9384e7f0f5dacf91ae505b7c
2026-09-23T22-01-29-998Z_n-sweep_1-2-4-8-16-32-50,V2,,50,D-voto,,,transfer,,,,0xa9059cbb,,135960,1,,0x6b5817c5a2f3233a1f4755f91eec5b61a72e50556aeb151d1df361f8dcacafea
2026-09-23T22-01-29-998Z_n-sweep_1-2-4-8-16-32-50,V2,,50,D-voto,,,transfer,,,,0xa9059cbb,,135960,1,,0x00442dfd61843442f2f62e78bcf59b803dd8498b1bad260878d59e06f48aaf95
2026-09-23T22-01-29-998Z_n-sweep_1-2-4-8-16-32-50,V2,,50,D-voto,,,transfer,,,,0xa9059cbb,,135960,1,,0xf5d2b3eeffb65a663d93b8d3c809b6e5121b8784e868e51af3bdba2deee35a8b
2026-09-23T22-01-29-998Z_n-sweep_1-2-4-8-16-32-50,V2,,50,D-voto,,,transfer,,,,0xa9059cbb,,135960,1,,0xf3df28ed5d40b48f8919791b5b9ed50c0de598885569cd4cda2c88678140358b
2026-09-23T22-01-29-998Z_n-sweep_1-2-4-8-16-32-50,V2,,50,D-voto,,,transfer,,,,0xa9059cbb,,135960,1,,0xae8265c953b3c6c844fd5e7f9c7464dcd5160d081bd3f12119dae553d5383d46
2026-09-23T22-01-29-998Z_n-sweep_1-2-4-8-16-32-50,V2,,50,D-voto,,,transfer,,,,0xa9059cbb,,135960,1,,0x2bedec0ecd73ac805d76d0b0f124d689002219a8553658ae536e50df35c6d9db
2026-09-23T22-01-29-998Z_n-sweep_1-2-4-8-16-32-50,V2,,50,D-voto,,,transfer,,,,0xa9059cbb,,135960,1,,0x7911352af92914fc012e9271fef77802aaf80cb03b085ac5b36a82617ef3d87f
2026-09-23T22-01-29-998Z_n-sweep_1-2-4-8-16-32-50,V2,,50,D-voto,,,transfer,,,,0xa9059cbb,,135960,1,,0x527083c9aa09a186a9dfde1d6e11e56a88c23af4ff1df829641f565d467e9eb3
2026-09-23T22-01-29-998Z_n-sweep_1-2-4-8-16-32-50,V2,,50,D-voto,,,transfer,,,,0xa9059cbb,,135960,1,,0x4fcb61575570970b077a3f0175ad61e8f9b670d214f189be9284c9e38d23ea97
2026-09-23T22-01-29-998Z_n-sweep_1-2-4-8-16-32-50,V2,,50,D-voto,,,transfer,,,,0xa9059cbb,,135960,1,,0x4e542c0f00edf948e31ae0044ddc651c40f57f37ff7015611a62d6daf389f5c0
2026-09-23T22-01-29-998Z_n-sweep_1-2-4-8-16-32-50,V2,,50,D-voto,,,transfer,,,,0xa9059cbb,,135948,1,,0x678ff5ad84e5f134b40dad86f148a340f9fbc604f5ec27a98b7c60856ee1e375
2026-09-23T22-01-29-998Z_n-sweep_1-2-4-8-16-32-50,V2,,50,D-voto,,,transfer,,,,0xa9059cbb,,135960,1,,0x8c9fe884dc095bd2cb142ad2f4c3a32815bf358db82984445b1bebe0c495a13f
2026-09-23T22-01-29-998Z_n-sweep_1-2-4-8-16-32-50,V2,,50,D-voto,,,transfer,,,,0xa9059cbb,,135960,1,,0xcae168b52d2afa75f1568ef6aadf2694b4b83c844b2cc07cfa891dbd891f714c
2026-09-23T22-01-29-998Z_n-sweep_1-2-4-8-16-32-50,V2,,50,D-voto,,,propose,,,propose,0x7d5e81e2,WasteCategoryRegistry.updateCredits,63351,1,,0xcf7ffa3a5c704d66fc13af75acd9bab9ec2437bc11929e938995793e7bc17152
2026-09-23T22-01-29-998Z_n-sweep_1-2-4-8-16-32-50,V2,,50,D-voto,,,vote,1,for,,0x56781388,,82456,1,,0xeece4b3e9bbb976d5d43391445e2ee700fa0e62cdf714ae4633fbb682e0c0b68
2026-09-23T22-01-29-998Z_n-sweep_1-2-4-8-16-32-50,V2,,50,D-voto,,,vote,2,for,,0x56781388,,65356,1,,0x070346ebe19d4ff30160ef364dc8144c4f6001150f0ec6ee8af7961a5c996a75
2026-09-23T22-01-29-998Z_n-sweep_1-2-4-8-16-32-50,V2,,50,D-voto,,,vote,3,for,,0x56781388,,65356,1,,0x1bef839f4b14178a08a67ecf716579074781348ee26709a592183d67f04dfb20
2026-09-23T22-01-29-998Z_n-sweep_1-2-4-8-16-32-50,V2,,50,D-voto,,,vote,4,for,,0x56781388,,65356,1,,0xd917cdc47ab8693a4d3e67e9e4413444da8d07d656dfa6d94e8990874a5a6bc9
2026-09-23T22-01-29-998Z_n-sweep_1-2-4-8-16-32-50,V2,,50,D-voto,,,vote,5,for,,0x56781388,,65356,1,,0xb5a5c5b8ad593a7e4285450bbb6d93e61ac44d08a71f629d6b1e7c17117b6e4d
2026-09-23T22-01-29-998Z_n-sweep_1-2-4-8-16-32-50,V2,,50,D-voto,,,vote,6,for,,0x56781388,,65356,1,,0xbd4818d64dd3901f57961bbf2ac0ef24d3a0afdbad2cbe7dba7f5c16f9191f01
2026-09-23T22-01-29-998Z_n-sweep_1-2-4-8-16-32-50,V2,,50,D-voto,,,vote,7,for,,0x56781388,,65356,1,,0x3b25c1394ea733dab69d693634ae640f4bee06b0d6f0cd056f2b8f490bf4a895
2026-09-23T22-01-29-998Z_n-sweep_1-2-4-8-16-32-50,V2,,50,D-voto,,,vote,8,for,,0x56781388,,65356,1,,0x6d14f6fb7a72d195065b117189968939318b8a60dbf5c167f1e8b78c24bf5a43
2026-09-23T22-01-29-998Z_n-sweep_1-2-4-8-16-32-50,V2,,50,D-voto,,,vote,9,for,,0x56781388,,65356,1,,0x71d087868efb6976c1f6a95363a079ddee00c878193e3d06493f8342eba91767
2026-09-23T22-01-29-998Z_n-sweep_1-2-4-8-16-32-50,V2,,50,D-voto,,,vote,10,for,,0x56781388,,65356,1,,0x5252c0bbcb53c74f20630bf7ddef2e0bd905c81ebc5c402e91b6cae028d609c8
2026-09-23T22-01-29-998Z_n-sweep_1-2-4-8-16-32-50,V2,,50,D-voto,,,vote,11,for,,0x56781388,,65356,1,,0x961cea520bb42693897a17812c811fc025ec816afdf9468ec519581467d787d5
2026-09-23T22-01-29-998Z_n-sweep_1-2-4-8-16-32-50,V2,,50,D-voto,,,vote,12,for,,0x56781388,,65356,1,,0x867bf3a198c592dd5292a373fd78242fc8c3a1d44d8874d058115658262e206f
2026-09-23T22-01-29-998Z_n-sweep_1-2-4-8-16-32-50,V2,,50,D-voto,,,vote,13,for,,0x56781388,,65356,1,,0x6475ec9c440540b093a15f9c92dc3dbe3853a0f01265f8e9612f96dbb0bc8fad
2026-09-23T22-01-29-998Z_n-sweep_1-2-4-8-16-32-50,V2,,50,D-voto,,,vote,14,for,,0x56781388,,65356,1,,0xfd4759629ff1a869fe115903e81cb0bea39268f21cbd8b230a2423d3349c1769
2026-09-23T22-01-29-998Z_n-sweep_1-2-4-8-16-32-50,V2,,50,D-voto,,,vote,15,for,,0x56781388,,65356,1,,0x126fff9b49b33b8cd17d47b4b4b0badb7b9e1fcf14562ba662faa181cd0f80d2
2026-09-23T22-01-29-998Z_n-sweep_1-2-4-8-16-32-50,V2,,50,D-voto,,,vote,16,for,,0x56781388,,65356,1,,0x704f717d2e52833495b1197f9ced281b87bdb58ef56d27cb5106773ac80476ed
2026-09-23T22-01-29-998Z_n-sweep_1-2-4-8-16-32-50,V2,,50,D-voto,,,vote,17,for,,0x56781388,,65356,1,,0xdec0cc4f1437e0a0ea91866dcd116ee2309893a4e5e7e6abbc497ccf18553f6e
2026-09-23T22-01-29-998Z_n-sweep_1-2-4-8-16-32-50,V2,,50,D-voto,,,vote,18,for,,0x56781388,,65356,1,,0xb383ccb42deb79a6febb6f2cf8c004f9e14b2c81b97e2ac94c0a68b191f37131
2026-09-23T22-01-29-998Z_n-sweep_1-2-4-8-16-32-50,V2,,50,D-voto,,,vote,19,for,,0x56781388,,65356,1,,0xfab3447db6b7f3e10e0a6bb787dc32deb8f8452b3cb27130f61b0fcedb4943cc
2026-09-23T22-01-29-998Z_n-sweep_1-2-4-8-16-32-50,V2,,50,D-voto,,,vote,20,for,,0x56781388,,65356,1,,0x64dd420c2db3dbb224e1fb79699df1f7b25504b382b6eabd3e2a15d728d53689
2026-09-23T22-01-29-998Z_n-sweep_1-2-4-8-16-32-50,V2,,50,D-voto,,,vote,21,for,,0x56781388,,65356,1,,0x0c5222805feb62fa1d46cdcca3f7354cdb361f6330851f0676b9a54075710809
2026-09-23T22-01-29-998Z_n-sweep_1-2-4-8-16-32-50,V2,,50,D-voto,,,vote,22,for,,0x56781388,,65356,1,,0x04558be81238c1368f26cd84e8bbd517265873fc663c7f08a2919b23bc0f6419
2026-09-23T22-01-29-998Z_n-sweep_1-2-4-8-16-32-50,V2,,50,D-voto,,,vote,23,for,,0x56781388,,65356,1,,0xcb71c454e9733e9726a9747012125565cab829d745b1aa49501db62396528527
2026-09-23T22-01-29-998Z_n-sweep_1-2-4-8-16-32-50,V2,,50,D-voto,,,vote,24,for,,0x56781388,,65356,1,,0x17e7bdb38cac6273cd396538884d7f50af2fa2ddeecc3410fc3557f960027eb0
2026-09-23T22-01-29-998Z_n-sweep_1-2-4-8-16-32-50,V2,,50,D-voto,,,vote,1,against,,0x56781388,,82404,1,,0xecb68fd94e44bd7830806fe0974b6eb3a8a30fea558f504522c441acfb2fad2f
2026-09-23T22-01-29-998Z_n-sweep_1-2-4-8-16-32-50,V2,,50,D-voto,,,vote,2,against,,0x56781388,,65304,1,,0xc3b7566b191f1e723e3592f8fc4f28773b20847a1c4bcada8567c2ae9c1ee283
2026-09-23T22-01-29-998Z_n-sweep_1-2-4-8-16-32-50,V2,,50,D-voto,,,vote,3,against,,0x56781388,,65304,1,,0x2b1098220d880e81475bbd50b4ea0d4480c718acf10352bc86ba12d4cff67c58
2026-09-23T22-01-29-998Z_n-sweep_1-2-4-8-16-32-50,V2,,50,D-voto,,,vote,4,against,,0x56781388,,65304,1,,0xa399d27e8a79be83532517d2d0de3b44bd1c7df25619445898766acdba624231
2026-09-23T22-01-29-998Z_n-sweep_1-2-4-8-16-32-50,V2,,50,D-voto,,,vote,5,against,,0x56781388,,65304,1,,0xcd6cc5ec799f7c70ad84244036a77f71df2006d2c05e498b0cd5882b8bb43087
2026-09-23T22-01-29-998Z_n-sweep_1-2-4-8-16-32-50,V2,,50,D-voto,,,vote,6,against,,0x56781388,,65304,1,,0x34b6ca0063aaf43fbd22cb146a5252d1a51886eb1e96f28b45655cafb99411ae
2026-09-23T22-01-29-998Z_n-sweep_1-2-4-8-16-32-50,V2,,50,D-voto,,,vote,7,against,,0x56781388,,65304,1,,0xc8e5405f9a20fa52450a4459c5cd13b04628165f015732a691397620ea641025
2026-09-23T22-01-29-998Z_n-sweep_1-2-4-8-16-32-50,V2,,50,D-voto,,,vote,8,against,,0x56781388,,65304,1,,0x3672c87c43b5a2099bf67be13fd28aad7afead10d65545c46e60909a55342c3c
2026-09-23T22-01-29-998Z_n-sweep_1-2-4-8-16-32-50,V2,,50,D-voto,,,vote,9,against,,0x56781388,,65304,1,,0x45e33440e569466d7ced01e4a7239b43fefa6481ad3339b8f450638022303a04
2026-09-23T22-01-29-998Z_n-sweep_1-2-4-8-16-32-50,V2,,50,D-voto,,,vote,10,against,,0x56781388,,65304,1,,0xbb3f0c59e7e5586981768f2ce1ab4ea040d8b2eb8210c39c5c2c5e64bd25d78e
2026-09-23T22-01-29-998Z_n-sweep_1-2-4-8-16-32-50,V2,,50,D-voto,,,vote,11,against,,0x56781388,,65304,1,,0x179e2e0f7841f2304eb97ae92232f0052b4cb7d1915d17068d7ca33a9866bb7e
2026-09-23T22-01-29-998Z_n-sweep_1-2-4-8-16-32-50,V2,,50,D-voto,,,vote,12,against,,0x56781388,,65304,1,,0xfb95ad45acdf10c0e42892097b8258022f75adf564569ad977d41d92b071317c
2026-09-23T22-01-29-998Z_n-sweep_1-2-4-8-16-32-50,V2,,50,D-voto,,,vote,13,against,,0x56781388,,65304,1,,0xe2d2d6e7305c8796ce085f365601da92384b42a4f4ecaf85e103ff82b91d2263
2026-09-23T22-01-29-998Z_n-sweep_1-2-4-8-16-32-50,V2,,50,D-voto,,,vote,14,against,,0x56781388,,65304,1,,0x3a4d27cfe83e2fa60ce54a20d283ae80711dd39a335e10f7551550663fca3edb
2026-09-23T22-01-29-998Z_n-sweep_1-2-4-8-16-32-50,V2,,50,D-voto,,,vote,15,against,,0x56781388,,65304,1,,0xff226734fedcad740affdc4cea4c1df50f6c98ed7e2bf6ab03fbe3295b965af7
2026-09-23T22-01-29-998Z_n-sweep_1-2-4-8-16-32-50,V2,,50,D-voto,,,vote,16,against,,0x56781388,,65304,1,,0xd0aa04cb234425baba7f44c22f49112d5c99b37fa3b11dcda5ad2060d578a9c4
2026-09-23T22-01-29-998Z_n-sweep_1-2-4-8-16-32-50,V2,,50,D-voto,,,vote,17,against,,0x56781388,,65304,1,,0xa45a6b93600cf9abe0ea525fa22d41d4d8e4b5808aee770dec06dbf7ff426c64
2026-09-23T22-01-29-998Z_n-sweep_1-2-4-8-16-32-50,V2,,50,D-voto,,,vote,18,against,,0x56781388,,65304,1,,0x72d86671b7beae06bf8a3385001591ac7acad5b23013f0ab36b4945d7a7c8985
2026-09-23T22-01-29-998Z_n-sweep_1-2-4-8-16-32-50,V2,,50,D-voto,,,vote,19,against,,0x56781388,,65304,1,,0x781d39335aa0ced0c0d8effda372e0e9b2c48b77e9224d9c8f77035ec1b4e218
2026-09-23T22-01-29-998Z_n-sweep_1-2-4-8-16-32-50,V2,,50,D-voto,,,vote,20,against,,0x56781388,,65304,1,,0xc171f1e4a7f56690ccc5413307ea86a1ef3fc64e240d14b8e15b36092d0d4eb6
2026-09-23T22-01-29-998Z_n-sweep_1-2-4-8-16-32-50,V2,,50,D-voto,,,vote,21,against,,0x56781388,,65304,1,,0x709bbc5a6ff4e081ac2bf5c1e9e556975326abec607fe2106dcffda986a1d042
2026-09-23T22-01-29-998Z_n-sweep_1-2-4-8-16-32-50,V2,,50,D-voto,,,vote,22,against,,0x56781388,,65304,1,,0xcdff67fc31da17be87ce278d064d0c451c2289838957dfe8ccfa4c8bd57b5598
2026-09-23T22-01-29-998Z_n-sweep_1-2-4-8-16-32-50,V2,,50,D-voto,,,vote,23,against,,0x56781388,,65304,1,,0xd97206d7f49b808bcdc66f0634cd41eb9eacfee08ed275322c72aab53e17e81a
2026-09-23T22-01-29-998Z_n-sweep_1-2-4-8-16-32-50,V2,,50,D-voto,,,vote,24,against,,0x56781388,,65304,1,,0x2cbc57fc9872842ca4c80d1eb1a5e1ede61eae073e0afbdd31525f680465df3b
2026-09-23T22-01-29-998Z_n-sweep_1-2-4-8-16-32-50,V2,,50,D-voto,,,vote,25,against,,0x56781388,,65304,1,,0x0fca3c0dc1a999cc864d37f1eba0a5f346f94c515d5325027925c051d55b4344
2026-09-23T22-01-29-998Z_n-sweep_1-2-4-8-16-32-50,V2,,50,D-voto,,,vote,26,against,,0x56781388,,65304,1,,0x6229ea6bcad956604767fd332b7689e82799391f7b23f61ea7c9af4144195401
2026-09-23T22-01-29-998Z_n-sweep_1-2-4-8-16-32-50,V2,,50,D-voto,,,execute_attempt,,,execute,0x2656227d,WasteCategoryRegistry.updateCredits,40422,0,"VM Exception while processing transaction: reverted with custom error 'GovernorUnexpectedProposalState(85417088352117409012588964315032474760200366989335424159948987964272273513261, 3, '0x0000000000000000000000000000000000000000000000000000000000000030')'",0x476aa12ba38d9d455789d10119cc42c28767e91ec7cf3b1e862f67ebe859baf5
2026-09-23T22-01-29-998Z_n-sweep_1-2-4-8-16-32-50,V0,T1,,,,,deploy_token_T1,,,constructor,0x61016060,,1621017,1,,0xece28f063ba256e8fc65152daf61fe745a7823e8ba387b1b661409f18f6dc4cc
2026-09-23T22-01-29-998Z_n-sweep_1-2-4-8-16-32-50,V0,,,,,,deploy_registry,,,constructor,0x60806040,,4590964,1,,0x9005486642112873086c0faf3a06ce7199e3377186a80eb6eea4235f5e1c6f56
2026-09-23T22-01-29-998Z_n-sweep_1-2-4-8-16-32-50,V0,,,,,,deploy_governor_V0,,,constructor,0x6101c080,,2133394,1,,0x8b33a795df9df0e5a3cb812430955580d1fb4f654a6028dd161238e13d560524
2026-09-23T22-01-29-998Z_n-sweep_1-2-4-8-16-32-50,V0,,,,,,grant_admin_role,,,grantRole,0x2f2ff15d,,50799,1,,0xb518a3911be32f0a59dcaec3e43c7ec54010f07f3e473d550516b1aab1a18d6b
2026-09-23T22-01-29-998Z_n-sweep_1-2-4-8-16-32-50,V0,,,,,,revoke_deployer_admin_role,,,revokeRole,0xd547741f,,27116,1,,0x8cb08b8b6ca45600b76a431b4cd18aee2095374e00c890903bfaa28d83b5f82b
2026-09-23T22-01-29-998Z_n-sweep_1-2-4-8-16-32-50,V0,,50,E-empate,,,delegate_admin,,,,0x5c19a95c,,95559,1,,0xfa43c1f7a1a1658c8aeac58119b26e806face10fc63ae3e18099942309f4d395
2026-09-23T22-01-29-998Z_n-sweep_1-2-4-8-16-32-50,V0,,50,E-empate,,,delegate,,,,0x5c19a95c,,48347,1,,0xf96ae171d39b1290c248e3ee88c92c43e24751ff4aacf46bad404cad29a33e37
2026-09-23T22-01-29-998Z_n-sweep_1-2-4-8-16-32-50,V0,,50,E-empate,,,delegate,,,,0x5c19a95c,,48335,1,,0x65ff74d2610d5c80f16dc62aa4e01b339a9ecd8c95911ae092d678a9792cdcb8
2026-09-23T22-01-29-998Z_n-sweep_1-2-4-8-16-32-50,V0,,50,E-empate,,,delegate,,,,0x5c19a95c,,48347,1,,0xb06e4e18b389cc3c69848b844c44927f26087a909c0e4532a1ba892e8d7bac4c
2026-09-23T22-01-29-998Z_n-sweep_1-2-4-8-16-32-50,V0,,50,E-empate,,,delegate,,,,0x5c19a95c,,48347,1,,0xfdc5c4ae6e458adbd0780d18d4ef20dca6b7a02f3efff2f7c0eec7590e340a41
2026-09-23T22-01-29-998Z_n-sweep_1-2-4-8-16-32-50,V0,,50,E-empate,,,delegate,,,,0x5c19a95c,,48347,1,,0x5c4d4bc02e09949d860a2c409a26209335f7c4e4eca7ac13d0e60a5cf0d0f233
2026-09-23T22-01-29-998Z_n-sweep_1-2-4-8-16-32-50,V0,,50,E-empate,,,delegate,,,,0x5c19a95c,,48347,1,,0x8eb2597a239d7d5a9d780141fa850308f21a221b62b2f0b2cd01922a25b294b2
2026-09-23T22-01-29-998Z_n-sweep_1-2-4-8-16-32-50,V0,,50,E-empate,,,delegate,,,,0x5c19a95c,,48347,1,,0x61b0a2cbceae6ab3b47dbad41fbaa57485b4b4545814b177fb76f5e80989f4b6
2026-09-23T22-01-29-998Z_n-sweep_1-2-4-8-16-32-50,V0,,50,E-empate,,,delegate,,,,0x5c19a95c,,48347,1,,0x8e8293e79ce57e8b2bd6c914c167b0ec5858ded7d332cc962607075acbcc0b43
2026-09-23T22-01-29-998Z_n-sweep_1-2-4-8-16-32-50,V0,,50,E-empate,,,delegate,,,,0x5c19a95c,,48347,1,,0x700d26ece381a9328c0c0607c8015a890a8cc373fc0ec5e3e5957a9b1720c821
2026-09-23T22-01-29-998Z_n-sweep_1-2-4-8-16-32-50,V0,,50,E-empate,,,delegate,,,,0x5c19a95c,,48335,1,,0x827f347ed9162ee5aa31942cb2cd15f5b7940183deaee5d4a11b6efe87452173
2026-09-23T22-01-29-998Z_n-sweep_1-2-4-8-16-32-50,V0,,50,E-empate,,,delegate,,,,0x5c19a95c,,48347,1,,0x05e0616bb804c3cd4df19f7b0cf511dbcb6e9524c52bcfbf8b39223490cc0846
2026-09-23T22-01-29-998Z_n-sweep_1-2-4-8-16-32-50,V0,,50,E-empate,,,delegate,,,,0x5c19a95c,,48347,1,,0x7409a97667b08d9b70b0d678843340d442fad8337ae46944499977e000325f92
2026-09-23T22-01-29-998Z_n-sweep_1-2-4-8-16-32-50,V0,,50,E-empate,,,delegate,,,,0x5c19a95c,,48347,1,,0x06bc39c687cf89ca2626bc142b16cf4a83fd68b90155fd6344acd5c17148d8a6
2026-09-23T22-01-29-998Z_n-sweep_1-2-4-8-16-32-50,V0,,50,E-empate,,,delegate,,,,0x5c19a95c,,48347,1,,0xe5d3691fe9ffad366e158fc098b74dd6635f083c235a6588c23e1d5313889cc9
2026-09-23T22-01-29-998Z_n-sweep_1-2-4-8-16-32-50,V0,,50,E-empate,,,delegate,,,,0x5c19a95c,,48347,1,,0x75300fe9f7d70fbe306b3cefadf0423a64334a4470eee34e958b76b4418900c0
2026-09-23T22-01-29-998Z_n-sweep_1-2-4-8-16-32-50,V0,,50,E-empate,,,delegate,,,,0x5c19a95c,,48347,1,,0xef2cf8fae96fa4c95b9eb5fc78e668af4f5126a23f921c90e15afdcffccd9bf9
2026-09-23T22-01-29-998Z_n-sweep_1-2-4-8-16-32-50,V0,,50,E-empate,,,delegate,,,,0x5c19a95c,,48347,1,,0x75636b14aa58b1ee084fe99cfffb238b737ed57732e5f8ae341a0948974569ff
2026-09-23T22-01-29-998Z_n-sweep_1-2-4-8-16-32-50,V0,,50,E-empate,,,delegate,,,,0x5c19a95c,,48347,1,,0x65f4191d52cde8745142fbad7dab453ac77b84433334a064c65edeec324649be
2026-09-23T22-01-29-998Z_n-sweep_1-2-4-8-16-32-50,V0,,50,E-empate,,,delegate,,,,0x5c19a95c,,48347,1,,0x0015672d62ab0be7ad971272757786d6751bd437c259b6f784a5abb0f9f433e0
2026-09-23T22-01-29-998Z_n-sweep_1-2-4-8-16-32-50,V0,,50,E-empate,,,delegate,,,,0x5c19a95c,,48347,1,,0xf061e3370e552636294057b3e13f8e38e49eb9ccd954add59da578817c58a14b
2026-09-23T22-01-29-998Z_n-sweep_1-2-4-8-16-32-50,V0,,50,E-empate,,,delegate,,,,0x5c19a95c,,48347,1,,0x68475bd925d88da79400657a3df0347cc6be2f887e9fd5fcbf64f6c37d69bf4c
2026-09-23T22-01-29-998Z_n-sweep_1-2-4-8-16-32-50,V0,,50,E-empate,,,delegate,,,,0x5c19a95c,,48347,1,,0xd0da4d004b36ebb022f1b178255cff262f0f75fc2d5a7fda434ccc846c4f7499
2026-09-23T22-01-29-998Z_n-sweep_1-2-4-8-16-32-50,V0,,50,E-empate,,,delegate,,,,0x5c19a95c,,48347,1,,0xaae5636599004f1ba254fea80dbb33335f44a116db4d94090e99b80481406327
2026-09-23T22-01-29-998Z_n-sweep_1-2-4-8-16-32-50,V0,,50,E-empate,,,delegate,,,,0x5c19a95c,,48347,1,,0xfcd4c1dd668d5148e045ce4771c59bdb6f602ef49d2404bbfeb296fc6ce93753
2026-09-23T22-01-29-998Z_n-sweep_1-2-4-8-16-32-50,V0,,50,E-empate,,,delegate,,,,0x5c19a95c,,48335,1,,0x4ebfe89be7e94686ecfb217057d8b4fa5161bcce6d50adcc044a0aff6d4282af
2026-09-23T22-01-29-998Z_n-sweep_1-2-4-8-16-32-50,V0,,50,E-empate,,,delegate,,,,0x5c19a95c,,48347,1,,0xb3d77ed4f7a6d94080b6c775433f6c6f21a916c783059136f4572f52dc3a8874
2026-09-23T22-01-29-998Z_n-sweep_1-2-4-8-16-32-50,V0,,50,E-empate,,,delegate,,,,0x5c19a95c,,48347,1,,0x127f4971e3e590d8328bd74ed6096c37b20e6836b27cf90514b9a87cd503f413
2026-09-23T22-01-29-998Z_n-sweep_1-2-4-8-16-32-50,V0,,50,E-empate,,,delegate,,,,0x5c19a95c,,48347,1,,0xb67155a13ea706a326342e60462ed0ed7c4a680e0112e43260248751f2fe896b
2026-09-23T22-01-29-998Z_n-sweep_1-2-4-8-16-32-50,V0,,50,E-empate,,,delegate,,,,0x5c19a95c,,48347,1,,0xe2be7e7d00839d4fa7d3020666aa9dcf9efcdc40f9fa77a35592a87459c52b90
2026-09-23T22-01-29-998Z_n-sweep_1-2-4-8-16-32-50,V0,,50,E-empate,,,delegate,,,,0x5c19a95c,,48347,1,,0xb535243780f9c28da64ec7309760125fe2487568589114d83acf79e30a47d760
2026-09-23T22-01-29-998Z_n-sweep_1-2-4-8-16-32-50,V0,,50,E-empate,,,delegate,,,,0x5c19a95c,,48347,1,,0x293dda08d12cb640488f1dad6a8ab9d2c5b59be364ffe60275d52382b886183e
2026-09-23T22-01-29-998Z_n-sweep_1-2-4-8-16-32-50,V0,,50,E-empate,,,delegate,,,,0x5c19a95c,,48347,1,,0xacef40fd99317b96d80072941137339058a20720c237b0b3cc16b1e2fa83b630
2026-09-23T22-01-29-998Z_n-sweep_1-2-4-8-16-32-50,V0,,50,E-empate,,,delegate,,,,0x5c19a95c,,48347,1,,0x874e3bdbbb382b33fc802e762b8afaeb74890371f9e90e42b654398963d5450a
2026-09-23T22-01-29-998Z_n-sweep_1-2-4-8-16-32-50,V0,,50,E-empate,,,delegate,,,,0x5c19a95c,,48347,1,,0xc4ce881a3229757ef0916b5b38f56fd71ea37dc4ce0c25657fe825333b1390a9
2026-09-23T22-01-29-998Z_n-sweep_1-2-4-8-16-32-50,V0,,50,E-empate,,,delegate,,,,0x5c19a95c,,48347,1,,0x948aa1237a772b9ae7ceaf6a877c58a9eaee86be4b1632334a83eb32fc9c970e
2026-09-23T22-01-29-998Z_n-sweep_1-2-4-8-16-32-50,V0,,50,E-empate,,,delegate,,,,0x5c19a95c,,48347,1,,0x724a0f6b2002a9186c36b165e7ecbbc7a40a76030969b40a2e2577eb54a1820f
2026-09-23T22-01-29-998Z_n-sweep_1-2-4-8-16-32-50,V0,,50,E-empate,,,delegate,,,,0x5c19a95c,,48347,1,,0xe6bf6e8535c492cbc219ebcb66906e13fe0e8aba65db27b0ee807a9ce50159a6
2026-09-23T22-01-29-998Z_n-sweep_1-2-4-8-16-32-50,V0,,50,E-empate,,,delegate,,,,0x5c19a95c,,48347,1,,0x99934c52da999bd333bf0bcb8dcb9052eb729ff6de129a19e7858a1114758b5f
2026-09-23T22-01-29-998Z_n-sweep_1-2-4-8-16-32-50,V0,,50,E-empate,,,delegate,,,,0x5c19a95c,,48347,1,,0xae5a74f4a15509d401b33a9d2e0d0b103c7368bbda3092183fd7afec21fe1b38
2026-09-23T22-01-29-998Z_n-sweep_1-2-4-8-16-32-50,V0,,50,E-empate,,,delegate,,,,0x5c19a95c,,48347,1,,0x4e03c40365e3f08445610173d8a5aab17c1a9985617b23002e99146989bde67b
2026-09-23T22-01-29-998Z_n-sweep_1-2-4-8-16-32-50,V0,,50,E-empate,,,delegate,,,,0x5c19a95c,,48347,1,,0xbd7c7e71b663e95a1ebb4df4d571f63f55405d7c2a5a3b82f3bfd4bd2f4a4f3c
2026-09-23T22-01-29-998Z_n-sweep_1-2-4-8-16-32-50,V0,,50,E-empate,,,delegate,,,,0x5c19a95c,,48347,1,,0x5710d169af4337148348bf7e90435b7ad2643c5cb5e68be237c055acf992bb1d
2026-09-23T22-01-29-998Z_n-sweep_1-2-4-8-16-32-50,V0,,50,E-empate,,,delegate,,,,0x5c19a95c,,48347,1,,0x26ac86c5b4e952fd269d281f8f584bac9de144147fc74ac458b0892301875b65
2026-09-23T22-01-29-998Z_n-sweep_1-2-4-8-16-32-50,V0,,50,E-empate,,,delegate,,,,0x5c19a95c,,48347,1,,0xdd18dda4f7d2f9d5017a5099fc65f2bde9900c2b7f7cd9142c85bc45302d997d
2026-09-23T22-01-29-998Z_n-sweep_1-2-4-8-16-32-50,V0,,50,E-empate,,,delegate,,,,0x5c19a95c,,48347,1,,0x2526a88e7a9bc23abf7e291112eed1cf1dc580bc6f130dac24bd7d5944d87477
2026-09-23T22-01-29-998Z_n-sweep_1-2-4-8-16-32-50,V0,,50,E-empate,,,delegate,,,,0x5c19a95c,,48347,1,,0x3075040da32eb21282662e62054f3e200a8446f2d4f403eef3fa94bb1635ff76
2026-09-23T22-01-29-998Z_n-sweep_1-2-4-8-16-32-50,V0,,50,E-empate,,,delegate,,,,0x5c19a95c,,48347,1,,0x066952594f6e38e25be3e8a6a7f209366afa55abc166c93a8e224bb511c8494d
2026-09-23T22-01-29-998Z_n-sweep_1-2-4-8-16-32-50,V0,,50,E-empate,,,delegate,,,,0x5c19a95c,,48335,1,,0x8bb8a33bff13c7144c1f418543083d6f94567244d79ea8f619a0c75a2f27fa4a
2026-09-23T22-01-29-998Z_n-sweep_1-2-4-8-16-32-50,V0,,50,E-empate,,,delegate,,,,0x5c19a95c,,48347,1,,0x6c54c809c4f9534d5cba051c534c1e8766baef0a8a908131461d33d9128bbfcc
2026-09-23T22-01-29-998Z_n-sweep_1-2-4-8-16-32-50,V0,,50,E-empate,,,delegate,,,,0x5c19a95c,,48347,1,,0x8adf4db6c4d4616dc2f62bf4dd64239a4831bcda025ec23ae708a17092102b68
2026-09-23T22-01-29-998Z_n-sweep_1-2-4-8-16-32-50,V0,,50,E-empate,,,transfer,,,,0xa9059cbb,,135960,1,,0x4738f12ddbf16b15af30490182badd2176f325bdbab0b6478398bbec79b7dc28
2026-09-23T22-01-29-998Z_n-sweep_1-2-4-8-16-32-50,V0,,50,E-empate,,,transfer,,,,0xa9059cbb,,135948,1,,0xdb5365bb2be3b7b8cc112f0213d633ade3c7e7bc7ad9aaecf62e64ed9e1a7caf
2026-09-23T22-01-29-998Z_n-sweep_1-2-4-8-16-32-50,V0,,50,E-empate,,,transfer,,,,0xa9059cbb,,135960,1,,0xf98f425e5752485b25ef0ccd95a4c78376b83c881983a0bac773be47febfb65f
2026-09-23T22-01-29-998Z_n-sweep_1-2-4-8-16-32-50,V0,,50,E-empate,,,transfer,,,,0xa9059cbb,,135960,1,,0x282473fb0ccbf3e1c08e1e9108475757ea33bdb7a1ec0fd7e9972935b8147ff9
2026-09-23T22-01-29-998Z_n-sweep_1-2-4-8-16-32-50,V0,,50,E-empate,,,transfer,,,,0xa9059cbb,,135960,1,,0x3be689c6bafe86b1298a5cdf8208350cc4ed03f598caecb4ba939120ca95cbdc
2026-09-23T22-01-29-998Z_n-sweep_1-2-4-8-16-32-50,V0,,50,E-empate,,,transfer,,,,0xa9059cbb,,135960,1,,0x9de6714ab89d8a5fd3f2597570bc143f3a1af9127378ed9af281e65fc3ec9fe3
2026-09-23T22-01-29-998Z_n-sweep_1-2-4-8-16-32-50,V0,,50,E-empate,,,transfer,,,,0xa9059cbb,,135960,1,,0x7e80f334a1dee70982fdab945ebab57269fa1beb2d43e65f710360b0a2cd982e
2026-09-23T22-01-29-998Z_n-sweep_1-2-4-8-16-32-50,V0,,50,E-empate,,,transfer,,,,0xa9059cbb,,135960,1,,0x27b1ae83c293848bd4c7ef8e83394180fe459102a982bdb0e0ae72172b47c354
2026-09-23T22-01-29-998Z_n-sweep_1-2-4-8-16-32-50,V0,,50,E-empate,,,transfer,,,,0xa9059cbb,,135960,1,,0x96b0fdfd4af3aa894f947917a36b55e1ad07a60d97edb7750d413e9dee2381db
2026-09-23T22-01-29-998Z_n-sweep_1-2-4-8-16-32-50,V0,,50,E-empate,,,transfer,,,,0xa9059cbb,,135948,1,,0x7453cb68c65eced2c1a8c0edc7d2e6fa2a15d17379d1524cccbce7273eb710e2
2026-09-23T22-01-29-998Z_n-sweep_1-2-4-8-16-32-50,V0,,50,E-empate,,,transfer,,,,0xa9059cbb,,135960,1,,0xcfdfd9f8e74005133c4ec2fd8a45d7fa3c34b933659d0d018b7373909c364a3e
2026-09-23T22-01-29-998Z_n-sweep_1-2-4-8-16-32-50,V0,,50,E-empate,,,transfer,,,,0xa9059cbb,,135960,1,,0x2e2a45a060e33ad6eba15323c3a182a7702afc84c27cee14937941973cb7195b
2026-09-23T22-01-29-998Z_n-sweep_1-2-4-8-16-32-50,V0,,50,E-empate,,,transfer,,,,0xa9059cbb,,135960,1,,0x722861688ab8b9316c7799d53a4d244274fa5496db0445e9c2d2dfebf40d2897
2026-09-23T22-01-29-998Z_n-sweep_1-2-4-8-16-32-50,V0,,50,E-empate,,,transfer,,,,0xa9059cbb,,135960,1,,0xf2376b0b632ee2352a46ae959e025cffa360b8a0b80fe50067621a998c1c43ad
2026-09-23T22-01-29-998Z_n-sweep_1-2-4-8-16-32-50,V0,,50,E-empate,,,transfer,,,,0xa9059cbb,,135960,1,,0x156ccb35128f8673eab3be2c7c688727058a7508fbe508737eafc52903bd8a6c
2026-09-23T22-01-29-998Z_n-sweep_1-2-4-8-16-32-50,V0,,50,E-empate,,,transfer,,,,0xa9059cbb,,135960,1,,0x434ff5731b4fe7cad4d5fae127a37979539dd00a9c81ff44d7f9952eaec35981
2026-09-23T22-01-29-998Z_n-sweep_1-2-4-8-16-32-50,V0,,50,E-empate,,,transfer,,,,0xa9059cbb,,135960,1,,0xff53509b7ffa83e91a8d9f7308739cadef5de861d1ac9b010f8563630ddbb9e8
2026-09-23T22-01-29-998Z_n-sweep_1-2-4-8-16-32-50,V0,,50,E-empate,,,transfer,,,,0xa9059cbb,,135960,1,,0x1481a6fac12abbfb5ae438615ae4c4890ac6c3f37e8bafd47abaebebb776710e
2026-09-23T22-01-29-998Z_n-sweep_1-2-4-8-16-32-50,V0,,50,E-empate,,,transfer,,,,0xa9059cbb,,135960,1,,0x40d31992dad738e7161a566a97470f4f23d6224713e3a3a21f23a99f256113ad
2026-09-23T22-01-29-998Z_n-sweep_1-2-4-8-16-32-50,V0,,50,E-empate,,,transfer,,,,0xa9059cbb,,135960,1,,0xd431457b152a5fbcd99e6a68f5e09c4ea8ddcc9957b99171d54a0ec35f2e2d5a
2026-09-23T22-01-29-998Z_n-sweep_1-2-4-8-16-32-50,V0,,50,E-empate,,,transfer,,,,0xa9059cbb,,135960,1,,0xdaeea444fedb436c0f47827c738f564c1f0cd769f13db84099d2267a182c9da4
2026-09-23T22-01-29-998Z_n-sweep_1-2-4-8-16-32-50,V0,,50,E-empate,,,transfer,,,,0xa9059cbb,,135960,1,,0xb6aac0f166fa785c1143df1ecc212bd14ea1f84c2b60f02bb9852740c6bd0b1f
2026-09-23T22-01-29-998Z_n-sweep_1-2-4-8-16-32-50,V0,,50,E-empate,,,transfer,,,,0xa9059cbb,,135960,1,,0x789df9d95ad058b19bb121d61079bb7415b425edf0e895abea736359d155b086
2026-09-23T22-01-29-998Z_n-sweep_1-2-4-8-16-32-50,V0,,50,E-empate,,,transfer,,,,0xa9059cbb,,135960,1,,0x01501a0527d8caa8394991f46f946df92ecc192ee6850c384c5525558f7eb592
2026-09-23T22-01-29-998Z_n-sweep_1-2-4-8-16-32-50,V0,,50,E-empate,,,transfer,,,,0xa9059cbb,,135948,1,,0x3b06d60815284c0ce920efdf41b4432d07213c3928da5626c700316a2c40c2c0
2026-09-23T22-01-29-998Z_n-sweep_1-2-4-8-16-32-50,V0,,50,E-empate,,,transfer,,,,0xa9059cbb,,135960,1,,0x6bb98515438640ac2e7fa535c7796ef27283be00a404038eba97c552161e6001
2026-09-23T22-01-29-998Z_n-sweep_1-2-4-8-16-32-50,V0,,50,E-empate,,,transfer,,,,0xa9059cbb,,135960,1,,0x84de23390c0a8dcca680eb39469b10b60dbb26548279fad2329dd60c75502d0b
2026-09-23T22-01-29-998Z_n-sweep_1-2-4-8-16-32-50,V0,,50,E-empate,,,transfer,,,,0xa9059cbb,,135960,1,,0x33f8412c15d4105b6d336a8b07bbfb7d530e5b10ef6319f32d920ebb838648ec
2026-09-23T22-01-29-998Z_n-sweep_1-2-4-8-16-32-50,V0,,50,E-empate,,,transfer,,,,0xa9059cbb,,135960,1,,0xb0333deee0af7b78d7b4b5b86633676bdae519326d484603675db0f26c88b9df
2026-09-23T22-01-29-998Z_n-sweep_1-2-4-8-16-32-50,V0,,50,E-empate,,,transfer,,,,0xa9059cbb,,135960,1,,0x91a6b5a93ddd89ffbf66ac0296cdf3b1d313cd0b2890835c17ba5adcaced8ec8
2026-09-23T22-01-29-998Z_n-sweep_1-2-4-8-16-32-50,V0,,50,E-empate,,,transfer,,,,0xa9059cbb,,135960,1,,0x42ed8d1330be1065c1cc3e101c7a5a7e20cb148393a8d14d461f9b76c541d4e7
2026-09-23T22-01-29-998Z_n-sweep_1-2-4-8-16-32-50,V0,,50,E-empate,,,transfer,,,,0xa9059cbb,,135960,1,,0xb87afa69226d6b02977149ca6957bfad332e6a77c1ad200e790fad912b0a8b1c
2026-09-23T22-01-29-998Z_n-sweep_1-2-4-8-16-32-50,V0,,50,E-empate,,,transfer,,,,0xa9059cbb,,135960,1,,0xd31a5f77ec78cf0dcc46abd6824fc36e0343c70ec7558c5b8b8680a5179c3cee
2026-09-23T22-01-29-998Z_n-sweep_1-2-4-8-16-32-50,V0,,50,E-empate,,,transfer,,,,0xa9059cbb,,135960,1,,0x3a1cd3ff214ca838bb1f0a7b8e05b8066c941dae934ff8ef5f7d24e51e218d9f
2026-09-23T22-01-29-998Z_n-sweep_1-2-4-8-16-32-50,V0,,50,E-empate,,,transfer,,,,0xa9059cbb,,135960,1,,0x800f8dd0a0df31e55c4e4712a5972e0d1497dbb92fd85a7ee8c309306ae69f3e
2026-09-23T22-01-29-998Z_n-sweep_1-2-4-8-16-32-50,V0,,50,E-empate,,,transfer,,,,0xa9059cbb,,135960,1,,0x9c84268ba43fd38465cfd4cbb6628f9f3f9664cc537e635196844f423439df36
2026-09-23T22-01-29-998Z_n-sweep_1-2-4-8-16-32-50,V0,,50,E-empate,,,transfer,,,,0xa9059cbb,,135960,1,,0x5b82226f4b3968c0c11ff4245b77ddb5c737ac3d9384e7f0f5dacf91ae505b7c
2026-09-23T22-01-29-998Z_n-sweep_1-2-4-8-16-32-50,V0,,50,E-empate,,,transfer,,,,0xa9059cbb,,135960,1,,0x6b5817c5a2f3233a1f4755f91eec5b61a72e50556aeb151d1df361f8dcacafea
2026-09-23T22-01-29-998Z_n-sweep_1-2-4-8-16-32-50,V0,,50,E-empate,,,transfer,,,,0xa9059cbb,,135960,1,,0x00442dfd61843442f2f62e78bcf59b803dd8498b1bad260878d59e06f48aaf95
2026-09-23T22-01-29-998Z_n-sweep_1-2-4-8-16-32-50,V0,,50,E-empate,,,transfer,,,,0xa9059cbb,,135960,1,,0xf5d2b3eeffb65a663d93b8d3c809b6e5121b8784e868e51af3bdba2deee35a8b
2026-09-23T22-01-29-998Z_n-sweep_1-2-4-8-16-32-50,V0,,50,E-empate,,,transfer,,,,0xa9059cbb,,135960,1,,0xf3df28ed5d40b48f8919791b5b9ed50c0de598885569cd4cda2c88678140358b
2026-09-23T22-01-29-998Z_n-sweep_1-2-4-8-16-32-50,V0,,50,E-empate,,,transfer,,,,0xa9059cbb,,135960,1,,0xae8265c953b3c6c844fd5e7f9c7464dcd5160d081bd3f12119dae553d5383d46
2026-09-23T22-01-29-998Z_n-sweep_1-2-4-8-16-32-50,V0,,50,E-empate,,,transfer,,,,0xa9059cbb,,135960,1,,0x2bedec0ecd73ac805d76d0b0f124d689002219a8553658ae536e50df35c6d9db
2026-09-23T22-01-29-998Z_n-sweep_1-2-4-8-16-32-50,V0,,50,E-empate,,,transfer,,,,0xa9059cbb,,135960,1,,0x7911352af92914fc012e9271fef77802aaf80cb03b085ac5b36a82617ef3d87f
2026-09-23T22-01-29-998Z_n-sweep_1-2-4-8-16-32-50,V0,,50,E-empate,,,transfer,,,,0xa9059cbb,,135960,1,,0x527083c9aa09a186a9dfde1d6e11e56a88c23af4ff1df829641f565d467e9eb3
2026-09-23T22-01-29-998Z_n-sweep_1-2-4-8-16-32-50,V0,,50,E-empate,,,transfer,,,,0xa9059cbb,,135960,1,,0x4fcb61575570970b077a3f0175ad61e8f9b670d214f189be9284c9e38d23ea97
2026-09-23T22-01-29-998Z_n-sweep_1-2-4-8-16-32-50,V0,,50,E-empate,,,transfer,,,,0xa9059cbb,,135960,1,,0x4e542c0f00edf948e31ae0044ddc651c40f57f37ff7015611a62d6daf389f5c0
2026-09-23T22-01-29-998Z_n-sweep_1-2-4-8-16-32-50,V0,,50,E-empate,,,transfer,,,,0xa9059cbb,,135948,1,,0x678ff5ad84e5f134b40dad86f148a340f9fbc604f5ec27a98b7c60856ee1e375
2026-09-23T22-01-29-998Z_n-sweep_1-2-4-8-16-32-50,V0,,50,E-empate,,,transfer,,,,0xa9059cbb,,135960,1,,0x8c9fe884dc095bd2cb142ad2f4c3a32815bf358db82984445b1bebe0c495a13f
2026-09-23T22-01-29-998Z_n-sweep_1-2-4-8-16-32-50,V0,,50,E-empate,,,transfer,,,,0xa9059cbb,,135960,1,,0xcae168b52d2afa75f1568ef6aadf2694b4b83c844b2cc07cfa891dbd891f714c
2026-09-23T22-01-29-998Z_n-sweep_1-2-4-8-16-32-50,V0,,50,E-empate,,,propose,,,propose,0x7d5e81e2,WasteCategoryRegistry.updateCredits,63778,1,,0xc10aa4bf1e931ada3f82418113bbae01a50fb6e2701e16247ee761472cd065aa
2026-09-23T22-01-29-998Z_n-sweep_1-2-4-8-16-32-50,V0,,50,E-empate,,,vote,1,for,,0x56781388,,81899,1,,0xb9ec78a2aca3d158f8643002091ecb4329768fea0d777b60dbbc5faf9557cb3d
2026-09-23T22-01-29-998Z_n-sweep_1-2-4-8-16-32-50,V0,,50,E-empate,,,vote,2,for,,0x56781388,,64799,1,,0x38524508fa8d9c54c64e39ce4abb7ce923760176f759447ca1c49e307e06cecf
2026-09-23T22-01-29-998Z_n-sweep_1-2-4-8-16-32-50,V0,,50,E-empate,,,vote,3,for,,0x56781388,,64799,1,,0xfd19abfc70d08921ef2fade92c70884233e8eebe503c3825ed47459e7cd39eec
2026-09-23T22-01-29-998Z_n-sweep_1-2-4-8-16-32-50,V0,,50,E-empate,,,vote,4,for,,0x56781388,,64799,1,,0xedf7b05262d6f0a0c7e66c4562264ab7620f7efe14cb7815507a3bcaf7998814
2026-09-23T22-01-29-998Z_n-sweep_1-2-4-8-16-32-50,V0,,50,E-empate,,,vote,5,for,,0x56781388,,64799,1,,0x536cea93f842a7489baf4fc6aa13430a6569f31c571d6fea955272ab83492bec
2026-09-23T22-01-29-998Z_n-sweep_1-2-4-8-16-32-50,V0,,50,E-empate,,,vote,6,for,,0x56781388,,64799,1,,0xca74e4cdbd546b1662b067914f206bb0896782b0bbcdd8ed4fe9c7d8584ae828
2026-09-23T22-01-29-998Z_n-sweep_1-2-4-8-16-32-50,V0,,50,E-empate,,,vote,7,for,,0x56781388,,64799,1,,0x6ad265351d5f58e06342a3dc6e35ba31da1af56e2daeb8ba3b22818007f93498
2026-09-23T22-01-29-998Z_n-sweep_1-2-4-8-16-32-50,V0,,50,E-empate,,,vote,8,for,,0x56781388,,64799,1,,0x7c5bd5681fefeded066e80e2aff90500f31f8bcb40fb57064d9ad5af9c8c1065
2026-09-23T22-01-29-998Z_n-sweep_1-2-4-8-16-32-50,V0,,50,E-empate,,,vote,9,for,,0x56781388,,64799,1,,0x169c889c8722cfe8cf2b1693a2b8da6583bad40860f432f38400299174ca4916
2026-09-23T22-01-29-998Z_n-sweep_1-2-4-8-16-32-50,V0,,50,E-empate,,,vote,10,for,,0x56781388,,64799,1,,0xbb2954dae29f11e4ea246fdb5fb319d77cf809ce2e621012b6ed9456b50a4553
2026-09-23T22-01-29-998Z_n-sweep_1-2-4-8-16-32-50,V0,,50,E-empate,,,vote,11,for,,0x56781388,,64799,1,,0x5fc1160c5c091d29a3a89c99c68cc02ba52c9b4e9c20b0d207d3a0f966304425
2026-09-23T22-01-29-998Z_n-sweep_1-2-4-8-16-32-50,V0,,50,E-empate,,,vote,12,for,,0x56781388,,64799,1,,0x02710054a1f4e81f9c7713c549b0b79b891bbec3646fed1c8950585769296f57
2026-09-23T22-01-29-998Z_n-sweep_1-2-4-8-16-32-50,V0,,50,E-empate,,,vote,13,for,,0x56781388,,64799,1,,0xe2721af20da85d38ebe56e30ef5264044b70e153edbf16ad9ec4a9e898fbae84
2026-09-23T22-01-29-998Z_n-sweep_1-2-4-8-16-32-50,V0,,50,E-empate,,,vote,14,for,,0x56781388,,64799,1,,0x0178121d4cbaa506434ba884712ea3ec5cfde77f620bf7dbba263c3c2d6e819c
2026-09-23T22-01-29-998Z_n-sweep_1-2-4-8-16-32-50,V0,,50,E-empate,,,vote,15,for,,0x56781388,,64799,1,,0xb870b1bf3b0ddd94779e351be24552011bff5010f79e99a605770e560e46d00b
2026-09-23T22-01-29-998Z_n-sweep_1-2-4-8-16-32-50,V0,,50,E-empate,,,vote,16,for,,0x56781388,,64799,1,,0x31f555337671ba3fe5bd2d2cc8fe584848f1f2995ce180a10af06e3596d37372
2026-09-23T22-01-29-998Z_n-sweep_1-2-4-8-16-32-50,V0,,50,E-empate,,,vote,17,for,,0x56781388,,64799,1,,0x98bd86a72f0a89600a539b7f84e51468b89f305fc42c19700fc92623234bd8a1
2026-09-23T22-01-29-998Z_n-sweep_1-2-4-8-16-32-50,V0,,50,E-empate,,,vote,18,for,,0x56781388,,64799,1,,0xcef0f64fb1c1fc9cc21a5e67ac1f1e5b2ad607a06cdc28385472dc6f6c7a9af8
2026-09-23T22-01-29-998Z_n-sweep_1-2-4-8-16-32-50,V0,,50,E-empate,,,vote,19,for,,0x56781388,,64799,1,,0x46daa2d6fd7add801681fa61032f27e71484ba10481ce833142c34d863da66e4
2026-09-23T22-01-29-998Z_n-sweep_1-2-4-8-16-32-50,V0,,50,E-empate,,,vote,20,for,,0x56781388,,64799,1,,0x3c40db972cb0ada32098a5e6e3cc9aca5756b3d51e7ba632951006daa293ff94
2026-09-23T22-01-29-998Z_n-sweep_1-2-4-8-16-32-50,V0,,50,E-empate,,,vote,21,for,,0x56781388,,64799,1,,0x59af695c44efa176104f84398fe06508d2d2cb4369737a938607caf3193c4d54
2026-09-23T22-01-29-998Z_n-sweep_1-2-4-8-16-32-50,V0,,50,E-empate,,,vote,22,for,,0x56781388,,64799,1,,0x3c6e6520cd9ae49141d90ece870f5d0b84916d2048a0943035af742cab980cf0
2026-09-23T22-01-29-998Z_n-sweep_1-2-4-8-16-32-50,V0,,50,E-empate,,,vote,23,for,,0x56781388,,64799,1,,0x4d9e78f670c51fa81f4d16f902f2ac29e5c6115bb616db20ad3f29348eed9adc
2026-09-23T22-01-29-998Z_n-sweep_1-2-4-8-16-32-50,V0,,50,E-empate,,,vote,24,for,,0x56781388,,64799,1,,0xa1620d2fed71877f5687a8a8b3ce5c2fb0af08fe0b95ce3bceec4df92f067846
2026-09-23T22-01-29-998Z_n-sweep_1-2-4-8-16-32-50,V0,,50,E-empate,,,vote,25,for,,0x56781388,,64799,1,,0x6d453a2c597e633ef8185f7f1957a4720aed0799ba35f909f87df618253a5309
2026-09-23T22-01-29-998Z_n-sweep_1-2-4-8-16-32-50,V0,,50,E-empate,,,vote,1,against,,0x56781388,,81847,1,,0xf704e829350133826282addf0f6a096accc925396fd5605498a5c2a17c5c9247
2026-09-23T22-01-29-998Z_n-sweep_1-2-4-8-16-32-50,V0,,50,E-empate,,,vote,2,against,,0x56781388,,64747,1,,0xd6896912cd0b5d8e5b4f9b010375797715be10774ae696c62e67519f49765f37
2026-09-23T22-01-29-998Z_n-sweep_1-2-4-8-16-32-50,V0,,50,E-empate,,,vote,3,against,,0x56781388,,64747,1,,0x39a57ca3c1d11218b5563edad501fcd21d15a66c1da0f01c0d0f3ef99cd7de4a
2026-09-23T22-01-29-998Z_n-sweep_1-2-4-8-16-32-50,V0,,50,E-empate,,,vote,4,against,,0x56781388,,64747,1,,0x571f99516465d9a957d72abbf77c19b0eca00781beefa1dd2efa8965c369e34d
2026-09-23T22-01-29-998Z_n-sweep_1-2-4-8-16-32-50,V0,,50,E-empate,,,vote,5,against,,0x56781388,,64747,1,,0xf812b65958ad9b9f53623ec48b68d757ee3316b5d9e5370f7c3e7d17f2da649f
2026-09-23T22-01-29-998Z_n-sweep_1-2-4-8-16-32-50,V0,,50,E-empate,,,vote,6,against,,0x56781388,,64747,1,,0xdeb2e9e7071dbc513b2c0aa250ea1e38585aee40f33bd7931e6cc25663f43ce3
2026-09-23T22-01-29-998Z_n-sweep_1-2-4-8-16-32-50,V0,,50,E-empate,,,vote,7,against,,0x56781388,,64747,1,,0xb5a332039a85e1a9d92e222fefea8a172183a36b814cbe15c97171a71ab56040
2026-09-23T22-01-29-998Z_n-sweep_1-2-4-8-16-32-50,V0,,50,E-empate,,,vote,8,against,,0x56781388,,64747,1,,0x7951bd1b9cacc4fca1be7283c93fced766b468c81d1a345d34ba8dba97922d91
2026-09-23T22-01-29-998Z_n-sweep_1-2-4-8-16-32-50,V0,,50,E-empate,,,vote,9,against,,0x56781388,,64747,1,,0x0a128b6245be07075a812123b61dccac6d6894e99a04df2a2068ebb7ee24f61c
2026-09-23T22-01-29-998Z_n-sweep_1-2-4-8-16-32-50,V0,,50,E-empate,,,vote,10,against,,0x56781388,,64747,1,,0x7f6d400df8f885c458ac4743b98af3ab8c86d29b7db02431d321a8f9d8f9e722
2026-09-23T22-01-29-998Z_n-sweep_1-2-4-8-16-32-50,V0,,50,E-empate,,,vote,11,against,,0x56781388,,64747,1,,0x2a2a0490706ee093d13fcd5eaab3ebd048339c2d8bd2b1567ce808f4242e3bec
2026-09-23T22-01-29-998Z_n-sweep_1-2-4-8-16-32-50,V0,,50,E-empate,,,vote,12,against,,0x56781388,,64747,1,,0x9a526211936cd765b8fc220db79dcf90e382a3b056b063ca978933ad02a92b44
2026-09-23T22-01-29-998Z_n-sweep_1-2-4-8-16-32-50,V0,,50,E-empate,,,vote,13,against,,0x56781388,,64747,1,,0xa13c10b49e90dae41f521889b5af396fe5fb360f870226a7e66b0549f8f88124
2026-09-23T22-01-29-998Z_n-sweep_1-2-4-8-16-32-50,V0,,50,E-empate,,,vote,14,against,,0x56781388,,64747,1,,0x9bad8db3debeb9e0dfc2bb681bc8ab1b1743aaf6204b697e244cf3d044c511f0
2026-09-23T22-01-29-998Z_n-sweep_1-2-4-8-16-32-50,V0,,50,E-empate,,,vote,15,against,,0x56781388,,64747,1,,0x01dc4d67fe55773406f9d1de447aa5d080f5f6f515c23ae01a3a0e7fae82c19c
2026-09-23T22-01-29-998Z_n-sweep_1-2-4-8-16-32-50,V0,,50,E-empate,,,vote,16,against,,0x56781388,,64747,1,,0x45583ba2fa71351308072de0e4c578ce2a4fc0c61a6474a599307cd5578a75a4
2026-09-23T22-01-29-998Z_n-sweep_1-2-4-8-16-32-50,V0,,50,E-empate,,,vote,17,against,,0x56781388,,64747,1,,0xc50be890df805ce61a5ebe17862bb6a2ebfe4448577eefcb596bdd0c16402573
2026-09-23T22-01-29-998Z_n-sweep_1-2-4-8-16-32-50,V0,,50,E-empate,,,vote,18,against,,0x56781388,,64747,1,,0x0cfbbcace61ed3f1962c48f959e8ba743410b851ebb30e22471d44f3d1f77da3
2026-09-23T22-01-29-998Z_n-sweep_1-2-4-8-16-32-50,V0,,50,E-empate,,,vote,19,against,,0x56781388,,64747,1,,0x4b61cf46f4944e9c94ec70ccbe00663cf703a97d97af968d5f9aaace56b5b513
2026-09-23T22-01-29-998Z_n-sweep_1-2-4-8-16-32-50,V0,,50,E-empate,,,vote,20,against,,0x56781388,,64747,1,,0x8f1d4e159c350db1e2ed2c91fc9bdfcf55daf32c12afc4ce6d1a3960433cc5b3
2026-09-23T22-01-29-998Z_n-sweep_1-2-4-8-16-32-50,V0,,50,E-empate,,,vote,21,against,,0x56781388,,64747,1,,0x9e267dc322fc46467e653361e9628ee9463eb257b3735fd2f90d85edf07d491d
2026-09-23T22-01-29-998Z_n-sweep_1-2-4-8-16-32-50,V0,,50,E-empate,,,vote,22,against,,0x56781388,,64747,1,,0x0b6c463930f6dbfa839321f9f2186f953528afdf3bdff01951a065a3f639d8ea
2026-09-23T22-01-29-998Z_n-sweep_1-2-4-8-16-32-50,V0,,50,E-empate,,,vote,23,against,,0x56781388,,64747,1,,0x77881c46b815b40ff0128f6c96f7aa599067b8dea719f4575c45494ea9131304
2026-09-23T22-01-29-998Z_n-sweep_1-2-4-8-16-32-50,V0,,50,E-empate,,,vote,24,against,,0x56781388,,64747,1,,0x7adfb9d6e8be4e99b74b624511bbe2cab61dcdf92301b21744313001382bc922
2026-09-23T22-01-29-998Z_n-sweep_1-2-4-8-16-32-50,V0,,50,E-empate,,,vote,25,against,,0x56781388,,64747,1,,0x41fc22e792caaee25b4b86ce4653780f822ec3daf70d0099f8315ce5ef77aa3b
2026-09-23T22-01-29-998Z_n-sweep_1-2-4-8-16-32-50,V0,,50,E-empate,,,execute_attempt,,,execute,0x2656227d,WasteCategoryRegistry.updateCredits,40382,0,"VM Exception while processing transaction: reverted with custom error 'GovernorUnexpectedProposalState(94853147963669266374318848943711474646961837106161516581494822298851892919935, 3, '0x0000000000000000000000000000000000000000000000000000000000000030')'",0x8d0163b3d81d1333ea646042dc85f4006c19d06eea08fb7bc6af2f98be563433
2026-09-23T22-01-29-998Z_n-sweep_1-2-4-8-16-32-50,V1,T1,,,,,deploy_token_T1,,,constructor,0x61016060,,1621017,1,,0xece28f063ba256e8fc65152daf61fe745a7823e8ba387b1b661409f18f6dc4cc
2026-09-23T22-01-29-998Z_n-sweep_1-2-4-8-16-32-50,V1,,,,,,deploy_registry,,,constructor,0x60806040,,4590964,1,,0x9005486642112873086c0faf3a06ce7199e3377186a80eb6eea4235f5e1c6f56
2026-09-23T22-01-29-998Z_n-sweep_1-2-4-8-16-32-50,V1,,,,,,deploy_governor_V1,,,constructor,0x6101c080,,2141155,1,,0xcbf032b87647649d09648621f7d61fb312aee4174486ee6f404819243ac59ca9
2026-09-23T22-01-29-998Z_n-sweep_1-2-4-8-16-32-50,V1,,,,,,grant_admin_role,,,grantRole,0x2f2ff15d,,50799,1,,0xfdc9a3875129e16eb4a0e6527cfb2e5662449c13660398cf3b7c723db6d0e009
2026-09-23T22-01-29-998Z_n-sweep_1-2-4-8-16-32-50,V1,,,,,,revoke_deployer_admin_role,,,revokeRole,0xd547741f,,27116,1,,0xc189311656167d1c4c211ee1c4f5143a8df64ff72cb449ebf7ec77ff2fd0bcbb
2026-09-23T22-01-29-998Z_n-sweep_1-2-4-8-16-32-50,V1,,50,E-empate,,,delegate_admin,,,,0x5c19a95c,,95559,1,,0xd4695df7ceba86e36d8d32ccf756640823a0c1b729cf20e3a0b632c08e38ee6a
2026-09-23T22-01-29-998Z_n-sweep_1-2-4-8-16-32-50,V1,,50,E-empate,,,delegate,,,,0x5c19a95c,,48347,1,,0x81d5bf8e96fad9ce8b5230dc73abbeb313b25fcb2932728690f357e6b4e905b9
2026-09-23T22-01-29-998Z_n-sweep_1-2-4-8-16-32-50,V1,,50,E-empate,,,delegate,,,,0x5c19a95c,,48335,1,,0x92147b8c796bc2b0f21acc979799bbf4c5b5033d9d67806a8ad6842fe03d41df
2026-09-23T22-01-29-998Z_n-sweep_1-2-4-8-16-32-50,V1,,50,E-empate,,,delegate,,,,0x5c19a95c,,48347,1,,0xfff43b85310b182c6fdaa6a0b82056393aba2572b23e543b42f064dc4690e2fc
2026-09-23T22-01-29-998Z_n-sweep_1-2-4-8-16-32-50,V1,,50,E-empate,,,delegate,,,,0x5c19a95c,,48347,1,,0xd65054394087a126f7201b8caf565d34e4b8e2c37299a2eb2e8e1e169e8753b2
2026-09-23T22-01-29-998Z_n-sweep_1-2-4-8-16-32-50,V1,,50,E-empate,,,delegate,,,,0x5c19a95c,,48347,1,,0x0c6ee11e6f4f09c9119d3c03df89d743f104be74b800d0b47cbfa2e1629e917b
2026-09-23T22-01-29-998Z_n-sweep_1-2-4-8-16-32-50,V1,,50,E-empate,,,delegate,,,,0x5c19a95c,,48347,1,,0x9e4c58d93f5292a4566258e1c10f556eb9dc4074e322b7c357bf5ad65da50cae
2026-09-23T22-01-29-998Z_n-sweep_1-2-4-8-16-32-50,V1,,50,E-empate,,,delegate,,,,0x5c19a95c,,48347,1,,0x6ebf0fe5777b4feb07a84b604e7094e789e104c0aa39284dccf1b9da9c17904e
2026-09-23T22-01-29-998Z_n-sweep_1-2-4-8-16-32-50,V1,,50,E-empate,,,delegate,,,,0x5c19a95c,,48347,1,,0xfe42119cc5b68fbfd433dffe547dcf50b55480a011d31795da0f08ec660c70b3
2026-09-23T22-01-29-998Z_n-sweep_1-2-4-8-16-32-50,V1,,50,E-empate,,,delegate,,,,0x5c19a95c,,48347,1,,0x1cd5ec1a28c590b58fdf7467e7fffeb349eed4d261a6e6dd6bbe64d73d17bd59
2026-09-23T22-01-29-998Z_n-sweep_1-2-4-8-16-32-50,V1,,50,E-empate,,,delegate,,,,0x5c19a95c,,48335,1,,0x44f126ec5cf68cfd276b82e1245a8bb78ca6d635813f085d1a125f483e4d5924
2026-09-23T22-01-29-998Z_n-sweep_1-2-4-8-16-32-50,V1,,50,E-empate,,,delegate,,,,0x5c19a95c,,48347,1,,0xe3c56247fde6ff45e5ce391eac68170bdc36be578302a953ddcf8384ecd07aa8
2026-09-23T22-01-29-998Z_n-sweep_1-2-4-8-16-32-50,V1,,50,E-empate,,,delegate,,,,0x5c19a95c,,48347,1,,0x97563cc4398d7b02943ad3e3ef1bdae06351c02ad3fb2d2b948579fc1d32295f
2026-09-23T22-01-29-998Z_n-sweep_1-2-4-8-16-32-50,V1,,50,E-empate,,,delegate,,,,0x5c19a95c,,48347,1,,0x2254c00b60e2f0581478274e6123b6295b391cc3698f1951fb660335b3cd6c33
2026-09-23T22-01-29-998Z_n-sweep_1-2-4-8-16-32-50,V1,,50,E-empate,,,delegate,,,,0x5c19a95c,,48347,1,,0xc3e2689cb93afecc73f02fe2fc704ca424bfebf2840b02e15e94e2eacaca6d1c
2026-09-23T22-01-29-998Z_n-sweep_1-2-4-8-16-32-50,V1,,50,E-empate,,,delegate,,,,0x5c19a95c,,48347,1,,0xf481a9d9df12d0c5f7b29cc5bd284c8ca3e14873afc209155e790bf19f68d897
2026-09-23T22-01-29-998Z_n-sweep_1-2-4-8-16-32-50,V1,,50,E-empate,,,delegate,,,,0x5c19a95c,,48347,1,,0x8975637550f485546f85f8e6d9a6ed6447c7e76fff1ec5f6c9e76fb534393987
2026-09-23T22-01-29-998Z_n-sweep_1-2-4-8-16-32-50,V1,,50,E-empate,,,delegate,,,,0x5c19a95c,,48347,1,,0x923ae1f8d3d22d25940fc9eb75f6f6f16c191c6a236895f77670dcca6996d312
2026-09-23T22-01-29-998Z_n-sweep_1-2-4-8-16-32-50,V1,,50,E-empate,,,delegate,,,,0x5c19a95c,,48347,1,,0xfa31a6684a33a12042a314e8f53f866c316bd76cf3829f1b1bdf9c6709375faf
2026-09-23T22-01-29-998Z_n-sweep_1-2-4-8-16-32-50,V1,,50,E-empate,,,delegate,,,,0x5c19a95c,,48347,1,,0x85a35cc5c2fd484741123514532c6d193414e920845266674d577133f95aeb61
2026-09-23T22-01-29-998Z_n-sweep_1-2-4-8-16-32-50,V1,,50,E-empate,,,delegate,,,,0x5c19a95c,,48347,1,,0x2c0c0e3cf1f17f2dbd21478c48f6a01b7c3f80cdc9a8337eb22078304610831f
2026-09-23T22-01-29-998Z_n-sweep_1-2-4-8-16-32-50,V1,,50,E-empate,,,delegate,,,,0x5c19a95c,,48347,1,,0xa3ed7a1ccf1c20c61c0c5d590ac689d2c051d45201c4389538358e9b8bb285bc
2026-09-23T22-01-29-998Z_n-sweep_1-2-4-8-16-32-50,V1,,50,E-empate,,,delegate,,,,0x5c19a95c,,48347,1,,0x661c282cd9e0e8ae9af420543abc3bdc613c6cb387574718fba247544e2af8e9
2026-09-23T22-01-29-998Z_n-sweep_1-2-4-8-16-32-50,V1,,50,E-empate,,,delegate,,,,0x5c19a95c,,48347,1,,0xa25eec8de30d8f33b67249979cc372deee4340970acf515ed11237297c254db8
2026-09-23T22-01-29-998Z_n-sweep_1-2-4-8-16-32-50,V1,,50,E-empate,,,delegate,,,,0x5c19a95c,,48347,1,,0x4531944da7228710c401fe613cc835a5a2ab8911500c323b7a89206096a62c5e
2026-09-23T22-01-29-998Z_n-sweep_1-2-4-8-16-32-50,V1,,50,E-empate,,,delegate,,,,0x5c19a95c,,48335,1,,0x34fd858bbdd79805fe9ac14ac3496bc1581b8cd1fca415dd388ac92a1031b1a5
2026-09-23T22-01-29-998Z_n-sweep_1-2-4-8-16-32-50,V1,,50,E-empate,,,delegate,,,,0x5c19a95c,,48347,1,,0x3873a22f0d3bd864cb6adf03e490138f7a8c74e0367b46c72eb32ab59606fc50
2026-09-23T22-01-29-998Z_n-sweep_1-2-4-8-16-32-50,V1,,50,E-empate,,,delegate,,,,0x5c19a95c,,48347,1,,0x015c8107c64083620d33bd63ee4539fae6a634cbff1a7060ce0d9d7635a92667
2026-09-23T22-01-29-998Z_n-sweep_1-2-4-8-16-32-50,V1,,50,E-empate,,,delegate,,,,0x5c19a95c,,48347,1,,0x4d690799cd4e7de3c25a6216085b0327439b44872c331c8bdeed03412851c496
2026-09-23T22-01-29-998Z_n-sweep_1-2-4-8-16-32-50,V1,,50,E-empate,,,delegate,,,,0x5c19a95c,,48347,1,,0x4e2b6075a69f1a5defbf56244ed346d13180f658d70986f145e7afacf2a1769c
2026-09-23T22-01-29-998Z_n-sweep_1-2-4-8-16-32-50,V1,,50,E-empate,,,delegate,,,,0x5c19a95c,,48347,1,,0xdb953c4d33d8186e4e68b823485663114eed9632b4e6afebc927746da2cc5444
2026-09-23T22-01-29-998Z_n-sweep_1-2-4-8-16-32-50,V1,,50,E-empate,,,delegate,,,,0x5c19a95c,,48347,1,,0x6e11fc1a1f465bb514b7050fb921834e4af6a4c1f01678025fabce44812892fb
2026-09-23T22-01-29-998Z_n-sweep_1-2-4-8-16-32-50,V1,,50,E-empate,,,delegate,,,,0x5c19a95c,,48347,1,,0x02ed69ad44539ce394fe9de851cfc82976eaf863ce9b6bb6dbf7356c766b4e34
2026-09-23T22-01-29-998Z_n-sweep_1-2-4-8-16-32-50,V1,,50,E-empate,,,delegate,,,,0x5c19a95c,,48347,1,,0x48831c39e8134756256883bee94ef57bd56548f150361c090cf8316d47c484f4
2026-09-23T22-01-29-998Z_n-sweep_1-2-4-8-16-32-50,V1,,50,E-empate,,,delegate,,,,0x5c19a95c,,48347,1,,0x139bf1c2a5a53f598dabf2c70734fbdea006e57fa2d61abde0ab2327b4959d67
2026-09-23T22-01-29-998Z_n-sweep_1-2-4-8-16-32-50,V1,,50,E-empate,,,delegate,,,,0x5c19a95c,,48347,1,,0x7253e5fec49078160a40e8379add1524941ccadba4e7d9f3bdd746f905340463
2026-09-23T22-01-29-998Z_n-sweep_1-2-4-8-16-32-50,V1,,50,E-empate,,,delegate,,,,0x5c19a95c,,48347,1,,0xbe8fd855f7dddc740b71fa203b837e57dd20191f5e26b708460138a203b96a4a
2026-09-23T22-01-29-998Z_n-sweep_1-2-4-8-16-32-50,V1,,50,E-empate,,,delegate,,,,0x5c19a95c,,48347,1,,0x47aa1c6067f58c4a2e373e2e5df4995a73794f26a82c080785ce7307c874522d
2026-09-23T22-01-29-998Z_n-sweep_1-2-4-8-16-32-50,V1,,50,E-empate,,,delegate,,,,0x5c19a95c,,48347,1,,0x77d7f6ed87242997677781ffb97cb1d0c1b2765cd18aa0d3a3e6621f04ed4c16
2026-09-23T22-01-29-998Z_n-sweep_1-2-4-8-16-32-50,V1,,50,E-empate,,,delegate,,,,0x5c19a95c,,48347,1,,0xac77a1d245d1b05d38b52b313cdb3a913ef073b1ff0163a70dab969fe9fef091
2026-09-23T22-01-29-998Z_n-sweep_1-2-4-8-16-32-50,V1,,50,E-empate,,,delegate,,,,0x5c19a95c,,48347,1,,0x019cc6999109037f5dea40cb65f4f258ac059c4ce180427ba5c5d0fe7fa02e69
2026-09-23T22-01-29-998Z_n-sweep_1-2-4-8-16-32-50,V1,,50,E-empate,,,delegate,,,,0x5c19a95c,,48347,1,,0x33abf7f586ca024ba5681842a58519c700557723a21452412946bc259f413dff
2026-09-23T22-01-29-998Z_n-sweep_1-2-4-8-16-32-50,V1,,50,E-empate,,,delegate,,,,0x5c19a95c,,48347,1,,0x1207fe8601271fe0b5487a279faf12949bdc0ad4495c39b2109c87d7fdadc47d
2026-09-23T22-01-29-998Z_n-sweep_1-2-4-8-16-32-50,V1,,50,E-empate,,,delegate,,,,0x5c19a95c,,48347,1,,0x2a4aed2f06d11367c8b0a4aec5f690179e6e8a7a0852a3be3363c356d2b96e3a
2026-09-23T22-01-29-998Z_n-sweep_1-2-4-8-16-32-50,V1,,50,E-empate,,,delegate,,,,0x5c19a95c,,48347,1,,0xed996c904c444a34e69bb80148d6a10828392f76a63169cc7c34ef9123712ba1
2026-09-23T22-01-29-998Z_n-sweep_1-2-4-8-16-32-50,V1,,50,E-empate,,,delegate,,,,0x5c19a95c,,48347,1,,0x38149aa90c24c90e209f966e0f1bff77efedbcfe38d261cd552873d1bdc3ebc5
2026-09-23T22-01-29-998Z_n-sweep_1-2-4-8-16-32-50,V1,,50,E-empate,,,delegate,,,,0x5c19a95c,,48347,1,,0x80b55601ca774d4abcef268e52e9d6af337cf3103223b2406555e48c3d762bab
2026-09-23T22-01-29-998Z_n-sweep_1-2-4-8-16-32-50,V1,,50,E-empate,,,delegate,,,,0x5c19a95c,,48347,1,,0x2fcb4545efd255b27911ce44fb2a5c94515c54dc02bab25b5081b878632986d7
2026-09-23T22-01-29-998Z_n-sweep_1-2-4-8-16-32-50,V1,,50,E-empate,,,delegate,,,,0x5c19a95c,,48335,1,,0x54598c19dc2d95d70dff7fa9539e3e33d9cd81f20144e43273092a2002873303
2026-09-23T22-01-29-998Z_n-sweep_1-2-4-8-16-32-50,V1,,50,E-empate,,,delegate,,,,0x5c19a95c,,48347,1,,0xedd545ad255ae281a86176d750d3775a786065a315d01e27f2878e52519b253e
2026-09-23T22-01-29-998Z_n-sweep_1-2-4-8-16-32-50,V1,,50,E-empate,,,delegate,,,,0x5c19a95c,,48347,1,,0xa1d0b3e7b24a00685baccd412a4bcc1ce87addd4525c82c8e62cdd3daa7e291a
2026-09-23T22-01-29-998Z_n-sweep_1-2-4-8-16-32-50,V1,,50,E-empate,,,transfer,,,,0xa9059cbb,,135960,1,,0x246ae9dbb3705bcf8caab599ddb094f9d36a71a6fddbd32e09cf25058ff79423
2026-09-23T22-01-29-998Z_n-sweep_1-2-4-8-16-32-50,V1,,50,E-empate,,,transfer,,,,0xa9059cbb,,135948,1,,0xb8fcaeeed203b7eed0543991907d429bdccd4066201666ff9c480634d01c006c
2026-09-23T22-01-29-998Z_n-sweep_1-2-4-8-16-32-50,V1,,50,E-empate,,,transfer,,,,0xa9059cbb,,135960,1,,0x8f68ceb5cb5672f7b11dda7fcf0b825cffe3ccf92d5ff6d6f4dd4ee4dd9a7112
2026-09-23T22-01-29-998Z_n-sweep_1-2-4-8-16-32-50,V1,,50,E-empate,,,transfer,,,,0xa9059cbb,,135960,1,,0x6d7dd52faccd9ba960eecfaa0d18731aa9ff52a43c54ca983428173fba0a1542
2026-09-23T22-01-29-998Z_n-sweep_1-2-4-8-16-32-50,V1,,50,E-empate,,,transfer,,,,0xa9059cbb,,135960,1,,0xa121f25519bfd6019aecce8af680afcb706219b91e74e2c91912af8f363879f0
2026-09-23T22-01-29-998Z_n-sweep_1-2-4-8-16-32-50,V1,,50,E-empate,,,transfer,,,,0xa9059cbb,,135960,1,,0x76f1062e88ca6706dcea182cc70a3cb51b4c8d16c379956d1c5dbce0a5cc0e99
2026-09-23T22-01-29-998Z_n-sweep_1-2-4-8-16-32-50,V1,,50,E-empate,,,transfer,,,,0xa9059cbb,,135960,1,,0xacbbec95fc7f64a7b6a9544ee78753f3ec9194dd4f3c9ca38e1268ceb53acb90
2026-09-23T22-01-29-998Z_n-sweep_1-2-4-8-16-32-50,V1,,50,E-empate,,,transfer,,,,0xa9059cbb,,135960,1,,0x84b0653b2f42104427fe541d5713f2151ede783b5570d40855e4bf1d8522c087
2026-09-23T22-01-29-998Z_n-sweep_1-2-4-8-16-32-50,V1,,50,E-empate,,,transfer,,,,0xa9059cbb,,135960,1,,0xdfcf57d46ed39b3ededc6eee7405605ee6834e3815162fc171e8851c03541ae0
2026-09-23T22-01-29-998Z_n-sweep_1-2-4-8-16-32-50,V1,,50,E-empate,,,transfer,,,,0xa9059cbb,,135948,1,,0x8d64a76127e81848a5fe1ebeb2469570ae57a08cf798942f72ad26d0313cd40a
2026-09-23T22-01-29-998Z_n-sweep_1-2-4-8-16-32-50,V1,,50,E-empate,,,transfer,,,,0xa9059cbb,,135960,1,,0x0d7e03138b4a28e969fa37eb7746cb5ffbed4c8e322ffa756a8980e1da7af365
2026-09-23T22-01-29-998Z_n-sweep_1-2-4-8-16-32-50,V1,,50,E-empate,,,transfer,,,,0xa9059cbb,,135960,1,,0xb3cd0e36bf8a23a7268c69ad5613412b618c0d97eaf2e84e4ed2a2358616241c
2026-09-23T22-01-29-998Z_n-sweep_1-2-4-8-16-32-50,V1,,50,E-empate,,,transfer,,,,0xa9059cbb,,135960,1,,0x2c3be7462a120f6f7d3ddb903f791ba5f8a8dff70b3d2fce412bc3d9c96090f2
2026-09-23T22-01-29-998Z_n-sweep_1-2-4-8-16-32-50,V1,,50,E-empate,,,transfer,,,,0xa9059cbb,,135960,1,,0xa91896e75ebe291a14149c97e6ec3cd3878b7a57ae5efc49d7437ff775cc6d6f
2026-09-23T22-01-29-998Z_n-sweep_1-2-4-8-16-32-50,V1,,50,E-empate,,,transfer,,,,0xa9059cbb,,135960,1,,0x97ddbf62fa645b51d887aef0923131c606f936331a08b4d180573aedf905cbd1
2026-09-23T22-01-29-998Z_n-sweep_1-2-4-8-16-32-50,V1,,50,E-empate,,,transfer,,,,0xa9059cbb,,135960,1,,0xbbc7e588c74f5408c5294f754815ee8c2d05196aeb266a95ba79193cf1a3cd4e
2026-09-23T22-01-29-998Z_n-sweep_1-2-4-8-16-32-50,V1,,50,E-empate,,,transfer,,,,0xa9059cbb,,135960,1,,0xc93f0fe78d0f253b48f6546ce6912425341be3fe3abb7b8d6c8b890afc280746
2026-09-23T22-01-29-998Z_n-sweep_1-2-4-8-16-32-50,V1,,50,E-empate,,,transfer,,,,0xa9059cbb,,135960,1,,0x095274f7efd5fd91e0259f5aaa0d5d3f3d345e02896f172caf9af482ca0ecd6b
2026-09-23T22-01-29-998Z_n-sweep_1-2-4-8-16-32-50,V1,,50,E-empate,,,transfer,,,,0xa9059cbb,,135960,1,,0x2f71f3337cfdd7bfe5adb89da0349bbc93812095f8706796bc6e25e0461574de
2026-09-23T22-01-29-998Z_n-sweep_1-2-4-8-16-32-50,V1,,50,E-empate,,,transfer,,,,0xa9059cbb,,135960,1,,0xbb173ce2f0e08821737486bfce4a8891ea6bc16c53eef5183f23c35fa912acda
2026-09-23T22-01-29-998Z_n-sweep_1-2-4-8-16-32-50,V1,,50,E-empate,,,transfer,,,,0xa9059cbb,,135960,1,,0x7179fb1c1b852a31eebf015ac4e0db4f8891784970a82e1275e2b2c95797dd8d
2026-09-23T22-01-29-998Z_n-sweep_1-2-4-8-16-32-50,V1,,50,E-empate,,,transfer,,,,0xa9059cbb,,135960,1,,0x618508a1fffda4dd4799c8f4937ca7db27dc3c1a0a352dbb24eb2e717d7794fa
2026-09-23T22-01-29-998Z_n-sweep_1-2-4-8-16-32-50,V1,,50,E-empate,,,transfer,,,,0xa9059cbb,,135960,1,,0x80e85afeeecc7ded093b4fca1ee04481c72308140308e350e712a637edf79a77
2026-09-23T22-01-29-998Z_n-sweep_1-2-4-8-16-32-50,V1,,50,E-empate,,,transfer,,,,0xa9059cbb,,135960,1,,0xde2f59aa8da4ad0c12bad7c83e52b65661db007ebd8ed1e5ab2dd6b10bdbf7fe
2026-09-23T22-01-29-998Z_n-sweep_1-2-4-8-16-32-50,V1,,50,E-empate,,,transfer,,,,0xa9059cbb,,135948,1,,0x251582621de6281280756db8cf9473cfeae525a492e1d7062a6d6fed1ad7dff9
2026-09-23T22-01-29-998Z_n-sweep_1-2-4-8-16-32-50,V1,,50,E-empate,,,transfer,,,,0xa9059cbb,,135960,1,,0x7ea700d5019ed1d30c8096d4fef24f6555db72bfe8adf1e7c3e495ce67ed809f
2026-09-23T22-01-29-998Z_n-sweep_1-2-4-8-16-32-50,V1,,50,E-empate,,,transfer,,,,0xa9059cbb,,135960,1,,0xd099cccecf6f1158f5ba243ca6088f8874d9146baec93a09aef1c985e823d634
2026-09-23T22-01-29-998Z_n-sweep_1-2-4-8-16-32-50,V1,,50,E-empate,,,transfer,,,,0xa9059cbb,,135960,1,,0xd34db709f4f49d3311a9b6c928a74662fb0bde851655aa6fb02b0ad79e454733
2026-09-23T22-01-29-998Z_n-sweep_1-2-4-8-16-32-50,V1,,50,E-empate,,,transfer,,,,0xa9059cbb,,135960,1,,0xb0333deee0af7b78d7b4b5b86633676bdae519326d484603675db0f26c88b9df
2026-09-23T22-01-29-998Z_n-sweep_1-2-4-8-16-32-50,V1,,50,E-empate,,,transfer,,,,0xa9059cbb,,135960,1,,0x91a6b5a93ddd89ffbf66ac0296cdf3b1d313cd0b2890835c17ba5adcaced8ec8
2026-09-23T22-01-29-998Z_n-sweep_1-2-4-8-16-32-50,V1,,50,E-empate,,,transfer,,,,0xa9059cbb,,135960,1,,0x42ed8d1330be1065c1cc3e101c7a5a7e20cb148393a8d14d461f9b76c541d4e7
2026-09-23T22-01-29-998Z_n-sweep_1-2-4-8-16-32-50,V1,,50,E-empate,,,transfer,,,,0xa9059cbb,,135960,1,,0xb87afa69226d6b02977149ca6957bfad332e6a77c1ad200e790fad912b0a8b1c
2026-09-23T22-01-29-998Z_n-sweep_1-2-4-8-16-32-50,V1,,50,E-empate,,,transfer,,,,0xa9059cbb,,135960,1,,0xd31a5f77ec78cf0dcc46abd6824fc36e0343c70ec7558c5b8b8680a5179c3cee
2026-09-23T22-01-29-998Z_n-sweep_1-2-4-8-16-32-50,V1,,50,E-empate,,,transfer,,,,0xa9059cbb,,135960,1,,0x3a1cd3ff214ca838bb1f0a7b8e05b8066c941dae934ff8ef5f7d24e51e218d9f
2026-09-23T22-01-29-998Z_n-sweep_1-2-4-8-16-32-50,V1,,50,E-empate,,,transfer,,,,0xa9059cbb,,135960,1,,0x800f8dd0a0df31e55c4e4712a5972e0d1497dbb92fd85a7ee8c309306ae69f3e
2026-09-23T22-01-29-998Z_n-sweep_1-2-4-8-16-32-50,V1,,50,E-empate,,,transfer,,,,0xa9059cbb,,135960,1,,0x9c84268ba43fd38465cfd4cbb6628f9f3f9664cc537e635196844f423439df36
2026-09-23T22-01-29-998Z_n-sweep_1-2-4-8-16-32-50,V1,,50,E-empate,,,transfer,,,,0xa9059cbb,,135960,1,,0x5b82226f4b3968c0c11ff4245b77ddb5c737ac3d9384e7f0f5dacf91ae505b7c
2026-09-23T22-01-29-998Z_n-sweep_1-2-4-8-16-32-50,V1,,50,E-empate,,,transfer,,,,0xa9059cbb,,135960,1,,0x6b5817c5a2f3233a1f4755f91eec5b61a72e50556aeb151d1df361f8dcacafea
2026-09-23T22-01-29-998Z_n-sweep_1-2-4-8-16-32-50,V1,,50,E-empate,,,transfer,,,,0xa9059cbb,,135960,1,,0x00442dfd61843442f2f62e78bcf59b803dd8498b1bad260878d59e06f48aaf95
2026-09-23T22-01-29-998Z_n-sweep_1-2-4-8-16-32-50,V1,,50,E-empate,,,transfer,,,,0xa9059cbb,,135960,1,,0xf5d2b3eeffb65a663d93b8d3c809b6e5121b8784e868e51af3bdba2deee35a8b
2026-09-23T22-01-29-998Z_n-sweep_1-2-4-8-16-32-50,V1,,50,E-empate,,,transfer,,,,0xa9059cbb,,135960,1,,0xf3df28ed5d40b48f8919791b5b9ed50c0de598885569cd4cda2c88678140358b
2026-09-23T22-01-29-998Z_n-sweep_1-2-4-8-16-32-50,V1,,50,E-empate,,,transfer,,,,0xa9059cbb,,135960,1,,0xae8265c953b3c6c844fd5e7f9c7464dcd5160d081bd3f12119dae553d5383d46
2026-09-23T22-01-29-998Z_n-sweep_1-2-4-8-16-32-50,V1,,50,E-empate,,,transfer,,,,0xa9059cbb,,135960,1,,0x2bedec0ecd73ac805d76d0b0f124d689002219a8553658ae536e50df35c6d9db
2026-09-23T22-01-29-998Z_n-sweep_1-2-4-8-16-32-50,V1,,50,E-empate,,,transfer,,,,0xa9059cbb,,135960,1,,0x7911352af92914fc012e9271fef77802aaf80cb03b085ac5b36a82617ef3d87f
2026-09-23T22-01-29-998Z_n-sweep_1-2-4-8-16-32-50,V1,,50,E-empate,,,transfer,,,,0xa9059cbb,,135960,1,,0x527083c9aa09a186a9dfde1d6e11e56a88c23af4ff1df829641f565d467e9eb3
2026-09-23T22-01-29-998Z_n-sweep_1-2-4-8-16-32-50,V1,,50,E-empate,,,transfer,,,,0xa9059cbb,,135960,1,,0x4fcb61575570970b077a3f0175ad61e8f9b670d214f189be9284c9e38d23ea97
2026-09-23T22-01-29-998Z_n-sweep_1-2-4-8-16-32-50,V1,,50,E-empate,,,transfer,,,,0xa9059cbb,,135960,1,,0x4e542c0f00edf948e31ae0044ddc651c40f57f37ff7015611a62d6daf389f5c0
2026-09-23T22-01-29-998Z_n-sweep_1-2-4-8-16-32-50,V1,,50,E-empate,,,transfer,,,,0xa9059cbb,,135948,1,,0x678ff5ad84e5f134b40dad86f148a340f9fbc604f5ec27a98b7c60856ee1e375
2026-09-23T22-01-29-998Z_n-sweep_1-2-4-8-16-32-50,V1,,50,E-empate,,,transfer,,,,0xa9059cbb,,135960,1,,0x8c9fe884dc095bd2cb142ad2f4c3a32815bf358db82984445b1bebe0c495a13f
2026-09-23T22-01-29-998Z_n-sweep_1-2-4-8-16-32-50,V1,,50,E-empate,,,transfer,,,,0xa9059cbb,,135960,1,,0xcae168b52d2afa75f1568ef6aadf2694b4b83c844b2cc07cfa891dbd891f714c
2026-09-23T22-01-29-998Z_n-sweep_1-2-4-8-16-32-50,V1,,50,E-empate,,,propose,,,propose,0x7d5e81e2,WasteCategoryRegistry.updateCredits,63778,1,,0xe9c94fa774e6d747dbf2a35a98ad43c720b9c693c099ce6d788e9e6ca5fa24ab
2026-09-23T22-01-29-998Z_n-sweep_1-2-4-8-16-32-50,V1,,50,E-empate,,,vote,1,for,,0x56781388,,82468,1,,0x64dab7af792648fd5697c665b275132e062fbe3595ddb817b5a34294dcc2d7e1
2026-09-23T22-01-29-998Z_n-sweep_1-2-4-8-16-32-50,V1,,50,E-empate,,,vote,2,for,,0x56781388,,65368,1,,0x24ed007c9f81dee1df300bd08888938bfc46160116b177da64d2de53aa929071
2026-09-23T22-01-29-998Z_n-sweep_1-2-4-8-16-32-50,V1,,50,E-empate,,,vote,3,for,,0x56781388,,65368,1,,0xdf31364466aef20d755ae7b6dab8f1af5c7c3ffe7b164c01beca28b49145ce40
2026-09-23T22-01-29-998Z_n-sweep_1-2-4-8-16-32-50,V1,,50,E-empate,,,vote,4,for,,0x56781388,,65368,1,,0x8fc7f1708647e63a2b11e884ab0c4670939c209814958d820e699be138d7196a
2026-09-23T22-01-29-998Z_n-sweep_1-2-4-8-16-32-50,V1,,50,E-empate,,,vote,5,for,,0x56781388,,65368,1,,0x68222f7ed1d50d7525e7fd9818345163c7fd223b3d2fbb8dd0b32e86116e89c2
2026-09-23T22-01-29-998Z_n-sweep_1-2-4-8-16-32-50,V1,,50,E-empate,,,vote,6,for,,0x56781388,,65368,1,,0xddca8b16208395188da9b81ccc4cbe5f0439f71ead401d89882230ed499b3e7a
2026-09-23T22-01-29-998Z_n-sweep_1-2-4-8-16-32-50,V1,,50,E-empate,,,vote,7,for,,0x56781388,,65368,1,,0xfbed2f78ef269aa51fac5badcc609b6adab2d1e21e6da33c717a32dfea7436a9
2026-09-23T22-01-29-998Z_n-sweep_1-2-4-8-16-32-50,V1,,50,E-empate,,,vote,8,for,,0x56781388,,65368,1,,0x8d84ae45f0e98eae17135dea55f83e35e8e6d2bf3f9e199a37996a8ab912a3c7
2026-09-23T22-01-29-998Z_n-sweep_1-2-4-8-16-32-50,V1,,50,E-empate,,,vote,9,for,,0x56781388,,65368,1,,0x35989107cb5ecc8423e6db0f3a6ce584dcdb5a9edd8c3e1cbea5c230f200c5b8
2026-09-23T22-01-29-998Z_n-sweep_1-2-4-8-16-32-50,V1,,50,E-empate,,,vote,10,for,,0x56781388,,65368,1,,0x44e8adfa9df792a791fa353fc48d0fab8338abfe3fa425c8e4be919af897c8ae
2026-09-23T22-01-29-998Z_n-sweep_1-2-4-8-16-32-50,V1,,50,E-empate,,,vote,11,for,,0x56781388,,65368,1,,0x6c16efa6998c240c43796b32d812656bdec33a0b72e48bdd16a455cb58d0897f
2026-09-23T22-01-29-998Z_n-sweep_1-2-4-8-16-32-50,V1,,50,E-empate,,,vote,12,for,,0x56781388,,65368,1,,0x6e47474cd3145f518d5e173464b189367091f4ba20dfef0d8167aea73f7ad187
2026-09-23T22-01-29-998Z_n-sweep_1-2-4-8-16-32-50,V1,,50,E-empate,,,vote,13,for,,0x56781388,,65368,1,,0x8ed80673dd8d800d8463f2d5d7a59686135024480691628037c8b768e2250b42
2026-09-23T22-01-29-998Z_n-sweep_1-2-4-8-16-32-50,V1,,50,E-empate,,,vote,14,for,,0x56781388,,65368,1,,0xe73a64a4122c00c24e5dc56a1b3aaee6f5cebcd7796c4d44fdad8c9eac41b8b1
2026-09-23T22-01-29-998Z_n-sweep_1-2-4-8-16-32-50,V1,,50,E-empate,,,vote,15,for,,0x56781388,,65368,1,,0x4a69bdb6f61a7fb8054cce87b8112c0d32c38e36cd2501e290f6601a36d591c4
2026-09-23T22-01-29-998Z_n-sweep_1-2-4-8-16-32-50,V1,,50,E-empate,,,vote,16,for,,0x56781388,,65368,1,,0x348b4210a8df77d970be1428111d396a38a0660ebef622ed06d5f8b9c0f25c52
2026-09-23T22-01-29-998Z_n-sweep_1-2-4-8-16-32-50,V1,,50,E-empate,,,vote,17,for,,0x56781388,,65368,1,,0xfd6a581f299a23acc2681793c9c52127706b00a411b91c556cc0f87f4e96d9b3
2026-09-23T22-01-29-998Z_n-sweep_1-2-4-8-16-32-50,V1,,50,E-empate,,,vote,18,for,,0x56781388,,65368,1,,0xf2303fa457ca67648f11479b7f785d34b1bbfde0f9e454215c00805bf3619551
2026-09-23T22-01-29-998Z_n-sweep_1-2-4-8-16-32-50,V1,,50,E-empate,,,vote,19,for,,0x56781388,,65368,1,,0x6771992d3357d74d9172740628cc31f290266638de18588b066ac21aeef0c53d
2026-09-23T22-01-29-998Z_n-sweep_1-2-4-8-16-32-50,V1,,50,E-empate,,,vote,20,for,,0x56781388,,65368,1,,0xc57d2f668d5a7de97a086d35a42beab2b422a4f51555bcc0ce4742131e5c422a
2026-09-23T22-01-29-998Z_n-sweep_1-2-4-8-16-32-50,V1,,50,E-empate,,,vote,21,for,,0x56781388,,65368,1,,0xb8ef7b07c80764f4942e6d7eee98cea9db4e1b698a3c5824f9deb2d44a7b0aa3
2026-09-23T22-01-29-998Z_n-sweep_1-2-4-8-16-32-50,V1,,50,E-empate,,,vote,22,for,,0x56781388,,65368,1,,0xd617349994331a37f98fee620c7c8d4201d827518a72c27336f24ceda5f736ed
2026-09-23T22-01-29-998Z_n-sweep_1-2-4-8-16-32-50,V1,,50,E-empate,,,vote,23,for,,0x56781388,,65368,1,,0x58ba46aa9d246f1b3f727e5b06462352714b7caa8c727584dafc9665a7305506
2026-09-23T22-01-29-998Z_n-sweep_1-2-4-8-16-32-50,V1,,50,E-empate,,,vote,24,for,,0x56781388,,65368,1,,0x27c6d36894bbf2c3ce65e82f482774e6ea0270bb943ea449ef646889645e3df4
2026-09-23T22-01-29-998Z_n-sweep_1-2-4-8-16-32-50,V1,,50,E-empate,,,vote,25,for,,0x56781388,,65368,1,,0xeedfd5f29a63cec76fd49db640ada0e4945c3f76ab4340d422380b474485e2d7
2026-09-23T22-01-29-998Z_n-sweep_1-2-4-8-16-32-50,V1,,50,E-empate,,,vote,1,against,,0x56781388,,82416,1,,0x927f62c3a5c65c31b100d0084bda60be57d7c9d353366819860941e7735e8414
2026-09-23T22-01-29-998Z_n-sweep_1-2-4-8-16-32-50,V1,,50,E-empate,,,vote,2,against,,0x56781388,,65316,1,,0x2d5222749fa97d95a75b4f01d2f27a6c11b50a570b17176665719ecfa0027239
2026-09-23T22-01-29-998Z_n-sweep_1-2-4-8-16-32-50,V1,,50,E-empate,,,vote,3,against,,0x56781388,,65316,1,,0x6f2ea7572a5d2038ebaa8c45ac20652de4164694ee6ecd031a34a90fa40b52d4
2026-09-23T22-01-29-998Z_n-sweep_1-2-4-8-16-32-50,V1,,50,E-empate,,,vote,4,against,,0x56781388,,65316,1,,0x5e707a17f3f0b2b3734f40b99c40d745749b8d7ba64fce69692e53a028060851
2026-09-23T22-01-29-998Z_n-sweep_1-2-4-8-16-32-50,V1,,50,E-empate,,,vote,5,against,,0x56781388,,65316,1,,0x0d60cbce3713e60adc2381cea538619240620799dcafe12a1b7ab9fa83c2c2c0
2026-09-23T22-01-29-998Z_n-sweep_1-2-4-8-16-32-50,V1,,50,E-empate,,,vote,6,against,,0x56781388,,65316,1,,0x1f6e9f76a1575faa719ef2a1bc90e56ed87880d18939788dc26028b6cc40d404
2026-09-23T22-01-29-998Z_n-sweep_1-2-4-8-16-32-50,V1,,50,E-empate,,,vote,7,against,,0x56781388,,65316,1,,0xe8e90c0400a453414876910c71e9e1746b5d07921b2a75491a9b34eb0c009912
2026-09-23T22-01-29-998Z_n-sweep_1-2-4-8-16-32-50,V1,,50,E-empate,,,vote,8,against,,0x56781388,,65316,1,,0x24a3d3033e2d8742e49a06ef45f0a1951b14d3b61fcf7a2d8e7b50ff182effbb
2026-09-23T22-01-29-998Z_n-sweep_1-2-4-8-16-32-50,V1,,50,E-empate,,,vote,9,against,,0x56781388,,65316,1,,0xef13640514da7a47e9fe4b4122c594599d9cb0cbc7e6aaa5fe006f9d6d61d244
2026-09-23T22-01-29-998Z_n-sweep_1-2-4-8-16-32-50,V1,,50,E-empate,,,vote,10,against,,0x56781388,,65316,1,,0xa92462823036b9c7348de165bd4c6493c99f1916e5c494d653613e11f3fcd193
2026-09-23T22-01-29-998Z_n-sweep_1-2-4-8-16-32-50,V1,,50,E-empate,,,vote,11,against,,0x56781388,,65316,1,,0x70d566e246eec97b12625e24fee31e5941bfc3e4116e76d87c85d5bfdc1c8e9e
2026-09-23T22-01-29-998Z_n-sweep_1-2-4-8-16-32-50,V1,,50,E-empate,,,vote,12,against,,0x56781388,,65316,1,,0x4560d79907d2f73649ca181c252a2fc3c95563ee85cc0ef7c136422b510ae4af
2026-09-23T22-01-29-998Z_n-sweep_1-2-4-8-16-32-50,V1,,50,E-empate,,,vote,13,against,,0x56781388,,65316,1,,0x00035d2bc02f0123f8645d39e938f29b646630ca59dd55bcd795127f87ff9a0c
2026-09-23T22-01-29-998Z_n-sweep_1-2-4-8-16-32-50,V1,,50,E-empate,,,vote,14,against,,0x56781388,,65316,1,,0x5873bb1d34fa5924cc46b7dff77683b203bcee26db3a713eff698d806188b49d
2026-09-23T22-01-29-998Z_n-sweep_1-2-4-8-16-32-50,V1,,50,E-empate,,,vote,15,against,,0x56781388,,65316,1,,0x00de36bd520c12421aa7ad308ef5ed85090cc250c1b9132cbccd8b2add3d64e7
2026-09-23T22-01-29-998Z_n-sweep_1-2-4-8-16-32-50,V1,,50,E-empate,,,vote,16,against,,0x56781388,,65316,1,,0x7113ea561c0ddebf1e4accdd062bf74df58ee5f202d5782168de7dceff06d6af
2026-09-23T22-01-29-998Z_n-sweep_1-2-4-8-16-32-50,V1,,50,E-empate,,,vote,17,against,,0x56781388,,65316,1,,0xbe21709871439cf942b476bb96d793c68c9ecda1ad42d68703a04b4512ee349d
2026-09-23T22-01-29-998Z_n-sweep_1-2-4-8-16-32-50,V1,,50,E-empate,,,vote,18,against,,0x56781388,,65316,1,,0x31fa418238f2854a02460db713bea23c0c1116c912c5722b752777010af7f0cf
2026-09-23T22-01-29-998Z_n-sweep_1-2-4-8-16-32-50,V1,,50,E-empate,,,vote,19,against,,0x56781388,,65316,1,,0xbe968b8ca6fc130bf8df49c788d3fe26710a8969afd3c7f09aafb53f3448172b
2026-09-23T22-01-29-998Z_n-sweep_1-2-4-8-16-32-50,V1,,50,E-empate,,,vote,20,against,,0x56781388,,65316,1,,0xf0d6335a3a3378f698b14cb3acad5d91f494704fc83b1355c04106ffb820178c
2026-09-23T22-01-29-998Z_n-sweep_1-2-4-8-16-32-50,V1,,50,E-empate,,,vote,21,against,,0x56781388,,65316,1,,0xc4f5cccf2e397fb60c8bdf0d6a01cdea772d429238e1b7ada4bae88efbad4c1f
2026-09-23T22-01-29-998Z_n-sweep_1-2-4-8-16-32-50,V1,,50,E-empate,,,vote,22,against,,0x56781388,,65316,1,,0x15366963f28197c9bb996da82d662cbd379a909e7437d69c45ff487dcb113368
2026-09-23T22-01-29-998Z_n-sweep_1-2-4-8-16-32-50,V1,,50,E-empate,,,vote,23,against,,0x56781388,,65316,1,,0xc91d8b5f1445e930b8ccfaee743e58652d0bac549c937591125accd54bd0d5b2
2026-09-23T22-01-29-998Z_n-sweep_1-2-4-8-16-32-50,V1,,50,E-empate,,,vote,24,against,,0x56781388,,65316,1,,0xe2381b397be447d2889401152d8ac30467a9f5f7365bf1d1867250f2e26a8137
2026-09-23T22-01-29-998Z_n-sweep_1-2-4-8-16-32-50,V1,,50,E-empate,,,vote,25,against,,0x56781388,,65316,1,,0xdabc2516f5f0a2461f20f4cd4e66c6c0268ac37b4cb472439de3fabc1d562bc4
2026-09-23T22-01-29-998Z_n-sweep_1-2-4-8-16-32-50,V1,,50,E-empate,,,execute_attempt,,,execute,0x2656227d,WasteCategoryRegistry.updateCredits,40382,0,"VM Exception while processing transaction: reverted with custom error 'GovernorUnexpectedProposalState(56693321094816387996111668988461761326746526633438446447750217215537816972470, 3, '0x0000000000000000000000000000000000000000000000000000000000000030')'",0xed02a341bec2d0f5b7d952cb0cdca5d2fa1f7ad04084bcc50ade79d8d5e08392
2026-09-23T22-01-29-998Z_n-sweep_1-2-4-8-16-32-50,V2,T1,,,,,deploy_token_T1,,,constructor,0x61016060,,1621017,1,,0xece28f063ba256e8fc65152daf61fe745a7823e8ba387b1b661409f18f6dc4cc
2026-09-23T22-01-29-998Z_n-sweep_1-2-4-8-16-32-50,V2,,,,,,deploy_registry,,,constructor,0x60806040,,4590964,1,,0x9005486642112873086c0faf3a06ce7199e3377186a80eb6eea4235f5e1c6f56
2026-09-23T22-01-29-998Z_n-sweep_1-2-4-8-16-32-50,V2,,,,,,deploy_governor_V2,,,constructor,0x6101e080,,2178840,1,,0xa32c9f3d540c0ae9eee563ea02a53e3c1648afde51e09209202bc2912d9a8532
2026-09-23T22-01-29-998Z_n-sweep_1-2-4-8-16-32-50,V2,,,,,,grant_admin_role,,,grantRole,0x2f2ff15d,,50799,1,,0x0482dd737ad13e5cf9f342f77b7f4c8d4a60575e6613b501a7a433855227e65d
2026-09-23T22-01-29-998Z_n-sweep_1-2-4-8-16-32-50,V2,,,,,,revoke_deployer_admin_role,,,revokeRole,0xd547741f,,27116,1,,0xbf6c6756b6e885a31717a4b56f3c4fc35da4780ca84e075711ea97189f58ea3d
2026-09-23T22-01-29-998Z_n-sweep_1-2-4-8-16-32-50,V2,,50,E-empate,,,delegate_admin,,,,0x5c19a95c,,95559,1,,0xe4ed125ff7fcf34a784094393e69d7b32184f90f45a88cf0e398ac5fe2329d50
2026-09-23T22-01-29-998Z_n-sweep_1-2-4-8-16-32-50,V2,,50,E-empate,,,delegate,,,,0x5c19a95c,,48347,1,,0x8e5cf2e817455991c3f88244f29b95e3c5703efb253d16587c3e019ace8ed4aa
2026-09-23T22-01-29-998Z_n-sweep_1-2-4-8-16-32-50,V2,,50,E-empate,,,delegate,,,,0x5c19a95c,,48335,1,,0x3a4d0b938991cc6665fddf48aab742d27a2480134e4cb1cf5b844b9724575405
2026-09-23T22-01-29-998Z_n-sweep_1-2-4-8-16-32-50,V2,,50,E-empate,,,delegate,,,,0x5c19a95c,,48347,1,,0x8df16e2387da0d9fa03469e487a72815c7ad0f22d2e3631bfcd3e8532e84566f
2026-09-23T22-01-29-998Z_n-sweep_1-2-4-8-16-32-50,V2,,50,E-empate,,,delegate,,,,0x5c19a95c,,48347,1,,0x95612e3ccf4e98f664cb62c90a18fd3142e8f5668db18fb82a400652a6b96b06
2026-09-23T22-01-29-998Z_n-sweep_1-2-4-8-16-32-50,V2,,50,E-empate,,,delegate,,,,0x5c19a95c,,48347,1,,0x8cfbd9c8afd095297879c4ea5a6d41c276c3b770abd2f751b06ec63384df15d6
2026-09-23T22-01-29-998Z_n-sweep_1-2-4-8-16-32-50,V2,,50,E-empate,,,delegate,,,,0x5c19a95c,,48347,1,,0x96ff47bd12ed3260165a9b3c82bacf4a9f1cfd47a5f8548491ee35c1066f2e38
2026-09-23T22-01-29-998Z_n-sweep_1-2-4-8-16-32-50,V2,,50,E-empate,,,delegate,,,,0x5c19a95c,,48347,1,,0x3c7464a5135ef0630048da3b891f6f95d941c4b44dfb27d1230d6c7015af52d6
2026-09-23T22-01-29-998Z_n-sweep_1-2-4-8-16-32-50,V2,,50,E-empate,,,delegate,,,,0x5c19a95c,,48347,1,,0xcef7f0dbdf22e7ddd7612e11e8e4d04d07ff7ed50742fa593a04379c3fb4c79a
2026-09-23T22-01-29-998Z_n-sweep_1-2-4-8-16-32-50,V2,,50,E-empate,,,delegate,,,,0x5c19a95c,,48347,1,,0x2a05bf2175c5ddc1c903f568e1aef2d66314124f75bcf8379ba8adf2782fee08
2026-09-23T22-01-29-998Z_n-sweep_1-2-4-8-16-32-50,V2,,50,E-empate,,,delegate,,,,0x5c19a95c,,48335,1,,0xed076a3bb603efd5d8a71a2cc98ed4047b12d152a544a7d1d7a341433c9a4602
2026-09-23T22-01-29-998Z_n-sweep_1-2-4-8-16-32-50,V2,,50,E-empate,,,delegate,,,,0x5c19a95c,,48347,1,,0x10be283a8ec30b680dc3aca50b759e0cf9c8afc082d9e83402cea754eca72a1f
2026-09-23T22-01-29-998Z_n-sweep_1-2-4-8-16-32-50,V2,,50,E-empate,,,delegate,,,,0x5c19a95c,,48347,1,,0x2a30f5270f05f3f17e6177f9b77f58b934718ec7c2e872415fd5bb3af3d1a729
2026-09-23T22-01-29-998Z_n-sweep_1-2-4-8-16-32-50,V2,,50,E-empate,,,delegate,,,,0x5c19a95c,,48347,1,,0x8627a7ad29f66cec2d29399f287974e7802b96ce1c1094b9f03f71ebb4aee554
2026-09-23T22-01-29-998Z_n-sweep_1-2-4-8-16-32-50,V2,,50,E-empate,,,delegate,,,,0x5c19a95c,,48347,1,,0x09935171751aaaad6b28f8c0a6e1389d805ea4048b73d32206a0f9fb56fe6526
2026-09-23T22-01-29-998Z_n-sweep_1-2-4-8-16-32-50,V2,,50,E-empate,,,delegate,,,,0x5c19a95c,,48347,1,,0xcc0bb7cbd2d0f3f8fa2b739bbaa5db203755fbd70b3eefc00d112f1bb589ceaf
2026-09-23T22-01-29-998Z_n-sweep_1-2-4-8-16-32-50,V2,,50,E-empate,,,delegate,,,,0x5c19a95c,,48347,1,,0xc76339288f99a2e44a4485a1794ebb0cad6215adbb061dde8b472b5783d68437
2026-09-23T22-01-29-998Z_n-sweep_1-2-4-8-16-32-50,V2,,50,E-empate,,,delegate,,,,0x5c19a95c,,48347,1,,0x4eff498246ceed5814c564e65aad18449d9d8819517ba51d588d9cfdae3d4d2a
2026-09-23T22-01-29-998Z_n-sweep_1-2-4-8-16-32-50,V2,,50,E-empate,,,delegate,,,,0x5c19a95c,,48347,1,,0xa6ae49a326f302b9e71391f9415c0d930458ea03039ee9086f5687369d739f43
2026-09-23T22-01-29-998Z_n-sweep_1-2-4-8-16-32-50,V2,,50,E-empate,,,delegate,,,,0x5c19a95c,,48347,1,,0xf13688c59dca87eeaaf2b3d3ae625f01224e2d5b4954af7ddb9eacd7e8fca21e
2026-09-23T22-01-29-998Z_n-sweep_1-2-4-8-16-32-50,V2,,50,E-empate,,,delegate,,,,0x5c19a95c,,48347,1,,0xed760b7612d9a02f7ab38dcca54d7d989dd819b4bb98906db1dbcca059ac084f
2026-09-23T22-01-29-998Z_n-sweep_1-2-4-8-16-32-50,V2,,50,E-empate,,,delegate,,,,0x5c19a95c,,48347,1,,0x408a7ccbb0d6637960a2093204a5084a7c3370084f7061b277e04d5d1523ae58
2026-09-23T22-01-29-998Z_n-sweep_1-2-4-8-16-32-50,V2,,50,E-empate,,,delegate,,,,0x5c19a95c,,48347,1,,0x3152e0d13e4c1339d74b6b187ca12500a969817e0120fc16874758b89451705c
2026-09-23T22-01-29-998Z_n-sweep_1-2-4-8-16-32-50,V2,,50,E-empate,,,delegate,,,,0x5c19a95c,,48347,1,,0xa643950d224ced9bbf99ea95cbb9cecb86c028ad6a357741d9eed43fd1418124
2026-09-23T22-01-29-998Z_n-sweep_1-2-4-8-16-32-50,V2,,50,E-empate,,,delegate,,,,0x5c19a95c,,48347,1,,0x055e399c3cbfa6644dce91a7f3b36ea2bc185d80c647c0f1d04321e14c4b1361
2026-09-23T22-01-29-998Z_n-sweep_1-2-4-8-16-32-50,V2,,50,E-empate,,,delegate,,,,0x5c19a95c,,48335,1,,0xdbafa2287cf62155690c72d09b21b76ada56306bf24799e90a6ebd1fd470abc6
2026-09-23T22-01-29-998Z_n-sweep_1-2-4-8-16-32-50,V2,,50,E-empate,,,delegate,,,,0x5c19a95c,,48347,1,,0x5f3e39c0a04665565fe3ba089f22454588d4f688c9a7aef067e7ad9e116a759a
2026-09-23T22-01-29-998Z_n-sweep_1-2-4-8-16-32-50,V2,,50,E-empate,,,delegate,,,,0x5c19a95c,,48347,1,,0x7f968e30943d915d45decb0caea3281b5a4ce30a34416fbe354786d67369fd83
2026-09-23T22-01-29-998Z_n-sweep_1-2-4-8-16-32-50,V2,,50,E-empate,,,delegate,,,,0x5c19a95c,,48347,1,,0xacced85e76fc346ac6aeec9a7ad6b61324fa6705450ea8d9c6b571e609652ec6
2026-09-23T22-01-29-998Z_n-sweep_1-2-4-8-16-32-50,V2,,50,E-empate,,,delegate,,,,0x5c19a95c,,48347,1,,0xc354d6d794f1199566d0378cd1a05e9a5ef44036fa08971363ffdb3f0a83ac1f
2026-09-23T22-01-29-998Z_n-sweep_1-2-4-8-16-32-50,V2,,50,E-empate,,,delegate,,,,0x5c19a95c,,48347,1,,0x41430b21e85fff00baa6651f5e9419f14411e203e9c65cf045d70399e1f94f10
2026-09-23T22-01-29-998Z_n-sweep_1-2-4-8-16-32-50,V2,,50,E-empate,,,delegate,,,,0x5c19a95c,,48347,1,,0x0bedefd31dfd1911f1b821af9af59b2add8145ffa98e5dbae489249c34ba12b9
2026-09-23T22-01-29-998Z_n-sweep_1-2-4-8-16-32-50,V2,,50,E-empate,,,delegate,,,,0x5c19a95c,,48347,1,,0x56ad8c486cf180aa0b39b839e9aa8457bb432ce913afb5054ca9bcce3effbb92
2026-09-23T22-01-29-998Z_n-sweep_1-2-4-8-16-32-50,V2,,50,E-empate,,,delegate,,,,0x5c19a95c,,48347,1,,0x889ffacd513472f47703d03e4eb91f2565e857d0c007bd0d90101601ecbd4461
2026-09-23T22-01-29-998Z_n-sweep_1-2-4-8-16-32-50,V2,,50,E-empate,,,delegate,,,,0x5c19a95c,,48347,1,,0x300cffcbe8eda0567de301008cf1f50514fdf7ef82e382d9507bbf31fffcabc4
2026-09-23T22-01-29-998Z_n-sweep_1-2-4-8-16-32-50,V2,,50,E-empate,,,delegate,,,,0x5c19a95c,,48347,1,,0xb26cc341ef34517b33cf6cd048c8a54704753c40e4e38bdf9dc80c483ec06148
2026-09-23T22-01-29-998Z_n-sweep_1-2-4-8-16-32-50,V2,,50,E-empate,,,delegate,,,,0x5c19a95c,,48347,1,,0x58d7882e8df8d9a84dda04828e62e55811e2fc55bbdf72e420a219528a50c760
2026-09-23T22-01-29-998Z_n-sweep_1-2-4-8-16-32-50,V2,,50,E-empate,,,delegate,,,,0x5c19a95c,,48347,1,,0xa165579965f85981a3065c1e2b2a0995c5caac5df658402f7efd8b0d0b1c2bce
2026-09-23T22-01-29-998Z_n-sweep_1-2-4-8-16-32-50,V2,,50,E-empate,,,delegate,,,,0x5c19a95c,,48347,1,,0xf0592e48b13df8d29c4f13d4da023052f542ca40ddd14d6babaf7ef698f07dbb
2026-09-23T22-01-29-998Z_n-sweep_1-2-4-8-16-32-50,V2,,50,E-empate,,,delegate,,,,0x5c19a95c,,48347,1,,0x03d0dbabc01e5d0af5eca4495d4c548d2c41bb5b473d7d98c49d5385061260b8
2026-09-23T22-01-29-998Z_n-sweep_1-2-4-8-16-32-50,V2,,50,E-empate,,,delegate,,,,0x5c19a95c,,48347,1,,0x9c249c81d873ecf8e9768db83eb14821c2c218d032b11cd7fe5d12088d668fda
2026-09-23T22-01-29-998Z_n-sweep_1-2-4-8-16-32-50,V2,,50,E-empate,,,delegate,,,,0x5c19a95c,,48347,1,,0xcd63dbf8f1f09a2f6a5ff14decca32fb72ad0f1cae7e574b2fc586f13d025bb2
2026-09-23T22-01-29-998Z_n-sweep_1-2-4-8-16-32-50,V2,,50,E-empate,,,delegate,,,,0x5c19a95c,,48347,1,,0x046e21685e512200b52e31db93043af7459b5a989dc0808269126d53721ac8f8
2026-09-23T22-01-29-998Z_n-sweep_1-2-4-8-16-32-50,V2,,50,E-empate,,,delegate,,,,0x5c19a95c,,48347,1,,0x335f1c45ad548204528f7cadd4671e561c20c9c4fe29b91189feade09701c5a9
2026-09-23T22-01-29-998Z_n-sweep_1-2-4-8-16-32-50,V2,,50,E-empate,,,delegate,,,,0x5c19a95c,,48347,1,,0x9f8ade3454be88805b03b02375f2774d72e2d3169cc94a4166c39604e063955f
2026-09-23T22-01-29-998Z_n-sweep_1-2-4-8-16-32-50,V2,,50,E-empate,,,delegate,,,,0x5c19a95c,,48347,1,,0xbc2920c9ad77b324c8f64daabfc2a1431c80f30edb3c65e0a07700b98891b56c
2026-09-23T22-01-29-998Z_n-sweep_1-2-4-8-16-32-50,V2,,50,E-empate,,,delegate,,,,0x5c19a95c,,48347,1,,0x1ff3b9a6966187a5cd8d575d153f2487b31b83e6d2c103a885d102e6de760040
2026-09-23T22-01-29-998Z_n-sweep_1-2-4-8-16-32-50,V2,,50,E-empate,,,delegate,,,,0x5c19a95c,,48347,1,,0x3007abbd2ca5d8a8c5f340a2614ce189759242bb494aab56e592970fe25a61c4
2026-09-23T22-01-29-998Z_n-sweep_1-2-4-8-16-32-50,V2,,50,E-empate,,,delegate,,,,0x5c19a95c,,48335,1,,0x1ef3932edbce7e10293b79c0f2bdd68ba9963feeb60783550b8048fadd7093b1
2026-09-23T22-01-29-998Z_n-sweep_1-2-4-8-16-32-50,V2,,50,E-empate,,,delegate,,,,0x5c19a95c,,48347,1,,0xc1ed614da0f39e829d43e2c73649b3d798068befc640a8a27a6dfe3b86205651
2026-09-23T22-01-29-998Z_n-sweep_1-2-4-8-16-32-50,V2,,50,E-empate,,,delegate,,,,0x5c19a95c,,48347,1,,0x644c69711f4cf1c5519b2b689791a02de2c659aa2334fad7b76f3e0b8ddc92c8
2026-09-23T22-01-29-998Z_n-sweep_1-2-4-8-16-32-50,V2,,50,E-empate,,,transfer,,,,0xa9059cbb,,135960,1,,0x988aab2b52dd044a179325bd4967d9ae7237c72920f39685c1b68a865d8bc061
2026-09-23T22-01-29-998Z_n-sweep_1-2-4-8-16-32-50,V2,,50,E-empate,,,transfer,,,,0xa9059cbb,,135948,1,,0x1740ec9063dfd663705ab00d6d861409d180c9ad70adc6d28480537016214f76
2026-09-23T22-01-29-998Z_n-sweep_1-2-4-8-16-32-50,V2,,50,E-empate,,,transfer,,,,0xa9059cbb,,135960,1,,0xf56fcef6e6bf4bee12e48c2b9df7dbc660058df2a1fb870619e66bc918f52484
2026-09-23T22-01-29-998Z_n-sweep_1-2-4-8-16-32-50,V2,,50,E-empate,,,transfer,,,,0xa9059cbb,,135960,1,,0x233ed19ebf1226e5fc37f5fd473c8962d4660a56079a5d6c60cad7337c5b7af9
2026-09-23T22-01-29-998Z_n-sweep_1-2-4-8-16-32-50,V2,,50,E-empate,,,transfer,,,,0xa9059cbb,,135960,1,,0xcc782b233f1590adef175cd9036af19be976f253c0218163c06331281c553efe
2026-09-23T22-01-29-998Z_n-sweep_1-2-4-8-16-32-50,V2,,50,E-empate,,,transfer,,,,0xa9059cbb,,135960,1,,0xbea6e584f326824c66cd6b2c4015b7b890bfe3cd9eab172363c69ca2e07fc6c2
2026-09-23T22-01-29-998Z_n-sweep_1-2-4-8-16-32-50,V2,,50,E-empate,,,transfer,,,,0xa9059cbb,,135960,1,,0x465ed0f194e88c72adeb55b13c9b38160cb85e4cc722e7a5af85df8387d76996
2026-09-23T22-01-29-998Z_n-sweep_1-2-4-8-16-32-50,V2,,50,E-empate,,,transfer,,,,0xa9059cbb,,135960,1,,0xd1689b874f589c86d72d375fae0451c938fd231cd4095f970e1dd1b81f8676b7
2026-09-23T22-01-29-998Z_n-sweep_1-2-4-8-16-32-50,V2,,50,E-empate,,,transfer,,,,0xa9059cbb,,135960,1,,0xcf893e779208ade49ba3073a23cde3543874fa081e203c8b7d248491c6588cd6
2026-09-23T22-01-29-998Z_n-sweep_1-2-4-8-16-32-50,V2,,50,E-empate,,,transfer,,,,0xa9059cbb,,135948,1,,0x55f9f4c5cbe216e8c28f62779d8fa7e3844908ecfb57361604a2d8e371d49fca
2026-09-23T22-01-29-998Z_n-sweep_1-2-4-8-16-32-50,V2,,50,E-empate,,,transfer,,,,0xa9059cbb,,135960,1,,0x8dbb2d08f54ac53f17e18a86d078179bdcf4aecc630828e698d239a5cb1f6f8e
2026-09-23T22-01-29-998Z_n-sweep_1-2-4-8-16-32-50,V2,,50,E-empate,,,transfer,,,,0xa9059cbb,,135960,1,,0xed649c0db846b2bff19da4f11088b84071c73ddd4ce7d3749ae53eea75ac41db
2026-09-23T22-01-29-998Z_n-sweep_1-2-4-8-16-32-50,V2,,50,E-empate,,,transfer,,,,0xa9059cbb,,135960,1,,0xdf2cf31e73eb13bd09dd1afb5bb13ebc7ce5e2763b7e9b9cf73e62e8ef5d4e22
2026-09-23T22-01-29-998Z_n-sweep_1-2-4-8-16-32-50,V2,,50,E-empate,,,transfer,,,,0xa9059cbb,,135960,1,,0x3c1627a4e1cac6bb0416fd3e398372366c09d1a68ecfeb6747b79ec38aedf91c
2026-09-23T22-01-29-998Z_n-sweep_1-2-4-8-16-32-50,V2,,50,E-empate,,,transfer,,,,0xa9059cbb,,135960,1,,0xc56ae9e1eaa29c1b61ad02ffd529d88ca71dc67f8df801cf2e6338e0c93601c0
2026-09-23T22-01-29-998Z_n-sweep_1-2-4-8-16-32-50,V2,,50,E-empate,,,transfer,,,,0xa9059cbb,,135960,1,,0x0d0753aecd5c03f9a033b2f46b7f5cd0425998608ec65fe4e251758640f116cc
2026-09-23T22-01-29-998Z_n-sweep_1-2-4-8-16-32-50,V2,,50,E-empate,,,transfer,,,,0xa9059cbb,,135960,1,,0xefbd39c3f9ebfa93ac80f360ffd8980bec4b7e10908c53b00b1e61e174e14477
2026-09-23T22-01-29-998Z_n-sweep_1-2-4-8-16-32-50,V2,,50,E-empate,,,transfer,,,,0xa9059cbb,,135960,1,,0x3a2f642f292c833077cfed053ba476469661e3d952ab0f9708e81024e8a131f0
2026-09-23T22-01-29-998Z_n-sweep_1-2-4-8-16-32-50,V2,,50,E-empate,,,transfer,,,,0xa9059cbb,,135960,1,,0x92f057c6ea61052e657e17ca72c92f5b41686fa9098dc43c6670fd435baeb520
2026-09-23T22-01-29-998Z_n-sweep_1-2-4-8-16-32-50,V2,,50,E-empate,,,transfer,,,,0xa9059cbb,,135960,1,,0x401daf28f880e62370c01be106e283ab587a6a396d0ac9a4c1790b877d11cee7
2026-09-23T22-01-29-998Z_n-sweep_1-2-4-8-16-32-50,V2,,50,E-empate,,,transfer,,,,0xa9059cbb,,135960,1,,0x9fcb64d9dee02b77c33a03d55d294baa22cebf6f3fc60761a8ce82a27b27c4ac
2026-09-23T22-01-29-998Z_n-sweep_1-2-4-8-16-32-50,V2,,50,E-empate,,,transfer,,,,0xa9059cbb,,135960,1,,0xb12735ad54fd91cf7224ef0aead270b7e5bf6415a1835ea5a76292fff1415cfb
2026-09-23T22-01-29-998Z_n-sweep_1-2-4-8-16-32-50,V2,,50,E-empate,,,transfer,,,,0xa9059cbb,,135960,1,,0xfe37646fb15fa8302c991c97cf1f7c1a4a0f2b6acd720ebca26aca50888cda23
2026-09-23T22-01-29-998Z_n-sweep_1-2-4-8-16-32-50,V2,,50,E-empate,,,transfer,,,,0xa9059cbb,,135960,1,,0xd60240538b26e59a2163ed3a22c43b9ab1484704bd0b0f3cdefabb88cb5b257e
2026-09-23T22-01-29-998Z_n-sweep_1-2-4-8-16-32-50,V2,,50,E-empate,,,transfer,,,,0xa9059cbb,,135948,1,,0xb22c513b7fe482f54292a9bfeef77c21aacef9c17483d515bdfda6c1cf1f42bb
2026-09-23T22-01-29-998Z_n-sweep_1-2-4-8-16-32-50,V2,,50,E-empate,,,transfer,,,,0xa9059cbb,,135960,1,,0x88644017f1f3ae21daa385d29aee8d731cf7ba0c9b61e24399db19697919acb2
2026-09-23T22-01-29-998Z_n-sweep_1-2-4-8-16-32-50,V2,,50,E-empate,,,transfer,,,,0xa9059cbb,,135960,1,,0xad4486b295fc1a15477c5d8ebe8706f1ed097c809410e10005b1685953c2a2bb
2026-09-23T22-01-29-998Z_n-sweep_1-2-4-8-16-32-50,V2,,50,E-empate,,,transfer,,,,0xa9059cbb,,135960,1,,0xc857927978b7fca420d8dfdcf1a08458352c71bd35216ca7bdaabdcf6a420eab
2026-09-23T22-01-29-998Z_n-sweep_1-2-4-8-16-32-50,V2,,50,E-empate,,,transfer,,,,0xa9059cbb,,135960,1,,0x19da029d75fd0d87dc7a4f9beb9559a212c97f4650b20bec708183e96523aaba
2026-09-23T22-01-29-998Z_n-sweep_1-2-4-8-16-32-50,V2,,50,E-empate,,,transfer,,,,0xa9059cbb,,135960,1,,0xe39ed1dd6a0f306a57d3c39746352501a07bde119ca084d195183aa8257d544c
2026-09-23T22-01-29-998Z_n-sweep_1-2-4-8-16-32-50,V2,,50,E-empate,,,transfer,,,,0xa9059cbb,,135960,1,,0x686f042e46d0bb971f2dc7311a4b70e71aa32e852ea51402ab89ee3a2117a475
2026-09-23T22-01-29-998Z_n-sweep_1-2-4-8-16-32-50,V2,,50,E-empate,,,transfer,,,,0xa9059cbb,,135960,1,,0xf9e0d46378d7c47514f285080aa1c0ba30ccb144fd11142fd8a0965281717e14
2026-09-23T22-01-29-998Z_n-sweep_1-2-4-8-16-32-50,V2,,50,E-empate,,,transfer,,,,0xa9059cbb,,135960,1,,0x403d5ee904eb62cf03710c0775795d94da962bdd3fc2a81d2c0ef4752ac1fe71
2026-09-23T22-01-29-998Z_n-sweep_1-2-4-8-16-32-50,V2,,50,E-empate,,,transfer,,,,0xa9059cbb,,135960,1,,0xfdde6c45dcc56940d6e78753c17a5c3fb5be608e7dbf8994340a63db872a194f
2026-09-23T22-01-29-998Z_n-sweep_1-2-4-8-16-32-50,V2,,50,E-empate,,,transfer,,,,0xa9059cbb,,135960,1,,0x0ab3489848781558a75a336d69aeae715379240b5a6bd11ad38ea8bd2a829107
2026-09-23T22-01-29-998Z_n-sweep_1-2-4-8-16-32-50,V2,,50,E-empate,,,transfer,,,,0xa9059cbb,,135960,1,,0x1682e6d0d561bf9f64b682c350f3b78d5c3a2bd231295f8d74b4c92182f6cc07
2026-09-23T22-01-29-998Z_n-sweep_1-2-4-8-16-32-50,V2,,50,E-empate,,,transfer,,,,0xa9059cbb,,135960,1,,0x5b82226f4b3968c0c11ff4245b77ddb5c737ac3d9384e7f0f5dacf91ae505b7c
2026-09-23T22-01-29-998Z_n-sweep_1-2-4-8-16-32-50,V2,,50,E-empate,,,transfer,,,,0xa9059cbb,,135960,1,,0x6b5817c5a2f3233a1f4755f91eec5b61a72e50556aeb151d1df361f8dcacafea
2026-09-23T22-01-29-998Z_n-sweep_1-2-4-8-16-32-50,V2,,50,E-empate,,,transfer,,,,0xa9059cbb,,135960,1,,0x00442dfd61843442f2f62e78bcf59b803dd8498b1bad260878d59e06f48aaf95
2026-09-23T22-01-29-998Z_n-sweep_1-2-4-8-16-32-50,V2,,50,E-empate,,,transfer,,,,0xa9059cbb,,135960,1,,0xf5d2b3eeffb65a663d93b8d3c809b6e5121b8784e868e51af3bdba2deee35a8b
2026-09-23T22-01-29-998Z_n-sweep_1-2-4-8-16-32-50,V2,,50,E-empate,,,transfer,,,,0xa9059cbb,,135960,1,,0xf3df28ed5d40b48f8919791b5b9ed50c0de598885569cd4cda2c88678140358b
2026-09-23T22-01-29-998Z_n-sweep_1-2-4-8-16-32-50,V2,,50,E-empate,,,transfer,,,,0xa9059cbb,,135960,1,,0xae8265c953b3c6c844fd5e7f9c7464dcd5160d081bd3f12119dae553d5383d46
2026-09-23T22-01-29-998Z_n-sweep_1-2-4-8-16-32-50,V2,,50,E-empate,,,transfer,,,,0xa9059cbb,,135960,1,,0x2bedec0ecd73ac805d76d0b0f124d689002219a8553658ae536e50df35c6d9db
2026-09-23T22-01-29-998Z_n-sweep_1-2-4-8-16-32-50,V2,,50,E-empate,,,transfer,,,,0xa9059cbb,,135960,1,,0x7911352af92914fc012e9271fef77802aaf80cb03b085ac5b36a82617ef3d87f
2026-09-23T22-01-29-998Z_n-sweep_1-2-4-8-16-32-50,V2,,50,E-empate,,,transfer,,,,0xa9059cbb,,135960,1,,0x527083c9aa09a186a9dfde1d6e11e56a88c23af4ff1df829641f565d467e9eb3
2026-09-23T22-01-29-998Z_n-sweep_1-2-4-8-16-32-50,V2,,50,E-empate,,,transfer,,,,0xa9059cbb,,135960,1,,0x4fcb61575570970b077a3f0175ad61e8f9b670d214f189be9284c9e38d23ea97
2026-09-23T22-01-29-998Z_n-sweep_1-2-4-8-16-32-50,V2,,50,E-empate,,,transfer,,,,0xa9059cbb,,135960,1,,0x4e542c0f00edf948e31ae0044ddc651c40f57f37ff7015611a62d6daf389f5c0
2026-09-23T22-01-29-998Z_n-sweep_1-2-4-8-16-32-50,V2,,50,E-empate,,,transfer,,,,0xa9059cbb,,135948,1,,0x678ff5ad84e5f134b40dad86f148a340f9fbc604f5ec27a98b7c60856ee1e375
2026-09-23T22-01-29-998Z_n-sweep_1-2-4-8-16-32-50,V2,,50,E-empate,,,transfer,,,,0xa9059cbb,,135960,1,,0x8c9fe884dc095bd2cb142ad2f4c3a32815bf358db82984445b1bebe0c495a13f
2026-09-23T22-01-29-998Z_n-sweep_1-2-4-8-16-32-50,V2,,50,E-empate,,,transfer,,,,0xa9059cbb,,135960,1,,0xcae168b52d2afa75f1568ef6aadf2694b4b83c844b2cc07cfa891dbd891f714c
2026-09-23T22-01-29-998Z_n-sweep_1-2-4-8-16-32-50,V2,,50,E-empate,,,propose,,,propose,0x7d5e81e2,WasteCategoryRegistry.updateCredits,63778,1,,0x1a126d2aa6f52b3a024e2192b4a4ca202f502843071d3a97250109b170c3bfef
2026-09-23T22-01-29-998Z_n-sweep_1-2-4-8-16-32-50,V2,,50,E-empate,,,vote,1,for,,0x56781388,,82468,1,,0x399c3545e7bf5665ef51c99edc8548be868f48c6fad25d508421287a7da6ccf4
2026-09-23T22-01-29-998Z_n-sweep_1-2-4-8-16-32-50,V2,,50,E-empate,,,vote,2,for,,0x56781388,,65368,1,,0x3fb417148174dd8acffe3c6065f6e159630e5f53e19cab2546ec06f2cf838be5
2026-09-23T22-01-29-998Z_n-sweep_1-2-4-8-16-32-50,V2,,50,E-empate,,,vote,3,for,,0x56781388,,65368,1,,0xaaa9bf5b6258f4c3e64bbccf946be5dee07dcc7a9b9317123ce72fcb55593b83
2026-09-23T22-01-29-998Z_n-sweep_1-2-4-8-16-32-50,V2,,50,E-empate,,,vote,4,for,,0x56781388,,65368,1,,0x9262a0428484c3921e6a4a9074a6fd107fdd23abc9f8c2a7a9365d6a60dd6f64
2026-09-23T22-01-29-998Z_n-sweep_1-2-4-8-16-32-50,V2,,50,E-empate,,,vote,5,for,,0x56781388,,65368,1,,0x1e89fdf047ccf03fd378cf79e7a2051693f95aa790186713869c05bf30122437
2026-09-23T22-01-29-998Z_n-sweep_1-2-4-8-16-32-50,V2,,50,E-empate,,,vote,6,for,,0x56781388,,65368,1,,0x9edbb6e29d4417621ad1e0e147d25c4324252cab75a5889b17d2d2af7b9dfb59
2026-09-23T22-01-29-998Z_n-sweep_1-2-4-8-16-32-50,V2,,50,E-empate,,,vote,7,for,,0x56781388,,65368,1,,0x8b32cae9887911f86bb0728ebfa171b86271dca657b0b346fc6f4dcf9ffe1026
2026-09-23T22-01-29-998Z_n-sweep_1-2-4-8-16-32-50,V2,,50,E-empate,,,vote,8,for,,0x56781388,,65368,1,,0x173b3d5db5d546cb3313a2f3cc83627a195ee8e20fcc27de8f6976f6b47c8418
2026-09-23T22-01-29-998Z_n-sweep_1-2-4-8-16-32-50,V2,,50,E-empate,,,vote,9,for,,0x56781388,,65368,1,,0x06838c4cd5437cb4755377650aade04a45dca8db2ac07c104590588bfeb6a48d
2026-09-23T22-01-29-998Z_n-sweep_1-2-4-8-16-32-50,V2,,50,E-empate,,,vote,10,for,,0x56781388,,65368,1,,0xbb85ee53b323e71526a6ea85ee9d85bccebda116b3d6de7dfb58998598cec2bf
2026-09-23T22-01-29-998Z_n-sweep_1-2-4-8-16-32-50,V2,,50,E-empate,,,vote,11,for,,0x56781388,,65368,1,,0xe6c8c11fa33fadb83da670721f6fa009e42b28b6a5a3e150eafc7752150e4306
2026-09-23T22-01-29-998Z_n-sweep_1-2-4-8-16-32-50,V2,,50,E-empate,,,vote,12,for,,0x56781388,,65368,1,,0xc18f60f604ff532caed77eeb5350ede85aa159ae1f40b3753cb2a29f07813b7c
2026-09-23T22-01-29-998Z_n-sweep_1-2-4-8-16-32-50,V2,,50,E-empate,,,vote,13,for,,0x56781388,,65368,1,,0xe7a6c483ede3011f3569b8649e879967e08c4dd20362c3fdd48ae22381d8f798
2026-09-23T22-01-29-998Z_n-sweep_1-2-4-8-16-32-50,V2,,50,E-empate,,,vote,14,for,,0x56781388,,65368,1,,0xf7fcefc52d7673a645d722573bb2a34da7e753d2eef1eb663f27720307f5167b
2026-09-23T22-01-29-998Z_n-sweep_1-2-4-8-16-32-50,V2,,50,E-empate,,,vote,15,for,,0x56781388,,65368,1,,0xdb16d89cdc427a4e9719f5e24639c4c9286d3b0812ea0c725996f1447f24603d
2026-09-23T22-01-29-998Z_n-sweep_1-2-4-8-16-32-50,V2,,50,E-empate,,,vote,16,for,,0x56781388,,65368,1,,0x7a05428eade994012419a35d124380716d6a3f009a841c4ef1c676da270d73d4
2026-09-23T22-01-29-998Z_n-sweep_1-2-4-8-16-32-50,V2,,50,E-empate,,,vote,17,for,,0x56781388,,65368,1,,0x29d0a4da948f842ad065b9928e296e5415fb24d33f099de4e7b95b60d1bdacc9
2026-09-23T22-01-29-998Z_n-sweep_1-2-4-8-16-32-50,V2,,50,E-empate,,,vote,18,for,,0x56781388,,65368,1,,0x6c9973dd681f2af0a8282961f2685aa9902ab155be91a3d5421ac9dd45d880fe
2026-09-23T22-01-29-998Z_n-sweep_1-2-4-8-16-32-50,V2,,50,E-empate,,,vote,19,for,,0x56781388,,65368,1,,0x9ae06b38a3d6a170fadbd114a3086d816fe5e1726b00df0ff2d08268c9ccf229
2026-09-23T22-01-29-998Z_n-sweep_1-2-4-8-16-32-50,V2,,50,E-empate,,,vote,20,for,,0x56781388,,65368,1,,0xa280452a3bb33e8ddf6aadfe3a10bc277889132a299946265180e9585c260ae5
2026-09-23T22-01-29-998Z_n-sweep_1-2-4-8-16-32-50,V2,,50,E-empate,,,vote,21,for,,0x56781388,,65368,1,,0xda54d2c921b0ec4985d89351b2f15a990f030c3201fd1fb3357c0da776a2d623
2026-09-23T22-01-29-998Z_n-sweep_1-2-4-8-16-32-50,V2,,50,E-empate,,,vote,22,for,,0x56781388,,65368,1,,0x9d0308e1483fa935ba1efb6337d346a1e85ac8aef715a2992862fb0da3a884e5
2026-09-23T22-01-29-998Z_n-sweep_1-2-4-8-16-32-50,V2,,50,E-empate,,,vote,23,for,,0x56781388,,65368,1,,0xeafef44245998f93981d76aab8ef0c17b8e2692180df5be73e6c396f64a7af24
2026-09-23T22-01-29-998Z_n-sweep_1-2-4-8-16-32-50,V2,,50,E-empate,,,vote,24,for,,0x56781388,,65368,1,,0xd64aadb4cdf7d4428773352c4a4ed6c8efd3e9afe519e116d79cbd030a269915
2026-09-23T22-01-29-998Z_n-sweep_1-2-4-8-16-32-50,V2,,50,E-empate,,,vote,25,for,,0x56781388,,65368,1,,0xaf040029343d5837f979ef8e50c965eb3e6552c3d7ef4b60d0c9854544a4fbc1
2026-09-23T22-01-29-998Z_n-sweep_1-2-4-8-16-32-50,V2,,50,E-empate,,,vote,1,against,,0x56781388,,82416,1,,0x0bf1e783aebea32e7373a5b8de1192224722deb0976cec4ece58880066ec41c0
2026-09-23T22-01-29-998Z_n-sweep_1-2-4-8-16-32-50,V2,,50,E-empate,,,vote,2,against,,0x56781388,,65316,1,,0x968648eeede5c6a376036be3c875ac87234b58a569a542e3c9f119f2ce0ad85c
2026-09-23T22-01-29-998Z_n-sweep_1-2-4-8-16-32-50,V2,,50,E-empate,,,vote,3,against,,0x56781388,,65316,1,,0xf811f4c766368a22546c228b49fa7a9dcacf3759dd466be1ebde464c1ae2b0af
2026-09-23T22-01-29-998Z_n-sweep_1-2-4-8-16-32-50,V2,,50,E-empate,,,vote,4,against,,0x56781388,,65316,1,,0xeb80f6f5fbc836dc5128ae9703c07536dd30e0b1be052b6de3cc0a0e61fad314
2026-09-23T22-01-29-998Z_n-sweep_1-2-4-8-16-32-50,V2,,50,E-empate,,,vote,5,against,,0x56781388,,65316,1,,0x907bb01eade478e2f9b9de51b8bc99eba27e7450571f9dc193682a8a92611bd2
2026-09-23T22-01-29-998Z_n-sweep_1-2-4-8-16-32-50,V2,,50,E-empate,,,vote,6,against,,0x56781388,,65316,1,,0x7732e8f2982d08b26c12ce33b67405394f69b140be6d25f37a2786d601a1da55
2026-09-23T22-01-29-998Z_n-sweep_1-2-4-8-16-32-50,V2,,50,E-empate,,,vote,7,against,,0x56781388,,65316,1,,0x3b471214ccb5e0ea195fd53e406f2980ac1d28ed0df52321406584dde067add6
2026-09-23T22-01-29-998Z_n-sweep_1-2-4-8-16-32-50,V2,,50,E-empate,,,vote,8,against,,0x56781388,,65316,1,,0xc5027bb914753520def010def234c3dd4b11361c339bc3b011bd602ab5485e73
2026-09-23T22-01-29-998Z_n-sweep_1-2-4-8-16-32-50,V2,,50,E-empate,,,vote,9,against,,0x56781388,,65316,1,,0xf283a439e5f24931c48ff99bdae88b1e28271ef2ab89fd7d5f3448fa045e7a33
2026-09-23T22-01-29-998Z_n-sweep_1-2-4-8-16-32-50,V2,,50,E-empate,,,vote,10,against,,0x56781388,,65316,1,,0x0c0cd65ad2b2d9368edec1fe962025e5e1752a72592cd7640a7a296586149861
2026-09-23T22-01-29-998Z_n-sweep_1-2-4-8-16-32-50,V2,,50,E-empate,,,vote,11,against,,0x56781388,,65316,1,,0xb5ad425e2cb02616a96cbefa7cf4bbcb5f99a01c4ab7dc3f61c4526eb3e7b808
2026-09-23T22-01-29-998Z_n-sweep_1-2-4-8-16-32-50,V2,,50,E-empate,,,vote,12,against,,0x56781388,,65316,1,,0xf28860169817bcbdc172f89e5895c389a7d006e7812c95206cb179c86b3008b9
2026-09-23T22-01-29-998Z_n-sweep_1-2-4-8-16-32-50,V2,,50,E-empate,,,vote,13,against,,0x56781388,,65316,1,,0xd874f38b1ccf5cf72b309c8dddeb8659673e092c0359ad19701d00f02ecb57fe
2026-09-23T22-01-29-998Z_n-sweep_1-2-4-8-16-32-50,V2,,50,E-empate,,,vote,14,against,,0x56781388,,65316,1,,0x51be5d201272f565913302d3bd8012edf94ca4eae9377eedeefdcea5bdc9391d
2026-09-23T22-01-29-998Z_n-sweep_1-2-4-8-16-32-50,V2,,50,E-empate,,,vote,15,against,,0x56781388,,65316,1,,0x45a94018f38fded98fff2095da158b0329672b919b91b03f2127503292bf4e4e
2026-09-23T22-01-29-998Z_n-sweep_1-2-4-8-16-32-50,V2,,50,E-empate,,,vote,16,against,,0x56781388,,65316,1,,0x7db4fb3f2e0b72de7b5e1832e0be23812cea6d4ddd4eb9b1c1518fbc3ec7fdd7
2026-09-23T22-01-29-998Z_n-sweep_1-2-4-8-16-32-50,V2,,50,E-empate,,,vote,17,against,,0x56781388,,65316,1,,0xc609ed7aa8f69d834d13034f1428a00df720a12f77ad8b55d431406cb33ddf4e
2026-09-23T22-01-29-998Z_n-sweep_1-2-4-8-16-32-50,V2,,50,E-empate,,,vote,18,against,,0x56781388,,65316,1,,0xcf22a76e5a4ee26283278493a39d5c75dbc7950dddaddc51a70da713631d25ba
2026-09-23T22-01-29-998Z_n-sweep_1-2-4-8-16-32-50,V2,,50,E-empate,,,vote,19,against,,0x56781388,,65316,1,,0x68f6c775da5b4b2a74b99ba25ab576aedf286ff71bfef5698153a0f57027d92b
2026-09-23T22-01-29-998Z_n-sweep_1-2-4-8-16-32-50,V2,,50,E-empate,,,vote,20,against,,0x56781388,,65316,1,,0x9bff1508c3acf8a5398a0922e9f4f57ad131b042ef4d7be3165ac96faf287e0b
2026-09-23T22-01-29-998Z_n-sweep_1-2-4-8-16-32-50,V2,,50,E-empate,,,vote,21,against,,0x56781388,,65316,1,,0x86b9d4ba16d8a6e55179710e4c0d9211dec09f55c4b210e6e4fb1dff62d59442
2026-09-23T22-01-29-998Z_n-sweep_1-2-4-8-16-32-50,V2,,50,E-empate,,,vote,22,against,,0x56781388,,65316,1,,0x24d3ff175406d7dc435a6f6681dbcf5fda16d2d6a31897679c2009d647aa1c5a
2026-09-23T22-01-29-998Z_n-sweep_1-2-4-8-16-32-50,V2,,50,E-empate,,,vote,23,against,,0x56781388,,65316,1,,0x19f35d66bf782569df9e522668f71cd19dc1cc18a390adeeea7f2331a522ef34
2026-09-23T22-01-29-998Z_n-sweep_1-2-4-8-16-32-50,V2,,50,E-empate,,,vote,24,against,,0x56781388,,65316,1,,0xc2dbbb5c3f0db66902323274b6cd980be54a3cc315c7170cf036af428c70c9b1
2026-09-23T22-01-29-998Z_n-sweep_1-2-4-8-16-32-50,V2,,50,E-empate,,,vote,25,against,,0x56781388,,65316,1,,0xabd086b5af5491a94687486287350427793f8f7d30743d6f69d8ee61f41025c5
2026-09-23T22-01-29-998Z_n-sweep_1-2-4-8-16-32-50,V2,,50,E-empate,,,execute_attempt,,,execute,0x2656227d,WasteCategoryRegistry.updateCredits,40422,0,"VM Exception while processing transaction: reverted with custom error 'GovernorUnexpectedProposalState(71862350871117799759673747650489278489407368456024686349843165053826730129006, 3, '0x0000000000000000000000000000000000000000000000000000000000000030')'",0xaaf713a953bfe49b4522b35170720a75ec08e66985264c5d4b5a9d2b8bf6d9f8