execucao,variante,token,N,condicao,posicao,k,etapa,ordem,direcao,funcao,seletor,operacao_governada,gas,status,motivo_reversao,tx_hash,segmento_rede
2026-09-23T23-05-23-489Z_n-sweep_1-2-4-8-16-32-50,V0,T1,,,,,deploy_token_T1,,,constructor,0x61016060,,1621017,1,,0xece28f063ba256e8fc65152daf61fe745a7823e8ba387b1b661409f18f6dc4cc,1
2026-09-23T23-05-23-489Z_n-sweep_1-2-4-8-16-32-50,V0,,,,,,deploy_registry,,,constructor,0x60806040,,4590964,1,,0x9005486642112873086c0faf3a06ce7199e3377186a80eb6eea4235f5e1c6f56,1
2026-09-23T23-05-23-489Z_n-sweep_1-2-4-8-16-32-50,V0,,,,,,deploy_governor_V0,,,constructor,0x6101c080,,2133394,1,,0x8b33a795df9df0e5a3cb812430955580d1fb4f654a6028dd161238e13d560524,1
2026-09-23T23-05-23-489Z_n-sweep_1-2-4-8-16-32-50,V0,,,,,,grant_admin_role,,,grantRole,0x2f2ff15d,,50799,1,,0xb518a3911be32f0a59dcaec3e43c7ec54010f07f3e473d550516b1aab1a18d6b,1
2026-09-23T23-05-23-489Z_n-sweep_1-2-4-8-16-32-50,V0,,,,,,revoke_deployer_admin_role,,,revokeRole,0xd547741f,,27116,1,,0x8cb08b8b6ca45600b76a431b4cd18aee2095374e00c890903bfaa28d83b5f82b,1
2026-09-23T23-05-23-489Z_n-sweep_1-2-4-8-16-32-50,V0,,1,A-unanime,,,delegate_admin,,,,0x5c19a95c,,95559,1,,0xfa43c1f7a1a1658c8aeac58119b26e806face10fc63ae3e18099942309f4d395,1
2026-09-23T23-05-23-489Z_n-sweep_1-2-4-8-16-32-50,V0,,1,A-unanime,,,delegate,,,,0x5c19a95c,,48347,1,,0xf96ae171d39b1290c248e3ee88c92c43e24751ff4aacf46bad404cad29a33e37,1
2026-09-23T23-05-23-489Z_n-sweep_1-2-4-8-16-32-50,V0,,1,A-unanime,,,transfer,,,,0xa9059cbb,,135960,1,,0x9e6fed2bbae08fedc0b25afd1aa26081230acfb932526f38c7c696787f0dd831,1
2026-09-23T23-05-23-489Z_n-sweep_1-2-4-8-16-32-50,V0,,1,A-unanime,,,propose,,,propose,0x7d5e81e2,WasteCategoryRegistry.updateCredits,63339,1,,0x8890e039672b3ab4f13c6656e7ab9249b5fb9dc1a2825416d2e12ce2abce5929,1
2026-09-23T23-05-23-489Z_n-sweep_1-2-4-8-16-32-50,V0,,1,A-unanime,,,vote,1,for,,0x56781388,,81899,1,,0x0dce21c82a0c75e877efe12f3d35ab10d879b0fbf77820fe7ebca42c1ba3824a,1
2026-09-23T23-05-23-489Z_n-sweep_1-2-4-8-16-32-50,V0,,1,A-unanime,,,execute,,,execute,0x2656227d,WasteCategoryRegistry.updateCredits,60807,1,,0xeb2af5d100541150f9afe866aa4c92b5c57e70c3c3422a889a758d27bd6df051,1
2026-09-23T23-05-23-489Z_n-sweep_1-2-4-8-16-32-50,V1,T1,,,,,deploy_token_T1,,,constructor,0x61016060,,1621017,1,,0xece28f063ba256e8fc65152daf61fe745a7823e8ba387b1b661409f18f6dc4cc,2
2026-09-23T23-05-23-489Z_n-sweep_1-2-4-8-16-32-50,V1,,,,,,deploy_registry,,,constructor,0x60806040,,4590964,1,,0x9005486642112873086c0faf3a06ce7199e3377186a80eb6eea4235f5e1c6f56,2
2026-09-23T23-05-23-489Z_n-sweep_1-2-4-8-16-32-50,V1,,,,,,deploy_governor_V1,,,constructor,0x6101c080,,2141155,1,,0xcbf032b87647649d09648621f7d61fb312aee4174486ee6f404819243ac59ca9,2
2026-09-23T23-05-23-489Z_n-sweep_1-2-4-8-16-32-50,V1,,,,,,grant_admin_role,,,grantRole,0x2f2ff15d,,50799,1,,0xfdc9a3875129e16eb4a0e6527cfb2e5662449c13660398cf3b7c723db6d0e009,2
2026-09-23T23-05-23-489Z_n-sweep_1-2-4-8-16-32-50,V1,,,,,,revoke_deployer_admin_role,,,revokeRole,0xd547741f,,27116,1,,0xc189311656167d1c4c211ee1c4f5143a8df64ff72cb449ebf7ec77ff2fd0bcbb,2
2026-09-23T23-05-23-489Z_n-sweep_1-2-4-8-16-32-50,V1,,1,A-unanime,,,delegate_admin,,,,0x5c19a95c,,95559,1,,0xd4695df7ceba86e36d8d32ccf756640823a0c1b729cf20e3a0b632c08e38ee6a,2
2026-09-23T23-05-23-489Z_n-sweep_1-2-4-8-16-32-50,V1,,1,A-unanime,,,delegate,,,,0x5c19a95c,,48347,1,,0x81d5bf8e96fad9ce8b5230dc73abbeb313b25fcb2932728690f357e6b4e905b9,2
2026-09-23T23-05-23-489Z_n-sweep_1-2-4-8-16-32-50,V1,,1,A-unanime,,,transfer,,,,0xa9059cbb,,135960,1,,0xe01fb086ec8d5ccdd199466999a6a1511c14b8dfc1a2cec9d7a746f64c367c4d,2
2026-09-23T23-05-23-489Z_n-sweep_1-2-4-8-16-32-50,V1,,1,A-unanime,,,propose,,,propose,0x7d5e81e2,WasteCategoryRegistry.updateCredits,63339,1,,0x26d8efff168ae213820c4a7bd52cc0c28bd7e4124362a7b6caa2a1feae00640b,2
2026-09-23T23-05-23-489Z_n-sweep_1-2-4-8-16-32-50,V1,,1,A-unanime,,,vote,1,for,,0x56781388,,82468,1,,0x0e4e1b2bf4942232dc8d3605a26b46a12684f1edade517435bf068e9d7599bd4,2
2026-09-23T23-05-23-489Z_n-sweep_1-2-4-8-16-32-50,V1,,1,A-unanime,,,execute,,,execute,0x2656227d,WasteCategoryRegistry.updateCredits,60807,1,,0xac2fd524f1f53af304df9930e83577c0f47b44b46faf228abc98d771c51a7eb9,2
2026-09-23T23-05-23-489Z_n-sweep_1-2-4-8-16-32-50,V2,T1,,,,,deploy_token_T1,,,constructor,0x61016060,,1621017,1,,0xece28f063ba256e8fc65152daf61fe745a7823e8ba387b1b661409f18f6dc4cc,3
2026-09-23T23-05-23-489Z_n-sweep_1-2-4-8-16-32-50,V2,,,,,,deploy_registry,,,constructor,0x60806040,,4590964,1,,0x9005486642112873086c0faf3a06ce7199e3377186a80eb6eea4235f5e1c6f56,3
2026-09-23T23-05-23-489Z_n-sweep_1-2-4-8-16-32-50,V2,,,,,,deploy_governor_V2,,,constructor,0x6101e080,,2178840,1,,0xa32c9f3d540c0ae9eee563ea02a53e3c1648afde51e09209202bc2912d9a8532,3
2026-09-23T23-05-23-489Z_n-sweep_1-2-4-8-16-32-50,V2,,,,,,grant_admin_role,,,grantRole,0x2f2ff15d,,50799,1,,0x0482dd737ad13e5cf9f342f77b7f4c8d4a60575e6613b501a7a433855227e65d,3
2026-09-23T23-05-23-489Z_n-sweep_1-2-4-8-16-32-50,V2,,,,,,revoke_deployer_admin_role,,,revokeRole,0xd547741f,,27116,1,,0xbf6c6756b6e885a31717a4b56f3c4fc35da4780ca84e075711ea97189f58ea3d,3
2026-09-23T23-05-23-489Z_n-sweep_1-2-4-8-16-32-50,V2,,1,A-unanime,,,delegate_admin,,,,0x5c19a95c,,95559,1,,0xe4ed125ff7fcf34a784094393e69d7b32184f90f45a88cf0e398ac5fe2329d50,3
2026-09-23T23-05-23-489Z_n-sweep_1-2-4-8-16-32-50,V2,,1,A-unanime,,,delegate,,,,0x5c19a95c,,48347,1,,0x8e5cf2e817455991c3f88244f29b95e3c5703efb253d16587c3e019ace8ed4aa,3
2026-09-23T23-05-23-489Z_n-sweep_1-2-4-8-16-32-50,V2,,1,A-unanime,,,transfer,,,,0xa9059cbb,,135960,1,,0xe10ecb97b42138babe52528965ac198018a24ad44870bac43f92d1b923260048,3
2026-09-23T23-05-23-489Z_n-sweep_1-2-4-8-16-32-50,V2,,1,A-unanime,,,propose,,,propose,0x7d5e81e2,WasteCategoryRegistry.updateCredits,63339,1,,0x852885264cc3f8efc20b71fc8aef2013332838229dcc1f144d7dd17063a7e400,3
2026-09-23T23-05-23-489Z_n-sweep_1-2-4-8-16-32-50,V2,,1,A-unanime,,,vote,1,for,,0x56781388,,82468,1,,0x417d798506f25506fe5bfc615dd764a2a22fb2a4bf1700bad4c45b75a74975b5,3
2026-09-23T23-05-23-489Z_n-sweep_1-2-4-8-16-32-50,V2,,1,A-unanime,,,execute,,,execute,0x2656227d,WasteCategoryRegistry.updateCredits,60847,1,,0x79dd7cd43b1f7dac66564f8ef4b0fa99fdac8cf30995ea65c9f7fa27b93fbc40,3
2026-09-23T23-05-23-489Z_n-sweep_1-2-4-8-16-32-50,Ref,T1,,,,,deploy_token_T1,,,constructor,0x61016060,,1621017,1,,0x8a423d158719dafa7ff4b82bcd6f6a5661f61c993e6aaede0acbe21a849af082,4
2026-09-23T23-05-23-489Z_n-sweep_1-2-4-8-16-32-50,Ref,,,,,,deploy_registry,,,constructor,0x60806040,,4590964,1,,0x9005486642112873086c0faf3a06ce7199e3377186a80eb6eea4235f5e1c6f56,4
2026-09-23T23-05-23-489Z_n-sweep_1-2-4-8-16-32-50,Ref,,,,,,deploy_rewards_registry_for_ctor,,,constructor,0x60806040,,4590964,1,,0x484f4210d177094deb4832deb5e459c708c732becb1881e1d1417503c177d84a,4
2026-09-23T23-05-23-489Z_n-sweep_1-2-4-8-16-32-50,Ref,,,,,,deploy_credit,,,constructor,0x60806040,,931954,1,,0xda6265176213799bfac2d03545eb38f6f6d6d978852db5e040dec6bdc95b6a46,4
2026-09-23T23-05-23-489Z_n-sweep_1-2-4-8-16-32-50,Ref,,,,,,deploy_passport,,,constructor,0x60806040,,2776581,1,,0xe5a36162780b85ac2b217350036da2286056186a02d74234dd0980865a07c217,4
2026-09-23T23-05-23-489Z_n-sweep_1-2-4-8-16-32-50,Ref,,,,,,deploy_rewards,,,constructor,0x60803461,,1246140,1,,0x748f3eef423a29001e508633e407c909b25f0e6a89b560856468f0ac6655c439,4
2026-09-23T23-05-23-489Z_n-sweep_1-2-4-8-16-32-50,Ref,,,,,,deploy_stakeholders,,,constructor,0x60803461,,1679823,1,,0xd4be2e468d589ae7e76ff2c292757707613e73c2a9e8f4c774280b5fd0991072,4
2026-09-23T23-05-23-489Z_n-sweep_1-2-4-8-16-32-50,Ref,,,,,,deploy_governor_Ref,,,constructor,0x61018060,,4434623,1,,0xd1b6a3d1f944bdfe5c399ebf7a1e6ed8a76e5b5acd93cdfc3d211571cbc50a6e,4
2026-09-23T23-05-23-489Z_n-sweep_1-2-4-8-16-32-50,Ref,,,,,,grant_admin_role,,,grantRole,0x2f2ff15d,,50799,1,,0x9477ec21ceecb8e71e570a8e5c711d060981c6dc53217d4071b2c7d012604374,4
2026-09-23T23-05-23-489Z_n-sweep_1-2-4-8-16-32-50,Ref,,,,,,revoke_deployer_admin_role,,,revokeRole,0xd547741f,,27116,1,,0x4571f6b2b82c72e95dbfd028346a3c95cee362f1cdc4e946338a9d1e56d58c09,4
2026-09-23T23-05-23-489Z_n-sweep_1-2-4-8-16-32-50,Ref,,1,A-unanime,,,delegate_admin,,,,0x5c19a95c,,95559,1,,0xfca7f8e34a7a367a38495092e6c6ae53f6f6bbc6c6cdd047fed83c770b76a8c9,4
2026-09-23T23-05-23-489Z_n-sweep_1-2-4-8-16-32-50,Ref,,1,A-unanime,,,delegate,,,,0x5c19a95c,,48347,1,,0x2f1db724527155bbb87015320f4de9a632dd20bb0d57eddcbd649b18207511a9,4
2026-09-23T23-05-23-489Z_n-sweep_1-2-4-8-16-32-50,Ref,,1,A-unanime,,,transfer,,,,0xa9059cbb,,135960,1,,0xf73818cab7bec22c2873568741ee5b205f7bcf739ff4a4e81e3c97b5f44fe6a7,4
2026-09-23T23-05-23-489Z_n-sweep_1-2-4-8-16-32-50,Ref,,1,A-unanime,,,propose,,,propose,0x7d5e81e2,WasteCategoryRegistry.updateCredits,76050,1,,0xe32d52749915e6480c144533936fe4b3d01a519b73aeadd23aef2fd11f38ed7d,4
2026-09-23T23-05-23-489Z_n-sweep_1-2-4-8-16-32-50,Ref,,1,A-unanime,,,vote,1,for,,0x56781388,,83098,1,,0x89f0a0e630ea42c24b3098918fad520d74a29a0fe6ca793d7aac75e11cf9d812,4
2026-09-23T23-05-23-489Z_n-sweep_1-2-4-8-16-32-50,Ref,,1,A-unanime,,,execute,,,execute,0x2656227d,WasteCategoryRegistry.updateCredits,72030,1,,0x4f26d7251ac305f8827fd1acb121658af5e50f7738d5f0ce6beb1d67fc2e934a,4
2026-09-23T23-05-23-489Z_n-sweep_1-2-4-8-16-32-50,V0,T1,,,,,deploy_token_T1,,,constructor,0x61016060,,1621017,1,,0xece28f063ba256e8fc65152daf61fe745a7823e8ba387b1b661409f18f6dc4cc,5
2026-09-23T23-05-23-489Z_n-sweep_1-2-4-8-16-32-50,V0,,,,,,deploy_registry,,,constructor,0x60806040,,4590964,1,,0x9005486642112873086c0faf3a06ce7199e3377186a80eb6eea4235f5e1c6f56,5
2026-09-23T23-05-23-489Z_n-sweep_1-2-4-8-16-32-50,V0,,,,,,deploy_governor_V0,,,constructor,0x6101c080,,2133394,1,,0x8b33a795df9df0e5a3cb812430955580d1fb4f654a6028dd161238e13d560524,5
2026-09-23T23-05-23-489Z_n-sweep_1-2-4-8-16-32-50,V0,,,,,,grant_admin_role,,,grantRole,0x2f2ff15d,,50799,1,,0xb518a3911be32f0a59dcaec3e43c7ec54010f07f3e473d550516b1aab1a18d6b,5
2026-09-23T23-05-23-489Z_n-sweep_1-2-4-8-16-32-50,V0,,,,,,revoke_deployer_admin_role,,,revokeRole,0xd547741f,,27116,1,,0x8cb08b8b6ca45600b76a431b4cd18aee2095374e00c890903bfaa28d83b5f82b,5
2026-09-23T23-05-23-489Z_n-sweep_1-2-4-8-16-32-50,V0,,2,A-unanime,,,delegate_admin,,,,0x5c19a95c,,95559,1,,0xfa43c1f7a1a1658c8aeac58119b26e806face10fc63ae3e18099942309f4d395,5
2026-09-23T23-05-23-489Z_n-sweep_1-2-4-8-16-32-50,V0,,2,A-unanime,,,delegate,,,,0x5c19a95c,,48347,1,,0xf96ae171d39b1290c248e3ee88c92c43e24751ff4aacf46bad404cad29a33e37,5
2026-09-23T23-05-23-489Z_n-sweep_1-2-4-8-16-32-50,V0,,2,A-unanime,,,delegate,,,,0x5c19a95c,,48335,1,,0x65ff74d2610d5c80f16dc62aa4e01b339a9ecd8c95911ae092d678a9792cdcb8,5
2026-09-23T23-05-23-489Z_n-sweep_1-2-4-8-16-32-50,V0,,2,A-unanime,,,transfer,,,,0xa9059cbb,,135960,1,,0xf847a7213af1a04e723ad73f3fdaf0da5bd64ecd26987bdf0ea0aa77aa20f35e,5
2026-09-23T23-05-23-489Z_n-sweep_1-2-4-8-16-32-50,V0,,2,A-unanime,,,transfer,,,,0xa9059cbb,,135948,1,,0xac8cd192b541d406443e43a6ce56ee41ec50390d7d994feb4d55b43dea0c3f85,5
2026-09-23T23-05-23-489Z_n-sweep_1-2-4-8-16-32-50,V0,,2,A-unanime,,,propose,,,propose,0x7d5e81e2,WasteCategoryRegistry.updateCredits,63339,1,,0x3c7dd0d40c050cad847ee3435d478224897da753804d23d63f113d3e9f38d2c0,5
2026-09-23T23-05-23-489Z_n-sweep_1-2-4-8-16-32-50,V0,,2,A-unanime,,,vote,1,for,,0x56781388,,81887,1,,0xe1e09ace13b30390ea27f6d6c95ac53ad4f44065bbf7f6b543913564673f2868,5
2026-09-23T23-05-23-489Z_n-sweep_1-2-4-8-16-32-50,V0,,2,A-unanime,,,vote,2,for,,0x56781388,,64787,1,,0x147d33a781c60174bbe2742234c632278d87c10cd2a9bfd2c59e26124100f1b6,5
2026-09-23T23-05-23-489Z_n-sweep_1-2-4-8-16-32-50,V0,,2,A-unanime,,,execute,,,execute,0x2656227d,WasteCategoryRegistry.updateCredits,60807,1,,0x8835482c1ad4cb06d17755a0cee679e8c13f28917f3a3ad855d559deb291d94b,5
2026-09-23T23-05-23-489Z_n-sweep_1-2-4-8-16-32-50,V1,T1,,,,,deploy_token_T1,,,constructor,0x61016060,,1621017,1,,0xece28f063ba256e8fc65152daf61fe745a7823e8ba387b1b661409f18f6dc4cc,6
2026-09-23T23-05-23-489Z_n-sweep_1-2-4-8-16-32-50,V1,,,,,,deploy_registry,,,constructor,0x60806040,,4590964,1,,0x9005486642112873086c0faf3a06ce7199e3377186a80eb6eea4235f5e1c6f56,6
2026-09-23T23-05-23-489Z_n-sweep_1-2-4-8-16-32-50,V1,,,,,,deploy_governor_V1,,,constructor,0x6101c080,,2141155,1,,0xcbf032b87647649d09648621f7d61fb312aee4174486ee6f404819243ac59ca9,6
2026-09-23T23-05-23-489Z_n-sweep_1-2-4-8-16-32-50,V1,,,,,,grant_admin_role,,,grantRole,0x2f2ff15d,,50799,1,,0xfdc9a3875129e16eb4a0e6527cfb2e5662449c13660398cf3b7c723db6d0e009,6
2026-09-23T23-05-23-489Z_n-sweep_1-2-4-8-16-32-50,V1,,,,,,revoke_deployer_admin_role,,,revokeRole,0xd547741f,,27116,1,,0xc189311656167d1c4c211ee1c4f5143a8df64ff72cb449ebf7ec77ff2fd0bcbb,6
2026-09-23T23-05-23-489Z_n-sweep_1-2-4-8-16-32-50,V1,,2,A-unanime,,,delegate_admin,,,,0x5c19a95c,,95559,1,,0xd4695df7ceba86e36d8d32ccf756640823a0c1b729cf20e3a0b632c08e38ee6a,6
2026-09-23T23-05-23-489Z_n-sweep_1-2-4-8-16-32-50,V1,,2,A-unanime,,,delegate,,,,0x5c19a95c,,48347,1,,0x81d5bf8e96fad9ce8b5230dc73abbeb313b25fcb2932728690f357e6b4e905b9,6
2026-09-23T23-05-23-489Z_n-sweep_1-2-4-8-16-32-50,V1,,2,A-unanime,,,delegate,,,,0x5c19a95c,,48335,1,,0x92147b8c796bc2b0f21acc979799bbf4c5b5033d9d67806a8ad6842fe03d41df,6
2026-09-23T23-05-23-489Z_n-sweep_1-2-4-8-16-32-50,V1,,2,A-unanime,,,transfer,,,,0xa9059cbb,,135960,1,,0xe403f7f9cc5aa4c502792c774c8dbae560dbcdaf88be004f58b010f83bccb8a9,6
2026-09-23T23-05-23-489Z_n-sweep_1-2-4-8-16-32-50,V1,,2,A-unanime,,,transfer,,,,0xa9059cbb,,135948,1,,0xb8110c5d36b070119993f831c8ccdb0f14bdde9dd858237d5a8b73d1e82b4c97,6
2026-09-23T23-05-23-489Z_n-sweep_1-2-4-8-16-32-50,V1,,2,A-unanime,,,propose,,,propose,0x7d5e81e2,WasteCategoryRegistry.updateCredits,63339,1,,0x54424c19c048261d1d7f119e295e45f6473e158cb2be19f2704fd79877a53671,6
2026-09-23T23-05-23-489Z_n-sweep_1-2-4-8-16-32-50,V1,,2,A-unanime,,,vote,1,for,,0x56781388,,82456,1,,0xa42185a0bfc272f7ee44f02069cda32f5e274ff5623848e1ff1100f0bd73910b,6
2026-09-23T23-05-23-489Z_n-sweep_1-2-4-8-16-32-50,V1,,2,A-unanime,,,vote,2,for,,0x56781388,,65356,1,,0x2a8a1028beaf91792f9b81ea604f59f3bf6773ccdd0a0fea627660c554484ce9,6
2026-09-23T23-05-23-489Z_n-sweep_1-2-4-8-16-32-50,V1,,2,A-unanime,,,execute,,,execute,0x2656227d,WasteCategoryRegistry.updateCredits,60807,1,,0x1c7510f9aab1b7abdfdd9aeccb13304bdd974ac59fdf4dad955214982f0021ed,6
2026-09-23T23-05-23-489Z_n-sweep_1-2-4-8-16-32-50,V2,T1,,,,,deploy_token_T1,,,constructor,0x61016060,,1621017,1,,0xece28f063ba256e8fc65152daf61fe745a7823e8ba387b1b661409f18f6dc4cc,7
2026-09-23T23-05-23-489Z_n-sweep_1-2-4-8-16-32-50,V2,,,,,,deploy_registry,,,constructor,0x60806040,,4590964,1,,0x9005486642112873086c0faf3a06ce7199e3377186a80eb6eea4235f5e1c6f56,7
2026-09-23T23-05-23-489Z_n-sweep_1-2-4-8-16-32-50,V2,,,,,,deploy_governor_V2,,,constructor,0x6101e080,,2178840,1,,0xa32c9f3d540c0ae9eee563ea02a53e3c1648afde51e09209202bc2912d9a8532,7
2026-09-23T23-05-23-489Z_n-sweep_1-2-4-8-16-32-50,V2,,,,,,grant_admin_role,,,grantRole,0x2f2ff15d,,50799,1,,0x0482dd737ad13e5cf9f342f77b7f4c8d4a60575e6613b501a7a433855227e65d,7
2026-09-23T23-05-23-489Z_n-sweep_1-2-4-8-16-32-50,V2,,,,,,revoke_deployer_admin_role,,,revokeRole,0xd547741f,,27116,1,,0xbf6c6756b6e885a31717a4b56f3c4fc35da4780ca84e075711ea97189f58ea3d,7
2026-09-23T23-05-23-489Z_n-sweep_1-2-4-8-16-32-50,V2,,2,A-unanime,,,delegate_admin,,,,0x5c19a95c,,95559,1,,0xe4ed125ff7fcf34a784094393e69d7b32184f90f45a88cf0e398ac5fe2329d50,7
2026-09-23T23-05-23-489Z_n-sweep_1-2-4-8-16-32-50,V2,,2,A-unanime,,,delegate,,,,0x5c19a95c,,48347,1,,0x8e5cf2e817455991c3f88244f29b95e3c5703efb253d16587c3e019ace8ed4aa,7
2026-09-23T23-05-23-489Z_n-sweep_1-2-4-8-16-32-50,V2,,2,A-unanime,,,delegate,,,,0x5c19a95c,,48335,1,,0x3a4d0b938991cc6665fddf48aab742d27a2480134e4cb1cf5b844b9724575405,7
2026-09-23T23-05-23-489Z_n-sweep_1-2-4-8-16-32-50,V2,,2,A-unanime,,,transfer,,,,0xa9059cbb,,135960,1,,0xe11bc16aa9d6990c6ae97c6b825ac87fa60e13a7a537212b1c4a998166459033,7
2026-09-23T23-05-23-489Z_n-sweep_1-2-4-8-16-32-50,V2,,2,A-unanime,,,transfer,,,,0xa9059cbb,,135948,1,,0x42ed2b421a7fefa2660d994e7e952e4db3e1272b712109ce2d4c6ccf6cea266d,7
2026-09-23T23-05-23-489Z_n-sweep_1-2-4-8-16-32-50,V2,,2,A-unanime,,,propose,,,propose,0x7d5e81e2,WasteCategoryRegistry.updateCredits,63339,1,,0xe315ad9168fe6019eaaaea7cf47cee01623c13ee01f835992fe5d555c4a74b99,7
2026-09-23T23-05-23-489Z_n-sweep_1-2-4-8-16-32-50,V2,,2,A-unanime,,,vote,1,for,,0x56781388,,82456,1,,0xcbe626e5cfe69d7ee22a7593b3ea576d1c12d1464c57745dadb66a5522886248,7
2026-09-23T23-05-23-489Z_n-sweep_1-2-4-8-16-32-50,V2,,2,A-unanime,,,vote,2,for,,0x56781388,,65356,1,,0x088d3ca045f2656f6dba42cd9136507252072b0310961021be73f30ef43dc794,7
2026-09-23T23-05-23-489Z_n-sweep_1-2-4-8-16-32-50,V2,,2,A-unanime,,,execute,,,execute,0x2656227d,WasteCategoryRegistry.updateCredits,60847,1,,0x62dedf9702824f845dc27a4ad2d5842c20e17d55cdf3331420a1fa99342aadc4,7
2026-09-23T23-05-23-489Z_n-sweep_1-2-4-8-16-32-50,Ref,T1,,,,,deploy_token_T1,,,constructor,0x61016060,,1621017,1,,0x8a423d158719dafa7ff4b82bcd6f6a5661f61c993e6aaede0acbe21a849af082,8
2026-09-23T23-05-23-489Z_n-sweep_1-2-4-8-16-32-50,Ref,,,,,,deploy_registry,,,constructor,0x60806040,,4590964,1,,0x9005486642112873086c0faf3a06ce7199e3377186a80eb6eea4235f5e1c6f56,8
2026-09-23T23-05-23-489Z_n-sweep_1-2-4-8-16-32-50,Ref,,,,,,deploy_rewards_registry_for_ctor,,,constructor,0x60806040,,4590964,1,,0x484f4210d177094deb4832deb5e459c708c732becb1881e1d1417503c177d84a,8
2026-09-23T23-05-23-489Z_n-sweep_1-2-4-8-16-32-50,Ref,,,,,,deploy_credit,,,constructor,0x60806040,,931954,1,,0xda6265176213799bfac2d03545eb38f6f6d6d978852db5e040dec6bdc95b6a46,8
2026-09-23T23-05-23-489Z_n-sweep_1-2-4-8-16-32-50,Ref,,,,,,deploy_passport,,,constructor,0x60806040,,2776581,1,,0xe5a36162780b85ac2b217350036da2286056186a02d74234dd0980865a07c217,8
2026-09-23T23-05-23-489Z_n-sweep_1-2-4-8-16-32-50,Ref,,,,,,deploy_rewards,,,constructor,0x60803461,,1246140,1,,0x748f3eef423a29001e508633e407c909b25f0e6a89b560856468f0ac6655c439,8
2026-09-23T23-05-23-489Z_n-sweep_1-2-4-8-16-32-50,Ref,,,,,,deploy_stakeholders,,,constructor,0x60803461,,1679823,1,,0xd4be2e468d589ae7e76ff2c292757707613e73c2a9e8f4c774280b5fd0991072,8
2026-09-23T23-05-23-489Z_n-sweep_1-2-4-8-16-32-50,Ref,,,,,,deploy_governor_Ref,,,constructor,0x61018060,,4434623,1,,0xd1b6a3d1f944bdfe5c399ebf7a1e6ed8a76e5b5acd93cdfc3d211571cbc50a6e,8
2026-09-23T23-05-23-489Z_n-sweep_1-2-4-8-16-32-50,Ref,,,,,,grant_admin_role,,,grantRole,0x2f2ff15d,,50799,1,,0x9477ec21ceecb8e71e570a8e5c711d060981c6dc53217d4071b2c7d012604374,8
2026-09-23T23-05-23-489Z_n-sweep_1-2-4-8-16-32-50,Ref,,,,,,revoke_deployer_admin_role,,,revokeRole,0xd547741f,,27116,1,,0x4571f6b2b82c72e95dbfd028346a3c95cee362f1cdc4e946338a9d1e56d58c09,8
2026-09-23T23-05-23-489Z_n-sweep_1-2-4-8-16-32-50,Ref,,2,A-unanime,,,delegate_admin,,,,0x5c19a95c,,95559,1,,0xfca7f8e34a7a367a38495092e6c6ae53f6f6bbc6c6cdd047fed83c770b76a8c9,8
2026-09-23T23-05-23-489Z_n-sweep_1-2-4-8-16-32-50,Ref,,2,A-unanime,,,delegate,,,,0x5c19a95c,,48347,1,,0x2f1db724527155bbb87015320f4de9a632dd20bb0d57eddcbd649b18207511a9,8
2026-09-23T23-05-23-489Z_n-sweep_1-2-4-8-16-32-50,Ref,,2,A-unanime,,,delegate,,,,0x5c19a95c,,48335,1,,0x8b0e52e67c302dbb4252eb6f968ee138c191eb8205be72d37b64b0c5ee99cc0e,8
2026-09-23T23-05-23-489Z_n-sweep_1-2-4-8-16-32-50,Ref,,2,A-unanime,,,transfer,,,,0xa9059cbb,,135960,1,,0x04ee73aa896deb6824f3417194f0276b8498b0ea30ea6be96c24be1e0b9df7ab,8
2026-09-23T23-05-23-489Z_n-sweep_1-2-4-8-16-32-50,Ref,,2,A-unanime,,,transfer,,,,0xa9059cbb,,135948,1,,0xd24b17cc9c0746ceb5a448346503005fbd3507bc931aff1f7b4a46e84a9ab463,8
2026-09-23T23-05-23-489Z_n-sweep_1-2-4-8-16-32-50,Ref,,2,A-unanime,,,propose,,,propose,0x7d5e81e2,WasteCategoryRegistry.updateCredits,78400,1,,0x0d3f4f1510de0b2fff6fb665a316f280159579762a45117314506f660553d549,8
2026-09-23T23-05-23-489Z_n-sweep_1-2-4-8-16-32-50,Ref,,2,A-unanime,,,vote,1,for,,0x56781388,,83086,1,,0x4d746f9f559a9ec323f2ee2febb210c552394a134504fc8914e3fee17cdcb58c,8
2026-09-23T23-05-23-489Z_n-sweep_1-2-4-8-16-32-50,Ref,,2,A-unanime,,,vote,2,for,,0x56781388,,65986,1,,0x9bc18d1a53582efedf83749bc1bc2c30063a1cd3ae7dad7b72e0932d53db6d13,8
2026-09-23T23-05-23-489Z_n-sweep_1-2-4-8-16-32-50,Ref,,2,A-unanime,,,execute,,,execute,0x2656227d,WasteCategoryRegistry.updateCredits,72030,1,,0x5c478724c96c8071672fdc6137566d65d5e5986e0ee6bc387045669fc24c68d0,8
2026-09-23T23-05-23-489Z_n-sweep_1-2-4-8-16-32-50,V0,T1,,,,,deploy_token_T1,,,constructor,0x61016060,,1621017,1,,0xece28f063ba256e8fc65152daf61fe745a7823e8ba387b1b661409f18f6dc4cc,9
2026-09-23T23-05-23-489Z_n-sweep_1-2-4-8-16-32-50,V0,,,,,,deploy_registry,,,constructor,0x60806040,,4590964,1,,0x9005486642112873086c0faf3a06ce7199e3377186a80eb6eea4235f5e1c6f56,9
2026-09-23T23-05-23-489Z_n-sweep_1-2-4-8-16-32-50,V0,,,,,,deploy_governor_V0,,,constructor,0x6101c080,,2133394,1,,0x8b33a795df9df0e5a3cb812430955580d1fb4f654a6028dd161238e13d560524,9
2026-09-23T23-05-23-489Z_n-sweep_1-2-4-8-16-32-50,V0,,,,,,grant_admin_role,,,grantRole,0x2f2ff15d,,50799,1,,0xb518a3911be32f0a59dcaec3e43c7ec54010f07f3e473d550516b1aab1a18d6b,9
2026-09-23T23-05-23-489Z_n-sweep_1-2-4-8-16-32-50,V0,,,,,,revoke_deployer_admin_role,,,revokeRole,0xd547741f,,27116,1,,0x8cb08b8b6ca45600b76a431b4cd18aee2095374e00c890903bfaa28d83b5f82b,9
2026-09-23T23-05-23-489Z_n-sweep_1-2-4-8-16-32-50,V0,,2,E-empate,,,delegate_admin,,,,0x5c19a95c,,95559,1,,0xfa43c1f7a1a1658c8aeac58119b26e806face10fc63ae3e18099942309f4d395,9
2026-09-23T23-05-23-489Z_n-sweep_1-2-4-8-16-32-50,V0,,2,E-empate,,,delegate,,,,0x5c19a95c,,48347,1,,0xf96ae171d39b1290c248e3ee88c92c43e24751ff4aacf46bad404cad29a33e37,9
2026-09-23T23-05-23-489Z_n-sweep_1-2-4-8-16-32-50,V0,,2,E-empate,,,delegate,,,,0x5c19a95c,,48335,1,,0x65ff74d2610d5c80f16dc62aa4e01b339a9ecd8c95911ae092d678a9792cdcb8,9
2026-09-23T23-05-23-489Z_n-sweep_1-2-4-8-16-32-50,V0,,2,E-empate,,,transfer,,,,0xa9059cbb,,135960,1,,0xf847a7213af1a04e723ad73f3fdaf0da5bd64ecd26987bdf0ea0aa77aa20f35e,9
2026-09-23T23-05-23-489Z_n-sweep_1-2-4-8-16-32-50,V0,,2,E-empate,,,transfer,,,,0xa9059cbb,,135948,1,,0xac8cd192b541d406443e43a6ce56ee41ec50390d7d994feb4d55b43dea0c3f85,9
2026-09-23T23-05-23-489Z_n-sweep_1-2-4-8-16-32-50,V0,,2,E-empate,,,propose,,,propose,0x7d5e81e2,WasteCategoryRegistry.updateCredits,63327,1,,0x093170b37b29b2f920ab5fec15a06e9e381bf2dc80b193d3d23af76f9443adef,9
2026-09-23T23-05-23-489Z_n-sweep_1-2-4-8-16-32-50,V0,,2,E-empate,,,vote,1,for,,0x56781388,,81899,1,,0x2d644b238f441103fca9404bdbcbc66d46d12302a5c9bfd8ad647796e65a3d2c,9
2026-09-23T23-05-23-489Z_n-sweep_1-2-4-8-16-32-50,V0,,2,E-empate,,,vote,1,against,,0x56781388,,81847,1,,0x440a2248302634c02cced4024d40fd303930d7da08a59503ccbf53b4176606d7,9
2026-09-23T23-05-23-489Z_n-sweep_1-2-4-8-16-32-50,V0,,2,E-empate,,,execute_attempt,,,execute,0x2656227d,WasteCategoryRegistry.updateCredits,40382,0,"VM Exception while processing transaction: reverted with custom error 'GovernorUnexpectedProposalState(84851088064064395966897518836803312328040743332634153170128964135689586813199, 3, '0x0000000000000000000000000000000000000000000000000000000000000030')'",0x8bf7efb38a258ee4cf2b8d60d297ac5e680199d9ea911d06f176451c0e1207fe,9
2026-09-23T23-05-23-489Z_n-sweep_1-2-4-8-16-32-50,V1,T1,,,,,deploy_token_T1,,,constructor,0x61016060,,1621017,1,,0xece28f063ba256e8fc65152daf61fe745a7823e8ba387b1b661409f18f6dc4cc,10
2026-09-23T23-05-23-489Z_n-sweep_1-2-4-8-16-32-50,V1,,,,,,deploy_registry,,,constructor,0x60806040,,4590964,1,,0x9005486642112873086c0faf3a06ce7199e3377186a80eb6eea4235f5e1c6f56,10
2026-09-23T23-05-23-489Z_n-sweep_1-2-4-8-16-32-50,V1,,,,,,deploy_governor_V1,,,constructor,0x6101c080,,2141155,1,,0xcbf032b87647649d09648621f7d61fb312aee4174486ee6f404819243ac59ca9,10
2026-09-23T23-05-23-489Z_n-sweep_1-2-4-8-16-32-50,V1,,,,,,grant_admin_role,,,grantRole,0x2f2ff15d,,50799,1,,0xfdc9a3875129e16eb4a0e6527cfb2e5662449c13660398cf3b7c723db6d0e009,10
2026-09-23T23-05-23-489Z_n-sweep_1-2-4-8-16-32-50,V1,,,,,,revoke_deployer_admin_role,,,revokeRole,0xd547741f,,27116,1,,0xc189311656167d1c4c211ee1c4f5143a8df64ff72cb449ebf7ec77ff2fd0bcbb,10
2026-09-23T23-05-23-489Z_n-sweep_1-2-4-8-16-32-50,V1,,2,E-empate,,,delegate_admin,,,,0x5c19a95c,,95559,1,,0xd4695df7ceba86e36d8d32ccf756640823a0c1b729cf20e3a0b632c08e38ee6a,10
2026-09-23T23-05-23-489Z_n-sweep_1-2-4-8-16-32-50,V1,,2,E-empate,,,delegate,,,,0x5c19a95c,,48347,1,,0x81d5bf8e96fad9ce8b5230dc73abbeb313b25fcb2932728690f357e6b4e905b9,10
2026-09-23T23-05-23-489Z_n-sweep_1-2-4-8-16-32-50,V1,,2,E-empate,,,delegate,,,,0x5c19a95c,,48335,1,,0x92147b8c796bc2b0f21acc979799bbf4c5b5033d9d67806a8ad6842fe03d41df,10
2026-09-23T23-05-23-489Z_n-sweep_1-2-4-8-16-32-50,V1,,2,E-empate,,,transfer,,,,0xa9059cbb,,135960,1,,0xe403f7f9cc5aa4c502792c774c8dbae560dbcdaf88be004f58b010f83bccb8a9,10
2026-09-23T23-05-23-489Z_n-sweep_1-2-4-8-16-32-50,V1,,2,E-empate,,,transfer,,,,0xa9059cbb,,135948,1,,0xb8110c5d36b070119993f831c8ccdb0f14bdde9dd858237d5a8b73d1e82b4c97,10
2026-09-23T23-05-23-489Z_n-sweep_1-2-4-8-16-32-50,V1,,2,E-empate,,,propose,,,propose,0x7d5e81e2,WasteCategoryRegistry.updateCredits,63327,1,,0x174349f6b835e921c813d64b25d863ed4e6d9f3b2db0fe1636ab0d1d9c0b67cb,10
2026-09-23T23-05-23-489Z_n-sweep_1-2-4-8-16-32-50,V1,,2,E-empate,,,vote,1,for,,0x56781388,,82468,1,,0xfa375a38e1339d6aedda629c247024fb1400360434f69af733d3d587e95ff655,10
2026-09-23T23-05-23-489Z_n-sweep_1-2-4-8-16-32-50,V1,,2,E-empate,,,vote,1,against,,0x56781388,,82416,1,,0xef9011e04d8d964fd05f8e6322911b32c92699fc21dd892ccbb287b7b4d7b8b2,10
2026-09-23T23-05-23-489Z_n-sweep_1-2-4-8-16-32-50,V1,,2,E-empate,,,execute_attempt,,,execute,0x2656227d,WasteCategoryRegistry.updateCredits,40382,0,"VM Exception while processing transaction: reverted with custom error 'GovernorUnexpectedProposalState(84851088064064395966897518836803312328040743332634153170128964135689586813199, 3, '0x0000000000000000000000000000000000000000000000000000000000000030')'",0x7dd958b49723829191be559b7261c152d8976085e8f83ea1d641fc9d042d6a37,10
2026-09-23T23-05-23-489Z_n-sweep_1-2-4-8-16-32-50,V2,T1,,,,,deploy_token_T1,,,constructor,0x61016060,,1621017,1,,0xece28f063ba256e8fc65152daf61fe745a7823e8ba387b1b661409f18f6dc4cc,11
2026-09-23T23-05-23-489Z_n-sweep_1-2-4-8-16-32-50,V2,,,,,,deploy_registry,,,constructor,0x60806040,,4590964,1,,0x9005486642112873086c0faf3a06ce7199e3377186a80eb6eea4235f5e1c6f56,11
2026-09-23T23-05-23-489Z_n-sweep_1-2-4-8-16-32-50,V2,,,,,,deploy_governor_V2,,,constructor,0x6101e080,,2178840,1,,0xa32c9f3d540c0ae9eee563ea02a53e3c1648afde51e09209202bc2912d9a8532,11
2026-09-23T23-05-23-489Z_n-sweep_1-2-4-8-16-32-50,V2,,,,,,grant_admin_role,,,grantRole,0x2f2ff15d,,50799,1,,0x0482dd737ad13e5cf9f342f77b7f4c8d4a60575e6613b501a7a433855227e65d,11
2026-09-23T23-05-23-489Z_n-sweep_1-2-4-8-16-32-50,V2,,,,,,revoke_deployer_admin_role,,,revokeRole,0xd547741f,,27116,1,,0xbf6c6756b6e885a31717a4b56f3c4fc35da4780ca84e075711ea97189f58ea3d,11
2026-09-23T23-05-23-489Z_n-sweep_1-2-4-8-16-32-50,V2,,2,E-empate,,,delegate_admin,,,,0x5c19a95c,,95559,1,,0xe4ed125ff7fcf34a784094393e69d7b32184f90f45a88cf0e398ac5fe2329d50,11
2026-09-23T23-05-23-489Z_n-sweep_1-2-4-8-16-32-50,V2,,2,E-empate,,,delegate,,,,0x5c19a95c,,48347,1,,0x8e5cf2e817455991c3f88244f29b95e3c5703efb253d16587c3e019ace8ed4aa,11
2026-09-23T23-05-23-489Z_n-sweep_1-2-4-8-16-32-50,V2,,2,E-empate,,,delegate,,,,0x5c19a95c,,48335,1,,0x3a4d0b938991cc6665fddf48aab742d27a2480134e4cb1cf5b844b9724575405,11
2026-09-23T23-05-23-489Z_n-sweep_1-2-4-8-16-32-50,V2,,2,E-empate,,,transfer,,,,0xa9059cbb,,135960,1,,0xe11bc16aa9d6990c6ae97c6b825ac87fa60e13a7a537212b1c4a998166459033,11
2026-09-23T23-05-23-489Z_n-sweep_1-2-4-8-16-32-50,V2,,2,E-empate,,,transfer,,,,0xa9059cbb,,135948,1,,0x42ed2b421a7fefa2660d994e7e952e4db3e1272b712109ce2d4c6ccf6cea266d,11
2026-09-23T23-05-23-489Z_n-sweep_1-2-4-8-16-32-50,V2,,2,E-empate,,,propose,,,propose,0x7d5e81e2,WasteCategoryRegistry.updateCredits,63327,1,,0x603264814b5118dc687b9d08b1cf3dd9f8cf5e15e1af3c6a0c0dbbbec618e3e7,11
2026-09-23T23-05-23-489Z_n-sweep_1-2-4-8-16-32-50,V2,,2,E-empate,,,vote,1,for,,0x56781388,,82468,1,,0x7dc781e662d8446e4b1805aeb9296ff8f8119390876898088e38f421d1a392a8,11
2026-09-23T23-05-23-489Z_n-sweep_1-2-4-8-16-32-50,V2,,2,E-empate,,,vote,1,against,,0x56781388,,82416,1,,0x03b4e8a424c9f36bae372329b3ee90f3c1c5e8c66bfa0c90dce99a9d35298a18,11
2026-09-23T23-05-23-489Z_n-sweep_1-2-4-8-16-32-50,V2,,2,E-empate,,,execute_attempt,,,execute,0x2656227d,WasteCategoryRegistry.updateCredits,40422,0,"VM Exception while processing transaction: reverted with custom error 'GovernorUnexpectedProposalState(84851088064064395966897518836803312328040743332634153170128964135689586813199, 3, '0x0000000000000000000000000000000000000000000000000000000000000030')'",0x96b20f09538b8289337c3c88e618c4a15ea89230181e38268635bd89c4a6114f,11
2026-09-23T23-05-23-489Z_n-sweep_1-2-4-8-16-32-50,Ref,T1,,,,,deploy_token_T1,,,constructor,0x61016060,,1621017,1,,0x8a423d158719dafa7ff4b82bcd6f6a5661f61c993e6aaede0acbe21a849af082,12
2026-09-23T23-05-23-489Z_n-sweep_1-2-4-8-16-32-50,Ref,,,,,,deploy_registry,,,constructor,0x60806040,,4590964,1,,0x9005486642112873086c0faf3a06ce7199e3377186a80eb6eea4235f5e1c6f56,12
2026-09-23T23-05-23-489Z_n-sweep_1-2-4-8-16-32-50,Ref,,,,,,deploy_rewards_registry_for_ctor,,,constructor,0x60806040,,4590964,1,,0x484f4210d177094deb4832deb5e459c708c732becb1881e1d1417503c177d84a,12
2026-09-23T23-05-23-489Z_n-sweep_1-2-4-8-16-32-50,Ref,,,,,,deploy_credit,,,constructor,0x60806040,,931954,1,,0xda6265176213799bfac2d03545eb38f6f6d6d978852db5e040dec6bdc95b6a46,12
2026-09-23T23-05-23-489Z_n-sweep_1-2-4-8-16-32-50,Ref,,,,,,deploy_passport,,,constructor,0x60806040,,2776581,1,,0xe5a36162780b85ac2b217350036da2286056186a02d74234dd0980865a07c217,12
2026-09-23T23-05-23-489Z_n-sweep_1-2-4-8-16-32-50,Ref,,,,,,deploy_rewards,,,constructor,0x60803461,,1246140,1,,0x748f3eef423a29001e508633e407c909b25f0e6a89b560856468f0ac6655c439,12
2026-09-23T23-05-23-489Z_n-sweep_1-2-4-8-16-32-50,Ref,,,,,,deploy_stakeholders,,,constructor,0x60803461,,1679823,1,,0xd4be2e468d589ae7e76ff2c292757707613e73c2a9e8f4c774280b5fd0991072,12
2026-09-23T23-05-23-489Z_n-sweep_1-2-4-8-16-32-50,Ref,,,,,,deploy_governor_Ref,,,constructor,0x61018060,,4434623,1,,0xd1b6a3d1f944bdfe5c399ebf7a1e6ed8a76e5b5acd93cdfc3d211571cbc50a6e,12
2026-09-23T23-05-23-489Z_n-sweep_1-2-4-8-16-32-50,Ref,,,,,,grant_admin_role,,,grantRole,0x2f2ff15d,,50799,1,,0x9477ec21ceecb8e71e570a8e5c711d060981c6dc53217d4071b2c7d012604374,12
2026-09-23T23-05-23-489Z_n-sweep_1-2-4-8-16-32-50,Ref,,,,,,revoke_deployer_admin_role,,,revokeRole,0xd547741f,,27116,1,,0x4571f6b2b82c72e95dbfd028346a3c95cee362f1cdc4e946338a9d1e56d58c09,12
2026-09-23T23-05-23-489Z_n-sweep_1-2-4-8-16-32-50,Ref,,2,E-empate,,,delegate_admin,,,,0x5c19a95c,,95559,1,,0xfca7f8e34a7a367a38495092e6c6ae53f6f6bbc6c6cdd047fed83c770b76a8c9,12
2026-09-23T23-05-23-489Z_n-sweep_1-2-4-8-16-32-50,Ref,,2,E-empate,,,delegate,,,,0x5c19a95c,,48347,1,,0x2f1db724527155bbb87015320f4de9a632dd20bb0d57eddcbd649b18207511a9,12
2026-09-23T23-05-23-489Z_n-sweep_1-2-4-8-16-32-50,Ref,,2,E-empate,,,delegate,,,,0x5c19a95c,,48335,1,,0x8b0e52e67c302dbb4252eb6f968ee138c191eb8205be72d37b64b0c5ee99cc0e,12
2026-09-23T23-05-23-489Z_n-sweep_1-2-4-8-16-32-50,Ref,,2,E-empate,,,transfer,,,,0xa9059cbb,,135960,1,,0x04ee73aa896deb6824f3417194f0276b8498b0ea30ea6be96c24be1e0b9df7ab,12
2026-09-23T23-05-23-489Z_n-sweep_1-2-4-8-16-32-50,Ref,,2,E-empate,,,transfer,,,,0xa9059cbb,,135948,1,,0xd24b17cc9c0746ceb5a448346503005fbd3507bc931aff1f7b4a46e84a9ab463,12
2026-09-23T23-05-23-489Z_n-sweep_1-2-4-8-16-32-50,Ref,,2,E-empate,,,propose,,,propose,0x7d5e81e2,WasteCategoryRegistry.updateCredits,78388,1,,0x515fea327e234b679fedb42176c5eddeb946fd06790a721778526998eb45d466,12
2026-09-23T23-05-23-489Z_n-sweep_1-2-4-8-16-32-50,Ref,,2,E-empate,,,vote,1,for,,0x56781388,,83098,1,,0x6fa4305fc2720cfa719a07692559b09e6852c06d3a4237422f91d60cb3d14897,12
2026-09-23T23-05-23-489Z_n-sweep_1-2-4-8-16-32-50,Ref,,2,E-empate,,,vote,1,against,,0x56781388,,83057,1,,0x874b56739d6d4f66e696bfe297c7ccf97880b81228022678966c33a35be48a78,12
2026-09-23T23-05-23-489Z_n-sweep_1-2-4-8-16-32-50,Ref,,2,E-empate,,,execute_attempt,,,execute,0x2656227d,WasteCategoryRegistry.updateCredits,51452,0,"VM Exception while processing transaction: reverted with custom error 'GovernorUnexpectedProposalState(84851088064064395966897518836803312328040743332634153170128964135689586813199, 3, '0x0000000000000000000000000000000000000000000000000000000000000030')'",0xf019803974dfec861fca5db927890b9e1264d49a96d6da9cc5914062e15c90fa,12
2026-09-23T23-05-23-489Z_n-sweep_1-2-4-8-16-32-50,V0,T1,,,,,deploy_token_T1,,,constructor,0x61016060,,1621017,1,,0xece28f063ba256e8fc65152daf61fe745a7823e8ba387b1b661409f18f6dc4cc,13
2026-09-23T23-05-23-489Z_n-sweep_1-2-4-8-16-32-50,V0,,,,,,deploy_registry,,,constructor,0x60806040,,4590964,1,,0x9005486642112873086c0faf3a06ce7199e3377186a80eb6eea4235f5e1c6f56,13
2026-09-23T23-05-23-489Z_n-sweep_1-2-4-8-16-32-50,V0,,,,,,deploy_governor_V0,,,constructor,0x6101c080,,2133394,1,,0x8b33a795df9df0e5a3cb812430955580d1fb4f654a6028dd161238e13d560524,13
2026-09-23T23-05-23-489Z_n-sweep_1-2-4-8-16-32-50,V0,,,,,,grant_admin_role,,,grantRole,0x2f2ff15d,,50799,1,,0xb518a3911be32f0a59dcaec3e43c7ec54010f07f3e473d550516b1aab1a18d6b,13
2026-09-23T23-05-23-489Z_n-sweep_1-2-4-8-16-32-50,V0,,,,,,revoke_deployer_admin_role,,,revokeRole,0xd547741f,,27116,1,,0x8cb08b8b6ca45600b76a431b4cd18aee2095374e00c890903bfaa28d83b5f82b,13
2026-09-23T23-05-23-489Z_n-sweep_1-2-4-8-16-32-50,V0,,4,A-unanime,,,delegate_admin,,,,0x5c19a95c,,95559,1,,0xfa43c1f7a1a1658c8aeac58119b26e806face10fc63ae3e18099942309f4d395,13
2026-09-23T23-05-23-489Z_n-sweep_1-2-4-8-16-32-50,V0,,4,A-unanime,,,delegate,,,,0x5c19a95c,,48347,1,,0xf96ae171d39b1290c248e3ee88c92c43e24751ff4aacf46bad404cad29a33e37,13
2026-09-23T23-05-23-489Z_n-sweep_1-2-4-8-16-32-50,V0,,4,A-unanime,,,delegate,,,,0x5c19a95c,,48335,1,,0x65ff74d2610d5c80f16dc62aa4e01b339a9ecd8c95911ae092d678a9792cdcb8,13
2026-09-23T23-05-23-489Z_n-sweep_1-2-4-8-16-32-50,V0,,4,A-unanime,,,delegate,,,,0x5c19a95c,,48347,1,,0xb06e4e18b389cc3c69848b844c44927f26087a909c0e4532a1ba892e8d7bac4c,13
2026-09-23T23-05-23-489Z_n-sweep_1-2-4-8-16-32-50,V0,,4,A-unanime,,,delegate,,,,0x5c19a95c,,48347,1,,0xfdc5c4ae6e458adbd0780d18d4ef20dca6b7a02f3efff2f7c0eec7590e340a41,13
2026-09-23T23-05-23-489Z_n-sweep_1-2-4-8-16-32-50,V0,,4,A-unanime,,,transfer,,,,0xa9059cbb,,135960,1,,0x8454fc46ee821c3b2e361f5144a061d86784f9997e338307310e0d19163df808,13
2026-09-23T23-05-23-489Z_n-sweep_1-2-4-8-16-32-50,V0,,4,A-unanime,,,transfer,,,,0xa9059cbb,,135948,1,,0x8870895cfed9782a0c87d7563be137d4b9eb71a3e6fb289269e4f17cabd52fdb,13
2026-09-23T23-05-23-489Z_n-sweep_1-2-4-8-16-32-50,V0,,4,A-unanime,,,transfer,,,,0xa9059cbb,,135960,1,,0x46bab4cc12531dfe80a58ebb740a466e6ec4448aaa633c9f8445d39d73991440,13
2026-09-23T23-05-23-489Z_n-sweep_1-2-4-8-16-32-50,V0,,4,A-unanime,,,transfer,,,,0xa9059cbb,,135960,1,,0x058cb17e428a1f84b783d8df7e02876248e876aeeb0c73b24b5397f401270264,13
2026-09-23T23-05-23-489Z_n-sweep_1-2-4-8-16-32-50,V0,,4,A-unanime,,,propose,,,propose,0x7d5e81e2,WasteCategoryRegistry.updateCredits,63339,1,,0x2bb5b3368d73a305911225026756d41a0cd15294ba70a2b6abddc389b0d644dc,13
2026-09-23T23-05-23-489Z_n-sweep_1-2-4-8-16-32-50,V0,,4,A-unanime,,,vote,1,for,,0x56781388,,81899,1,,0x8f86d5b47fe2f768b05ca031905e9dc9e2decde0aada33b527bbd7e03311115e,13
2026-09-23T23-05-23-489Z_n-sweep_1-2-4-8-16-32-50,V0,,4,A-unanime,,,vote,2,for,,0x56781388,,64799,1,,0x0dfeb7bcd922af4564d091337bfa14355420e90ba5d644cc36a197a19113f372,13
2026-09-23T23-05-23-489Z_n-sweep_1-2-4-8-16-32-50,V0,,4,A-unanime,,,vote,3,for,,0x56781388,,64799,1,,0xc3835c8baaa5389a4f0cded95be165f83bf435a33564944d52e6abd8a4ed8d4a,13
2026-09-23T23-05-23-489Z_n-sweep_1-2-4-8-16-32-50,V0,,4,A-unanime,,,vote,4,for,,0x56781388,,64799,1,,0x3caf59e733da577426ecbd3c0ebd0afde296a883d6d4e004b7a678fa3c044a56,13
2026-09-23T23-05-23-489Z_n-sweep_1-2-4-8-16-32-50,V0,,4,A-unanime,,,execute,,,execute,0x2656227d,WasteCategoryRegistry.updateCredits,60807,1,,0xedbc446d1b2ddfc89dd87ee6f9df3c5576a8b52c7117bcbbd56ae892f5fe0831,13
2026-09-23T23-05-23-489Z_n-sweep_1-2-4-8-16-32-50,V1,T1,,,,,deploy_token_T1,,,constructor,0x61016060,,1621017,1,,0xece28f063ba256e8fc65152daf61fe745a7823e8ba387b1b661409f18f6dc4cc,14
2026-09-23T23-05-23-489Z_n-sweep_1-2-4-8-16-32-50,V1,,,,,,deploy_registry,,,constructor,0x60806040,,4590964,1,,0x9005486642112873086c0faf3a06ce7199e3377186a80eb6eea4235f5e1c6f56,14
2026-09-23T23-05-23-489Z_n-sweep_1-2-4-8-16-32-50,V1,,,,,,deploy_governor_V1,,,constructor,0x6101c080,,2141155,1,,0xcbf032b87647649d09648621f7d61fb312aee4174486ee6f404819243ac59ca9,14
2026-09-23T23-05-23-489Z_n-sweep_1-2-4-8-16-32-50,V1,,,,,,grant_admin_role,,,grantRole,0x2f2ff15d,,50799,1,,0xfdc9a3875129e16eb4a0e6527cfb2e5662449c13660398cf3b7c723db6d0e009,14
2026-09-23T23-05-23-489Z_n-sweep_1-2-4-8-16-32-50,V1,,,,,,revoke_deployer_admin_role,,,revokeRole,0xd547741f,,27116,1,,0xc189311656167d1c4c211ee1c4f5143a8df64ff72cb449ebf7ec77ff2fd0bcbb,14
2026-09-23T23-05-23-489Z_n-sweep_1-2-4-8-16-32-50,V1,,4,A-unanime,,,delegate_admin,,,,0x5c19a95c,,95559,1,,0xd4695df7ceba86e36d8d32ccf756640823a0c1b729cf20e3a0b632c08e38ee6a,14
2026-09-23T23-05-23-489Z_n-sweep_1-2-4-8-16-32-50,V1,,4,A-unanime,,,delegate,,,,0x5c19a95c,,48347,1,,0x81d5bf8e96fad9ce8b5230dc73abbeb313b25fcb2932728690f357e6b4e905b9,14
2026-09-23T23-05-23-489Z_n-sweep_1-2-4-8-16-32-50,V1,,4,A-unanime,,,delegate,,,,0x5c19a95c,,48335,1,,0x92147b8c796bc2b0f21acc979799bbf4c5b5033d9d67806a8ad6842fe03d41df,14
2026-09-23T23-05-23-489Z_n-sweep_1-2-4-8-16-32-50,V1,,4,A-unanime,,,delegate,,,,0x5c19a95c,,48347,1,,0xfff43b85310b182c6fdaa6a0b82056393aba2572b23e543b42f064dc4690e2fc,14
2026-09-23T23-05-23-489Z_n-sweep_1-2-4-8-16-32-50,V1,,4,A-unanime,,,delegate,,,,0x5c19a95c,,48347,1,,0xd65054394087a126f7201b8caf565d34e4b8e2c37299a2eb2e8e1e169e8753b2,14
2026-09-23T23-05-23-489Z_n-sweep_1-2-4-8-16-32-50,V1,,4,A-unanime,,,transfer,,,,0xa9059cbb,,135960,1,,0x8f71c833d28c879e3a9877445de3ff7f5ccc748e785a983cf06fd9ef4931b6e7,14
2026-09-23T23-05-23-489Z_n-sweep_1-2-4-8-16-32-50,V1,,4,A-unanime,,,transfer,,,,0xa9059cbb,,135948,1,,0xb306ff70e787167818f1b8d2e3646dbb1802f502a789294577101fb126d34356,14
2026-09-23T23-05-23-489Z_n-sweep_1-2-4-8-16-32-50,V1,,4,A-unanime,,,transfer,,,,0xa9059cbb,,135960,1,,0x66f2d10db29510ce6557eb69a744bdcfedcf375f00cc2361ed669313673aba99,14
2026-09-23T23-05-23-489Z_n-sweep_1-2-4-8-16-32-50,V1,,4,A-unanime,,,transfer,,,,0xa9059cbb,,135960,1,,0x2c645216339ebcd8c7add24fbac61782325f2f09ad45787acf8c4f7fa2f7b533,14
2026-09-23T23-05-23-489Z_n-sweep_1-2-4-8-16-32-50,V1,,4,A-unanime,,,propose,,,propose,0x7d5e81e2,WasteCategoryRegistry.updateCredits,63339,1,,0x51b4eaf636ba0784704cf61ff9f4424c49089aeb1434c54f2f1455b36ccb00d5,14
2026-09-23T23-05-23-489Z_n-sweep_1-2-4-8-16-32-50,V1,,4,A-unanime,,,vote,1,for,,0x56781388,,82468,1,,0x4b12aec43e1404f6d5c5269199a6402a7b122847f9bd16aafb4de365c5582e2b,14
2026-09-23T23-05-23-489Z_n-sweep_1-2-4-8-16-32-50,V1,,4,A-unanime,,,vote,2,for,,0x56781388,,65368,1,,0xe97145d7ec8bee1b8dd51c296e6ab23ec93cfee65130b92e106fc19e777b741c,14
2026-09-23T23-05-23-489Z_n-sweep_1-2-4-8-16-32-50,V1,,4,A-unanime,,,vote,3,for,,0x56781388,,65368,1,,0x603eee2137737cd296674c7e5b969c98440b1cd2291fee8e1cfcc829efec5e2a,14
2026-09-23T23-05-23-489Z_n-sweep_1-2-4-8-16-32-50,V1,,4,A-unanime,,,vote,4,for,,0x56781388,,65368,1,,0x3abe731e8df460baa6b1a63f0a84c4189b3d5a80b8e8b74b025b668dbe4c7a92,14
2026-09-23T23-05-23-489Z_n-sweep_1-2-4-8-16-32-50,V1,,4,A-unanime,,,execute,,,execute,0x2656227d,WasteCategoryRegistry.updateCredits,60807,1,,0xe13789e157d5bcaf23f31f9fc100ff5421771d0d50f23d0950fa982768e12a1d,14
2026-09-23T23-05-23-489Z_n-sweep_1-2-4-8-16-32-50,V2,T1,,,,,deploy_token_T1,,,constructor,0x61016060,,1621017,1,,0xece28f063ba256e8fc65152daf61fe745a7823e8ba387b1b661409f18f6dc4cc,15
2026-09-23T23-05-23-489Z_n-sweep_1-2-4-8-16-32-50,V2,,,,,,deploy_registry,,,constructor,0x60806040,,4590964,1,,0x9005486642112873086c0faf3a06ce7199e3377186a80eb6eea4235f5e1c6f56,15
2026-09-23T23-05-23-489Z_n-sweep_1-2-4-8-16-32-50,V2,,,,,,deploy_governor_V2,,,constructor,0x6101e080,,2178840,1,,0xa32c9f3d540c0ae9eee563ea02a53e3c1648afde51e09209202bc2912d9a8532,15
2026-09-23T23-05-23-489Z_n-sweep_1-2-4-8-16-32-50,V2,,,,,,grant_admin_role,,,grantRole,0x2f2ff15d,,50799,1,,0x0482dd737ad13e5cf9f342f77b7f4c8d4a60575e6613b501a7a433855227e65d,15
2026-09-23T23-05-23-489Z_n-sweep_1-2-4-8-16-32-50,V2,,,,,,revoke_deployer_admin_role,,,revokeRole,0xd547741f,,27116,1,,0xbf6c6756b6e885a31717a4b56f3c4fc35da4780ca84e075711ea97189f58ea3d,15
2026-09-23T23-05-23-489Z_n-sweep_1-2-4-8-16-32-50,V2,,4,A-unanime,,,delegate_admin,,,,0x5c19a95c,,95559,1,,0xe4ed125ff7fcf34a784094393e69d7b32184f90f45a88cf0e398ac5fe2329d50,15
2026-09-23T23-05-23-489Z_n-sweep_1-2-4-8-16-32-50,V2,,4,A-unanime,,,delegate,,,,0x5c19a95c,,48347,1,,0x8e5cf2e817455991c3f88244f29b95e3c5703efb253d16587c3e019ace8ed4aa,15
2026-09-23T23-05-23-489Z_n-sweep_1-2-4-8-16-32-50,V2,,4,A-unanime,,,delegate,,,,0x5c19a95c,,48335,1,,0x3a4d0b938991cc6665fddf48aab742d27a2480134e4cb1cf5b844b9724575405,15
2026-09-23T23-05-23-489Z_n-sweep_1-2-4-8-16-32-50,V2,,4,A-unanime,,,delegate,,,,0x5c19a95c,,48347,1,,0x8df16e2387da0d9fa03469e487a72815c7ad0f22d2e3631bfcd3e8532e84566f,15
2026-09-23T23-05-23-489Z_n-sweep_1-2-4-8-16-32-50,V2,,4,A-unanime,,,delegate,,,,0x5c19a95c,,48347,1,,0x95612e3ccf4e98f664cb62c90a18fd3142e8f5668db18fb82a400652a6b96b06,15
2026-09-23T23-05-23-489Z_n-sweep_1-2-4-8-16-32-50,V2,,4,A-unanime,,,transfer,,,,0xa9059cbb,,135960,1,,0x3558cad685994c37044c2f00b8b4c7de324f0ee86bcec98f244b7ad81088ae35,15
2026-09-23T23-05-23-489Z_n-sweep_1-2-4-8-16-32-50,V2,,4,A-unanime,,,transfer,,,,0xa9059cbb,,135948,1,,0x529fa9953c8c684549471275424870997cf2e2a9ecf2b0e4939ff68ff78e080d,15
2026-09-23T23-05-23-489Z_n-sweep_1-2-4-8-16-32-50,V2,,4,A-unanime,,,transfer,,,,0xa9059cbb,,135960,1,,0x3aa1a98412da82522f8ff4a1d16ee718b64d1d11e67ba2195e962875ba373fcb,15
2026-09-23T23-05-23-489Z_n-sweep_1-2-4-8-16-32-50,V2,,4,A-unanime,,,transfer,,,,0xa9059cbb,,135960,1,,0xf2a6471b40edcc321f4fe3279d8384ee853dabb52a43039c6dfbb622e11a7f66,15
2026-09-23T23-05-23-489Z_n-sweep_1-2-4-8-16-32-50,V2,,4,A-unanime,,,propose,,,propose,0x7d5e81e2,WasteCategoryRegistry.updateCredits,63339,1,,0x8ee474c4591679c3ba8f0041e7511f736f6836e736aee987bef5089f8864a7c6,15
2026-09-23T23-05-23-489Z_n-sweep_1-2-4-8-16-32-50,V2,,4,A-unanime,,,vote,1,for,,0x56781388,,82468,1,,0x53fa70da877ee5a258ff80ce7c885f6fe2a643b0dfd58482439017bb4dd99295,15
2026-09-23T23-05-23-489Z_n-sweep_1-2-4-8-16-32-50,V2,,4,A-unanime,,,vote,2,for,,0x56781388,,65368,1,,0xab399de19ea17260c4cb864e57a2398e67aa5ae092a868398be283cd16584534,15
2026-09-23T23-05-23-489Z_n-sweep_1-2-4-8-16-32-50,V2,,4,A-unanime,,,vote,3,for,,0x56781388,,65368,1,,0xfcdb894826a7f02d29b3f2c02365f8c517a2c1bde4d0dcef2ae7fa41eb24d243,15
2026-09-23T23-05-23-489Z_n-sweep_1-2-4-8-16-32-50,V2,,4,A-unanime,,,vote,4,for,,0x56781388,,65368,1,,0x16ef33943ccce00fe3de77af351adf09945da6d11bb8a8e0ee471a7dc25c8d23,15
2026-09-23T23-05-23-489Z_n-sweep_1-2-4-8-16-32-50,V2,,4,A-unanime,,,execute,,,execute,0x2656227d,WasteCategoryRegistry.updateCredits,60847,1,,0xcfb36ce5e3859a067913c8502ad35551d4e7b5207007a230f657d414dcbc5839,15
2026-09-23T23-05-23-489Z_n-sweep_1-2-4-8-16-32-50,Ref,T1,,,,,deploy_token_T1,,,constructor,0x61016060,,1621017,1,,0x8a423d158719dafa7ff4b82bcd6f6a5661f61c993e6aaede0acbe21a849af082,16
2026-09-23T23-05-23-489Z_n-sweep_1-2-4-8-16-32-50,Ref,,,,,,deploy_registry,,,constructor,0x60806040,,4590964,1,,0x9005486642112873086c0faf3a06ce7199e3377186a80eb6eea4235f5e1c6f56,16
2026-09-23T23-05-23-489Z_n-sweep_1-2-4-8-16-32-50,Ref,,,,,,deploy_rewards_registry_for_ctor,,,constructor,0x60806040,,4590964,1,,0x484f4210d177094deb4832deb5e459c708c732becb1881e1d1417503c177d84a,16
2026-09-23T23-05-23-489Z_n-sweep_1-2-4-8-16-32-50,Ref,,,,,,deploy_credit,,,constructor,0x60806040,,931954,1,,0xda6265176213799bfac2d03545eb38f6f6d6d978852db5e040dec6bdc95b6a46,16
2026-09-23T23-05-23-489Z_n-sweep_1-2-4-8-16-32-50,Ref,,,,,,deploy_passport,,,constructor,0x60806040,,2776581,1,,0xe5a36162780b85ac2b217350036da2286056186a02d74234dd0980865a07c217,16
2026-09-23T23-05-23-489Z_n-sweep_1-2-4-8-16-32-50,Ref,,,,,,deploy_rewards,,,constructor,0x60803461,,1246140,1,,0x748f3eef423a29001e508633e407c909b25f0e6a89b560856468f0ac6655c439,16
2026-09-23T23-05-23-489Z_n-sweep_1-2-4-8-16-32-50,Ref,,,,,,deploy_stakeholders,,,constructor,0x60803461,,1679823,1,,0xd4be2e468d589ae7e76ff2c292757707613e73c2a9e8f4c774280b5fd0991072,16
2026-09-23T23-05-23-489Z_n-sweep_1-2-4-8-16-32-50,Ref,,,,,,deploy_governor_Ref,,,constructor,0x61018060,,4434623,1,,0xd1b6a3d1f944bdfe5c399ebf7a1e6ed8a76e5b5acd93cdfc3d211571cbc50a6e,16
2026-09-23T23-05-23-489Z_n-sweep_1-2-4-8-16-32-50,Ref,,,,,,grant_admin_role,,,grantRole,0x2f2ff15d,,50799,1,,0x9477ec21ceecb8e71e570a8e5c711d060981c6dc53217d4071b2c7d012604374,16
2026-09-23T23-05-23-489Z_n-sweep_1-2-4-8-16-32-50,Ref,,,,,,revoke_deployer_admin_role,,,revokeRole,0xd547741f,,27116,1,,0x4571f6b2b82c72e95dbfd028346a3c95cee362f1cdc4e946338a9d1e56d58c09,16
2026-09-23T23-05-23-489Z_n-sweep_1-2-4-8-16-32-50,Ref,,4,A-unanime,,,delegate_admin,,,,0x5c19a95c,,95559,1,,0xfca7f8e34a7a367a38495092e6c6ae53f6f6bbc6c6cdd047fed83c770b76a8c9,16
2026-09-23T23-05-23-489Z_n-sweep_1-2-4-8-16-32-50,Ref,,4,A-unanime,,,delegate,,,,0x5c19a95c,,48347,1,,0x2f1db724527155bbb87015320f4de9a632dd20bb0d57eddcbd649b18207511a9,16
2026-09-23T23-05-23-489Z_n-sweep_1-2-4-8-16-32-50,Ref,,4,A-unanime,,,delegate,,,,0x5c19a95c,,48335,1,,0x8b0e52e67c302dbb4252eb6f968ee138c191eb8205be72d37b64b0c5ee99cc0e,16
2026-09-23T23-05-23-489Z_n-sweep_1-2-4-8-16-32-50,Ref,,4,A-unanime,,,delegate,,,,0x5c19a95c,,48347,1,,0x1a5bd05dacedf9e3acc8ca8d92b6aea9cf2aa84f70c77d04dab2d0257070356f,16
2026-09-23T23-05-23-489Z_n-sweep_1-2-4-8-16-32-50,Ref,,4,A-unanime,,,delegate,,,,0x5c19a95c,,48347,1,,0x05f7d9fd7d2dcae80248756e17e23af4963c07b10ebe32e7c079f468806ce249,16
2026-09-23T23-05-23-489Z_n-sweep_1-2-4-8-16-32-50,Ref,,4,A-unanime,,,transfer,,,,0xa9059cbb,,135960,1,,0xc9d809ca335bf1d5ced4527901b0550905cf37979ffb752c91a4f93e12b228a1,16
2026-09-23T23-05-23-489Z_n-sweep_1-2-4-8-16-32-50,Ref,,4,A-unanime,,,transfer,,,,0xa9059cbb,,135948,1,,0xc2f67b0c8c6bce22fdbe4538fd277d34e8df9d4aacf849ba0f3e7710c10b8be4,16
2026-09-23T23-05-23-489Z_n-sweep_1-2-4-8-16-32-50,Ref,,4,A-unanime,,,transfer,,,,0xa9059cbb,,135960,1,,0xc7a976d94ddbb9ac6c5e676faa1b8bf2463e2ff3d8d2248dc8a6f3a9cd76b1a4,16
2026-09-23T23-05-23-489Z_n-sweep_1-2-4-8-16-32-50,Ref,,4,A-unanime,,,transfer,,,,0xa9059cbb,,135960,1,,0xce781ec8491509024d0c5d88655d22745102938a8389f2acff845c957405c8fe,16
2026-09-23T23-05-23-489Z_n-sweep_1-2-4-8-16-32-50,Ref,,4,A-unanime,,,propose,,,propose,0x7d5e81e2,WasteCategoryRegistry.updateCredits,78400,1,,0x3f912e1f095561d276e65536392b6698eed7224687bd7edfbec40b0c8cf0c618,16
2026-09-23T23-05-23-489Z_n-sweep_1-2-4-8-16-32-50,Ref,,4,A-unanime,,,vote,1,for,,0x56781388,,83098,1,,0xb953dcf1bffd373946a08d0fadde522eed5f4610eac58cf484039ede209b0b11,16
2026-09-23T23-05-23-489Z_n-sweep_1-2-4-8-16-32-50,Ref,,4,A-unanime,,,vote,2,for,,0x56781388,,65998,1,,0x8ac50faf6cc97bc3483cce1906e49b519c74961c19137decf4d28a3f399c904a,16
2026-09-23T23-05-23-489Z_n-sweep_1-2-4-8-16-32-50,Ref,,4,A-unanime,,,vote,3,for,,0x56781388,,65998,1,,0xb734df35a16d20dcf9b5ee6249ad5f91d53c58acea0b07704cd1ee045610453f,16
2026-09-23T23-05-23-489Z_n-sweep_1-2-4-8-16-32-50,Ref,,4,A-unanime,,,vote,4,for,,0x56781388,,65998,1,,0x4d61d0e07638008e43a9ac5f687aacdf0fd5a25cdd5b103b9ca651364495c463,16
2026-09-23T23-05-23-489Z_n-sweep_1-2-4-8-16-32-50,Ref,,4,A-unanime,,,execute,,,execute,0x2656227d,WasteCategoryRegistry.updateCredits,72030,1,,0x6c7b06ede7bf48fc1dfb9299bbe0845ce13560bdcdc0a77a172ccf5e22b0de16,16
2026-09-23T23-05-23-489Z_n-sweep_1-2-4-8-16-32-50,V0,T1,,,,,deploy_token_T1,,,constructor,0x61016060,,1621017,1,,0xece28f063ba256e8fc65152daf61fe745a7823e8ba387b1b661409f18f6dc4cc,17
2026-09-23T23-05-23-489Z_n-sweep_1-2-4-8-16-32-50,V0,,,,,,deploy_registry,,,constructor,0x60806040,,4590964,1,,0x9005486642112873086c0faf3a06ce7199e3377186a80eb6eea4235f5e1c6f56,17
2026-09-23T23-05-23-489Z_n-sweep_1-2-4-8-16-32-50,V0,,,,,,deploy_governor_V0,,,constructor,0x6101c080,,2133394,1,,0x8b33a795df9df0e5a3cb812430955580d1fb4f654a6028dd161238e13d560524,17
2026-09-23T23-05-23-489Z_n-sweep_1-2-4-8-16-32-50,V0,,,,,,grant_admin_role,,,grantRole,0x2f2ff15d,,50799,1,,0xb518a3911be32f0a59dcaec3e43c7ec54010f07f3e473d550516b1aab1a18d6b,17
2026-09-23T23-05-23-489Z_n-sweep_1-2-4-8-16-32-50,V0,,,,,,revoke_deployer_admin_role,,,revokeRole,0xd547741f,,27116,1,,0x8cb08b8b6ca45600b76a431b4cd18aee2095374e00c890903bfaa28d83b5f82b,17
2026-09-23T23-05-23-489Z_n-sweep_1-2-4-8-16-32-50,V0,,4,A-maioria,,,delegate_admin,,,,0x5c19a95c,,95559,1,,0xfa43c1f7a1a1658c8aeac58119b26e806face10fc63ae3e18099942309f4d395,17
2026-09-23T23-05-23-489Z_n-sweep_1-2-4-8-16-32-50,V0,,4,A-maioria,,,delegate,,,,0x5c19a95c,,48347,1,,0xf96ae171d39b1290c248e3ee88c92c43e24751ff4aacf46bad404cad29a33e37,17
2026-09-23T23-05-23-489Z_n-sweep_1-2-4-8-16-32-50,V0,,4,A-maioria,,,delegate,,,,0x5c19a95c,,48335,1,,0x65ff74d2610d5c80f16dc62aa4e01b339a9ecd8c95911ae092d678a9792cdcb8,17
2026-09-23T23-05-23-489Z_n-sweep_1-2-4-8-16-32-50,V0,,4,A-maioria,,,delegate,,,,0x5c19a95c,,48347,1,,0xb06e4e18b389cc3c69848b844c44927f26087a909c0e4532a1ba892e8d7bac4c,17
2026-09-23T23-05-23-489Z_n-sweep_1-2-4-8-16-32-50,V0,,4,A-maioria,,,delegate,,,,0x5c19a95c,,48347,1,,0xfdc5c4ae6e458adbd0780d18d4ef20dca6b7a02f3efff2f7c0eec7590e340a41,17
2026-09-23T23-05-23-489Z_n-sweep_1-2-4-8-16-32-50,V0,,4,A-maioria,,,transfer,,,,0xa9059cbb,,135960,1,,0x8454fc46ee821c3b2e361f5144a061d86784f9997e338307310e0d19163df808,17
2026-09-23T23-05-23-489Z_n-sweep_1-2-4-8-16-32-50,V0,,4,A-maioria,,,transfer,,,,0xa9059cbb,,135948,1,,0x8870895cfed9782a0c87d7563be137d4b9eb71a3e6fb289269e4f17cabd52fdb,17
2026-09-23T23-05-23-489Z_n-sweep_1-2-4-8-16-32-50,V0,,4,A-maioria,,,transfer,,,,0xa9059cbb,,135960,1,,0x46bab4cc12531dfe80a58ebb740a466e6ec4448aaa633c9f8445d39d73991440,17
2026-09-23T23-05-23-489Z_n-sweep_1-2-4-8-16-32-50,V0,,4,A-maioria,,,transfer,,,,0xa9059cbb,,135960,1,,0x058cb17e428a1f84b783d8df7e02876248e876aeeb0c73b24b5397f401270264,17
2026-09-23T23-05-23-489Z_n-sweep_1-2-4-8-16-32-50,V0,,4,A-maioria,,,propose,,,propose,0x7d5e81e2,WasteCategoryRegistry.updateCredits,63339,1,,0x4ea327d253e9a950db7fdfdf09e2ed2cdbb48b91a79eb2513de821dccdd081f7,17
2026-09-23T23-05-23-489Z_n-sweep_1-2-4-8-16-32-50,V0,,4,A-maioria,,,vote,1,for,,0x56781388,,81899,1,,0x25ce9d4eab557db25e743d6cea7a2ae32d04fb2a91f70313a6cbdff052f42d11,17
2026-09-23T23-05-23-489Z_n-sweep_1-2-4-8-16-32-50,V0,,4,A-maioria,,,vote,2,for,,0x56781388,,64799,1,,0xb75e34193fe0f1ed62a5eec99b109475fe1b652d5e2485816b646d13ae8a4150,17
2026-09-23T23-05-23-489Z_n-sweep_1-2-4-8-16-32-50,V0,,4,A-maioria,,,vote,3,for,,0x56781388,,64799,1,,0x7a22e771f549bea9b2165073ffb4c68b4caf4a69a10d08c707e2be29e26b1a8a,17
2026-09-23T23-05-23-489Z_n-sweep_1-2-4-8-16-32-50,V0,,4,A-maioria,,,vote,1,against,,0x56781388,,81847,1,,0xda94891712c5344c4b52a8ad50e5ab9c9b9176f705c0250e7792e0a39109634f,17
2026-09-23T23-05-23-489Z_n-sweep_1-2-4-8-16-32-50,V0,,4,A-maioria,,,execute,,,execute,0x2656227d,WasteCategoryRegistry.updateCredits,60807,1,,0x086eb3f3ad510eb0b1bd1e66ecf662210508e0741ef1370e7a3f904dd5563bbb,17
2026-09-23T23-05-23-489Z_n-sweep_1-2-4-8-16-32-50,V1,T1,,,,,deploy_token_T1,,,constructor,0x61016060,,1621017,1,,0xece28f063ba256e8fc65152daf61fe745a7823e8ba387b1b661409f18f6dc4cc,18
2026-09-23T23-05-23-489Z_n-sweep_1-2-4-8-16-32-50,V1,,,,,,deploy_registry,,,constructor,0x60806040,,4590964,1,,0x9005486642112873086c0faf3a06ce7199e3377186a80eb6eea4235f5e1c6f56,18
2026-09-23T23-05-23-489Z_n-sweep_1-2-4-8-16-32-50,V1,,,,,,deploy_governor_V1,,,constructor,0x6101c080,,2141155,1,,0xcbf032b87647649d09648621f7d61fb312aee4174486ee6f404819243ac59ca9,18
2026-09-23T23-05-23-489Z_n-sweep_1-2-4-8-16-32-50,V1,,,,,,grant_admin_role,,,grantRole,0x2f2ff15d,,50799,1,,0xfdc9a3875129e16eb4a0e6527cfb2e5662449c13660398cf3b7c723db6d0e009,18
2026-09-23T23-05-23-489Z_n-sweep_1-2-4-8-16-32-50,V1,,,,,,revoke_deployer_admin_role,,,revokeRole,0xd547741f,,27116,1,,0xc189311656167d1c4c211ee1c4f5143a8df64ff72cb449ebf7ec77ff2fd0bcbb,18
2026-09-23T23-05-23-489Z_n-sweep_1-2-4-8-16-32-50,V1,,4,A-maioria,,,delegate_admin,,,,0x5c19a95c,,95559,1,,0xd4695df7ceba86e36d8d32ccf756640823a0c1b729cf20e3a0b632c08e38ee6a,18
2026-09-23T23-05-23-489Z_n-sweep_1-2-4-8-16-32-50,V1,,4,A-maioria,,,delegate,,,,0x5c19a95c,,48347,1,,0x81d5bf8e96fad9ce8b5230dc73abbeb313b25fcb2932728690f357e6b4e905b9,18
2026-09-23T23-05-23-489Z_n-sweep_1-2-4-8-16-32-50,V1,,4,A-maioria,,,delegate,,,,0x5c19a95c,,48335,1,,0x92147b8c796bc2b0f21acc979799bbf4c5b5033d9d67806a8ad6842fe03d41df,18
2026-09-23T23-05-23-489Z_n-sweep_1-2-4-8-16-32-50,V1,,4,A-maioria,,,delegate,,,,0x5c19a95c,,48347,1,,0xfff43b85310b182c6fdaa6a0b82056393aba2572b23e543b42f064dc4690e2fc,18
2026-09-23T23-05-23-489Z_n-sweep_1-2-4-8-16-32-50,V1,,4,A-maioria,,,delegate,,,,0x5c19a95c,,48347,1,,0xd65054394087a126f7201b8caf565d34e4b8e2c37299a2eb2e8e1e169e8753b2,18
2026-09-23T23-05-23-489Z_n-sweep_1-2-4-8-16-32-50,V1,,4,A-maioria,,,transfer,,,,0xa9059cbb,,135960,1,,0x8f71c833d28c879e3a9877445de3ff7f5ccc748e785a983cf06fd9ef4931b6e7,18
2026-09-23T23-05-23-489Z_n-sweep_1-2-4-8-16-32-50,V1,,4,A-maioria,,,transfer,,,,0xa9059cbb,,135948,1,,0xb306ff70e787167818f1b8d2e3646dbb1802f502a789294577101fb126d34356,18
2026-09-23T23-05-23-489Z_n-sweep_1-2-4-8-16-32-50,V1,,4,A-maioria,,,transfer,,,,0xa9059cbb,,135960,1,,0x66f2d10db29510ce6557eb69a744bdcfedcf375f00cc2361ed669313673aba99,18
2026-09-23T23-05-23-489Z_n-sweep_1-2-4-8-16-32-50,V1,,4,A-maioria,,,transfer,,,,0xa9059cbb,,135960,1,,0x2c645216339ebcd8c7add24fbac61782325f2f09ad45787acf8c4f7fa2f7b533,18
2026-09-23T23-05-23-489Z_n-sweep_1-2-4-8-16-32-50,V1,,4,A-maioria,,,propose,,,propose,0x7d5e81e2,WasteCategoryRegistry.updateCredits,63339,1,,0x075e392113e99c83ff18e59a14d94b6aeb905c838c1a8af05905ab42b57f80cb,18
2026-09-23T23-05-23-489Z_n-sweep_1-2-4-8-16-32-50,V1,,4,A-maioria,,,vote,1,for,,0x56781388,,82468,1,,0xc981834fedd82706f4b2fd90acdb793ae9dcffc1abd4ff8145f58838392efa7b,18
2026-09-23T23-05-23-489Z_n-sweep_1-2-4-8-16-32-50,V1,,4,A-maioria,,,vote,2,for,,0x56781388,,65368,1,,0xa5a60cf4b8d47b5da72f1154778fa2c175109e1aa5c0a660c5c2f4bc2d7ef53e,18
2026-09-23T23-05-23-489Z_n-sweep_1-2-4-8-16-32-50,V1,,4,A-maioria,,,vote,3,for,,0x56781388,,65368,1,,0x5da663430e67d4f56b81fb110f3dc81477b001bea8938ae3443595c9f0a429df,18
2026-09-23T23-05-23-489Z_n-sweep_1-2-4-8-16-32-50,V1,,4,A-maioria,,,vote,1,against,,0x56781388,,82416,1,,0xf796007a2b091f484f1ceb5a729c8b6f8de31f14f37b21d5549e1fd796e805cf,18
2026-09-23T23-05-23-489Z_n-sweep_1-2-4-8-16-32-50,V1,,4,A-maioria,,,execute,,,execute,0x2656227d,WasteCategoryRegistry.updateCredits,60807,1,,0x9423d8e32b5ee8cbb41c158c054b2af90bca50f0debdf5a7478af2312d3d5d99,18
2026-09-23T23-05-23-489Z_n-sweep_1-2-4-8-16-32-50,V2,T1,,,,,deploy_token_T1,,,constructor,0x61016060,,1621017,1,,0xece28f063ba256e8fc65152daf61fe745a7823e8ba387b1b661409f18f6dc4cc,19
2026-09-23T23-05-23-489Z_n-sweep_1-2-4-8-16-32-50,V2,,,,,,deploy_registry,,,constructor,0x60806040,,4590964,1,,0x9005486642112873086c0faf3a06ce7199e3377186a80eb6eea4235f5e1c6f56,19
2026-09-23T23-05-23-489Z_n-sweep_1-2-4-8-16-32-50,V2,,,,,,deploy_governor_V2,,,constructor,0x6101e080,,2178840,1,,0xa32c9f3d540c0ae9eee563ea02a53e3c1648afde51e09209202bc2912d9a8532,19
2026-09-23T23-05-23-489Z_n-sweep_1-2-4-8-16-32-50,V2,,,,,,grant_admin_role,,,grantRole,0x2f2ff15d,,50799,1,,0x0482dd737ad13e5cf9f342f77b7f4c8d4a60575e6613b501a7a433855227e65d,19
2026-09-23T23-05-23-489Z_n-sweep_1-2-4-8-16-32-50,V2,,,,,,revoke_deployer_admin_role,,,revokeRole,0xd547741f,,27116,1,,0xbf6c6756b6e885a31717a4b56f3c4fc35da4780ca84e075711ea97189f58ea3d,19
2026-09-23T23-05-23-489Z_n-sweep_1-2-4-8-16-32-50,V2,,4,A-maioria,,,delegate_admin,,,,0x5c19a95c,,95559,1,,0xe4ed125ff7fcf34a784094393e69d7b32184f90f45a88cf0e398ac5fe2329d50,19
2026-09-23T23-05-23-489Z_n-sweep_1-2-4-8-16-32-50,V2,,4,A-maioria,,,delegate,,,,0x5c19a95c,,48347,1,,0x8e5cf2e817455991c3f88244f29b95e3c5703efb253d16587c3e019ace8ed4aa,19
2026-09-23T23-05-23-489Z_n-sweep_1-2-4-8-16-32-50,V2,,4,A-maioria,,,delegate,,,,0x5c19a95c,,48335,1,,0x3a4d0b938991cc6665fddf48aab742d27a2480134e4cb1cf5b844b9724575405,19
2026-09-23T23-05-23-489Z_n-sweep_1-2-4-8-16-32-50,V2,,4,A-maioria,,,delegate,,,,0x5c19a95c,,48347,1,,0x8df16e2387da0d9fa03469e487a72815c7ad0f22d2e3631bfcd3e8532e84566f,19
2026-09-23T23-05-23-489Z_n-sweep_1-2-4-8-16-32-50,V2,,4,A-maioria,,,delegate,,,,0x5c19a95c,,48347,1,,0x95612e3ccf4e98f664cb62c90a18fd3142e8f5668db18fb82a400652a6b96b06,19
2026-09-23T23-05-23-489Z_n-sweep_1-2-4-8-16-32-50,V2,,4,A-maioria,,,transfer,,,,0xa9059cbb,,135960,1,,0x3558cad685994c37044c2f00b8b4c7de324f0ee86bcec98f244b7ad81088ae35,19
2026-09-23T23-05-23-489Z_n-sweep_1-2-4-8-16-32-50,V2,,4,A-maioria,,,transfer,,,,0xa9059cbb,,135948,1,,0x529fa9953c8c684549471275424870997cf2e2a9ecf2b0e4939ff68ff78e080d,19
2026-09-23T23-05-23-489Z_n-sweep_1-2-4-8-16-32-50,V2,,4,A-maioria,,,transfer,,,,0xa9059cbb,,135960,1,,0x3aa1a98412da82522f8ff4a1d16ee718b64d1d11e67ba2195e962875ba373fcb,19
2026-09-23T23-05-23-489Z_n-sweep_1-2-4-8-16-32-50,V2,,4,A-maioria,,,transfer,,,,0xa9059cbb,,135960,1,,0xf2a6471b40edcc321f4fe3279d8384ee853dabb52a43039c6dfbb622e11a7f66,19
2026-09-23T23-05-23-489Z_n-sweep_1-2-4-8-16-32-50,V2,,4,A-maioria,,,propose,,,propose,0x7d5e81e2,WasteCategoryRegistry.updateCredits,63339,1,,0x6bcf6979d2c9503a0e592c0bb845d0a6fb03c38814bdda56eae9050a9aad081b,19
2026-09-23T23-05-23-489Z_n-sweep_1-2-4-8-16-32-50,V2,,4,A-maioria,,,vote,1,for,,0x56781388,,82468,1,,0xfe7331bb0e044297b3ae070282fef63c9c90f05898db4d2c7fb505437642a3ea,19
2026-09-23T23-05-23-489Z_n-sweep_1-2-4-8-16-32-50,V2,,4,A-maioria,,,vote,2,for,,0x56781388,,65368,1,,0xb3eaeaa715ebf39e1d61bd4748f51e9c6cbb6d762d0c09b600d91072435ecefa,19
2026-09-23T23-05-23-489Z_n-sweep_1-2-4-8-16-32-50,V2,,4,A-maioria,,,vote,3,for,,0x56781388,,65368,1,,0x66c4b7ccc24495e8d41062c758954d33b38430e25ceb73edbb11bd306049da87,19
2026-09-23T23-05-23-489Z_n-sweep_1-2-4-8-16-32-50,V2,,4,A-maioria,,,vote,1,against,,0x56781388,,82416,1,,0xd214a0361643aa3f5384539442142193b70f797458485bdc3eaedf698f960b7e,19
2026-09-23T23-05-23-489Z_n-sweep_1-2-4-8-16-32-50,V2,,4,A-maioria,,,execute,,,execute,0x2656227d,WasteCategoryRegistry.updateCredits,60847,1,,0x5c50c39529d6b15fa3872842b0971dc7efdcdfe3b07c3b3508f72d6e7829ecfd,19
2026-09-23T23-05-23-489Z_n-sweep_1-2-4-8-16-32-50,Ref,T1,,,,,deploy_token_T1,,,constructor,0x61016060,,1621017,1,,0x8a423d158719dafa7ff4b82bcd6f6a5661f61c993e6aaede0acbe21a849af082,20
2026-09-23T23-05-23-489Z_n-sweep_1-2-4-8-16-32-50,Ref,,,,,,deploy_registry,,,constructor,0x60806040,,4590964,1,,0x9005486642112873086c0faf3a06ce7199e3377186a80eb6eea4235f5e1c6f56,20
2026-09-23T23-05-23-489Z_n-sweep_1-2-4-8-16-32-50,Ref,,,,,,deploy_rewards_registry_for_ctor,,,constructor,0x60806040,,4590964,1,,0x484f4210d177094deb4832deb5e459c708c732becb1881e1d1417503c177d84a,20
2026-09-23T23-05-23-489Z_n-sweep_1-2-4-8-16-32-50,Ref,,,,,,deploy_credit,,,constructor,0x60806040,,931954,1,,0xda6265176213799bfac2d03545eb38f6f6d6d978852db5e040dec6bdc95b6a46,20
2026-09-23T23-05-23-489Z_n-sweep_1-2-4-8-16-32-50,Ref,,,,,,deploy_passport,,,constructor,0x60806040,,2776581,1,,0xe5a36162780b85ac2b217350036da2286056186a02d74234dd0980865a07c217,20
2026-09-23T23-05-23-489Z_n-sweep_1-2-4-8-16-32-50,Ref,,,,,,deploy_rewards,,,constructor,0x60803461,,1246140,1,,0x748f3eef423a29001e508633e407c909b25f0e6a89b560856468f0ac6655c439,20
2026-09-23T23-05-23-489Z_n-sweep_1-2-4-8-16-32-50,Ref,,,,,,deploy_stakeholders,,,constructor,0x60803461,,1679823,1,,0xd4be2e468d589ae7e76ff2c292757707613e73c2a9e8f4c774280b5fd0991072,20
2026-09-23T23-05-23-489Z_n-sweep_1-2-4-8-16-32-50,Ref,,,,,,deploy_governor_Ref,,,constructor,0x61018060,,4434623,1,,0xd1b6a3d1f944bdfe5c399ebf7a1e6ed8a76e5b5acd93cdfc3d211571cbc50a6e,20
2026-09-23T23-05-23-489Z_n-sweep_1-2-4-8-16-32-50,Ref,,,,,,grant_admin_role,,,grantRole,0x2f2ff15d,,50799,1,,0x9477ec21ceecb8e71e570a8e5c711d060981c6dc53217d4071b2c7d012604374,20
2026-09-23T23-05-23-489Z_n-sweep_1-2-4-8-16-32-50,Ref,,,,,,revoke_deployer_admin_role,,,revokeRole,0xd547741f,,27116,1,,0x4571f6b2b82c72e95dbfd028346a3c95cee362f1cdc4e946338a9d1e56d58c09,20
2026-09-23T23-05-23-489Z_n-sweep_1-2-4-8-16-32-50,Ref,,4,A-maioria,,,delegate_admin,,,,0x5c19a95c,,95559,1,,0xfca7f8e34a7a367a38495092e6c6ae53f6f6bbc6c6cdd047fed83c770b76a8c9,20
2026-09-23T23-05-23-489Z_n-sweep_1-2-4-8-16-32-50,Ref,,4,A-maioria,,,delegate,,,,0x5c19a95c,,48347,1,,0x2f1db724527155bbb87015320f4de9a632dd20bb0d57eddcbd649b18207511a9,20
2026-09-23T23-05-23-489Z_n-sweep_1-2-4-8-16-32-50,Ref,,4,A-maioria,,,delegate,,,,0x5c19a95c,,48335,1,,0x8b0e52e67c302dbb4252eb6f968ee138c191eb8205be72d37b64b0c5ee99cc0e,20
2026-09-23T23-05-23-489Z_n-sweep_1-2-4-8-16-32-50,Ref,,4,A-maioria,,,delegate,,,,0x5c19a95c,,48347,1,,0x1a5bd05dacedf9e3acc8ca8d92b6aea9cf2aa84f70c77d04dab2d0257070356f,20
2026-09-23T23-05-23-489Z_n-sweep_1-2-4-8-16-32-50,Ref,,4,A-maioria,,,delegate,,,,0x5c19a95c,,48347,1,,0x05f7d9fd7d2dcae80248756e17e23af4963c07b10ebe32e7c079f468806ce249,20
2026-09-23T23-05-23-489Z_n-sweep_1-2-4-8-16-32-50,Ref,,4,A-maioria,,,transfer,,,,0xa9059cbb,,135960,1,,0xc9d809ca335bf1d5ced4527901b0550905cf37979ffb752c91a4f93e12b228a1,20
2026-09-23T23-05-23-489Z_n-sweep_1-2-4-8-16-32-50,Ref,,4,A-maioria,,,transfer,,,,0xa9059cbb,,135948,1,,0xc2f67b0c8c6bce22fdbe4538fd277d34e8df9d4aacf849ba0f3e7710c10b8be4,20
2026-09-23T23-05-23-489Z_n-sweep_1-2-4-8-16-32-50,Ref,,4,A-maioria,,,transfer,,,,0xa9059cbb,,135960,1,,0xc7a976d94ddbb9ac6c5e676faa1b8bf2463e2ff3d8d2248dc8a6f3a9cd76b1a4,20
2026-09-23T23-05-23-489Z_n-sweep_1-2-4-8-16-32-50,Ref,,4,A-maioria,,,transfer,,,,0xa9059cbb,,135960,1,,0xce781ec8491509024d0c5d88655d22745102938a8389f2acff845c957405c8fe,20
2026-09-23T23-05-23-489Z_n-sweep_1-2-4-8-16-32-50,Ref,,4,A-maioria,,,propose,,,propose,0x7d5e81e2,WasteCategoryRegistry.updateCredits,78400,1,,0xebbb8f673afabba15db475b187181c51a3586715c998d4b8dd1f1939bc580bd3,20
2026-09-23T23-05-23-489Z_n-sweep_1-2-4-8-16-32-50,Ref,,4,A-maioria,,,vote,1,for,,0x56781388,,83098,1,,0x2ed375f8db57537faa705cdf0fa14c91adeb3b7de0914a2f7ca66653bc79a94c,20
2026-09-23T23-05-23-489Z_n-sweep_1-2-4-8-16-32-50,Ref,,4,A-maioria,,,vote,2,for,,0x56781388,,65998,1,,0xaeff34ff2660e62f5c6d6e98ac786432084c641cdb616778b501267ed0f0cca1,20
2026-09-23T23-05-23-489Z_n-sweep_1-2-4-8-16-32-50,Ref,,4,A-maioria,,,vote,3,for,,0x56781388,,65998,1,,0x3f7a8826e833e2f3e7b10c3a0ed82ad2ad65b9e68c73327452d156524b6ad7b9,20
2026-09-23T23-05-23-489Z_n-sweep_1-2-4-8-16-32-50,Ref,,4,A-maioria,,,vote,1,against,,0x56781388,,83057,1,,0xd00da2211f18decf680ebff0c90eccddfd99cad75c27c4f6c895685336c28487,20
2026-09-23T23-05-23-489Z_n-sweep_1-2-4-8-16-32-50,Ref,,4,A-maioria,,,execute,,,execute,0x2656227d,WasteCategoryRegistry.updateCredits,72030,1,,0x8860b5ed895216cccbe2e996768df371df2c6cc081030094ed5a6c0778a66bb7,20
2026-09-23T23-05-23-489Z_n-sweep_1-2-4-8-16-32-50,V0,T1,,,,,deploy_token_T1,,,constructor,0x61016060,,1621017,1,,0xece28f063ba256e8fc65152daf61fe745a7823e8ba387b1b661409f18f6dc4cc,21
2026-09-23T23-05-23-489Z_n-sweep_1-2-4-8-16-32-50,V0,,,,,,deploy_registry,,,constructor,0x60806040,,4590964,1,,0x9005486642112873086c0faf3a06ce7199e3377186a80eb6eea4235f5e1c6f56,21
2026-09-23T23-05-23-489Z_n-sweep_1-2-4-8-16-32-50,V0,,,,,,deploy_governor_V0,,,constructor,0x6101c080,,2133394,1,,0x8b33a795df9df0e5a3cb812430955580d1fb4f654a6028dd161238e13d560524,21
2026-09-23T23-05-23-489Z_n-sweep_1-2-4-8-16-32-50,V0,,,,,,grant_admin_role,,,grantRole,0x2f2ff15d,,50799,1,,0xb518a3911be32f0a59dcaec3e43c7ec54010f07f3e473d550516b1aab1a18d6b,21
2026-09-23T23-05-23-489Z_n-sweep_1-2-4-8-16-32-50,V0,,,,,,revoke_deployer_admin_role,,,revokeRole,0xd547741f,,27116,1,,0x8cb08b8b6ca45600b76a431b4cd18aee2095374e00c890903bfaa28d83b5f82b,21
2026-09-23T23-05-23-489Z_n-sweep_1-2-4-8-16-32-50,V0,,4,D-voto,,,delegate_admin,,,,0x5c19a95c,,95559,1,,0xfa43c1f7a1a1658c8aeac58119b26e806face10fc63ae3e18099942309f4d395,21
2026-09-23T23-05-23-489Z_n-sweep_1-2-4-8-16-32-50,V0,,4,D-voto,,,delegate,,,,0x5c19a95c,,48347,1,,0xf96ae171d39b1290c248e3ee88c92c43e24751ff4aacf46bad404cad29a33e37,21
2026-09-23T23-05-23-489Z_n-sweep_1-2-4-8-16-32-50,V0,,4,D-voto,,,delegate,,,,0x5c19a95c,,48335,1,,0x65ff74d2610d5c80f16dc62aa4e01b339a9ecd8c95911ae092d678a9792cdcb8,21
2026-09-23T23-05-23-489Z_n-sweep_1-2-4-8-16-32-50,V0,,4,D-voto,,,delegate,,,,0x5c19a95c,,48347,1,,0xb06e4e18b389cc3c69848b844c44927f26087a909c0e4532a1ba892e8d7bac4c,21
2026-09-23T23-05-23-489Z_n-sweep_1-2-4-8-16-32-50,V0,,4,D-voto,,,delegate,,,,0x5c19a95c,,48347,1,,0xfdc5c4ae6e458adbd0780d18d4ef20dca6b7a02f3efff2f7c0eec7590e340a41,21
2026-09-23T23-05-23-489Z_n-sweep_1-2-4-8-16-32-50,V0,,4,D-voto,,,transfer,,,,0xa9059cbb,,135960,1,,0x8454fc46ee821c3b2e361f5144a061d86784f9997e338307310e0d19163df808,21
2026-09-23T23-05-23-489Z_n-sweep_1-2-4-8-16-32-50,V0,,4,D-voto,,,transfer,,,,0xa9059cbb,,135948,1,,0x8870895cfed9782a0c87d7563be137d4b9eb71a3e6fb289269e4f17cabd52fdb,21
2026-09-23T23-05-23-489Z_n-sweep_1-2-4-8-16-32-50,V0,,4,D-voto,,,transfer,,,,0xa9059cbb,,135960,1,,0x46bab4cc12531dfe80a58ebb740a466e6ec4448aaa633c9f8445d39d73991440,21
2026-09-23T23-05-23-489Z_n-sweep_1-2-4-8-16-32-50,V0,,4,D-voto,,,transfer,,,,0xa9059cbb,,135960,1,,0x058cb17e428a1f84b783d8df7e02876248e876aeeb0c73b24b5397f401270264,21
2026-09-23T23-05-23-489Z_n-sweep_1-2-4-8-16-32-50,V0,,4,D-voto,,,propose,,,propose,0x7d5e81e2,WasteCategoryRegistry.updateCredits,63303,1,,0x0f0cb40e9ef0380ce90ce00124fe23b34c97ccf171df7ae280310dc579bc8b50,21
2026-09-23T23-05-23-489Z_n-sweep_1-2-4-8-16-32-50,V0,,4,D-voto,,,vote,1,for,,0x56781388,,81899,1,,0x0be209aed5ebc2e85b2fe482fdd241c8e8be5e50d2f434465d2fb4ca7fb5bf24,21
2026-09-23T23-05-23-489Z_n-sweep_1-2-4-8-16-32-50,V0,,4,D-voto,,,vote,1,against,,0x56781388,,81847,1,,0xa24a1c9f80c7e75bb772d7c88815ebd7540dfa68bc73c8d085b57c77554db56a,21
2026-09-23T23-05-23-489Z_n-sweep_1-2-4-8-16-32-50,V0,,4,D-voto,,,vote,2,against,,0x56781388,,64747,1,,0xed4dd0a45d12e9c3a02720f13cf6d60485e200e9599a45939213d8906aaca580,21
2026-09-23T23-05-23-489Z_n-sweep_1-2-4-8-16-32-50,V0,,4,D-voto,,,vote,3,against,,0x56781388,,64747,1,,0x154602499401964a91e6659d73b0eb68da8098213b3f0d02930da9620294f894,21
2026-09-23T23-05-23-489Z_n-sweep_1-2-4-8-16-32-50,V0,,4,D-voto,,,execute_attempt,,,execute,0x2656227d,WasteCategoryRegistry.updateCredits,40382,0,"VM Exception while processing transaction: reverted with custom error 'GovernorUnexpectedProposalState(34922044979794725566336184139775553485941492952011426410851986792698946661089, 3, '0x0000000000000000000000000000000000000000000000000000000000000030')'",0xfa93dd264a80b1267156ccccc0f6611e4d021978b14c0a40acdb9ad09c7a2f3e,21
2026-09-23T23-05-23-489Z_n-sweep_1-2-4-8-16-32-50,V1,T1,,,,,deploy_token_T1,,,constructor,0x61016060,,1621017,1,,0xece28f063ba256e8fc65152daf61fe745a7823e8ba387b1b661409f18f6dc4cc,22
2026-09-23T23-05-23-489Z_n-sweep_1-2-4-8-16-32-50,V1,,,,,,deploy_registry,,,constructor,0x60806040,,4590964,1,,0x9005486642112873086c0faf3a06ce7199e3377186a80eb6eea4235f5e1c6f56,22
2026-09-23T23-05-23-489Z_n-sweep_1-2-4-8-16-32-50,V1,,,,,,deploy_governor_V1,,,constructor,0x6101c080,,2141155,1,,0xcbf032b87647649d09648621f7d61fb312aee4174486ee6f404819243ac59ca9,22
2026-09-23T23-05-23-489Z_n-sweep_1-2-4-8-16-32-50,V1,,,,,,grant_admin_role,,,grantRole,0x2f2ff15d,,50799,1,,0xfdc9a3875129e16eb4a0e6527cfb2e5662449c13660398cf3b7c723db6d0e009,22
2026-09-23T23-05-23-489Z_n-sweep_1-2-4-8-16-32-50,V1,,,,,,revoke_deployer_admin_role,,,revokeRole,0xd547741f,,27116,1,,0xc189311656167d1c4c211ee1c4f5143a8df64ff72cb449ebf7ec77ff2fd0bcbb,22
2026-09-23T23-05-23-489Z_n-sweep_1-2-4-8-16-32-50,V1,,4,D-voto,,,delegate_admin,,,,0x5c19a95c,,95559,1,,0xd4695df7ceba86e36d8d32ccf756640823a0c1b729cf20e3a0b632c08e38ee6a,22
2026-09-23T23-05-23-489Z_n-sweep_1-2-4-8-16-32-50,V1,,4,D-voto,,,delegate,,,,0x5c19a95c,,48347,1,,0x81d5bf8e96fad9ce8b5230dc73abbeb313b25fcb2932728690f357e6b4e905b9,22
2026-09-23T23-05-23-489Z_n-sweep_1-2-4-8-16-32-50,V1,,4,D-voto,,,delegate,,,,0x5c19a95c,,48335,1,,0x92147b8c796bc2b0f21acc979799bbf4c5b5033d9d67806a8ad6842fe03d41df,22
2026-09-23T23-05-23-489Z_n-sweep_1-2-4-8-16-32-50,V1,,4,D-voto,,,delegate,,,,0x5c19a95c,,48347,1,,0xfff43b85310b182c6fdaa6a0b82056393aba2572b23e543b42f064dc4690e2fc,22
2026-09-23T23-05-23-489Z_n-sweep_1-2-4-8-16-32-50,V1,,4,D-voto,,,delegate,,,,0x5c19a95c,,48347,1,,0xd65054394087a126f7201b8caf565d34e4b8e2c37299a2eb2e8e1e169e8753b2,22
2026-09-23T23-05-23-489Z_n-sweep_1-2-4-8-16-32-50,V1,,4,D-voto,,,transfer,,,,0xa9059cbb,,135960,1,,0x8f71c833d28c879e3a9877445de3ff7f5ccc748e785a983cf06fd9ef4931b6e7,22
2026-09-23T23-05-23-489Z_n-sweep_1-2-4-8-16-32-50,V1,,4,D-voto,,,transfer,,,,0xa9059cbb,,135948,1,,0xb306ff70e787167818f1b8d2e3646dbb1802f502a789294577101fb126d34356,22
2026-09-23T23-05-23-489Z_n-sweep_1-2-4-8-16-32-50,V1,,4,D-voto,,,transfer,,,,0xa9059cbb,,135960,1,,0x66f2d10db29510ce6557eb69a744bdcfedcf375f00cc2361ed669313673aba99,22
2026-09-23T23-05-23-489Z_n-sweep_1-2-4-8-16-32-50,V1,,4,D-voto,,,transfer,,,,0xa9059cbb,,135960,1,,0x2c645216339ebcd8c7add24fbac61782325f2f09ad45787acf8c4f7fa2f7b533,22
2026-09-23T23-05-23-489Z_n-sweep_1-2-4-8-16-32-50,V1,,4,D-voto,,,propose,,,propose,0x7d5e81e2,WasteCategoryRegistry.updateCredits,63303,1,,0x1e3c9256ab8bdf53ea7c5b58f9e36b4833566575346a95cab52c51018069522b,22
2026-09-23T23-05-23-489Z_n-sweep_1-2-4-8-16-32-50,V1,,4,D-voto,,,vote,1,for,,0x56781388,,82468,1,,0xb68ac2949cec4218a3b4871bc5ae1a2ef30256ce9124c04d9a2585d80b370b12,22
2026-09-23T23-05-23-489Z_n-sweep_1-2-4-8-16-32-50,V1,,4,D-voto,,,vote,1,against,,0x56781388,,82416,1,,0xcfee31ddc1d2c98d602cfde4d17c4e73ee44e06ef0aa23af0160ee1dc450d6f4,22
2026-09-23T23-05-23-489Z_n-sweep_1-2-4-8-16-32-50,V1,,4,D-voto,,,vote,2,against,,0x56781388,,65316,1,,0x5398f7af38662b8729a7fbfa63950c70b573604fc978b8cf7b7a9626c4d6c67f,22
2026-09-23T23-05-23-489Z_n-sweep_1-2-4-8-16-32-50,V1,,4,D-voto,,,vote,3,against,,0x56781388,,65316,1,,0xdd781c0c664fa499662626a6460de591c2a75efd25797da4234dd8170e2c741b,22
2026-09-23T23-05-23-489Z_n-sweep_1-2-4-8-16-32-50,V1,,4,D-voto,,,execute_attempt,,,execute,0x2656227d,WasteCategoryRegistry.updateCredits,40382,0,"VM Exception while processing transaction: reverted with custom error 'GovernorUnexpectedProposalState(34922044979794725566336184139775553485941492952011426410851986792698946661089, 3, '0x0000000000000000000000000000000000000000000000000000000000000030')'",0x13260dd5b13edb8663146bbf442a549436a51191ea75e5b061f0f2615174352d,22
2026-09-23T23-05-23-489Z_n-sweep_1-2-4-8-16-32-50,V2,T1,,,,,deploy_token_T1,,,constructor,0x61016060,,1621017,1,,0xece28f063ba256e8fc65152daf61fe745a7823e8ba387b1b661409f18f6dc4cc,23
2026-09-23T23-05-23-489Z_n-sweep_1-2-4-8-16-32-50,V2,,,,,,deploy_registry,,,constructor,0x60806040,,4590964,1,,0x9005486642112873086c0faf3a06ce7199e3377186a80eb6eea4235f5e1c6f56,23
2026-09-23T23-05-23-489Z_n-sweep_1-2-4-8-16-32-50,V2,,,,,,deploy_governor_V2,,,constructor,0x6101e080,,2178840,1,,0xa32c9f3d540c0ae9eee563ea02a53e3c1648afde51e09209202bc2912d9a8532,23
2026-09-23T23-05-23-489Z_n-sweep_1-2-4-8-16-32-50,V2,,,,,,grant_admin_role,,,grantRole,0x2f2ff15d,,50799,1,,0x0482dd737ad13e5cf9f342f77b7f4c8d4a60575e6613b501a7a433855227e65d,23
2026-09-23T23-05-23-489Z_n-sweep_1-2-4-8-16-32-50,V2,,,,,,revoke_deployer_admin_role,,,revokeRole,0xd547741f,,27116,1,,0xbf6c6756b6e885a31717a4b56f3c4fc35da4780ca84e075711ea97189f58ea3d,23
2026-09-23T23-05-23-489Z_n-sweep_1-2-4-8-16-32-50,V2,,4,D-voto,,,delegate_admin,,,,0x5c19a95c,,95559,1,,0xe4ed125ff7fcf34a784094393e69d7b32184f90f45a88cf0e398ac5fe2329d50,23
2026-09-23T23-05-23-489Z_n-sweep_1-2-4-8-16-32-50,V2,,4,D-voto,,,delegate,,,,0x5c19a95c,,48347,1,,0x8e5cf2e817455991c3f88244f29b95e3c5703efb253d16587c3e019ace8ed4aa,23
2026-09-23T23-05-23-489Z_n-sweep_1-2-4-8-16-32-50,V2,,4,D-voto,,,delegate,,,,0x5c19a95c,,48335,1,,0x3a4d0b938991cc6665fddf48aab742d27a2480134e4cb1cf5b844b9724575405,23
2026-09-23T23-05-23-489Z_n-sweep_1-2-4-8-16-32-50,V2,,4,D-voto,,,delegate,,,,0x5c19a95c,,48347,1,,0x8df16e2387da0d9fa03469e487a72815c7ad0f22d2e3631bfcd3e8532e84566f,23
2026-09-23T23-05-23-489Z_n-sweep_1-2-4-8-16-32-50,V2,,4,D-voto,,,delegate,,,,0x5c19a95c,,48347,1,,0x95612e3ccf4e98f664cb62c90a18fd3142e8f5668db18fb82a400652a6b96b06,23
2026-09-23T23-05-23-489Z_n-sweep_1-2-4-8-16-32-50,V2,,4,D-voto,,,transfer,,,,0xa9059cbb,,135960,1,,0x3558cad685994c37044c2f00b8b4c7de324f0ee86bcec98f244b7ad81088ae35,23
2026-09-23T23-05-23-489Z_n-sweep_1-2-4-8-16-32-50,V2,,4,D-voto,,,transfer,,,,0xa9059cbb,,135948,1,,0x529fa9953c8c684549471275424870997cf2e2a9ecf2b0e4939ff68ff78e080d,23
2026-09-23T23-05-23-489Z_n-sweep_1-2-4-8-16-32-50,V2,,4,D-voto,,,transfer,,,,0xa9059cbb,,135960,1,,0x3aa1a98412da82522f8ff4a1d16ee718b64d1d11e67ba2195e962875ba373fcb,23
2026-09-23T23-05-23-489Z_n-sweep_1-2-4-8-16-32-50,V2,,4,D-voto,,,transfer,,,,0xa9059cbb,,135960,1,,0xf2a6471b40edcc321f4fe3279d8384ee853dabb52a43039c6dfbb622e11a7f66,23
2026-09-23T23-05-23-489Z_n-sweep_1-2-4-8-16-32-50,V2,,4,D-voto,,,propose,,,propose,0x7d5e81e2,WasteCategoryRegistry.updateCredits,63303,1,,0x26e5622980e95040d55faf9fb7d3de2e98564db00e669ddfc9a72de9a76adc8b,23
2026-09-23T23-05-23-489Z_n-sweep_1-2-4-8-16-32-50,V2,,4,D-voto,,,vote,1,for,,0x56781388,,82468,1,,0xa042f8cd0a9b587e75407c585641618f9c8ee31b294f3b8b72f709eacb0875ce,23
2026-09-23T23-05-23-489Z_n-sweep_1-2-4-8-16-32-50,V2,,4,D-voto,,,vote,1,against,,0x56781388,,82416,1,,0x0442b91b45bcf6e2182df29a4d571138585e6e4df858748cf75eea9a37e66556,23
2026-09-23T23-05-23-489Z_n-sweep_1-2-4-8-16-32-50,V2,,4,D-voto,,,vote,2,against,,0x56781388,,65316,1,,0x353257a6f53d83324a1cb22ddde6dd95f1a81407049e1fb04f6a578cea449f20,23
2026-09-23T23-05-23-489Z_n-sweep_1-2-4-8-16-32-50,V2,,4,D-voto,,,vote,3,against,,0x56781388,,65316,1,,0x7e6461cb95626615ae73552d39039cb0c31c2e8c843d549a692f6ab5f08afafe,23
2026-09-23T23-05-23-489Z_n-sweep_1-2-4-8-16-32-50,V2,,4,D-voto,,,execute_attempt,,,execute,0x2656227d,WasteCategoryRegistry.updateCredits,40422,0,"VM Exception while processing transaction: reverted with custom error 'GovernorUnexpectedProposalState(34922044979794725566336184139775553485941492952011426410851986792698946661089, 3, '0x0000000000000000000000000000000000000000000000000000000000000030')'",0xf52a9df1530bf0bc3bf7c908ccadecda1aab2c91dbf0278741ae9c71364c2224,23
2026-09-23T23-05-23-489Z_n-sweep_1-2-4-8-16-32-50,Ref,T1,,,,,deploy_token_T1,,,constructor,0x61016060,,1621017,1,,0x8a423d158719dafa7ff4b82bcd6f6a5661f61c993e6aaede0acbe21a849af082,24
2026-09-23T23-05-23-489Z_n-sweep_1-2-4-8-16-32-50,Ref,,,,,,deploy_registry,,,constructor,0x60806040,,4590964,1,,0x9005486642112873086c0faf3a06ce7199e3377186a80eb6eea4235f5e1c6f56,24
2026-09-23T23-05-23-489Z_n-sweep_1-2-4-8-16-32-50,Ref,,,,,,deploy_rewards_registry_for_ctor,,,constructor,0x60806040,,4590964,1,,0x484f4210d177094deb4832deb5e459c708c732becb1881e1d1417503c177d84a,24
2026-09-23T23-05-23-489Z_n-sweep_1-2-4-8-16-32-50,Ref,,,,,,deploy_credit,,,constructor,0x60806040,,931954,1,,0xda6265176213799bfac2d03545eb38f6f6d6d978852db5e040dec6bdc95b6a46,24
2026-09-23T23-05-23-489Z_n-sweep_1-2-4-8-16-32-50,Ref,,,,,,deploy_passport,,,constructor,0x60806040,,2776581,1,,0xe5a36162780b85ac2b217350036da2286056186a02d74234dd0980865a07c217,24
2026-09-23T23-05-23-489Z_n-sweep_1-2-4-8-16-32-50,Ref,,,,,,deploy_rewards,,,constructor,0x60803461,,1246140,1,,0x748f3eef423a29001e508633e407c909b25f0e6a89b560856468f0ac6655c439,24
2026-09-23T23-05-23-489Z_n-sweep_1-2-4-8-16-32-50,Ref,,,,,,deploy_stakeholders,,,constructor,0x60803461,,1679823,1,,0xd4be2e468d589ae7e76ff2c292757707613e73c2a9e8f4c774280b5fd0991072,24
2026-09-23T23-05-23-489Z_n-sweep_1-2-4-8-16-32-50,Ref,,,,,,deploy_governor_Ref,,,constructor,0x61018060,,4434623,1,,0xd1b6a3d1f944bdfe5c399ebf7a1e6ed8a76e5b5acd93cdfc3d211571cbc50a6e,24
2026-09-23T23-05-23-489Z_n-sweep_1-2-4-8-16-32-50,Ref,,,,,,grant_admin_role,,,grantRole,0x2f2ff15d,,50799,1,,0x9477ec21ceecb8e71e570a8e5c711d060981c6dc53217d4071b2c7d012604374,24
2026-09-23T23-05-23-489Z_n-sweep_1-2-4-8-16-32-50,Ref,,,,,,revoke_deployer_admin_role,,,revokeRole,0xd547741f,,27116,1,,0x4571f6b2b82c72e95dbfd028346a3c95cee362f1cdc4e946338a9d1e56d58c09,24
2026-09-23T23-05-23-489Z_n-sweep_1-2-4-8-16-32-50,Ref,,4,D-voto,,,delegate_admin,,,,0x5c19a95c,,95559,1,,0xfca7f8e34a7a367a38495092e6c6ae53f6f6bbc6c6cdd047fed83c770b76a8c9,24
2026-09-23T23-05-23-489Z_n-sweep_1-2-4-8-16-32-50,Ref,,4,D-voto,,,delegate,,,,0x5c19a95c,,48347,1,,0x2f1db724527155bbb87015320f4de9a632dd20bb0d57eddcbd649b18207511a9,24
2026-09-23T23-05-23-489Z_n-sweep_1-2-4-8-16-32-50,Ref,,4,D-voto,,,delegate,,,,0x5c19a95c,,48335,1,,0x8b0e52e67c302dbb4252eb6f968ee138c191eb8205be72d37b64b0c5ee99cc0e,24
2026-09-23T23-05-23-489Z_n-sweep_1-2-4-8-16-32-50,Ref,,4,D-voto,,,delegate,,,,0x5c19a95c,,48347,1,,0x1a5bd05dacedf9e3acc8ca8d92b6aea9cf2aa84f70c77d04dab2d0257070356f,24
2026-09-23T23-05-23-489Z_n-sweep_1-2-4-8-16-32-50,Ref,,4,D-voto,,,delegate,,,,0x5c19a95c,,48347,1,,0x05f7d9fd7d2dcae80248756e17e23af4963c07b10ebe32e7c079f468806ce249,24
2026-09-23T23-05-23-489Z_n-sweep_1-2-4-8-16-32-50,Ref,,4,D-voto,,,transfer,,,,0xa9059cbb,,135960,1,,0xc9d809ca335bf1d5ced4527901b0550905cf37979ffb752c91a4f93e12b228a1,24
2026-09-23T23-05-23-489Z_n-sweep_1-2-4-8-16-32-50,Ref,,4,D-voto,,,transfer,,,,0xa9059cbb,,135948,1,,0xc2f67b0c8c6bce22fdbe4538fd277d34e8df9d4aacf849ba0f3e7710c10b8be4,24
2026-09-23T23-05-23-489Z_n-sweep_1-2-4-8-16-32-50,Ref,,4,D-voto,,,transfer,,,,0xa9059cbb,,135960,1,,0xc7a976d94ddbb9ac6c5e676faa1b8bf2463e2ff3d8d2248dc8a6f3a9cd76b1a4,24
2026-09-23T23-05-23-489Z_n-sweep_1-2-4-8-16-32-50,Ref,,4,D-voto,,,transfer,,,,0xa9059cbb,,135960,1,,0xce781ec8491509024d0c5d88655d22745102938a8389f2acff845c957405c8fe,24
2026-09-23T23-05-23-489Z_n-sweep_1-2-4-8-16-32-50,Ref,,4,D-voto,,,propose,,,propose,0x7d5e81e2,WasteCategoryRegistry.updateCredits,78364,1,,0x471026779cfcc040552fee361554b4049621ee6b39344e9fbf00ac8f0e07a945,24
2026-09-23T23-05-23-489Z_n-sweep_1-2-4-8-16-32-50,Ref,,4,D-voto,,,vote,1,for,,0x56781388,,83098,1,,0xcd0f1641ed9fceb6bc9f295c9a70086bfb470a7f040c5a25e837218ac7569aa9,24
2026-09-23T23-05-23-489Z_n-sweep_1-2-4-8-16-32-50,Ref,,4,D-voto,,,vote,1,against,,0x56781388,,83057,1,,0x7c56941be56a35b2dd0e68679dbe3723206eb7693a7d8950528a63504770c267,24
2026-09-23T23-05-23-489Z_n-sweep_1-2-4-8-16-32-50,Ref,,4,D-voto,,,vote,2,against,,0x56781388,,65957,1,,0xc4ae77906ffe68f84726f06e129e027700ce308fcb7797bf33ae550b9940d40c,24
2026-09-23T23-05-23-489Z_n-sweep_1-2-4-8-16-32-50,Ref,,4,D-voto,,,vote,3,against,,0x56781388,,65957,1,,0x6d8a9165502bda12c702f292b95a5bae7f70760262b9b8f4448a2432ec6f2ee8,24
2026-09-23T23-05-23-489Z_n-sweep_1-2-4-8-16-32-50,Ref,,4,D-voto,,,execute_attempt,,,execute,0x2656227d,WasteCategoryRegistry.updateCredits,51452,0,"VM Exception while processing transaction: reverted with custom error 'GovernorUnexpectedProposalState(34922044979794725566336184139775553485941492952011426410851986792698946661089, 3, '0x0000000000000000000000000000000000000000000000000000000000000030')'",0xcef995f0c168c8fa5454e8d56c0ae97d1694a11a61690d1a1929e627e44b61e0,24
2026-09-23T23-05-23-489Z_n-sweep_1-2-4-8-16-32-50,V0,T1,,,,,deploy_token_T1,,,constructor,0x61016060,,1621017,1,,0xece28f063ba256e8fc65152daf61fe745a7823e8ba387b1b661409f18f6dc4cc,25
2026-09-23T23-05-23-489Z_n-sweep_1-2-4-8-16-32-50,V0,,,,,,deploy_registry,,,constructor,0x60806040,,4590964,1,,0x9005486642112873086c0faf3a06ce7199e3377186a80eb6eea4235f5e1c6f56,25
2026-09-23T23-05-23-489Z_n-sweep_1-2-4-8-16-32-50,V0,,,,,,deploy_governor_V0,,,constructor,0x6101c080,,2133394,1,,0x8b33a795df9df0e5a3cb812430955580d1fb4f654a6028dd161238e13d560524,25
2026-09-23T23-05-23-489Z_n-sweep_1-2-4-8-16-32-50,V0,,,,,,grant_admin_role,,,grantRole,0x2f2ff15d,,50799,1,,0xb518a3911be32f0a59dcaec3e43c7ec54010f07f3e473d550516b1aab1a18d6b,25
2026-09-23T23-05-23-489Z_n-sweep_1-2-4-8-16-32-50,V0,,,,,,revoke_deployer_admin_role,,,revokeRole,0xd547741f,,27116,1,,0x8cb08b8b6ca45600b76a431b4cd18aee2095374e00c890903bfaa28d83b5f82b,25
2026-09-23T23-05-23-489Z_n-sweep_1-2-4-8-16-32-50,V0,,4,E-empate,,,delegate_admin,,,,0x5c19a95c,,95559,1,,0xfa43c1f7a1a1658c8aeac58119b26e806face10fc63ae3e18099942309f4d395,25
2026-09-23T23-05-23-489Z_n-sweep_1-2-4-8-16-32-50,V0,,4,E-empate,,,delegate,,,,0x5c19a95c,,48347,1,,0xf96ae171d39b1290c248e3ee88c92c43e24751ff4aacf46bad404cad29a33e37,25
2026-09-23T23-05-23-489Z_n-sweep_1-2-4-8-16-32-50,V0,,4,E-empate,,,delegate,,,,0x5c19a95c,,48335,1,,0x65ff74d2610d5c80f16dc62aa4e01b339a9ecd8c95911ae092d678a9792cdcb8,25
2026-09-23T23-05-23-489Z_n-sweep_1-2-4-8-16-32-50,V0,,4,E-empate,,,delegate,,,,0x5c19a95c,,48347,1,,0xb06e4e18b389cc3c69848b844c44927f26087a909c0e4532a1ba892e8d7bac4c,25
2026-09-23T23-05-23-489Z_n-sweep_1-2-4-8-16-32-50,V0,,4,E-empate,,,delegate,,,,0x5c19a95c,,48347,1,,0xfdc5c4ae6e458adbd0780d18d4ef20dca6b7a02f3efff2f7c0eec7590e340a41,25
2026-09-23T23-05-23-489Z_n-sweep_1-2-4-8-16-32-50,V0,,4,E-empate,,,transfer,,,,0xa9059cbb,,135960,1,,0x8454fc46ee821c3b2e361f5144a061d86784f9997e338307310e0d19163df808,25
2026-09-23T23-05-23-489Z_n-sweep_1-2-4-8-16-32-50,V0,,4,E-empate,,,transfer,,,,0xa9059cbb,,135948,1,,0x8870895cfed9782a0c87d7563be137d4b9eb71a3e6fb289269e4f17cabd52fdb,25
2026-09-23T23-05-23-489Z_n-sweep_1-2-4-8-16-32-50,V0,,4,E-empate,,,transfer,,,,0xa9059cbb,,135960,1,,0x46bab4cc12531dfe80a58ebb740a466e6ec4448aaa633c9f8445d39d73991440,25
2026-09-23T23-05-23-489Z_n-sweep_1-2-4-8-16-32-50,V0,,4,E-empate,,,transfer,,,,0xa9059cbb,,135960,1,,0x058cb17e428a1f84b783d8df7e02876248e876aeeb0c73b24b5397f401270264,25
2026-09-23T23-05-23-489Z_n-sweep_1-2-4-8-16-32-50,V0,,4,E-empate,,,propose,,,propose,0x7d5e81e2,WasteCategoryRegistry.updateCredits,63327,1,,0x92a1f95867ce3fbc712e8e585a042359a2556f1cea441f9bffa5be179086b3e0,25
2026-09-23T23-05-23-489Z_n-sweep_1-2-4-8-16-32-50,V0,,4,E-empate,,,vote,1,for,,0x56781388,,81899,1,,0x2eb573d2d9d98d7ba7aee4b10da27b354c81eee0579c975d8c23e3a26c0938c4,25
2026-09-23T23-05-23-489Z_n-sweep_1-2-4-8-16-32-50,V0,,4,E-empate,,,vote,2,for,,0x56781388,,64799,1,,0xdebf1e4f39d6bc9bf75ecc6a31982f45c6296564c272199b51755ef8d79f9cb6,25
2026-09-23T23-05-23-489Z_n-sweep_1-2-4-8-16-32-50,V0,,4,E-empate,,,vote,1,against,,0x56781388,,81847,1,,0xd6e621c4a88f139901d0d247121a0f28e0bdd65012afeebddc23159311d3ec2c,25
2026-09-23T23-05-23-489Z_n-sweep_1-2-4-8-16-32-50,V0,,4,E-empate,,,vote,2,against,,0x56781388,,64747,1,,0xaed752b5f441e2115ff5b135ce730b13433d8ed460e222c4c24075a4dd5c0d7b,25
2026-09-23T23-05-23-489Z_n-sweep_1-2-4-8-16-32-50,V0,,4,E-empate,,,execute_attempt,,,execute,0x2656227d,WasteCategoryRegistry.updateCredits,40382,0,"VM Exception while processing transaction: reverted with custom error 'GovernorUnexpectedProposalState(34504113396919476623946469135307159892944281960272857014865701264551010607659, 3, '0x0000000000000000000000000000000000000000000000000000000000000030')'",0xbcb69a0e354990c4c4cd26db82b3f7107e7c4bd93edd083735e200772cca2e85,25
2026-09-23T23-05-23-489Z_n-sweep_1-2-4-8-16-32-50,V1,T1,,,,,deploy_token_T1,,,constructor,0x61016060,,1621017,1,,0xece28f063ba256e8fc65152daf61fe745a7823e8ba387b1b661409f18f6dc4cc,26
2026-09-23T23-05-23-489Z_n-sweep_1-2-4-8-16-32-50,V1,,,,,,deploy_registry,,,constructor,0x60806040,,4590964,1,,0x9005486642112873086c0faf3a06ce7199e3377186a80eb6eea4235f5e1c6f56,26
2026-09-23T23-05-23-489Z_n-sweep_1-2-4-8-16-32-50,V1,,,,,,deploy_governor_V1,,,constructor,0x6101c080,,2141155,1,,0xcbf032b87647649d09648621f7d61fb312aee4174486ee6f404819243ac59ca9,26
2026-09-23T23-05-23-489Z_n-sweep_1-2-4-8-16-32-50,V1,,,,,,grant_admin_role,,,grantRole,0x2f2ff15d,,50799,1,,0xfdc9a3875129e16eb4a0e6527cfb2e5662449c13660398cf3b7c723db6d0e009,26
2026-09-23T23-05-23-489Z_n-sweep_1-2-4-8-16-32-50,V1,,,,,,revoke_deployer_admin_role,,,revokeRole,0xd547741f,,27116,1,,0xc189311656167d1c4c211ee1c4f5143a8df64ff72cb449ebf7ec77ff2fd0bcbb,26
2026-09-23T23-05-23-489Z_n-sweep_1-2-4-8-16-32-50,V1,,4,E-empate,,,delegate_admin,,,,0x5c19a95c,,95559,1,,0xd4695df7ceba86e36d8d32ccf756640823a0c1b729cf20e3a0b632c08e38ee6a,26
2026-09-23T23-05-23-489Z_n-sweep_1-2-4-8-16-32-50,V1,,4,E-empate,,,delegate,,,,0x5c19a95c,,48347,1,,0x81d5bf8e96fad9ce8b5230dc73abbeb313b25fcb2932728690f357e6b4e905b9,26
2026-09-23T23-05-23-489Z_n-sweep_1-2-4-8-16-32-50,V1,,4,E-empate,,,delegate,,,,0x5c19a95c,,48335,1,,0x92147b8c796bc2b0f21acc979799bbf4c5b5033d9d67806a8ad6842fe03d41df,26
2026-09-23T23-05-23-489Z_n-sweep_1-2-4-8-16-32-50,V1,,4,E-empate,,,delegate,,,,0x5c19a95c,,48347,1,,0xfff43b85310b182c6fdaa6a0b82056393aba2572b23e543b42f064dc4690e2fc,26
2026-09-23T23-05-23-489Z_n-sweep_1-2-4-8-16-32-50,V1,,4,E-empate,,,delegate,,,,0x5c19a95c,,48347,1,,0xd65054394087a126f7201b8caf565d34e4b8e2c37299a2eb2e8e1e169e8753b2,26
2026-09-23T23-05-23-489Z_n-sweep_1-2-4-8-16-32-50,V1,,4,E-empate,,,transfer,,,,0xa9059cbb,,135960,1,,0x8f71c833d28c879e3a9877445de3ff7f5ccc748e785a983cf06fd9ef4931b6e7,26
2026-09-23T23-05-23-489Z_n-sweep_1-2-4-8-16-32-50,V1,,4,E-empate,,,transfer,,,,0xa9059cbb,,135948,1,,0xb306ff70e787167818f1b8d2e3646dbb1802f502a789294577101fb126d34356,26
2026-09-23T23-05-23-489Z_n-sweep_1-2-4-8-16-32-50,V1,,4,E-empate,,,transfer,,,,0xa9059cbb,,135960,1,,0x66f2d10db29510ce6557eb69a744bdcfedcf375f00cc2361ed669313673aba99,26
2026-09-23T23-05-23-489Z_n-sweep_1-2-4-8-16-32-50,V1,,4,E-empate,,,transfer,,,,0xa9059cbb,,135960,1,,0x2c645216339ebcd8c7add24fbac61782325f2f09ad45787acf8c4f7fa2f7b533,26
2026-09-23T23-05-23-489Z_n-sweep_1-2-4-8-16-32-50,V1,,4,E-empate,,,propose,,,propose,0x7d5e81e2,WasteCategoryRegistry.updateCredits,63327,1,,0x8f12087ec9c57f7a0cde928915e67c2c4b540eae41d51e4e7913c72cb1b7617a,26
2026-09-23T23-05-23-489Z_n-sweep_1-2-4-8-16-32-50,V1,,4,E-empate,,,vote,1,for,,0x56781388,,82468,1,,0xb9de99cf88546e1a91fa803b0090b9ef3003e1f37a8421ef0840d4232241a19c,26
2026-09-23T23-05-23-489Z_n-sweep_1-2-4-8-16-32-50,V1,,4,E-empate,,,vote,2,for,,0x56781388,,65368,1,,0x7104298b401630d836dc86b4c795d67f687d8d78e3c79f1ea43873039071a0cc,26
2026-09-23T23-05-23-489Z_n-sweep_1-2-4-8-16-32-50,V1,,4,E-empate,,,vote,1,against,,0x56781388,,82416,1,,0x9578cde4ec061db7ed6ba4de45cf9d9ebdc27b41012895622319a9cbf01092d8,26
2026-09-23T23-05-23-489Z_n-sweep_1-2-4-8-16-32-50,V1,,4,E-empate,,,vote,2,against,,0x56781388,,65316,1,,0xd6b0bb2a4f3e67e15dd75ff4abbb8bd284c58bab37deb45bf0f1a9f7edb8cba8,26
2026-09-23T23-05-23-489Z_n-sweep_1-2-4-8-16-32-50,V1,,4,E-empate,,,execute_attempt,,,execute,0x2656227d,WasteCategoryRegistry.updateCredits,40382,0,"VM Exception while processing transaction: reverted with custom error 'GovernorUnexpectedProposalState(34504113396919476623946469135307159892944281960272857014865701264551010607659, 3, '0x0000000000000000000000000000000000000000000000000000000000000030')'",0xd13389f06a62dbe73f5db0c7711b439bc7d0c65028a2952acb9cc7881ba98532,26
2026-09-23T23-05-23-489Z_n-sweep_1-2-4-8-16-32-50,V2,T1,,,,,deploy_token_T1,,,constructor,0x61016060,,1621017,1,,0xece28f063ba256e8fc65152daf61fe745a7823e8ba387b1b661409f18f6dc4cc,27
2026-09-23T23-05-23-489Z_n-sweep_1-2-4-8-16-32-50,V2,,,,,,deploy_registry,,,constructor,0x60806040,,4590964,1,,0x9005486642112873086c0faf3a06ce7199e3377186a80eb6eea4235f5e1c6f56,27
2026-09-23T23-05-23-489Z_n-sweep_1-2-4-8-16-32-50,V2,,,,,,deploy_governor_V2,,,constructor,0x6101e080,,2178840,1,,0xa32c9f3d540c0ae9eee563ea02a53e3c1648afde51e09209202bc2912d9a8532,27
2026-09-23T23-05-23-489Z_n-sweep_1-2-4-8-16-32-50,V2,,,,,,grant_admin_role,,,grantRole,0x2f2ff15d,,50799,1,,0x0482dd737ad13e5cf9f342f77b7f4c8d4a60575e6613b501a7a433855227e65d,27
2026-09-23T23-05-23-489Z_n-sweep_1-2-4-8-16-32-50,V2,,,,,,revoke_deployer_admin_role,,,revokeRole,0xd547741f,,27116,1,,0xbf6c6756b6e885a31717a4b56f3c4fc35da4780ca84e075711ea97189f58ea3d,27
2026-09-23T23-05-23-489Z_n-sweep_1-2-4-8-16-32-50,V2,,4,E-empate,,,delegate_admin,,,,0x5c19a95c,,95559,1,,0xe4ed125ff7fcf34a784094393e69d7b32184f90f45a88cf0e398ac5fe2329d50,27
2026-09-23T23-05-23-489Z_n-sweep_1-2-4-8-16-32-50,V2,,4,E-empate,,,delegate,,,,0x5c19a95c,,48347,1,,0x8e5cf2e817455991c3f88244f29b95e3c5703efb253d16587c3e019ace8ed4aa,27
2026-09-23T23-05-23-489Z_n-sweep_1-2-4-8-16-32-50,V2,,4,E-empate,,,delegate,,,,0x5c19a95c,,48335,1,,0x3a4d0b938991cc6665fddf48aab742d27a2480134e4cb1cf5b844b9724575405,27
2026-09-23T23-05-23-489Z_n-sweep_1-2-4-8-16-32-50,V2,,4,E-empate,,,delegate,,,,0x5c19a95c,,48347,1,,0x8df16e2387da0d9fa03469e487a72815c7ad0f22d2e3631bfcd3e8532e84566f,27
2026-09-23T23-05-23-489Z_n-sweep_1-2-4-8-16-32-50,V2,,4,E-empate,,,delegate,,,,0x5c19a95c,,48347,1,,0x95612e3ccf4e98f664cb62c90a18fd3142e8f5668db18fb82a400652a6b96b06,27
2026-09-23T23-05-23-489Z_n-sweep_1-2-4-8-16-32-50,V2,,4,E-empate,,,transfer,,,,0xa9059cbb,,135960,1,,0x3558cad685994c37044c2f00b8b4c7de324f0ee86bcec98f244b7ad81088ae35,27
2026-09-23T23-05-23-489Z_n-sweep_1-2-4-8-16-32-50,V2,,4,E-empate,,,transfer,,,,0xa9059cbb,,135948,1,,0x529fa9953c8c684549471275424870997cf2e2a9ecf2b0e4939ff68ff78e080d,27
2026-09-23T23-05-23-489Z_n-sweep_1-2-4-8-16-32-50,V2,,4,E-empate,,,transfer,,,,0xa9059cbb,,135960,1,,0x3aa1a98412da82522f8ff4a1d16ee718b64d1d11e67ba2195e962875ba373fcb,27
2026-09-23T23-05-23-489Z_n-sweep_1-2-4-8-16-32-50,V2,,4,E-empate,,,transfer,,,,0xa9059cbb,,135960,1,,0xf2a6471b40edcc321f4fe3279d8384ee853dabb52a43039c6dfbb622e11a7f66,27
2026-09-23T23-05-23-489Z_n-sweep_1-2-4-8-16-32-50,V2,,4,E-empate,,,propose,,,propose,0x7d5e81e2,WasteCategoryRegistry.updateCredits,63327,1,,0x54af7196ccf6eac0f64f42bc12c5ba012ffb0fbb0657d980f717a4604b498d07,27
2026-09-23T23-05-23-489Z_n-sweep_1-2-4-8-16-32-50,V2,,4,E-empate,,,vote,1,for,,0x56781388,,82468,1,,0xa7d5a5c470679b22a5387078046251d760f18a4ee83ab7bf4bf0610d90c337f7,27
2026-09-23T23-05-23-489Z_n-sweep_1-2-4-8-16-32-50,V2,,4,E-empate,,,vote,2,for,,0x56781388,,65368,1,,0x5fec1b71346e6c3af7bfcc03849a6eb4624ee04b6165d2482162e41746d8c187,27
2026-09-23T23-05-23-489Z_n-sweep_1-2-4-8-16-32-50,V2,,4,E-empate,,,vote,1,against,,0x56781388,,82416,1,,0x56ff1ea57c361cd14cc4a1fd99d5d901b06ab878d1824609e519ce60aa8f0d09,27
2026-09-23T23-05-23-489Z_n-sweep_1-2-4-8-16-32-50,V2,,4,E-empate,,,vote,2,against,,0x56781388,,65316,1,,0x7ba536539a0a6fb3fd0c3b652f07822db21264f86a2a0cb6f09825f82256aab6,27
2026-09-23T23-05-23-489Z_n-sweep_1-2-4-8-16-32-50,V2,,4,E-empate,,,execute_attempt,,,execute,0x2656227d,WasteCategoryRegistry.updateCredits,40422,0,"VM Exception while processing transaction: reverted with custom error 'GovernorUnexpectedProposalState(34504113396919476623946469135307159892944281960272857014865701264551010607659, 3, '0x0000000000000000000000000000000000000000000000000000000000000030')'",0x24c36c2272027a00ff3520881742b89f8f9bd3b03c6dcd8cbbfd8120a666fca9,27
2026-09-23T23-05-23-489Z_n-sweep_1-2-4-8-16-32-50,Ref,T1,,,,,deploy_token_T1,,,constructor,0x61016060,,1621017,1,,0x8a423d158719dafa7ff4b82bcd6f6a5661f61c993e6aaede0acbe21a849af082,28
2026-09-23T23-05-23-489Z_n-sweep_1-2-4-8-16-32-50,Ref,,,,,,deploy_registry,,,constructor,0x60806040,,4590964,1,,0x9005486642112873086c0faf3a06ce7199e3377186a80eb6eea4235f5e1c6f56,28
2026-09-23T23-05-23-489Z_n-sweep_1-2-4-8-16-32-50,Ref,,,,,,deploy_rewards_registry_for_ctor,,,constructor,0x60806040,,4590964,1,,0x484f4210d177094deb4832deb5e459c708c732becb1881e1d1417503c177d84a,28
2026-09-23T23-05-23-489Z_n-sweep_1-2-4-8-16-32-50,Ref,,,,,,deploy_credit,,,constructor,0x60806040,,931954,1,,0xda6265176213799bfac2d03545eb38f6f6d6d978852db5e040dec6bdc95b6a46,28
2026-09-23T23-05-23-489Z_n-sweep_1-2-4-8-16-32-50,Ref,,,,,,deploy_passport,,,constructor,0x60806040,,2776581,1,,0xe5a36162780b85ac2b217350036da2286056186a02d74234dd0980865a07c217,28
2026-09-23T23-05-23-489Z_n-sweep_1-2-4-8-16-32-50,Ref,,,,,,deploy_rewards,,,constructor,0x60803461,,1246140,1,,0x748f3eef423a29001e508633e407c909b25f0e6a89b560856468f0ac6655c439,28
2026-09-23T23-05-23-489Z_n-sweep_1-2-4-8-16-32-50,Ref,,,,,,deploy_stakeholders,,,constructor,0x60803461,,1679823,1,,0xd4be2e468d589ae7e76ff2c292757707613e73c2a9e8f4c774280b5fd0991072,28
2026-09-23T23-05-23-489Z_n-sweep_1-2-4-8-16-32-50,Ref,,,,,,deploy_governor_Ref,,,constructor,0x61018060,,4434623,1,,0xd1b6a3d1f944bdfe5c399ebf7a1e6ed8a76e5b5acd93cdfc3d211571cbc50a6e,28
2026-09-23T23-05-23-489Z_n-sweep_1-2-4-8-16-32-50,Ref,,,,,,grant_admin_role,,,grantRole,0x2f2ff15d,,50799,1,,0x9477ec21ceecb8e71e570a8e5c711d060981c6dc53217d4071b2c7d012604374,28
2026-09-23T23-05-23-489Z_n-sweep_1-2-4-8-16-32-50,Ref,,,,,,revoke_deployer_admin_role,,,revokeRole,0xd547741f,,27116,1,,0x4571f6b2b82c72e95dbfd028346a3c95cee362f1cdc4e946338a9d1e56d58c09,28
2026-09-23T23-05-23-489Z_n-sweep_1-2-4-8-16-32-50,Ref,,4,E-empate,,,delegate_admin,,,,0x5c19a95c,,95559,1,,0xfca7f8e34a7a367a38495092e6c6ae53f6f6bbc6c6cdd047fed83c770b76a8c9,28
2026-09-23T23-05-23-489Z_n-sweep_1-2-4-8-16-32-50,Ref,,4,E-empate,,,delegate,,,,0x5c19a95c,,48347,1,,0x2f1db724527155bbb87015320f4de9a632dd20bb0d57eddcbd649b18207511a9,28
2026-09-23T23-05-23-489Z_n-sweep_1-2-4-8-16-32-50,Ref,,4,E-empate,,,delegate,,,,0x5c19a95c,,48335,1,,0x8b0e52e67c302dbb4252eb6f968ee138c191eb8205be72d37b64b0c5ee99cc0e,28
2026-09-23T23-05-23-489Z_n-sweep_1-2-4-8-16-32-50,Ref,,4,E-empate,,,delegate,,,,0x5c19a95c,,48347,1,,0x1a5bd05dacedf9e3acc8ca8d92b6aea9cf2aa84f70c77d04dab2d0257070356f,28
2026-09-23T23-05-23-489Z_n-sweep_1-2-4-8-16-32-50,Ref,,4,E-empate,,,delegate,,,,0x5c19a95c,,48347,1,,0x05f7d9fd7d2dcae80248756e17e23af4963c07b10ebe32e7c079f468806ce249,28
2026-09-23T23-05-23-489Z_n-sweep_1-2-4-8-16-32-50,Ref,,4,E-empate,,,transfer,,,,0xa9059cbb,,135960,1,,0xc9d809ca335bf1d5ced4527901b0550905cf37979ffb752c91a4f93e12b228a1,28
2026-09-23T23-05-23-489Z_n-sweep_1-2-4-8-16-32-50,Ref,,4,E-empate,,,transfer,,,,0xa9059cbb,,135948,1,,0xc2f67b0c8c6bce22fdbe4538fd277d34e8df9d4aacf849ba0f3e7710c10b8be4,28
2026-09-23T23-05-23-489Z_n-sweep_1-2-4-8-16-32-50,Ref,,4,E-empate,,,transfer,,,,0xa9059cbb,,135960,1,,0xc7a976d94ddbb9ac6c5e676faa1b8bf2463e2ff3d8d2248dc8a6f3a9cd76b1a4,28
2026-09-23T23-05-23-489Z_n-sweep_1-2-4-8-16-32-50,Ref,,4,E-empate,,,transfer,,,,0xa9059cbb,,135960,1,,0xce781ec8491509024d0c5d88655d22745102938a8389f2acff845c957405c8fe,28
2026-09-23T23-05-23-489Z_n-sweep_1-2-4-8-16-32-50,Ref,,4,E-empate,,,propose,,,propose,0x7d5e81e2,WasteCategoryRegistry.updateCredits,78388,1,,0x9835763263c8d0ee0157898e05c4360f71788fafa24755634c1f8b99e66bf91e,28
2026-09-23T23-05-23-489Z_n-sweep_1-2-4-8-16-32-50,Ref,,4,E-empate,,,vote,1,for,,0x56781388,,83098,1,,0xe91ca1527a02ffcf84b4b1b7a863d2102f0b0cc2b7cb0b07ae23a64b25f633ef,28
2026-09-23T23-05-23-489Z_n-sweep_1-2-4-8-16-32-50,Ref,,4,E-empate,,,vote,2,for,,0x56781388,,65998,1,,0xb423962ac93b329b28a0af810b3411b838824ef04de9b39ca840f7763fdbb596,28
2026-09-23T23-05-23-489Z_n-sweep_1-2-4-8-16-32-50,Ref,,4,E-empate,,,vote,1,against,,0x56781388,,83057,1,,0x09026e9f9abbff18629c464485cb5451596ef57f1f3dfa4d26fa5ea91a138807,28
2026-09-23T23-05-23-489Z_n-sweep_1-2-4-8-16-32-50,Ref,,4,E-empate,,,vote,2,against,,0x56781388,,65957,1,,0x4e343c0a64d4dd1f3e8587432df672b50f109df9306ba11e292c873c2dd2d599,28
2026-09-23T23-05-23-489Z_n-sweep_1-2-4-8-16-32-50,Ref,,4,E-empate,,,execute_attempt,,,execute,0x2656227d,WasteCategoryRegistry.updateCredits,51452,0,"VM Exception while processing transaction: reverted with custom error 'GovernorUnexpectedProposalState(34504113396919476623946469135307159892944281960272857014865701264551010607659, 3, '0x0000000000000000000000000000000000000000000000000000000000000030')'",0x5c69bafa0d8b5ca46f6bdeb6772e6147eee9a64b25eb29a8d70653f249c27ec3,28
2026-09-23T23-05-23-489Z_n-sweep_1-2-4-8-16-32-50,V0,T1,,,,,deploy_token_T1,,,constructor,0x61016060,,1621017,1,,0xece28f063ba256e8fc65152daf61fe745a7823e8ba387b1b661409f18f6dc4cc,29
2026-09-23T23-05-23-489Z_n-sweep_1-2-4-8-16-32-50,V0,,,,,,deploy_registry,,,constructor,0x60806040,,4590964,1,,0x9005486642112873086c0faf3a06ce7199e3377186a80eb6eea4235f5e1c6f56,29
2026-09-23T23-05-23-489Z_n-sweep_1-2-4-8-16-32-50,V0,,,,,,deploy_governor_V0,,,constructor,0x6101c080,,2133394,1,,0x8b33a795df9df0e5a3cb812430955580d1fb4f654a6028dd161238e13d560524,29
2026-09-23T23-05-23-489Z_n-sweep_1-2-4-8-16-32-50,V0,,,,,,grant_admin_role,,,grantRole,0x2f2ff15d,,50799,1,,0xb518a3911be32f0a59dcaec3e43c7ec54010f07f3e473d550516b1aab1a18d6b,29
2026-09-23T23-05-23-489Z_n-sweep_1-2-4-8-16-32-50,V0,,,,,,revoke_deployer_admin_role,,,revokeRole,0xd547741f,,27116,1,,0x8cb08b8b6ca45600b76a431b4cd18aee2095374e00c890903bfaa28d83b5f82b,29
2026-09-23T23-05-23-489Z_n-sweep_1-2-4-8-16-32-50,V0,,8,A-unanime,,,delegate_admin,,,,0x5c19a95c,,95559,1,,0xfa43c1f7a1a1658c8aeac58119b26e806face10fc63ae3e18099942309f4d395,29
2026-09-23T23-05-23-489Z_n-sweep_1-2-4-8-16-32-50,V0,,8,A-unanime,,,delegate,,,,0x5c19a95c,,48347,1,,0xf96ae171d39b1290c248e3ee88c92c43e24751ff4aacf46bad404cad29a33e37,29
2026-09-23T23-05-23-489Z_n-sweep_1-2-4-8-16-32-50,V0,,8,A-unanime,,,delegate,,,,0x5c19a95c,,48335,1,,0x65ff74d2610d5c80f16dc62aa4e01b339a9ecd8c95911ae092d678a9792cdcb8,29
2026-09-23T23-05-23-489Z_n-sweep_1-2-4-8-16-32-50,V0,,8,A-unanime,,,delegate,,,,0x5c19a95c,,48347,1,,0xb06e4e18b389cc3c69848b844c44927f26087a909c0e4532a1ba892e8d7bac4c,29
2026-09-23T23-05-23-489Z_n-sweep_1-2-4-8-16-32-50,V0,,8,A-unanime,,,delegate,,,,0x5c19a95c,,48347,1,,0xfdc5c4ae6e458adbd0780d18d4ef20dca6b7a02f3efff2f7c0eec7590e340a41,29
2026-09-23T23-05-23-489Z_n-sweep_1-2-4-8-16-32-50,V0,,8,A-unanime,,,delegate,,,,0x5c19a95c,,48347,1,,0x5c4d4bc02e09949d860a2c409a26209335f7c4e4eca7ac13d0e60a5cf0d0f233,29
2026-09-23T23-05-23-489Z_n-sweep_1-2-4-8-16-32-50,V0,,8,A-unanime,,,delegate,,,,0x5c19a95c,,48347,1,,0x8eb2597a239d7d5a9d780141fa850308f21a221b62b2f0b2cd01922a25b294b2,29
2026-09-23T23-05-23-489Z_n-sweep_1-2-4-8-16-32-50,V0,,8,A-unanime,,,delegate,,,,0x5c19a95c,,48347,1,,0x61b0a2cbceae6ab3b47dbad41fbaa57485b4b4545814b177fb76f5e80989f4b6,29
2026-09-23T23-05-23-489Z_n-sweep_1-2-4-8-16-32-50,V0,,8,A-unanime,,,delegate,,,,0x5c19a95c,,48347,1,,0x8e8293e79ce57e8b2bd6c914c167b0ec5858ded7d332cc962607075acbcc0b43,29
2026-09-23T23-05-23-489Z_n-sweep_1-2-4-8-16-32-50,V0,,8,A-unanime,,,transfer,,,,0xa9059cbb,,135960,1,,0x64168a5434eabf73b0837b721544a4cc06ef6a34e1c4450773c58082258dcca0,29
2026-09-23T23-05-23-489Z_n-sweep_1-2-4-8-16-32-50,V0,,8,A-unanime,,,transfer,,,,0xa9059cbb,,135948,1,,0xb4e18f79c6446604effaf109dce94429a512388a43df1126882c8e5cca868b7f,29
2026-09-23T23-05-23-489Z_n-sweep_1-2-4-8-16-32-50,V0,,8,A-unanime,,,transfer,,,,0xa9059cbb,,135960,1,,0xce056104bca756fc0ba8f7fbf1c6b9aff343642e27c04af69ec57f8a64bbcb85,29
2026-09-23T23-05-23-489Z_n-sweep_1-2-4-8-16-32-50,V0,,8,A-unanime,,,transfer,,,,0xa9059cbb,,135960,1,,0x5f3f58d2bb088aa6fc81497c7fc7456836488df613560e6bcb700adf45bfea2a,29
2026-09-23T23-05-23-489Z_n-sweep_1-2-4-8-16-32-50,V0,,8,A-unanime,,,transfer,,,,0xa9059cbb,,135960,1,,0x4e9ed30eb962504e5d56173f8a4b1de130c73b1ca07dce26f8178dcbb537b0fb,29
2026-09-23T23-05-23-489Z_n-sweep_1-2-4-8-16-32-50,V0,,8,A-unanime,,,transfer,,,,0xa9059cbb,,135960,1,,0xd66ce4d198d298bdd4b5dea73866d2000a0ef49ec8a03732e0761dd58681e01d,29
2026-09-23T23-05-23-489Z_n-sweep_1-2-4-8-16-32-50,V0,,8,A-unanime,,,transfer,,,,0xa9059cbb,,135960,1,,0x31c8459ef336643269731c1bb6d02b9a719ad31d14bd890cfbc82f6a2e7d687b,29
2026-09-23T23-05-23-489Z_n-sweep_1-2-4-8-16-32-50,V0,,8,A-unanime,,,transfer,,,,0xa9059cbb,,135960,1,,0x84367e6fcee837f9170bc662ed268d918c68db8b23a8a17d84394aed377a8613,29
2026-09-23T23-05-23-489Z_n-sweep_1-2-4-8-16-32-50,V0,,8,A-unanime,,,propose,,,propose,0x7d5e81e2,WasteCategoryRegistry.updateCredits,63339,1,,0x79a3d62b0d2df061076cc0bb195fd325b920ffac0f12709270cc6be8f9818255,29
2026-09-23T23-05-23-489Z_n-sweep_1-2-4-8-16-32-50,V0,,8,A-unanime,,,vote,1,for,,0x56781388,,81899,1,,0x803c44bb6b6145af6150c058340abae6b676ddb6c430668ff79581563a86760e,29
2026-09-23T23-05-23-489Z_n-sweep_1-2-4-8-16-32-50,V0,,8,A-unanime,,,vote,2,for,,0x56781388,,64799,1,,0xf28351c9595b0a81ecf98b7c9895b761046fe8c8efd6450a061a2578775c4a17,29
2026-09-23T23-05-23-489Z_n-sweep_1-2-4-8-16-32-50,V0,,8,A-unanime,,,vote,3,for,,0x56781388,,64799,1,,0xc13687b34d62ef7d847af7f92af7e0fd530f80829208f9c43db8a4b4615d9b5d,29
2026-09-23T23-05-23-489Z_n-sweep_1-2-4-8-16-32-50,V0,,8,A-unanime,,,vote,4,for,,0x56781388,,64799,1,,0x025993c19442be6efc2267ac3fc4556fa2d29dcba23b643369dbac7e8aff4a7b,29
2026-09-23T23-05-23-489Z_n-sweep_1-2-4-8-16-32-50,V0,,8,A-unanime,,,vote,5,for,,0x56781388,,64799,1,,0xa049740ddbfe932685ee4ccfff1a03b45183ee7ed4cefaadd252ecb467b2e31b,29
2026-09-23T23-05-23-489Z_n-sweep_1-2-4-8-16-32-50,V0,,8,A-unanime,,,vote,6,for,,0x56781388,,64799,1,,0xbf4d5584622dc561fb217f85aeb04c3768bc2ce9b5e3ad4b560f01887f90edd5,29
2026-09-23T23-05-23-489Z_n-sweep_1-2-4-8-16-32-50,V0,,8,A-unanime,,,vote,7,for,,0x56781388,,64799,1,,0x5ceab1d8c7f4db74ca9363c6b756a572e32ab55d498bfa3031b5745484530095,29
2026-09-23T23-05-23-489Z_n-sweep_1-2-4-8-16-32-50,V0,,8,A-unanime,,,vote,8,for,,0x56781388,,64799,1,,0xd6a606ccc7c7c74faf2b7df2bd9527c2a4357638b2812ed9ab30f7e3c695bc21,29
2026-09-23T23-05-23-489Z_n-sweep_1-2-4-8-16-32-50,V0,,8,A-unanime,,,execute,,,execute,0x2656227d,WasteCategoryRegistry.updateCredits,60807,1,,0x8501162c77d2e984e12ac9fcc074b38a8ed3b9a8dd26473d29d791aba0ecaa62,29
2026-09-23T23-05-23-489Z_n-sweep_1-2-4-8-16-32-50,V1,T1,,,,,deploy_token_T1,,,constructor,0x61016060,,1621017,1,,0xece28f063ba256e8fc65152daf61fe745a7823e8ba387b1b661409f18f6dc4cc,30
2026-09-23T23-05-23-489Z_n-sweep_1-2-4-8-16-32-50,V1,,,,,,deploy_registry,,,constructor,0x60806040,,4590964,1,,0x9005486642112873086c0faf3a06ce7199e3377186a80eb6eea4235f5e1c6f56,30
2026-09-23T23-05-23-489Z_n-sweep_1-2-4-8-16-32-50,V1,,,,,,deploy_governor_V1,,,constructor,0x6101c080,,2141155,1,,0xcbf032b87647649d09648621f7d61fb312aee4174486ee6f404819243ac59ca9,30
2026-09-23T23-05-23-489Z_n-sweep_1-2-4-8-16-32-50,V1,,,,,,grant_admin_role,,,grantRole,0x2f2ff15d,,50799,1,,0xfdc9a3875129e16eb4a0e6527cfb2e5662449c13660398cf3b7c723db6d0e009,30
2026-09-23T23-05-23-489Z_n-sweep_1-2-4-8-16-32-50,V1,,,,,,revoke_deployer_admin_role,,,revokeRole,0xd547741f,,27116,1,,0xc189311656167d1c4c211ee1c4f5143a8df64ff72cb449ebf7ec77ff2fd0bcbb,30
2026-09-23T23-05-23-489Z_n-sweep_1-2-4-8-16-32-50,V1,,8,A-unanime,,,delegate_admin,,,,0x5c19a95c,,95559,1,,0xd4695df7ceba86e36d8d32ccf756640823a0c1b729cf20e3a0b632c08e38ee6a,30
2026-09-23T23-05-23-489Z_n-sweep_1-2-4-8-16-32-50,V1,,8,A-unanime,,,delegate,,,,0x5c19a95c,,48347,1,,0x81d5bf8e96fad9ce8b5230dc73abbeb313b25fcb2932728690f357e6b4e905b9,30
2026-09-23T23-05-23-489Z_n-sweep_1-2-4-8-16-32-50,V1,,8,A-unanime,,,delegate,,,,0x5c19a95c,,48335,1,,0x92147b8c796bc2b0f21acc979799bbf4c5b5033d9d67806a8ad6842fe03d41df,30
2026-09-23T23-05-23-489Z_n-sweep_1-2-4-8-16-32-50,V1,,8,A-unanime,,,delegate,,,,0x5c19a95c,,48347,1,,0xfff43b85310b182c6fdaa6a0b82056393aba2572b23e543b42f064dc4690e2fc,30
2026-09-23T23-05-23-489Z_n-sweep_1-2-4-8-16-32-50,V1,,8,A-unanime,,,delegate,,,,0x5c19a95c,,48347,1,,0xd65054394087a126f7201b8caf565d34e4b8e2c37299a2eb2e8e1e169e8753b2,30
2026-09-23T23-05-23-489Z_n-sweep_1-2-4-8-16-32-50,V1,,8,A-unanime,,,delegate,,,,0x5c19a95c,,48347,1,,0x0c6ee11e6f4f09c9119d3c03df89d743f104be74b800d0b47cbfa2e1629e917b,30
2026-09-23T23-05-23-489Z_n-sweep_1-2-4-8-16-32-50,V1,,8,A-unanime,,,delegate,,,,0x5c19a95c,,48347,1,,0x9e4c58d93f5292a4566258e1c10f556eb9dc4074e322b7c357bf5ad65da50cae,30
2026-09-23T23-05-23-489Z_n-sweep_1-2-4-8-16-32-50,V1,,8,A-unanime,,,delegate,,,,0x5c19a95c,,48347,1,,0x6ebf0fe5777b4feb07a84b604e7094e789e104c0aa39284dccf1b9da9c17904e,30
2026-09-23T23-05-23-489Z_n-sweep_1-2-4-8-16-32-50,V1,,8,A-unanime,,,delegate,,,,0x5c19a95c,,48347,1,,0xfe42119cc5b68fbfd433dffe547dcf50b55480a011d31795da0f08ec660c70b3,30
2026-09-23T23-05-23-489Z_n-sweep_1-2-4-8-16-32-50,V1,,8,A-unanime,,,transfer,,,,0xa9059cbb,,135960,1,,0x364926a72ecc473ffcbb0e9b181d54e6f72eeab140f25a9b24544a3e10cab7c7,30
2026-09-23T23-05-23-489Z_n-sweep_1-2-4-8-16-32-50,V1,,8,A-unanime,,,transfer,,,,0xa9059cbb,,135948,1,,0x1e82330c65247db307e915b5788ed34fd87ff6c6b02936ff7c1c6af495a4a8dd,30
2026-09-23T23-05-23-489Z_n-sweep_1-2-4-8-16-32-50,V1,,8,A-unanime,,,transfer,,,,0xa9059cbb,,135960,1,,0x17309f3a1f22d04c586dec981ececfb7fa55b4ba88d0ecb3ca73c50ef27be438,30
2026-09-23T23-05-23-489Z_n-sweep_1-2-4-8-16-32-50,V1,,8,A-unanime,,,transfer,,,,0xa9059cbb,,135960,1,,0xba165ac6fab73acb892a36f5df754a0ee061d768af616d32a2ad01f5c309a217,30
2026-09-23T23-05-23-489Z_n-sweep_1-2-4-8-16-32-50,V1,,8,A-unanime,,,transfer,,,,0xa9059cbb,,135960,1,,0x66f6077ee27e748575b2ec6779230f2fc46c81373f7cae4239d541f1b47af55c,30
2026-09-23T23-05-23-489Z_n-sweep_1-2-4-8-16-32-50,V1,,8,A-unanime,,,transfer,,,,0xa9059cbb,,135960,1,,0x914bf01a25aa59a8061b0a1fe33c0d7bf8e891ee7eaabf67808aa970e7dc30bf,30
2026-09-23T23-05-23-489Z_n-sweep_1-2-4-8-16-32-50,V1,,8,A-unanime,,,transfer,,,,0xa9059cbb,,135960,1,,0x18aa687804cbafa1a01ff19bb5d40c5f7fbde23b47296c2829519b9711b85fd1,30
2026-09-23T23-05-23-489Z_n-sweep_1-2-4-8-16-32-50,V1,,8,A-unanime,,,transfer,,,,0xa9059cbb,,135960,1,,0x9024f98682894614861fda29d99d66b4318ea20e398a09717282b4adb025ce52,30
2026-09-23T23-05-23-489Z_n-sweep_1-2-4-8-16-32-50,V1,,8,A-unanime,,,propose,,,propose,0x7d5e81e2,WasteCategoryRegistry.updateCredits,63339,1,,0xa72b50685e425e82587dace007350a4675a6793d1d660ce8e76e8c8fefbdba92,30
2026-09-23T23-05-23-489Z_n-sweep_1-2-4-8-16-32-50,V1,,8,A-unanime,,,vote,1,for,,0x56781388,,82468,1,,0xaeb320a6f358c429dbefa930c711c99caa3f3e9447815299ef281012054f6b5f,30
2026-09-23T23-05-23-489Z_n-sweep_1-2-4-8-16-32-50,V1,,8,A-unanime,,,vote,2,for,,0x56781388,,65368,1,,0x2a9d464c0c83f7e177645a404959674bfb1a9e1f2864978921a1ad399c15a363,30
2026-09-23T23-05-23-489Z_n-sweep_1-2-4-8-16-32-50,V1,,8,A-unanime,,,vote,3,for,,0x56781388,,65368,1,,0x2ff0005d61fbeb939b6e0a956eed8ded3d3de14549401851db3fc411041dcf89,30
2026-09-23T23-05-23-489Z_n-sweep_1-2-4-8-16-32-50,V1,,8,A-unanime,,,vote,4,for,,0x56781388,,65368,1,,0xdd0b02ffdaa8e142bb53477edb9db0208bb151c6b2007f2d46f52ad6e50cbb51,30
2026-09-23T23-05-23-489Z_n-sweep_1-2-4-8-16-32-50,V1,,8,A-unanime,,,vote,5,for,,0x56781388,,65368,1,,0x14df5a989acb195b28db435ad1f2ce59b4a1395c761caf2caf5f578b3c7c517c,30
2026-09-23T23-05-23-489Z_n-sweep_1-2-4-8-16-32-50,V1,,8,A-unanime,,,vote,6,for,,0x56781388,,65368,1,,0x9c1cda93d91286d2449dc38cd914e228a7899d5b30e62f0028cf83c6f737b3bc,30
2026-09-23T23-05-23-489Z_n-sweep_1-2-4-8-16-32-50,V1,,8,A-unanime,,,vote,7,for,,0x56781388,,65368,1,,0xdbb81b134be45aaf62f09b607a4961da16b4738131aac3a16c6e7bc6c0e24bcd,30
2026-09-23T23-05-23-489Z_n-sweep_1-2-4-8-16-32-50,V1,,8,A-unanime,,,vote,8,for,,0x56781388,,65368,1,,0x8c5f5b7fa79125d088f778d1cf6836731dd4c8293d751b72af5ce4ad933f90a4,30
2026-09-23T23-05-23-489Z_n-sweep_1-2-4-8-16-32-50,V1,,8,A-unanime,,,execute,,,execute,0x2656227d,WasteCategoryRegistry.updateCredits,60807,1,,0xc8ed068027d4eb19369212b70a5dbf69c808df27d2cde09d992f8ba4b16077a0,30
2026-09-23T23-05-23-489Z_n-sweep_1-2-4-8-16-32-50,V2,T1,,,,,deploy_token_T1,,,constructor,0x61016060,,1621017,1,,0xece28f063ba256e8fc65152daf61fe745a7823e8ba387b1b661409f18f6dc4cc,31
2026-09-23T23-05-23-489Z_n-sweep_1-2-4-8-16-32-50,V2,,,,,,deploy_registry,,,constructor,0x60806040,,4590964,1,,0x9005486642112873086c0faf3a06ce7199e3377186a80eb6eea4235f5e1c6f56,31
2026-09-23T23-05-23-489Z_n-sweep_1-2-4-8-16-32-50,V2,,,,,,deploy_governor_V2,,,constructor,0x6101e080,,2178840,1,,0xa32c9f3d540c0ae9eee563ea02a53e3c1648afde51e09209202bc2912d9a8532,31
2026-09-23T23-05-23-489Z_n-sweep_1-2-4-8-16-32-50,V2,,,,,,grant_admin_role,,,grantRole,0x2f2ff15d,,50799,1,,0x0482dd737ad13e5cf9f342f77b7f4c8d4a60575e6613b501a7a433855227e65d,31
2026-09-23T23-05-23-489Z_n-sweep_1-2-4-8-16-32-50,V2,,,,,,revoke_deployer_admin_role,,,revokeRole,0xd547741f,,27116,1,,0xbf6c6756b6e885a31717a4b56f3c4fc35da4780ca84e075711ea97189f58ea3d,31
2026-09-23T23-05-23-489Z_n-sweep_1-2-4-8-16-32-50,V2,,8,A-unanime,,,delegate_admin,,,,0x5c19a95c,,95559,1,,0xe4ed125ff7fcf34a784094393e69d7b32184f90f45a88cf0e398ac5fe2329d50,31
2026-09-23T23-05-23-489Z_n-sweep_1-2-4-8-16-32-50,V2,,8,A-unanime,,,delegate,,,,0x5c19a95c,,48347,1,,0x8e5cf2e817455991c3f88244f29b95e3c5703efb253d16587c3e019ace8ed4aa,31
2026-09-23T23-05-23-489Z_n-sweep_1-2-4-8-16-32-50,V2,,8,A-unanime,,,delegate,,,,0x5c19a95c,,48335,1,,0x3a4d0b938991cc6665fddf48aab742d27a2480134e4cb1cf5b844b9724575405,31
2026-09-23T23-05-23-489Z_n-sweep_1-2-4-8-16-32-50,V2,,8,A-unanime,,,delegate,,,,0x5c19a95c,,48347,1,,0x8df16e2387da0d9fa03469e487a72815c7ad0f22d2e3631bfcd3e8532e84566f,31
2026-09-23T23-05-23-489Z_n-sweep_1-2-4-8-16-32-50,V2,,8,A-unanime,,,delegate,,,,0x5c19a95c,,48347,1,,0x95612e3ccf4e98f664cb62c90a18fd3142e8f5668db18fb82a400652a6b96b06,31
2026-09-23T23-05-23-489Z_n-sweep_1-2-4-8-16-32-50,V2,,8,A-unanime,,,delegate,,,,0x5c19a95c,,48347,1,,0x8cfbd9c8afd095297879c4ea5a6d41c276c3b770abd2f751b06ec63384df15d6,31
2026-09-23T23-05-23-489Z_n-sweep_1-2-4-8-16-32-50,V2,,8,A-unanime,,,delegate,,,,0x5c19a95c,,48347,1,,0x96ff47bd12ed3260165a9b3c82bacf4a9f1cfd47a5f8548491ee35c1066f2e38,31
2026-09-23T23-05-23-489Z_n-sweep_1-2-4-8-16-32-50,V2,,8,A-unanime,,,delegate,,,,0x5c19a95c,,48347,1,,0x3c7464a5135ef0630048da3b891f6f95d941c4b44dfb27d1230d6c7015af52d6,31
2026-09-23T23-05-23-489Z_n-sweep_1-2-4-8-16-32-50,V2,,8,A-unanime,,,delegate,,,,0x5c19a95c,,48347,1,,0xcef7f0dbdf22e7ddd7612e11e8e4d04d07ff7ed50742fa593a04379c3fb4c79a,31
2026-09-23T23-05-23-489Z_n-sweep_1-2-4-8-16-32-50,V2,,8,A-unanime,,,transfer,,,,0xa9059cbb,,135960,1,,0x7c052333044c2288623248aa49302d5e2b271fd34865af063eff829354a8b683,31
2026-09-23T23-05-23-489Z_n-sweep_1-2-4-8-16-32-50,V2,,8,A-unanime,,,transfer,,,,0xa9059cbb,,135948,1,,0xa70b19aecefd6fc37e47200f0ee7be8b67ae1fd23270d845de15d0e55868e8c7,31
2026-09-23T23-05-23-489Z_n-sweep_1-2-4-8-16-32-50,V2,,8,A-unanime,,,transfer,,,,0xa9059cbb,,135960,1,,0xc6c252567ba64c72646e826d5ce83077e7e29b0d7e739c32a06142eedc3ac88b,31
2026-09-23T23-05-23-489Z_n-sweep_1-2-4-8-16-32-50,V2,,8,A-unanime,,,transfer,,,,0xa9059cbb,,135960,1,,0xd536c2011d0413da3ef64131702fb3a285c5ada7f6b4492504b2ab9a5fbdbe23,31
2026-09-23T23-05-23-489Z_n-sweep_1-2-4-8-16-32-50,V2,,8,A-unanime,,,transfer,,,,0xa9059cbb,,135960,1,,0xd87e504bc80e209db7bc55b7b3d109104d1759045b16de491835faf2a58af9f5,31
2026-09-23T23-05-23-489Z_n-sweep_1-2-4-8-16-32-50,V2,,8,A-unanime,,,transfer,,,,0xa9059cbb,,135960,1,,0xb4000e4cc890a963ba948c2333d7cfe1cee46cd6bc6cc618b5666e6d69ecc15e,31
2026-09-23T23-05-23-489Z_n-sweep_1-2-4-8-16-32-50,V2,,8,A-unanime,,,transfer,,,,0xa9059cbb,,135960,1,,0x39a69759f41857048a62b13eca96e9b06ce234415de624be503ffdb08ed092e8,31
2026-09-23T23-05-23-489Z_n-sweep_1-2-4-8-16-32-50,V2,,8,A-unanime,,,transfer,,,,0xa9059cbb,,135960,1,,0x90c0510f905229c10a6503306d6e1badbfb1c5de847b607d4930d8e3522b96eb,31
2026-09-23T23-05-23-489Z_n-sweep_1-2-4-8-16-32-50,V2,,8,A-unanime,,,propose,,,propose,0x7d5e81e2,WasteCategoryRegistry.updateCredits,63339,1,,0xeae2ad26e78c5370ac10ac2196bb5f7e467bbb6582313d94b255bc8568ea1532,31
2026-09-23T23-05-23-489Z_n-sweep_1-2-4-8-16-32-50,V2,,8,A-unanime,,,vote,1,for,,0x56781388,,82468,1,,0xfdccb6aa2e6af4b80c597f566bafebf35c79440495810e737ce16ec02c07ac1a,31
2026-09-23T23-05-23-489Z_n-sweep_1-2-4-8-16-32-50,V2,,8,A-unanime,,,vote,2,for,,0x56781388,,65368,1,,0x8fce191f7b365e42c4cd3b566478c5e0b80bea32752b2aa28daed8749cb15670,31
2026-09-23T23-05-23-489Z_n-sweep_1-2-4-8-16-32-50,V2,,8,A-unanime,,,vote,3,for,,0x56781388,,65368,1,,0x1c4eeb494c3fcbc31b176a14ecbc2157d9efba7d471e58056e0b4c4139bfcc33,31
2026-09-23T23-05-23-489Z_n-sweep_1-2-4-8-16-32-50,V2,,8,A-unanime,,,vote,4,for,,0x56781388,,65368,1,,0x3b721358ddfa2ed837e335c15b6902b05f0bb660f4c82e2889f641fde3aee2b0,31
2026-09-23T23-05-23-489Z_n-sweep_1-2-4-8-16-32-50,V2,,8,A-unanime,,,vote,5,for,,0x56781388,,65368,1,,0x98ba1d826cbb715b12791c01f7562eac05560ceea71c05940bd9f22384bbb8e2,31
2026-09-23T23-05-23-489Z_n-sweep_1-2-4-8-16-32-50,V2,,8,A-unanime,,,vote,6,for,,0x56781388,,65368,1,,0xbe391f4700e171e0d3e016757d06775bfcc005be4037918ab07bb9f38618641f,31
2026-09-23T23-05-23-489Z_n-sweep_1-2-4-8-16-32-50,V2,,8,A-unanime,,,vote,7,for,,0x56781388,,65368,1,,0x68697c09a221e2e914029d61180c0d97098fd2b05b685e5d58e2243bec7a8803,31
2026-09-23T23-05-23-489Z_n-sweep_1-2-4-8-16-32-50,V2,,8,A-unanime,,,vote,8,for,,0x56781388,,65368,1,,0x71c101b16e505a61cf00e2e8d7dcd1979e174e281d436cefdba9c46a556286dd,31
2026-09-23T23-05-23-489Z_n-sweep_1-2-4-8-16-32-50,V2,,8,A-unanime,,,execute,,,execute,0x2656227d,WasteCategoryRegistry.updateCredits,60847,1,,0xd868be32934f7de52888c1782c39618eadd38d41c4872b6db872a834a0b9cac4,31
2026-09-23T23-05-23-489Z_n-sweep_1-2-4-8-16-32-50,Ref,T1,,,,,deploy_token_T1,,,constructor,0x61016060,,1621017,1,,0x8a423d158719dafa7ff4b82bcd6f6a5661f61c993e6aaede0acbe21a849af082,32
2026-09-23T23-05-23-489Z_n-sweep_1-2-4-8-16-32-50,Ref,,,,,,deploy_registry,,,constructor,0x60806040,,4590964,1,,0x9005486642112873086c0faf3a06ce7199e3377186a80eb6eea4235f5e1c6f56,32
2026-09-23T23-05-23-489Z_n-sweep_1-2-4-8-16-32-50,Ref,,,,,,deploy_rewards_registry_for_ctor,,,constructor,0x60806040,,4590964,1,,0x484f4210d177094deb4832deb5e459c708c732becb1881e1d1417503c177d84a,32
2026-09-23T23-05-23-489Z_n-sweep_1-2-4-8-16-32-50,Ref,,,,,,deploy_credit,,,constructor,0x60806040,,931954,1,,0xda6265176213799bfac2d03545eb38f6f6d6d978852db5e040dec6bdc95b6a46,32
2026-09-23T23-05-23-489Z_n-sweep_1-2-4-8-16-32-50,Ref,,,,,,deploy_passport,,,constructor,0x60806040,,2776581,1,,0xe5a36162780b85ac2b217350036da2286056186a02d74234dd0980865a07c217,32
2026-09-23T23-05-23-489Z_n-sweep_1-2-4-8-16-32-50,Ref,,,,,,deploy_rewards,,,constructor,0x60803461,,1246140,1,,0x748f3eef423a29001e508633e407c909b25f0e6a89b560856468f0ac6655c439,32
2026-09-23T23-05-23-489Z_n-sweep_1-2-4-8-16-32-50,Ref,,,,,,deploy_stakeholders,,,constructor,0x60803461,,1679823,1,,0xd4be2e468d589ae7e76ff2c292757707613e73c2a9e8f4c774280b5fd0991072,32
2026-09-23T23-05-23-489Z_n-sweep_1-2-4-8-16-32-50,Ref,,,,,,deploy_governor_Ref,,,constructor,0x61018060,,4434623,1,,0xd1b6a3d1f944bdfe5c399ebf7a1e6ed8a76e5b5acd93cdfc3d211571cbc50a6e,32
2026-09-23T23-05-23-489Z_n-sweep_1-2-4-8-16-32-50,Ref,,,,,,grant_admin_role,,,grantRole,0x2f2ff15d,,50799,1,,0x9477ec21ceecb8e71e570a8e5c711d060981c6dc53217d4071b2c7d012604374,32
2026-09-23T23-05-23-489Z_n-sweep_1-2-4-8-16-32-50,Ref,,,,,,revoke_deployer_admin_role,,,revokeRole,0xd547741f,,27116,1,,0x4571f6b2b82c72e95dbfd028346a3c95cee362f1cdc4e946338a9d1e56d58c09,32
2026-09-23T23-05-23-489Z_n-sweep_1-2-4-8-16-32-50,Ref,,8,A-unanime,,,delegate_admin,,,,0x5c19a95c,,95559,1,,0xfca7f8e34a7a367a38495092e6c6ae53f6f6bbc6c6cdd047fed83c770b76a8c9,32
2026-09-23T23-05-23-489Z_n-sweep_1-2-4-8-16-32-50,Ref,,8,A-unanime,,,delegate,,,,0x5c19a95c,,48347,1,,0x2f1db724527155bbb87015320f4de9a632dd20bb0d57eddcbd649b18207511a9,32
2026-09-23T23-05-23-489Z_n-sweep_1-2-4-8-16-32-50,Ref,,8,A-unanime,,,delegate,,,,0x5c19a95c,,48335,1,,0x8b0e52e67c302dbb4252eb6f968ee138c191eb8205be72d37b64b0c5ee99cc0e,32
2026-09-23T23-05-23-489Z_n-sweep_1-2-4-8-16-32-50,Ref,,8,A-unanime,,,delegate,,,,0x5c19a95c,,48347,1,,0x1a5bd05dacedf9e3acc8ca8d92b6aea9cf2aa84f70c77d04dab2d0257070356f,32
2026-09-23T23-05-23-489Z_n-sweep_1-2-4-8-16-32-50,Ref,,8,A-unanime,,,delegate,,,,0x5c19a95c,,48347,1,,0x05f7d9fd7d2dcae80248756e17e23af4963c07b10ebe32e7c079f468806ce249,32
2026-09-23T23-05-23-489Z_n-sweep_1-2-4-8-16-32-50,Ref,,8,A-unanime,,,delegate,,,,0x5c19a95c,,48347,1,,0xc692236193a870ec74b2ae8543ffbfe39b6bd5462442ea5a4e078b2d3116adeb,32
2026-09-23T23-05-23-489Z_n-sweep_1-2-4-8-16-32-50,Ref,,8,A-unanime,,,delegate,,,,0x5c19a95c,,48347,1,,0x69a8f9be879966443d3229422f1c20ad3c5a2104215131e80047b7236df1a439,32
2026-09-23T23-05-23-489Z_n-sweep_1-2-4-8-16-32-50,Ref,,8,A-unanime,,,delegate,,,,0x5c19a95c,,48347,1,,0x14477638203890fae6e03b6d8872fdc619692fcbe0c9a0a0fd173ec8ce55cf6a,32
2026-09-23T23-05-23-489Z_n-sweep_1-2-4-8-16-32-50,Ref,,8,A-unanime,,,delegate,,,,0x5c19a95c,,48347,1,,0x9f65b07d974009afeb2495f5f83544615b836d4a15a53225fe23457a4ef7529a,32
2026-09-23T23-05-23-489Z_n-sweep_1-2-4-8-16-32-50,Ref,,8,A-unanime,,,transfer,,,,0xa9059cbb,,135960,1,,0x12b3632a1c52f60659d3425eb84c14a360f46d22294646303c80dcd17527a70f,32
2026-09-23T23-05-23-489Z_n-sweep_1-2-4-8-16-32-50,Ref,,8,A-unanime,,,transfer,,,,0xa9059cbb,,135948,1,,0xa87d7f8246e76c0946b3305c7ea05587f75bf947d30a70200a3d94a9979a67f9,32
2026-09-23T23-05-23-489Z_n-sweep_1-2-4-8-16-32-50,Ref,,8,A-unanime,,,transfer,,,,0xa9059cbb,,135960,1,,0x6b91ff6906a7caffe23d306052b97e16a1f90c7da929362ec72da357dbf7ba87,32
2026-09-23T23-05-23-489Z_n-sweep_1-2-4-8-16-32-50,Ref,,8,A-unanime,,,transfer,,,,0xa9059cbb,,135960,1,,0x550f990a9496317dfcab1757938268690cc2c4c5f84c63fb48ff401640775ae9,32
2026-09-23T23-05-23-489Z_n-sweep_1-2-4-8-16-32-50,Ref,,8,A-unanime,,,transfer,,,,0xa9059cbb,,135960,1,,0x29e320945b4bb30987a45db328a639dbdf74cb2fe2acd0799f33779f4b3dfc64,32
2026-09-23T23-05-23-489Z_n-sweep_1-2-4-8-16-32-50,Ref,,8,A-unanime,,,transfer,,,,0xa9059cbb,,135960,1,,0xaa06e204a774dfcf13570bea2f8d88b2f9412f6ae05012efaa4bc390eaf174be,32
2026-09-23T23-05-23-489Z_n-sweep_1-2-4-8-16-32-50,Ref,,8,A-unanime,,,transfer,,,,0xa9059cbb,,135960,1,,0x15ade4e82d47a042ce2d5c68363b890b77a019b2caaa7759c89f052bd6c791e6,32
2026-09-23T23-05-23-489Z_n-sweep_1-2-4-8-16-32-50,Ref,,8,A-unanime,,,transfer,,,,0xa9059cbb,,135960,1,,0x9be7d09348efd06342937a9cd970ecb43a5d3e048e12ac4eff9b9548c71de591,32
2026-09-23T23-05-23-489Z_n-sweep_1-2-4-8-16-32-50,Ref,,8,A-unanime,,,propose,,,propose,0x7d5e81e2,WasteCategoryRegistry.updateCredits,79241,1,,0x5b1f9e6bb3231e53bfee72c80fba1880c5f2de5ab1bc8641c41d5ec934da56d3,32
2026-09-23T23-05-23-489Z_n-sweep_1-2-4-8-16-32-50,Ref,,8,A-unanime,,,vote,1,for,,0x56781388,,83098,1,,0xa7e36792aa13088ee9a335be36f82ba26156afed2d9ae6910190824fe21470cb,32
2026-09-23T23-05-23-489Z_n-sweep_1-2-4-8-16-32-50,Ref,,8,A-unanime,,,vote,2,for,,0x56781388,,65998,1,,0x15ddcbbf30fd091929bf27382f293df6d9331cd06f71f944ba839913fffbc6dc,32
2026-09-23T23-05-23-489Z_n-sweep_1-2-4-8-16-32-50,Ref,,8,A-unanime,,,vote,3,for,,0x56781388,,65998,1,,0xb4416475e7b4352d9d7dbb7ca72a101554a2860f238ebf64a82b62c1847a3c12,32
2026-09-23T23-05-23-489Z_n-sweep_1-2-4-8-16-32-50,Ref,,8,A-unanime,,,vote,4,for,,0x56781388,,65998,1,,0x29733f21037c6f69e51012de7220f7289661c217cb7066108fe95aecd6b6ca43,32
2026-09-23T23-05-23-489Z_n-sweep_1-2-4-8-16-32-50,Ref,,8,A-unanime,,,vote,5,for,,0x56781388,,65998,1,,0xa7d50ecbe9df67afc64966ff3a4dc069fa705dc163d78bdad107febb55f4adbd,32
2026-09-23T23-05-23-489Z_n-sweep_1-2-4-8-16-32-50,Ref,,8,A-unanime,,,vote,6,for,,0x56781388,,65998,1,,0xed894f9f973cc4e15420882f9ff1db44787bc1c6d443ce4eaf45addbff824ae8,32
2026-09-23T23-05-23-489Z_n-sweep_1-2-4-8-16-32-50,Ref,,8,A-unanime,,,vote,7,for,,0x56781388,,65998,1,,0x4b5144967e1b1c594bdf98366b1ac63b9a9d7d44e30b14562a53a8c0289bdfb7,32
2026-09-23T23-05-23-489Z_n-sweep_1-2-4-8-16-32-50,Ref,,8,A-unanime,,,vote,8,for,,0x56781388,,65998,1,,0xacc2e69a2393b5d7b6d30366cf7c5c0ec54d164c0ab3881a663432c77e5ae53b,32
2026-09-23T23-05-23-489Z_n-sweep_1-2-4-8-16-32-50,Ref,,8,A-unanime,,,execute,,,execute,0x2656227d,WasteCategoryRegistry.updateCredits,72030,1,,0xea12b1cd5f6f03c32822fc76703512f1d669d175dbc8b1d4ac65257c79dec344,32
2026-09-23T23-05-23-489Z_n-sweep_1-2-4-8-16-32-50,V0,T1,,,,,deploy_token_T1,,,constructor,0x61016060,,1621017,1,,0xece28f063ba256e8fc65152daf61fe745a7823e8ba387b1b661409f18f6dc4cc,33
2026-09-23T23-05-23-489Z_n-sweep_1-2-4-8-16-32-50,V0,,,,,,deploy_registry,,,constructor,0x60806040,,4590964,1,,0x9005486642112873086c0faf3a06ce7199e3377186a80eb6eea4235f5e1c6f56,33
2026-09-23T23-05-23-489Z_n-sweep_1-2-4-8-16-32-50,V0,,,,,,deploy_governor_V0,,,constructor,0x6101c080,,2133394,1,,0x8b33a795df9df0e5a3cb812430955580d1fb4f654a6028dd161238e13d560524,33
2026-09-23T23-05-23-489Z_n-sweep_1-2-4-8-16-32-50,V0,,,,,,grant_admin_role,,,grantRole,0x2f2ff15d,,50799,1,,0xb518a3911be32f0a59dcaec3e43c7ec54010f07f3e473d550516b1aab1a18d6b,33
2026-09-23T23-05-23-489Z_n-sweep_1-2-4-8-16-32-50,V0,,,,,,revoke_deployer_admin_role,,,revokeRole,0xd547741f,,27116,1,,0x8cb08b8b6ca45600b76a431b4cd18aee2095374e00c890903bfaa28d83b5f82b,33
2026-09-23T23-05-23-489Z_n-sweep_1-2-4-8-16-32-50,V0,,8,A-maioria,,,delegate_admin,,,,0x5c19a95c,,95559,1,,0xfa43c1f7a1a1658c8aeac58119b26e806face10fc63ae3e18099942309f4d395,33
2026-09-23T23-05-23-489Z_n-sweep_1-2-4-8-16-32-50,V0,,8,A-maioria,,,delegate,,,,0x5c19a95c,,48347,1,,0xf96ae171d39b1290c248e3ee88c92c43e24751ff4aacf46bad404cad29a33e37,33
2026-09-23T23-05-23-489Z_n-sweep_1-2-4-8-16-32-50,V0,,8,A-maioria,,,delegate,,,,0x5c19a95c,,48335,1,,0x65ff74d2610d5c80f16dc62aa4e01b339a9ecd8c95911ae092d678a9792cdcb8,33
2026-09-23T23-05-23-489Z_n-sweep_1-2-4-8-16-32-50,V0,,8,A-maioria,,,delegate,,,,0x5c19a95c,,48347,1,,0xb06e4e18b389cc3c69848b844c44927f26087a909c0e4532a1ba892e8d7bac4c,33
2026-09-23T23-05-23-489Z_n-sweep_1-2-4-8-16-32-50,V0,,8,A-maioria,,,delegate,,,,0x5c19a95c,,48347,1,,0xfdc5c4ae6e458adbd0780d18d4ef20dca6b7a02f3efff2f7c0eec7590e340a41,33
2026-09-23T23-05-23-489Z_n-sweep_1-2-4-8-16-32-50,V0,,8,A-maioria,,,delegate,,,,0x5c19a95c,,48347,1,,0x5c4d4bc02e09949d860a2c409a26209335f7c4e4eca7ac13d0e60a5cf0d0f233,33
2026-09-23T23-05-23-489Z_n-sweep_1-2-4-8-16-32-50,V0,,8,A-maioria,,,delegate,,,,0x5c19a95c,,48347,1,,0x8eb2597a239d7d5a9d780141fa850308f21a221b62b2f0b2cd01922a25b294b2,33
2026-09-23T23-05-23-489Z_n-sweep_1-2-4-8-16-32-50,V0,,8,A-maioria,,,delegate,,,,0x5c19a95c,,48347,1,,0x61b0a2cbceae6ab3b47dbad41fbaa57485b4b4545814b177fb76f5e80989f4b6,33
2026-09-23T23-05-23-489Z_n-sweep_1-2-4-8-16-32-50,V0,,8,A-maioria,,,delegate,,,,0x5c19a95c,,48347,1,,0x8e8293e79ce57e8b2bd6c914c167b0ec5858ded7d332cc962607075acbcc0b43,33
2026-09-23T23-05-23-489Z_n-sweep_1-2-4-8-16-32-50,V0,,8,A-maioria,,,transfer,,,,0xa9059cbb,,135960,1,,0x64168a5434eabf73b0837b721544a4cc06ef6a34e1c4450773c58082258dcca0,33
2026-09-23T23-05-23-489Z_n-sweep_1-2-4-8-16-32-50,V0,,8,A-maioria,,,transfer,,,,0xa9059cbb,,135948,1,,0xb4e18f79c6446604effaf109dce94429a512388a43df1126882c8e5cca868b7f,33
2026-09-23T23-05-23-489Z_n-sweep_1-2-4-8-16-32-50,V0,,8,A-maioria,,,transfer,,,,0xa9059cbb,,135960,1,,0xce056104bca756fc0ba8f7fbf1c6b9aff343642e27c04af69ec57f8a64bbcb85,33
2026-09-23T23-05-23-489Z_n-sweep_1-2-4-8-16-32-50,V0,,8,A-maioria,,,transfer,,,,0xa9059cbb,,135960,1,,0x5f3f58d2bb088aa6fc81497c7fc7456836488df613560e6bcb700adf45bfea2a,33
2026-09-23T23-05-23-489Z_n-sweep_1-2-4-8-16-32-50,V0,,8,A-maioria,,,transfer,,,,0xa9059cbb,,135960,1,,0x4e9ed30eb962504e5d56173f8a4b1de130c73b1ca07dce26f8178dcbb537b0fb,33
2026-09-23T23-05-23-489Z_n-sweep_1-2-4-8-16-32-50,V0,,8,A-maioria,,,transfer,,,,0xa9059cbb,,135960,1,,0xd66ce4d198d298bdd4b5dea73866d2000a0ef49ec8a03732e0761dd58681e01d,33
2026-09-23T23-05-23-489Z_n-sweep_1-2-4-8-16-32-50,V0,,8,A-maioria,,,transfer,,,,0xa9059cbb,,135960,1,,0x31c8459ef336643269731c1bb6d02b9a719ad31d14bd890cfbc82f6a2e7d687b,33
2026-09-23T23-05-23-489Z_n-sweep_1-2-4-8-16-32-50,V0,,8,A-maioria,,,transfer,,,,0xa9059cbb,,135960,1,,0x84367e6fcee837f9170bc662ed268d918c68db8b23a8a17d84394aed377a8613,33
2026-09-23T23-05-23-489Z_n-sweep_1-2-4-8-16-32-50,V0,,8,A-maioria,,,propose,,,propose,0x7d5e81e2,WasteCategoryRegistry.updateCredits,63339,1,,0x64735125cf8762a20776653391d948fea1a17d900346326584d38dfcbe6b4fad,33
2026-09-23T23-05-23-489Z_n-sweep_1-2-4-8-16-32-50,V0,,8,A-maioria,,,vote,1,for,,0x56781388,,81899,1,,0x9be8ff43bc928009fa1e8e7ceeacc40d0fa77369f79a28747ee1beb40d1905dc,33
2026-09-23T23-05-23-489Z_n-sweep_1-2-4-8-16-32-50,V0,,8,A-maioria,,,vote,2,for,,0x56781388,,64799,1,,0xade83dfc5b38df5f3642e9b68def10291e265f84a9847a18690bf8a263fa53be,33
2026-09-23T23-05-23-489Z_n-sweep_1-2-4-8-16-32-50,V0,,8,A-maioria,,,vote,3,for,,0x56781388,,64799,1,,0x26f78bcefe42d5a6cb5891703872554cfcaa4dca03f9969ca878f9f7735a3bdd,33
2026-09-23T23-05-23-489Z_n-sweep_1-2-4-8-16-32-50,V0,,8,A-maioria,,,vote,4,for,,0x56781388,,64799,1,,0x023a19e29a8cecbcef31e7c54e0b2a25f110749407e658bc1b2d0fed9e6e72c4,33
2026-09-23T23-05-23-489Z_n-sweep_1-2-4-8-16-32-50,V0,,8,A-maioria,,,vote,5,for,,0x56781388,,64799,1,,0xce35ea4b18d7b19223b57d5c03705372be9d24e743b9b0871a08dbd5f1d6589e,33
2026-09-23T23-05-23-489Z_n-sweep_1-2-4-8-16-32-50,V0,,8,A-maioria,,,vote,1,against,,0x56781388,,81847,1,,0xfc0fef0735479aeca13dbc753f0ccbd8103bc2c1d16877224a9f265433482feb,33
2026-09-23T23-05-23-489Z_n-sweep_1-2-4-8-16-32-50,V0,,8,A-maioria,,,vote,2,against,,0x56781388,,64747,1,,0x87fac8c808826f4f77c1612715ac7073cd2c39724e5594d19b22d9e9edd79b28,33
2026-09-23T23-05-23-489Z_n-sweep_1-2-4-8-16-32-50,V0,,8,A-maioria,,,vote,3,against,,0x56781388,,64747,1,,0x60c8ed89e16942beed9c7e3f683b3cadd4ad318f660a11159f9044bfc319e282,33
2026-09-23T23-05-23-489Z_n-sweep_1-2-4-8-16-32-50,V0,,8,A-maioria,,,execute,,,execute,0x2656227d,WasteCategoryRegistry.updateCredits,60807,1,,0xf6dc1994f0d4965eb876694d4a7fa3d61e6541b03054e6d73e3b5fc04339bbb7,33
2026-09-23T23-05-23-489Z_n-sweep_1-2-4-8-16-32-50,V1,T1,,,,,deploy_token_T1,,,constructor,0x61016060,,1621017,1,,0xece28f063ba256e8fc65152daf61fe745a7823e8ba387b1b661409f18f6dc4cc,34
2026-09-23T23-05-23-489Z_n-sweep_1-2-4-8-16-32-50,V1,,,,,,deploy_registry,,,constructor,0x60806040,,4590964,1,,0x9005486642112873086c0faf3a06ce7199e3377186a80eb6eea4235f5e1c6f56,34
2026-09-23T23-05-23-489Z_n-sweep_1-2-4-8-16-32-50,V1,,,,,,deploy_governor_V1,,,constructor,0x6101c080,,2141155,1,,0xcbf032b87647649d09648621f7d61fb312aee4174486ee6f404819243ac59ca9,34
2026-09-23T23-05-23-489Z_n-sweep_1-2-4-8-16-32-50,V1,,,,,,grant_admin_role,,,grantRole,0x2f2ff15d,,50799,1,,0xfdc9a3875129e16eb4a0e6527cfb2e5662449c13660398cf3b7c723db6d0e009,34
2026-09-23T23-05-23-489Z_n-sweep_1-2-4-8-16-32-50,V1,,,,,,revoke_deployer_admin_role,,,revokeRole,0xd547741f,,27116,1,,0xc189311656167d1c4c211ee1c4f5143a8df64ff72cb449ebf7ec77ff2fd0bcbb,34
2026-09-23T23-05-23-489Z_n-sweep_1-2-4-8-16-32-50,V1,,8,A-maioria,,,delegate_admin,,,,0x5c19a95c,,95559,1,,0xd4695df7ceba86e36d8d32ccf756640823a0c1b729cf20e3a0b632c08e38ee6a,34
2026-09-23T23-05-23-489Z_n-sweep_1-2-4-8-16-32-50,V1,,8,A-maioria,,,delegate,,,,0x5c19a95c,,48347,1,,0x81d5bf8e96fad9ce8b5230dc73abbeb313b25fcb2932728690f357e6b4e905b9,34
2026-09-23T23-05-23-489Z_n-sweep_1-2-4-8-16-32-50,V1,,8,A-maioria,,,delegate,,,,0x5c19a95c,,48335,1,,0x92147b8c796bc2b0f21acc979799bbf4c5b5033d9d67806a8ad6842fe03d41df,34
2026-09-23T23-05-23-489Z_n-sweep_1-2-4-8-16-32-50,V1,,8,A-maioria,,,delegate,,,,0x5c19a95c,,48347,1,,0xfff43b85310b182c6fdaa6a0b82056393aba2572b23e543b42f064dc4690e2fc,34
2026-09-23T23-05-23-489Z_n-sweep_1-2-4-8-16-32-50,V1,,8,A-maioria,,,delegate,,,,0x5c19a95c,,48347,1,,0xd65054394087a126f7201b8caf565d34e4b8e2c37299a2eb2e8e1e169e8753b2,34
2026-09-23T23-05-23-489Z_n-sweep_1-2-4-8-16-32-50,V1,,8,A-maioria,,,delegate,,,,0x5c19a95c,,48347,1,,0x0c6ee11e6f4f09c9119d3c03df89d743f104be74b800d0b47cbfa2e1629e917b,34
2026-09-23T23-05-23-489Z_n-sweep_1-2-4-8-16-32-50,V1,,8,A-maioria,,,delegate,,,,0x5c19a95c,,48347,1,,0x9e4c58d93f5292a4566258e1c10f556eb9dc4074e322b7c357bf5ad65da50cae,34
2026-09-23T23-05-23-489Z_n-sweep_1-2-4-8-16-32-50,V1,,8,A-maioria,,,delegate,,,,0x5c19a95c,,48347,1,,0x6ebf0fe5777b4feb07a84b604e7094e789e104c0aa39284dccf1b9da9c17904e,34
2026-09-23T23-05-23-489Z_n-sweep_1-2-4-8-16-32-50,V1,,8,A-maioria,,,delegate,,,,0x5c19a95c,,48347,1,,0xfe42119cc5b68fbfd433dffe547dcf50b55480a011d31795da0f08ec660c70b3,34
2026-09-23T23-05-23-489Z_n-sweep_1-2-4-8-16-32-50,V1,,8,A-maioria,,,transfer,,,,0xa9059cbb,,135960,1,,0x364926a72ecc473ffcbb0e9b181d54e6f72eeab140f25a9b24544a3e10cab7c7,34
2026-09-23T23-05-23-489Z_n-sweep_1-2-4-8-16-32-50,V1,,8,A-maioria,,,transfer,,,,0xa9059cbb,,135948,1,,0x1e82330c65247db307e915b5788ed34fd87ff6c6b02936ff7c1c6af495a4a8dd,34
2026-09-23T23-05-23-489Z_n-sweep_1-2-4-8-16-32-50,V1,,8,A-maioria,,,transfer,,,,0xa9059cbb,,135960,1,,0x17309f3a1f22d04c586dec981ececfb7fa55b4ba88d0ecb3ca73c50ef27be438,34
2026-09-23T23-05-23-489Z_n-sweep_1-2-4-8-16-32-50,V1,,8,A-maioria,,,transfer,,,,0xa9059cbb,,135960,1,,0xba165ac6fab73acb892a36f5df754a0ee061d768af616d32a2ad01f5c309a217,34
2026-09-23T23-05-23-489Z_n-sweep_1-2-4-8-16-32-50,V1,,8,A-maioria,,,transfer,,,,0xa9059cbb,,135960,1,,0x66f6077ee27e748575b2ec6779230f2fc46c81373f7cae4239d541f1b47af55c,34
2026-09-23T23-05-23-489Z_n-sweep_1-2-4-8-16-32-50,V1,,8,A-maioria,,,transfer,,,,0xa9059cbb,,135960,1,,0x914bf01a25aa59a8061b0a1fe33c0d7bf8e891ee7eaabf67808aa970e7dc30bf,34
2026-09-23T23-05-23-489Z_n-sweep_1-2-4-8-16-32-50,V1,,8,A-maioria,,,transfer,,,,0xa9059cbb,,135960,1,,0x18aa687804cbafa1a01ff19bb5d40c5f7fbde23b47296c2829519b9711b85fd1,34
2026-09-23T23-05-23-489Z_n-sweep_1-2-4-8-16-32-50,V1,,8,A-maioria,,,transfer,,,,0xa9059cbb,,135960,1,,0x9024f98682894614861fda29d99d66b4318ea20e398a09717282b4adb025ce52,34
2026-09-23T23-05-23-489Z_n-sweep_1-2-4-8-16-32-50,V1,,8,A-maioria,,,propose,,,propose,0x7d5e81e2,WasteCategoryRegistry.updateCredits,63339,1,,0x538c2c97c3ce78cb917c402008dae6208085921629d53545952bc22f64c24a06,34
2026-09-23T23-05-23-489Z_n-sweep_1-2-4-8-16-32-50,V1,,8,A-maioria,,,vote,1,for,,0x56781388,,82468,1,,0x8e4b6ec9cee36b1fac2e0f82a624b327050b8844cd4c5d2223197f34e223a7d2,34
2026-09-23T23-05-23-489Z_n-sweep_1-2-4-8-16-32-50,V1,,8,A-maioria,,,vote,2,for,,0x56781388,,65368,1,,0x0a4c9cbb0f1cfe1bdf24e323f5e5e4d21b1d0b6fada3411603f913c662f0d861,34
2026-09-23T23-05-23-489Z_n-sweep_1-2-4-8-16-32-50,V1,,8,A-maioria,,,vote,3,for,,0x56781388,,65368,1,,0x913b8f66a95a83efe576ed4d33e098ce921d963ea40547d42ffa2033370666cc,34
2026-09-23T23-05-23-489Z_n-sweep_1-2-4-8-16-32-50,V1,,8,A-maioria,,,vote,4,for,,0x56781388,,65368,1,,0x561899dbdb9865c0e0809dab6def2387f9e8eb10be2e8320b82ba39ca1a607e9,34
2026-09-23T23-05-23-489Z_n-sweep_1-2-4-8-16-32-50,V1,,8,A-maioria,,,vote,5,for,,0x56781388,,65368,1,,0xfc063fdafb90ca6fb6d3d6f0756aef676388763c22d2bb4c86e0c3e7d2a90329,34
2026-09-23T23-05-23-489Z_n-sweep_1-2-4-8-16-32-50,V1,,8,A-maioria,,,vote,1,against,,0x56781388,,82416,1,,0x218bdb8b2dd51d6214aba8e376fe28a5c3bfa4f87a1ca1f46586f3b360c5f7c2,34
2026-09-23T23-05-23-489Z_n-sweep_1-2-4-8-16-32-50,V1,,8,A-maioria,,,vote,2,against,,0x56781388,,65316,1,,0xb53b41223a2c59263adf2103fa63d41c583a43c469d6675cc4c2e88a4004243d,34
2026-09-23T23-05-23-489Z_n-sweep_1-2-4-8-16-32-50,V1,,8,A-maioria,,,vote,3,against,,0x56781388,,65316,1,,0xf0db64bdf48443c1b61cdb341a67b8d3954d68e92a92733aee87094e0c65b163,34
2026-09-23T23-05-23-489Z_n-sweep_1-2-4-8-16-32-50,V1,,8,A-maioria,,,execute,,,execute,0x2656227d,WasteCategoryRegistry.updateCredits,60807,1,,0xcac9258318d7748e9b38fd0746f353aacfaac5142bc7a2456d0e2e2a004afd40,34
2026-09-23T23-05-23-489Z_n-sweep_1-2-4-8-16-32-50,V2,T1,,,,,deploy_token_T1,,,constructor,0x61016060,,1621017,1,,0xece28f063ba256e8fc65152daf61fe745a7823e8ba387b1b661409f18f6dc4cc,35
2026-09-23T23-05-23-489Z_n-sweep_1-2-4-8-16-32-50,V2,,,,,,deploy_registry,,,constructor,0x60806040,,4590964,1,,0x9005486642112873086c0faf3a06ce7199e3377186a80eb6eea4235f5e1c6f56,35
2026-09-23T23-05-23-489Z_n-sweep_1-2-4-8-16-32-50,V2,,,,,,deploy_governor_V2,,,constructor,0x6101e080,,2178840,1,,0xa32c9f3d540c0ae9eee563ea02a53e3c1648afde51e09209202bc2912d9a8532,35
2026-09-23T23-05-23-489Z_n-sweep_1-2-4-8-16-32-50,V2,,,,,,grant_admin_role,,,grantRole,0x2f2ff15d,,50799,1,,0x0482dd737ad13e5cf9f342f77b7f4c8d4a60575e6613b501a7a433855227e65d,35
2026-09-23T23-05-23-489Z_n-sweep_1-2-4-8-16-32-50,V2,,,,,,revoke_deployer_admin_role,,,revokeRole,0xd547741f,,27116,1,,0xbf6c6756b6e885a31717a4b56f3c4fc35da4780ca84e075711ea97189f58ea3d,35
2026-09-23T23-05-23-489Z_n-sweep_1-2-4-8-16-32-50,V2,,8,A-maioria,,,delegate_admin,,,,0x5c19a95c,,95559,1,,0xe4ed125ff7fcf34a784094393e69d7b32184f90f45a88cf0e398ac5fe2329d50,35
2026-09-23T23-05-23-489Z_n-sweep_1-2-4-8-16-32-50,V2,,8,A-maioria,,,delegate,,,,0x5c19a95c,,48347,1,,0x8e5cf2e817455991c3f88244f29b95e3c5703efb253d16587c3e019ace8ed4aa,35
2026-09-23T23-05-23-489Z_n-sweep_1-2-4-8-16-32-50,V2,,8,A-maioria,,,delegate,,,,0x5c19a95c,,48335,1,,0x3a4d0b938991cc6665fddf48aab742d27a2480134e4cb1cf5b844b9724575405,35
2026-09-23T23-05-23-489Z_n-sweep_1-2-4-8-16-32-50,V2,,8,A-maioria,,,delegate,,,,0x5c19a95c,,48347,1,,0x8df16e2387da0d9fa03469e487a72815c7ad0f22d2e3631bfcd3e8532e84566f,35
2026-09-23T23-05-23-489Z_n-sweep_1-2-4-8-16-32-50,V2,,8,A-maioria,,,delegate,,,,0x5c19a95c,,48347,1,,0x95612e3ccf4e98f664cb62c90a18fd3142e8f5668db18fb82a400652a6b96b06,35
2026-09-23T23-05-23-489Z_n-sweep_1-2-4-8-16-32-50,V2,,8,A-maioria,,,delegate,,,,0x5c19a95c,,48347,1,,0x8cfbd9c8afd095297879c4ea5a6d41c276c3b770abd2f751b06ec63384df15d6,35
2026-09-23T23-05-23-489Z_n-sweep_1-2-4-8-16-32-50,V2,,8,A-maioria,,,delegate,,,,0x5c19a95c,,48347,1,,0x96ff47bd12ed3260165a9b3c82bacf4a9f1cfd47a5f8548491ee35c1066f2e38,35
2026-09-23T23-05-23-489Z_n-sweep_1-2-4-8-16-32-50,V2,,8,A-maioria,,,delegate,,,,0x5c19a95c,,48347,1,,0x3c7464a5135ef0630048da3b891f6f95d941c4b44dfb27d1230d6c7015af52d6,35
2026-09-23T23-05-23-489Z_n-sweep_1-2-4-8-16-32-50,V2,,8,A-maioria,,,delegate,,,,0x5c19a95c,,48347,1,,0xcef7f0dbdf22e7ddd7612e11e8e4d04d07ff7ed50742fa593a04379c3fb4c79a,35
2026-09-23T23-05-23-489Z_n-sweep_1-2-4-8-16-32-50,V2,,8,A-maioria,,,transfer,,,,0xa9059cbb,,135960,1,,0x7c052333044c2288623248aa49302d5e2b271fd34865af063eff829354a8b683,35
2026-09-23T23-05-23-489Z_n-sweep_1-2-4-8-16-32-50,V2,,8,A-maioria,,,transfer,,,,0xa9059cbb,,135948,1,,0xa70b19aecefd6fc37e47200f0ee7be8b67ae1fd23270d845de15d0e55868e8c7,35
2026-09-23T23-05-23-489Z_n-sweep_1-2-4-8-16-32-50,V2,,8,A-maioria,,,transfer,,,,0xa9059cbb,,135960,1,,0xc6c252567ba64c72646e826d5ce83077e7e29b0d7e739c32a06142eedc3ac88b,35
2026-09-23T23-05-23-489Z_n-sweep_1-2-4-8-16-32-50,V2,,8,A-maioria,,,transfer,,,,0xa9059cbb,,135960,1,,0xd536c2011d0413da3ef64131702fb3a285c5ada7f6b4492504b2ab9a5fbdbe23,35
2026-09-23T23-05-23-489Z_n-sweep_1-2-4-8-16-32-50,V2,,8,A-maioria,,,transfer,,,,0xa9059cbb,,135960,1,,0xd87e504bc80e209db7bc55b7b3d109104d1759045b16de491835faf2a58af9f5,35
2026-09-23T23-05-23-489Z_n-sweep_1-2-4-8-16-32-50,V2,,8,A-maioria,,,transfer,,,,0xa9059cbb,,135960,1,,0xb4000e4cc890a963ba948c2333d7cfe1cee46cd6bc6cc618b5666e6d69ecc15e,35
2026-09-23T23-05-23-489Z_n-sweep_1-2-4-8-16-32-50,V2,,8,A-maioria,,,transfer,,,,0xa9059cbb,,135960,1,,0x39a69759f41857048a62b13eca96e9b06ce234415de624be503ffdb08ed092e8,35
2026-09-23T23-05-23-489Z_n-sweep_1-2-4-8-16-32-50,V2,,8,A-maioria,,,transfer,,,,0xa9059cbb,,135960,1,,0x90c0510f905229c10a6503306d6e1badbfb1c5de847b607d4930d8e3522b96eb,35
2026-09-23T23-05-23-489Z_n-sweep_1-2-4-8-16-32-50,V2,,8,A-maioria,,,propose,,,propose,0x7d5e81e2,WasteCategoryRegistry.updateCredits,63339,1,,0xe4b9eb12916e8c847f0b5fd4d267e16e5f24dc352fb388d8143147239cbcb0b0,35
2026-09-23T23-05-23-489Z_n-sweep_1-2-4-8-16-32-50,V2,,8,A-maioria,,,vote,1,for,,0x56781388,,82468,1,,0xdd8495da5c4cffe3035044e7c9b1840e753117dabb0cacba71da18c0768fa2f0,35
2026-09-23T23-05-23-489Z_n-sweep_1-2-4-8-16-32-50,V2,,8,A-maioria,,,vote,2,for,,0x56781388,,65368,1,,0x4754328a3599fe57b01fe2094d96b62bdf57782a47663476d2888629884ab3c5,35
2026-09-23T23-05-23-489Z_n-sweep_1-2-4-8-16-32-50,V2,,8,A-maioria,,,vote,3,for,,0x56781388,,65368,1,,0x7871430d20395bfae3c96fefb98ee7c6a7e9465ff593168ff03063e42f7c22a4,35
2026-09-23T23-05-23-489Z_n-sweep_1-2-4-8-16-32-50,V2,,8,A-maioria,,,vote,4,for,,0x56781388,,65368,1,,0x86ad237825bc6db7294de55a488d8dd4961b1e72a32387a5f2dde0836a4ef793,35
2026-09-23T23-05-23-489Z_n-sweep_1-2-4-8-16-32-50,V2,,8,A-maioria,,,vote,5,for,,0x56781388,,65368,1,,0x8bb3ede3514bfb4e2830212de27cd32ce7b92d214432233d85d3b893e2e17cda,35
2026-09-23T23-05-23-489Z_n-sweep_1-2-4-8-16-32-50,V2,,8,A-maioria,,,vote,1,against,,0x56781388,,82416,1,,0xf254e411fc3106fbefa6690a0b9ba051f61354bd72f1c2111c0514a5d76fe21d,35
2026-09-23T23-05-23-489Z_n-sweep_1-2-4-8-16-32-50,V2,,8,A-maioria,,,vote,2,against,,0x56781388,,65316,1,,0x54ce39536f51adb333e30117b61f268a9806a52dab94642f48b935469b193da6,35
2026-09-23T23-05-23-489Z_n-sweep_1-2-4-8-16-32-50,V2,,8,A-maioria,,,vote,3,against,,0x56781388,,65316,1,,0x86443380e1d75cd6192aca00bef4bb5c21d580fcb097dfe9fa5a2646fc27f9ee,35
2026-09-23T23-05-23-489Z_n-sweep_1-2-4-8-16-32-50,V2,,8,A-maioria,,,execute,,,execute,0x2656227d,WasteCategoryRegistry.updateCredits,60847,1,,0x3c91380d16ffe9337e2492032e836b5ef72f12d988f53ec6a9fe0838ef613065,35
2026-09-23T23-05-23-489Z_n-sweep_1-2-4-8-16-32-50,Ref,T1,,,,,deploy_token_T1,,,constructor,0x61016060,,1621017,1,,0x8a423d158719dafa7ff4b82bcd6f6a5661f61c993e6aaede0acbe21a849af082,36
2026-09-23T23-05-23-489Z_n-sweep_1-2-4-8-16-32-50,Ref,,,,,,deploy_registry,,,constructor,0x60806040,,4590964,1,,0x9005486642112873086c0faf3a06ce7199e3377186a80eb6eea4235f5e1c6f56,36
2026-09-23T23-05-23-489Z_n-sweep_1-2-4-8-16-32-50,Ref,,,,,,deploy_rewards_registry_for_ctor,,,constructor,0x60806040,,4590964,1,,0x484f4210d177094deb4832deb5e459c708c732becb1881e1d1417503c177d84a,36
2026-09-23T23-05-23-489Z_n-sweep_1-2-4-8-16-32-50,Ref,,,,,,deploy_credit,,,constructor,0x60806040,,931954,1,,0xda6265176213799bfac2d03545eb38f6f6d6d978852db5e040dec6bdc95b6a46,36
2026-09-23T23-05-23-489Z_n-sweep_1-2-4-8-16-32-50,Ref,,,,,,deploy_passport,,,constructor,0x60806040,,2776581,1,,0xe5a36162780b85ac2b217350036da2286056186a02d74234dd0980865a07c217,36
2026-09-23T23-05-23-489Z_n-sweep_1-2-4-8-16-32-50,Ref,,,,,,deploy_rewards,,,constructor,0x60803461,,1246140,1,,0x748f3eef423a29001e508633e407c909b25f0e6a89b560856468f0ac6655c439,36
2026-09-23T23-05-23-489Z_n-sweep_1-2-4-8-16-32-50,Ref,,,,,,deploy_stakeholders,,,constructor,0x60803461,,1679823,1,,0xd4be2e468d589ae7e76ff2c292757707613e73c2a9e8f4c774280b5fd0991072,36
2026-09-23T23-05-23-489Z_n-sweep_1-2-4-8-16-32-50,Ref,,,,,,deploy_governor_Ref,,,constructor,0x61018060,,4434623,1,,0xd1b6a3d1f944bdfe5c399ebf7a1e6ed8a76e5b5acd93cdfc3d211571cbc50a6e,36
2026-09-23T23-05-23-489Z_n-sweep_1-2-4-8-16-32-50,Ref,,,,,,grant_admin_role,,,grantRole,0x2f2ff15d,,50799,1,,0x9477ec21ceecb8e71e570a8e5c711d060981c6dc53217d4071b2c7d012604374,36
2026-09-23T23-05-23-489Z_n-sweep_1-2-4-8-16-32-50,Ref,,,,,,revoke_deployer_admin_role,,,revokeRole,0xd547741f,,27116,1,,0x4571f6b2b82c72e95dbfd028346a3c95cee362f1cdc4e946338a9d1e56d58c09,36
2026-09-23T23-05-23-489Z_n-sweep_1-2-4-8-16-32-50,Ref,,8,A-maioria,,,delegate_admin,,,,0x5c19a95c,,95559,1,,0xfca7f8e34a7a367a38495092e6c6ae53f6f6bbc6c6cdd047fed83c770b76a8c9,36
2026-09-23T23-05-23-489Z_n-sweep_1-2-4-8-16-32-50,Ref,,8,A-maioria,,,delegate,,,,0x5c19a95c,,48347,1,,0x2f1db724527155bbb87015320f4de9a632dd20bb0d57eddcbd649b18207511a9,36
2026-09-23T23-05-23-489Z_n-sweep_1-2-4-8-16-32-50,Ref,,8,A-maioria,,,delegate,,,,0x5c19a95c,,48335,1,,0x8b0e52e67c302dbb4252eb6f968ee138c191eb8205be72d37b64b0c5ee99cc0e,36
2026-09-23T23-05-23-489Z_n-sweep_1-2-4-8-16-32-50,Ref,,8,A-maioria,,,delegate,,,,0x5c19a95c,,48347,1,,0x1a5bd05dacedf9e3acc8ca8d92b6aea9cf2aa84f70c77d04dab2d0257070356f,36
2026-09-23T23-05-23-489Z_n-sweep_1-2-4-8-16-32-50,Ref,,8,A-maioria,,,delegate,,,,0x5c19a95c,,48347,1,,0x05f7d9fd7d2dcae80248756e17e23af4963c07b10ebe32e7c079f468806ce249,36
2026-09-23T23-05-23-489Z_n-sweep_1-2-4-8-16-32-50,Ref,,8,A-maioria,,,delegate,,,,0x5c19a95c,,48347,1,,0xc692236193a870ec74b2ae8543ffbfe39b6bd5462442ea5a4e078b2d3116adeb,36
2026-09-23T23-05-23-489Z_n-sweep_1-2-4-8-16-32-50,Ref,,8,A-maioria,,,delegate,,,,0x5c19a95c,,48347,1,,0x69a8f9be879966443d3229422f1c20ad3c5a2104215131e80047b7236df1a439,36
2026-09-23T23-05-23-489Z_n-sweep_1-2-4-8-16-32-50,Ref,,8,A-maioria,,,delegate,,,,0x5c19a95c,,48347,1,,0x14477638203890fae6e03b6d8872fdc619692fcbe0c9a0a0fd173ec8ce55cf6a,36
2026-09-23T23-05-23-489Z_n-sweep_1-2-4-8-16-32-50,Ref,,8,A-maioria,,,delegate,,,,0x5c19a95c,,48347,1,,0x9f65b07d974009afeb2495f5f83544615b836d4a15a53225fe23457a4ef7529a,36
2026-09-23T23-05-23-489Z_n-sweep_1-2-4-8-16-32-50,Ref,,8,A-maioria,,,transfer,,,,0xa9059cbb,,135960,1,,0x12b3632a1c52f60659d3425eb84c14a360f46d22294646303c80dcd17527a70f,36
2026-09-23T23-05-23-489Z_n-sweep_1-2-4-8-16-32-50,Ref,,8,A-maioria,,,transfer,,,,0xa9059cbb,,135948,1,,0xa87d7f8246e76c0946b3305c7ea05587f75bf947d30a70200a3d94a9979a67f9,36
2026-09-23T23-05-23-489Z_n-sweep_1-2-4-8-16-32-50,Ref,,8,A-maioria,,,transfer,,,,0xa9059cbb,,135960,1,,0x6b91ff6906a7caffe23d306052b97e16a1f90c7da929362ec72da357dbf7ba87,36
2026-09-23T23-05-23-489Z_n-sweep_1-2-4-8-16-32-50,Ref,,8,A-maioria,,,transfer,,,,0xa9059cbb,,135960,1,,0x550f990a9496317dfcab1757938268690cc2c4c5f84c63fb48ff401640775ae9,36
2026-09-23T23-05-23-489Z_n-sweep_1-2-4-8-16-32-50,Ref,,8,A-maioria,,,transfer,,,,0xa9059cbb,,135960,1,,0x29e320945b4bb30987a45db328a639dbdf74cb2fe2acd0799f33779f4b3dfc64,36
2026-09-23T23-05-23-489Z_n-sweep_1-2-4-8-16-32-50,Ref,,8,A-maioria,,,transfer,,,,0xa9059cbb,,135960,1,,0xaa06e204a774dfcf13570bea2f8d88b2f9412f6ae05012efaa4bc390eaf174be,36
2026-09-23T23-05-23-489Z_n-sweep_1-2-4-8-16-32-50,Ref,,8,A-maioria,,,transfer,,,,0xa9059cbb,,135960,1,,0x15ade4e82d47a042ce2d5c68363b890b77a019b2caaa7759c89f052bd6c791e6,36
2026-09-23T23-05-23-489Z_n-sweep_1-2-4-8-16-32-50,Ref,,8,A-maioria,,,transfer,,,,0xa9059cbb,,135960,1,,0x9be7d09348efd06342937a9cd970ecb43a5d3e048e12ac4eff9b9548c71de591,36
2026-09-23T23-05-23-489Z_n-sweep_1-2-4-8-16-32-50,Ref,,8,A-maioria,,,propose,,,propose,0x7d5e81e2,WasteCategoryRegistry.updateCredits,79241,1,,0x546abe1a349fdf8d0ece5fcabd23b6d5b21d1c5b474a6726873371ad107e5143,36
2026-09-23T23-05-23-489Z_n-sweep_1-2-4-8-16-32-50,Ref,,8,A-maioria,,,vote,1,for,,0x56781388,,83098,1,,0x3a93cf55752da94ac3bad4306d514acaad09fc6224cdeffa71d5c7321d00d527,36
2026-09-23T23-05-23-489Z_n-sweep_1-2-4-8-16-32-50,Ref,,8,A-maioria,,,vote,2,for,,0x56781388,,65998,1,,0xb70a3c549310f858efbf5b6a858dbee42b72f479f3f7c2f5a819608ace4ed34f,36
2026-09-23T23-05-23-489Z_n-sweep_1-2-4-8-16-32-50,Ref,,8,A-maioria,,,vote,3,for,,0x56781388,,65998,1,,0x2bc995fa3c1362de2374594b407bb679370e8c5588de42a5640e083e56719ba2,36
2026-09-23T23-05-23-489Z_n-sweep_1-2-4-8-16-32-50,Ref,,8,A-maioria,,,vote,4,for,,0x56781388,,65998,1,,0x8c143272a1ef5cbb47505c7868193b332fbe1ebea4a6c82ca2a46047d9c3fae6,36
2026-09-23T23-05-23-489Z_n-sweep_1-2-4-8-16-32-50,Ref,,8,A-maioria,,,vote,5,for,,0x56781388,,65998,1,,0xee47ad749693db26848863ca6271e5b851858aaaaed7e898f8482e4647e19c17,36
2026-09-23T23-05-23-489Z_n-sweep_1-2-4-8-16-32-50,Ref,,8,A-maioria,,,vote,1,against,,0x56781388,,83057,1,,0xbbf3ae1090dfa859ca5ca26a321dcd73a86b2ce04fa57977d5341c60b9a83252,36
2026-09-23T23-05-23-489Z_n-sweep_1-2-4-8-16-32-50,Ref,,8,A-maioria,,,vote,2,against,,0x56781388,,65957,1,,0xcf218d248eb37f87243522bef68c7e484a4b8adfde4e79204990c757eb2cfc62,36
2026-09-23T23-05-23-489Z_n-sweep_1-2-4-8-16-32-50,Ref,,8,A-maioria,,,vote,3,against,,0x56781388,,65957,1,,0xc4a5b708cfbc4938642a06c0e75bb97d331e860809c5d95ff1e523ed269114c3,36
2026-09-23T23-05-23-489Z_n-sweep_1-2-4-8-16-32-50,Ref,,8,A-maioria,,,execute,,,execute,0x2656227d,WasteCategoryRegistry.updateCredits,72030,1,,0xe3ef3bf3ebff46d81b181c4273c234edc002eb21230c3c6f61e27eb46c5f816c,36
2026-09-23T23-05-23-489Z_n-sweep_1-2-4-8-16-32-50,V0,T1,,,,,deploy_token_T1,,,constructor,0x61016060,,1621017,1,,0xece28f063ba256e8fc65152daf61fe745a7823e8ba387b1b661409f18f6dc4cc,37
2026-09-23T23-05-23-489Z_n-sweep_1-2-4-8-16-32-50,V0,,,,,,deploy_registry,,,constructor,0x60806040,,4590964,1,,0x9005486642112873086c0faf3a06ce7199e3377186a80eb6eea4235f5e1c6f56,37
2026-09-23T23-05-23-489Z_n-sweep_1-2-4-8-16-32-50,V0,,,,,,deploy_governor_V0,,,constructor,0x6101c080,,2133394,1,,0x8b33a795df9df0e5a3cb812430955580d1fb4f654a6028dd161238e13d560524,37
2026-09-23T23-05-23-489Z_n-sweep_1-2-4-8-16-32-50,V0,,,,,,grant_admin_role,,,grantRole,0x2f2ff15d,,50799,1,,0xb518a3911be32f0a59dcaec3e43c7ec54010f07f3e473d550516b1aab1a18d6b,37
2026-09-23T23-05-23-489Z_n-sweep_1-2-4-8-16-32-50,V0,,,,,,revoke_deployer_admin_role,,,revokeRole,0xd547741f,,27116,1,,0x8cb08b8b6ca45600b76a431b4cd18aee2095374e00c890903bfaa28d83b5f82b,37
2026-09-23T23-05-23-489Z_n-sweep_1-2-4-8-16-32-50,V0,,8,D-voto,,,delegate_admin,,,,0x5c19a95c,,95559,1,,0xfa43c1f7a1a1658c8aeac58119b26e806face10fc63ae3e18099942309f4d395,37
2026-09-23T23-05-23-489Z_n-sweep_1-2-4-8-16-32-50,V0,,8,D-voto,,,delegate,,,,0x5c19a95c,,48347,1,,0xf96ae171d39b1290c248e3ee88c92c43e24751ff4aacf46bad404cad29a33e37,37
2026-09-23T23-05-23-489Z_n-sweep_1-2-4-8-16-32-50,V0,,8,D-voto,,,delegate,,,,0x5c19a95c,,48335,1,,0x65ff74d2610d5c80f16dc62aa4e01b339a9ecd8c95911ae092d678a9792cdcb8,37
2026-09-23T23-05-23-489Z_n-sweep_1-2-4-8-16-32-50,V0,,8,D-voto,,,delegate,,,,0x5c19a95c,,48347,1,,0xb06e4e18b389cc3c69848b844c44927f26087a909c0e4532a1ba892e8d7bac4c,37
2026-09-23T23-05-23-489Z_n-sweep_1-2-4-8-16-32-50,V0,,8,D-voto,,,delegate,,,,0x5c19a95c,,48347,1,,0xfdc5c4ae6e458adbd0780d18d4ef20dca6b7a02f3efff2f7c0eec7590e340a41,37
2026-09-23T23-05-23-489Z_n-sweep_1-2-4-8-16-32-50,V0,,8,D-voto,,,delegate,,,,0x5c19a95c,,48347,1,,0x5c4d4bc02e09949d860a2c409a26209335f7c4e4eca7ac13d0e60a5cf0d0f233,37
2026-09-23T23-05-23-489Z_n-sweep_1-2-4-8-16-32-50,V0,,8,D-voto,,,delegate,,,,0x5c19a95c,,48347,1,,0x8eb2597a239d7d5a9d780141fa850308f21a221b62b2f0b2cd01922a25b294b2,37
2026-09-23T23-05-23-489Z_n-sweep_1-2-4-8-16-32-50,V0,,8,D-voto,,,delegate,,,,0x5c19a95c,,48347,1,,0x61b0a2cbceae6ab3b47dbad41fbaa57485b4b4545814b177fb76f5e80989f4b6,37
2026-09-23T23-05-23-489Z_n-sweep_1-2-4-8-16-32-50,V0,,8,D-voto,,,delegate,,,,0x5c19a95c,,48347,1,,0x8e8293e79ce57e8b2bd6c914c167b0ec5858ded7d332cc962607075acbcc0b43,37
2026-09-23T23-05-23-489Z_n-sweep_1-2-4-8-16-32-50,V0,,8,D-voto,,,transfer,,,,0xa9059cbb,,135960,1,,0x64168a5434eabf73b0837b721544a4cc06ef6a34e1c4450773c58082258dcca0,37
2026-09-23T23-05-23-489Z_n-sweep_1-2-4-8-16-32-50,V0,,8,D-voto,,,transfer,,,,0xa9059cbb,,135948,1,,0xb4e18f79c6446604effaf109dce94429a512388a43df1126882c8e5cca868b7f,37
2026-09-23T23-05-23-489Z_n-sweep_1-2-4-8-16-32-50,V0,,8,D-voto,,,transfer,,,,0xa9059cbb,,135960,1,,0xce056104bca756fc0ba8f7fbf1c6b9aff343642e27c04af69ec57f8a64bbcb85,37
2026-09-23T23-05-23-489Z_n-sweep_1-2-4-8-16-32-50,V0,,8,D-voto,,,transfer,,,,0xa9059cbb,,135960,1,,0x5f3f58d2bb088aa6fc81497c7fc7456836488df613560e6bcb700adf45bfea2a,37
2026-09-23T23-05-23-489Z_n-sweep_1-2-4-8-16-32-50,V0,,8,D-voto,,,transfer,,,,0xa9059cbb,,135960,1,,0x4e9ed30eb962504e5d56173f8a4b1de130c73b1ca07dce26f8178dcbb537b0fb,37
2026-09-23T23-05-23-489Z_n-sweep_1-2-4-8-16-32-50,V0,,8,D-voto,,,transfer,,,,0xa9059cbb,,135960,1,,0xd66ce4d198d298bdd4b5dea73866d2000a0ef49ec8a03732e0761dd58681e01d,37
2026-09-23T23-05-23-489Z_n-sweep_1-2-4-8-16-32-50,V0,,8,D-voto,,,transfer,,,,0xa9059cbb,,135960,1,,0x31c8459ef336643269731c1bb6d02b9a719ad31d14bd890cfbc82f6a2e7d687b,37
2026-09-23T23-05-23-489Z_n-sweep_1-2-4-8-16-32-50,V0,,8,D-voto,,,transfer,,,,0xa9059cbb,,135960,1,,0x84367e6fcee837f9170bc662ed268d918c68db8b23a8a17d84394aed377a8613,37
2026-09-23T23-05-23-489Z_n-sweep_1-2-4-8-16-32-50,V0,,8,D-voto,,,propose,,,propose,0x7d5e81e2,WasteCategoryRegistry.updateCredits,63303,1,,0xcce0535793e51164139896e5cda400788d52527529da79c0b2a748b2facaa05e,37
2026-09-23T23-05-23-489Z_n-sweep_1-2-4-8-16-32-50,V0,,8,D-voto,,,vote,1,for,,0x56781388,,81899,1,,0x1f88308f58ba032fb9009ebe63b583ab3c9b931bbbe04754cd8f51bbf5b26003,37
2026-09-23T23-05-23-489Z_n-sweep_1-2-4-8-16-32-50,V0,,8,D-voto,,,vote,2,for,,0x56781388,,64799,1,,0x9d86bdea62df0c2a21392ee04f88f6bca272cdfaeacf4b1c6848c4fadcc8afb1,37
2026-09-23T23-05-23-489Z_n-sweep_1-2-4-8-16-32-50,V0,,8,D-voto,,,vote,3,for,,0x56781388,,64799,1,,0xac1f438582263149e174410d6b30fe2889d21829779ee8e1416623b81a71b398,37
2026-09-23T23-05-23-489Z_n-sweep_1-2-4-8-16-32-50,V0,,8,D-voto,,,vote,1,against,,0x56781388,,81847,1,,0xb29f9bfefc8835873ec1031ef899d3487eb5e4e8742f77ae05b5a27aabd97c4a,37
2026-09-23T23-05-23-489Z_n-sweep_1-2-4-8-16-32-50,V0,,8,D-voto,,,vote,2,against,,0x56781388,,64747,1,,0x95d2a2ded380619389b1a8ea6004f81cb4889d06ee3aa37c3082a77044bd59a7,37
2026-09-23T23-05-23-489Z_n-sweep_1-2-4-8-16-32-50,V0,,8,D-voto,,,vote,3,against,,0x56781388,,64747,1,,0x6e322a8b92aa24092b3b234b1ed989dcbffc591733abc2af1bec07c71ef3bde6,37
2026-09-23T23-05-23-489Z_n-sweep_1-2-4-8-16-32-50,V0,,8,D-voto,,,vote,4,against,,0x56781388,,64747,1,,0xdc6abdfd2cff4f61981f083ba351359fa2ac6960194a935e7ed7252eee8fa914,37
2026-09-23T23-05-23-489Z_n-sweep_1-2-4-8-16-32-50,V0,,8,D-voto,,,vote,5,against,,0x56781388,,64747,1,,0x4f8fca1ddd10d48a6fc038d8629e70b81c69a8f64f96f7c0d2221820974d67b7,37
2026-09-23T23-05-23-489Z_n-sweep_1-2-4-8-16-32-50,V0,,8,D-voto,,,execute_attempt,,,execute,0x2656227d,WasteCategoryRegistry.updateCredits,40382,0,"VM Exception while processing transaction: reverted with custom error 'GovernorUnexpectedProposalState(82127668799383799135164374763419198341577909754570756232665456466401837644482, 3, '0x0000000000000000000000000000000000000000000000000000000000000030')'",0xcb205bcf483765264c4410a5a29ee1ddf93e23d409b9c9ebcc40fd9d368e1f50,37
2026-09-23T23-05-23-489Z_n-sweep_1-2-4-8-16-32-50,V1,T1,,,,,deploy_token_T1,,,constructor,0x61016060,,1621017,1,,0xece28f063ba256e8fc65152daf61fe745a7823e8ba387b1b661409f18f6dc4cc,38
2026-09-23T23-05-23-489Z_n-sweep_1-2-4-8-16-32-50,V1,,,,,,deploy_registry,,,constructor,0x60806040,,4590964,1,,0x9005486642112873086c0faf3a06ce7199e3377186a80eb6eea4235f5e1c6f56,38
2026-09-23T23-05-23-489Z_n-sweep_1-2-4-8-16-32-50,V1,,,,,,deploy_governor_V1,,,constructor,0x6101c080,,2141155,1,,0xcbf032b87647649d09648621f7d61fb312aee4174486ee6f404819243ac59ca9,38
2026-09-23T23-05-23-489Z_n-sweep_1-2-4-8-16-32-50,V1,,,,,,grant_admin_role,,,grantRole,0x2f2ff15d,,50799,1,,0xfdc9a3875129e16eb4a0e6527cfb2e5662449c13660398cf3b7c723db6d0e009,38
2026-09-23T23-05-23-489Z_n-sweep_1-2-4-8-16-32-50,V1,,,,,,revoke_deployer_admin_role,,,revokeRole,0xd547741f,,27116,1,,0xc189311656167d1c4c211ee1c4f5143a8df64ff72cb449ebf7ec77ff2fd0bcbb,38
2026-09-23T23-05-23-489Z_n-sweep_1-2-4-8-16-32-50,V1,,8,D-voto,,,delegate_admin,,,,0x5c19a95c,,95559,1,,0xd4695df7ceba86e36d8d32ccf756640823a0c1b729cf20e3a0b632c08e38ee6a,38
2026-09-23T23-05-23-489Z_n-sweep_1-2-4-8-16-32-50,V1,,8,D-voto,,,delegate,,,,0x5c19a95c,,48347,1,,0x81d5bf8e96fad9ce8b5230dc73abbeb313b25fcb2932728690f357e6b4e905b9,38
2026-09-23T23-05-23-489Z_n-sweep_1-2-4-8-16-32-50,V1,,8,D-voto,,,delegate,,,,0x5c19a95c,,48335,1,,0x92147b8c796bc2b0f21acc979799bbf4c5b5033d9d67806a8ad6842fe03d41df,38
2026-09-23T23-05-23-489Z_n-sweep_1-2-4-8-16-32-50,V1,,8,D-voto,,,delegate,,,,0x5c19a95c,,48347,1,,0xfff43b85310b182c6fdaa6a0b82056393aba2572b23e543b42f064dc4690e2fc,38
2026-09-23T23-05-23-489Z_n-sweep_1-2-4-8-16-32-50,V1,,8,D-voto,,,delegate,,,,0x5c19a95c,,48347,1,,0xd65054394087a126f7201b8caf565d34e4b8e2c37299a2eb2e8e1e169e8753b2,38
2026-09-23T23-05-23-489Z_n-sweep_1-2-4-8-16-32-50,V1,,8,D-voto,,,delegate,,,,0x5c19a95c,,48347,1,,0x0c6ee11e6f4f09c9119d3c03df89d743f104be74b800d0b47cbfa2e1629e917b,38
2026-09-23T23-05-23-489Z_n-sweep_1-2-4-8-16-32-50,V1,,8,D-voto,,,delegate,,,,0x5c19a95c,,48347,1,,0x9e4c58d93f5292a4566258e1c10f556eb9dc4074e322b7c357bf5ad65da50cae,38
2026-09-23T23-05-23-489Z_n-sweep_1-2-4-8-16-32-50,V1,,8,D-voto,,,delegate,,,,0x5c19a95c,,48347,1,,0x6ebf0fe5777b4feb07a84b604e7094e789e104c0aa39284dccf1b9da9c17904e,38
2026-09-23T23-05-23-489Z_n-sweep_1-2-4-8-16-32-50,V1,,8,D-voto,,,delegate,,,,0x5c19a95c,,48347,1,,0xfe42119cc5b68fbfd433dffe547dcf50b55480a011d31795da0f08ec660c70b3,38
2026-09-23T23-05-23-489Z_n-sweep_1-2-4-8-16-32-50,V1,,8,D-voto,,,transfer,,,,0xa9059cbb,,135960,1,,0x364926a72ecc473ffcbb0e9b181d54e6f72eeab140f25a9b24544a3e10cab7c7,38
2026-09-23T23-05-23-489Z_n-sweep_1-2-4-8-16-32-50,V1,,8,D-voto,,,transfer,,,,0xa9059cbb,,135948,1,,0x1e82330c65247db307e915b5788ed34fd87ff6c6b02936ff7c1c6af495a4a8dd,38
2026-09-23T23-05-23-489Z_n-sweep_1-2-4-8-16-32-50,V1,,8,D-voto,,,transfer,,,,0xa9059cbb,,135960,1,,0x17309f3a1f22d04c586dec981ececfb7fa55b4ba88d0ecb3ca73c50ef27be438,38
2026-09-23T23-05-23-489Z_n-sweep_1-2-4-8-16-32-50,V1,,8,D-voto,,,transfer,,,,0xa9059cbb,,135960,1,,0xba165ac6fab73acb892a36f5df754a0ee061d768af616d32a2ad01f5c309a217,38
2026-09-23T23-05-23-489Z_n-sweep_1-2-4-8-16-32-50,V1,,8,D-voto,,,transfer,,,,0xa9059cbb,,135960,1,,0x66f6077ee27e748575b2ec6779230f2fc46c81373f7cae4239d541f1b47af55c,38
2026-09-23T23-05-23-489Z_n-sweep_1-2-4-8-16-32-50,V1,,8,D-voto,,,transfer,,,,0xa9059cbb,,135960,1,,0x914bf01a25aa59a8061b0a1fe33c0d7bf8e891ee7eaabf67808aa970e7dc30bf,38
2026-09-23T23-05-23-489Z_n-sweep_1-2-4-8-16-32-50,V1,,8,D-voto,,,transfer,,,,0xa9059cbb,,135960,1,,0x18aa687804cbafa1a01ff19bb5d40c5f7fbde23b47296c2829519b9711b85fd1,38
2026-09-23T23-05-23-489Z_n-sweep_1-2-4-8-16-32-50,V1,,8,D-voto,,,transfer,,,,0xa9059cbb,,135960,1,,0x9024f98682894614861fda29d99d66b4318ea20e398a09717282b4adb025ce52,38
2026-09-23T23-05-23-489Z_n-sweep_1-2-4-8-16-32-50,V1,,8,D-voto,,,propose,,,propose,0x7d5e81e2,WasteCategoryRegistry.updateCredits,63303,1,,0xcf91026b76fd5dbf791d49758c8d8a216f200309c85248c6fbdd2f707be62e24,38
2026-09-23T23-05-23-489Z_n-sweep_1-2-4-8-16-32-50,V1,,8,D-voto,,,vote,1,for,,0x56781388,,82468,1,,0x409303ea3309c90524baa264522510b14d64ddf41241e759652d0658fc5a084a,38
2026-09-23T23-05-23-489Z_n-sweep_1-2-4-8-16-32-50,V1,,8,D-voto,,,vote,2,for,,0x56781388,,65368,1,,0x41c8ffeb30886a581f110a2977e8d783391979438f53322fb0141a793fdbaf25,38
2026-09-23T23-05-23-489Z_n-sweep_1-2-4-8-16-32-50,V1,,8,D-voto,,,vote,3,for,,0x56781388,,65368,1,,0xd91ed253029ed6f602db5c1c2ec9b60f4c75e6e684641a66b134bca5c41f8a74,38
2026-09-23T23-05-23-489Z_n-sweep_1-2-4-8-16-32-50,V1,,8,D-voto,,,vote,1,against,,0x56781388,,82416,1,,0xff51394ff1fb589a89e2eec22b6af991890bf8a321b1bfb25e2fe27bea20a1e8,38
2026-09-23T23-05-23-489Z_n-sweep_1-2-4-8-16-32-50,V1,,8,D-voto,,,vote,2,against,,0x56781388,,65316,1,,0xad547fe418ea8b9d79162f9a1072ce3f0cf1701c22736563b6c2ed21f3ba4190,38
2026-09-23T23-05-23-489Z_n-sweep_1-2-4-8-16-32-50,V1,,8,D-voto,,,vote,3,against,,0x56781388,,65316,1,,0x1b0c45680d0c5a15ea008eeac6cd258dc8ade3130534545f1a01242cc43d88b8,38
2026-09-23T23-05-23-489Z_n-sweep_1-2-4-8-16-32-50,V1,,8,D-voto,,,vote,4,against,,0x56781388,,65316,1,,0x06461a36c5f2d211e83c787c393051ec71e85e11be0140942aad8858d3fa2414,38
2026-09-23T23-05-23-489Z_n-sweep_1-2-4-8-16-32-50,V1,,8,D-voto,,,vote,5,against,,0x56781388,,65316,1,,0x32ccbdc7fff85ecfb368b15a3f9a5c0f73f4a685514c008c24c691d03ee995fe,38
2026-09-23T23-05-23-489Z_n-sweep_1-2-4-8-16-32-50,V1,,8,D-voto,,,execute_attempt,,,execute,0x2656227d,WasteCategoryRegistry.updateCredits,40382,0,"VM Exception while processing transaction: reverted with custom error 'GovernorUnexpectedProposalState(82127668799383799135164374763419198341577909754570756232665456466401837644482, 3, '0x0000000000000000000000000000000000000000000000000000000000000030')'",0x50f93226caf00d8e20f19a6ab80f6bdb20533aa3c87b8eea89a9b58e3b15bd24,38
2026-09-23T23-05-23-489Z_n-sweep_1-2-4-8-16-32-50,V2,T1,,,,,deploy_token_T1,,,constructor,0x61016060,,1621017,1,,0xece28f063ba256e8fc65152daf61fe745a7823e8ba387b1b661409f18f6dc4cc,39
2026-09-23T23-05-23-489Z_n-sweep_1-2-4-8-16-32-50,V2,,,,,,deploy_registry,,,constructor,0x60806040,,4590964,1,,0x9005486642112873086c0faf3a06ce7199e3377186a80eb6eea4235f5e1c6f56,39
2026-09-23T23-05-23-489Z_n-sweep_1-2-4-8-16-32-50,V2,,,,,,deploy_governor_V2,,,constructor,0x6101e080,,2178840,1,,0xa32c9f3d540c0ae9eee563ea02a53e3c1648afde51e09209202bc2912d9a8532,39
2026-09-23T23-05-23-489Z_n-sweep_1-2-4-8-16-32-50,V2,,,,,,grant_admin_role,,,grantRole,0x2f2ff15d,,50799,1,,0x0482dd737ad13e5cf9f342f77b7f4c8d4a60575e6613b501a7a433855227e65d,39
2026-09-23T23-05-23-489Z_n-sweep_1-2-4-8-16-32-50,V2,,,,,,revoke_deployer_admin_role,,,revokeRole,0xd547741f,,27116,1,,0xbf6c6756b6e885a31717a4b56f3c4fc35da4780ca84e075711ea97189f58ea3d,39
2026-09-23T23-05-23-489Z_n-sweep_1-2-4-8-16-32-50,V2,,8,D-voto,,,delegate_admin,,,,0x5c19a95c,,95559,1,,0xe4ed125ff7fcf34a784094393e69d7b32184f90f45a88cf0e398ac5fe2329d50,39
2026-09-23T23-05-23-489Z_n-sweep_1-2-4-8-16-32-50,V2,,8,D-voto,,,delegate,,,,0x5c19a95c,,48347,1,,0x8e5cf2e817455991c3f88244f29b95e3c5703efb253d16587c3e019ace8ed4aa,39
2026-09-23T23-05-23-489Z_n-sweep_1-2-4-8-16-32-50,V2,,8,D-voto,,,delegate,,,,0x5c19a95c,,48335,1,,0x3a4d0b938991cc6665fddf48aab742d27a2480134e4cb1cf5b844b9724575405,39
2026-09-23T23-05-23-489Z_n-sweep_1-2-4-8-16-32-50,V2,,8,D-voto,,,delegate,,,,0x5c19a95c,,48347,1,,0x8df16e2387da0d9fa03469e487a72815c7ad0f22d2e3631bfcd3e8532e84566f,39
2026-09-23T23-05-23-489Z_n-sweep_1-2-4-8-16-32-50,V2,,8,D-voto,,,delegate,,,,0x5c19a95c,,48347,1,,0x95612e3ccf4e98f664cb62c90a18fd3142e8f5668db18fb82a400652a6b96b06,39
2026-09-23T23-05-23-489Z_n-sweep_1-2-4-8-16-32-50,V2,,8,D-voto,,,delegate,,,,0x5c19a95c,,48347,1,,0x8cfbd9c8afd095297879c4ea5a6d41c276c3b770abd2f751b06ec63384df15d6,39
2026-09-23T23-05-23-489Z_n-sweep_1-2-4-8-16-32-50,V2,,8,D-voto,,,delegate,,,,0x5c19a95c,,48347,1,,0x96ff47bd12ed3260165a9b3c82bacf4a9f1cfd47a5f8548491ee35c1066f2e38,39
2026-09-23T23-05-23-489Z_n-sweep_1-2-4-8-16-32-50,V2,,8,D-voto,,,delegate,,,,0x5c19a95c,,48347,1,,0x3c7464a5135ef0630048da3b891f6f95d941c4b44dfb27d1230d6c7015af52d6,39
2026-09-23T23-05-23-489Z_n-sweep_1-2-4-8-16-32-50,V2,,8,D-voto,,,delegate,,,,0x5c19a95c,,48347,1,,0xcef7f0dbdf22e7ddd7612e11e8e4d04d07ff7ed50742fa593a04379c3fb4c79a,39
2026-09-23T23-05-23-489Z_n-sweep_1-2-4-8-16-32-50,V2,,8,D-voto,,,transfer,,,,0xa9059cbb,,135960,1,,0x7c052333044c2288623248aa49302d5e2b271fd34865af063eff829354a8b683,39
2026-09-23T23-05-23-489Z_n-sweep_1-2-4-8-16-32-50,V2,,8,D-voto,,,transfer,,,,0xa9059cbb,,135948,1,,0xa70b19aecefd6fc37e47200f0ee7be8b67ae1fd23270d845de15d0e55868e8c7,39
2026-09-23T23-05-23-489Z_n-sweep_1-2-4-8-16-32-50,V2,,8,D-voto,,,transfer,,,,0xa9059cbb,,135960,1,,0xc6c252567ba64c72646e826d5ce83077e7e29b0d7e739c32a06142eedc3ac88b,39
2026-09-23T23-05-23-489Z_n-sweep_1-2-4-8-16-32-50,V2,,8,D-voto,,,transfer,,,,0xa9059cbb,,135960,1,,0xd536c2011d0413da3ef64131702fb3a285c5ada7f6b4492504b2ab9a5fbdbe23,39
2026-09-23T23-05-23-489Z_n-sweep_1-2-4-8-16-32-50,V2,,8,D-voto,,,transfer,,,,0xa9059cbb,,135960,1,,0xd87e504bc80e209db7bc55b7b3d109104d1759045b16de491835faf2a58af9f5,39
2026-09-23T23-05-23-489Z_n-sweep_1-2-4-8-16-32-50,V2,,8,D-voto,,,transfer,,,,0xa9059cbb,,135960,1,,0xb4000e4cc890a963ba948c2333d7cfe1cee46cd6bc6cc618b5666e6d69ecc15e,39
2026-09-23T23-05-23-489Z_n-sweep_1-2-4-8-16-32-50,V2,,8,D-voto,,,transfer,,,,0xa9059cbb,,135960,1,,0x39a69759f41857048a62b13eca96e9b06ce234415de624be503ffdb08ed092e8,39
2026-09-23T23-05-23-489Z_n-sweep_1-2-4-8-16-32-50,V2,,8,D-voto,,,transfer,,,,0xa9059cbb,,135960,1,,0x90c0510f905229c10a6503306d6e1badbfb1c5de847b607d4930d8e3522b96eb,39
2026-09-23T23-05-23-489Z_n-sweep_1-2-4-8-16-32-50,V2,,8,D-voto,,,propose,,,propose,0x7d5e81e2,WasteCategoryRegistry.updateCredits,63303,1,,0x340fb4ce222abaab283338cac7a0765d29271395abbf91ff0ed47376b7980ffd,39
2026-09-23T23-05-23-489Z_n-sweep_1-2-4-8-16-32-50,V2,,8,D-voto,,,vote,1,for,,0x56781388,,82468,1,,0x9b8b6646d5ae2c4b24ab3fe41f2b5e2c2922b994dbef08a5e9a962dab0a6cddf,39
2026-09-23T23-05-23-489Z_n-sweep_1-2-4-8-16-32-50,V2,,8,D-voto,,,vote,2,for,,0x56781388,,65368,1,,0xa1def7a57a2bbed3292d1168f23b8bc7e6caa57fe2d290d2c73d1a230a6d91fa,39
2026-09-23T23-05-23-489Z_n-sweep_1-2-4-8-16-32-50,V2,,8,D-voto,,,vote,3,for,,0x56781388,,65368,1,,0xf3a0b8e3edb9ae62c665573029120715550ac90e59d4c9e5a0a0172c50101ac2,39
2026-09-23T23-05-23-489Z_n-sweep_1-2-4-8-16-32-50,V2,,8,D-voto,,,vote,1,against,,0x56781388,,82416,1,,0x258605a203f3c98bff619055fbdf2b137f3debb927855d8416a5bdab2210c6e5,39
2026-09-23T23-05-23-489Z_n-sweep_1-2-4-8-16-32-50,V2,,8,D-voto,,,vote,2,against,,0x56781388,,65316,1,,0xda86d3248423cc4632e0d445c053ca147fec82433f011d5448c3996fe4ef9298,39
2026-09-23T23-05-23-489Z_n-sweep_1-2-4-8-16-32-50,V2,,8,D-voto,,,vote,3,against,,0x56781388,,65316,1,,0xf312cbb76d6931d14376e203c01ce6a2677104aab434a701c7f955e9e3247bd3,39
2026-09-23T23-05-23-489Z_n-sweep_1-2-4-8-16-32-50,V2,,8,D-voto,,,vote,4,against,,0x56781388,,65316,1,,0x4793fd281988c2af58951e5d37ad15de412093bbaa9010d9b1a174e19ac95394,39
2026-09-23T23-05-23-489Z_n-sweep_1-2-4-8-16-32-50,V2,,8,D-voto,,,vote,5,against,,0x56781388,,65316,1,,0xc513eb7ab392572fc9d7578c7098ceb44b0c97694178dffdd85ff77024caf4e9,39
2026-09-23T23-05-23-489Z_n-sweep_1-2-4-8-16-32-50,V2,,8,D-voto,,,execute_attempt,,,execute,0x2656227d,WasteCategoryRegistry.updateCredits,40422,0,"VM Exception while processing transaction: reverted with custom error 'GovernorUnexpectedProposalState(82127668799383799135164374763419198341577909754570756232665456466401837644482, 3, '0x0000000000000000000000000000000000000000000000000000000000000030')'",0xb8c122179794a3422d8f72a8a21f931d821fd4be3d644c42e82e594556a34561,39
2026-09-23T23-05-23-489Z_n-sweep_1-2-4-8-16-32-50,Ref,T1,,,,,deploy_token_T1,,,constructor,0x61016060,,1621017,1,,0x8a423d158719dafa7ff4b82bcd6f6a5661f61c993e6aaede0acbe21a849af082,40
2026-09-23T23-05-23-489Z_n-sweep_1-2-4-8-16-32-50,Ref,,,,,,deploy_registry,,,constructor,0x60806040,,4590964,1,,0x9005486642112873086c0faf3a06ce7199e3377186a80eb6eea4235f5e1c6f56,40
2026-09-23T23-05-23-489Z_n-sweep_1-2-4-8-16-32-50,Ref,,,,,,deploy_rewards_registry_for_ctor,,,constructor,0x60806040,,4590964,1,,0x484f4210d177094deb4832deb5e459c708c732becb1881e1d1417503c177d84a,40
2026-09-23T23-05-23-489Z_n-sweep_1-2-4-8-16-32-50,Ref,,,,,,deploy_credit,,,constructor,0x60806040,,931954,1,,0xda6265176213799bfac2d03545eb38f6f6d6d978852db5e040dec6bdc95b6a46,40
2026-09-23T23-05-23-489Z_n-sweep_1-2-4-8-16-32-50,Ref,,,,,,deploy_passport,,,constructor,0x60806040,,2776581,1,,0xe5a36162780b85ac2b217350036da2286056186a02d74234dd0980865a07c217,40
2026-09-23T23-05-23-489Z_n-sweep_1-2-4-8-16-32-50,Ref,,,,,,deploy_rewards,,,constructor,0x60803461,,1246140,1,,0x748f3eef423a29001e508633e407c909b25f0e6a89b560856468f0ac6655c439,40
2026-09-23T23-05-23-489Z_n-sweep_1-2-4-8-16-32-50,Ref,,,,,,deploy_stakeholders,,,constructor,0x60803461,,1679823,1,,0xd4be2e468d589ae7e76ff2c292757707613e73c2a9e8f4c774280b5fd0991072,40
2026-09-23T23-05-23-489Z_n-sweep_1-2-4-8-16-32-50,Ref,,,,,,deploy_governor_Ref,,,constructor,0x61018060,,4434623,1,,0xd1b6a3d1f944bdfe5c399ebf7a1e6ed8a76e5b5acd93cdfc3d211571cbc50a6e,40
2026-09-23T23-05-23-489Z_n-sweep_1-2-4-8-16-32-50,Ref,,,,,,grant_admin_role,,,grantRole,0x2f2ff15d,,50799,1,,0x9477ec21ceecb8e71e570a8e5c711d060981c6dc53217d4071b2c7d012604374,40
2026-09-23T23-05-23-489Z_n-sweep_1-2-4-8-16-32-50,Ref,,,,,,revoke_deployer_admin_role,,,revokeRole,0xd547741f,,27116,1,,0x4571f6b2b82c72e95dbfd028346a3c95cee362f1cdc4e946338a9d1e56d58c09,40
2026-09-23T23-05-23-489Z_n-sweep_1-2-4-8-16-32-50,Ref,,8,D-voto,,,delegate_admin,,,,0x5c19a95c,,95559,1,,0xfca7f8e34a7a367a38495092e6c6ae53f6f6bbc6c6cdd047fed83c770b76a8c9,40
2026-09-23T23-05-23-489Z_n-sweep_1-2-4-8-16-32-50,Ref,,8,D-voto,,,delegate,,,,0x5c19a95c,,48347,1,,0x2f1db724527155bbb87015320f4de9a632dd20bb0d57eddcbd649b18207511a9,40
2026-09-23T23-05-23-489Z_n-sweep_1-2-4-8-16-32-50,Ref,,8,D-voto,,,delegate,,,,0x5c19a95c,,48335,1,,0x8b0e52e67c302dbb4252eb6f968ee138c191eb8205be72d37b64b0c5ee99cc0e,40
2026-09-23T23-05-23-489Z_n-sweep_1-2-4-8-16-32-50,Ref,,8,D-voto,,,delegate,,,,0x5c19a95c,,48347,1,,0x1a5bd05dacedf9e3acc8ca8d92b6aea9cf2aa84f70c77d04dab2d0257070356f,40
2026-09-23T23-05-23-489Z_n-sweep_1-2-4-8-16-32-50,Ref,,8,D-voto,,,delegate,,,,0x5c19a95c,,48347,1,,0x05f7d9fd7d2dcae80248756e17e23af4963c07b10ebe32e7c079f468806ce249,40
2026-09-23T23-05-23-489Z_n-sweep_1-2-4-8-16-32-50,Ref,,8,D-voto,,,delegate,,,,0x5c19a95c,,48347,1,,0xc692236193a870ec74b2ae8543ffbfe39b6bd5462442ea5a4e078b2d3116adeb,40
2026-09-23T23-05-23-489Z_n-sweep_1-2-4-8-16-32-50,Ref,,8,D-voto,,,delegate,,,,0x5c19a95c,,48347,1,,0x69a8f9be879966443d3229422f1c20ad3c5a2104215131e80047b7236df1a439,40
2026-09-23T23-05-23-489Z_n-sweep_1-2-4-8-16-32-50,Ref,,8,D-voto,,,delegate,,,,0x5c19a95c,,48347,1,,0x14477638203890fae6e03b6d8872fdc619692fcbe0c9a0a0fd173ec8ce55cf6a,40
2026-09-23T23-05-23-489Z_n-sweep_1-2-4-8-16-32-50,Ref,,8,D-voto,,,delegate,,,,0x5c19a95c,,48347,1,,0x9f65b07d974009afeb2495f5f83544615b836d4a15a53225fe23457a4ef7529a,40
2026-09-23T23-05-23-489Z_n-sweep_1-2-4-8-16-32-50,Ref,,8,D-voto,,,transfer,,,,0xa9059cbb,,135960,1,,0x12b3632a1c52f60659d3425eb84c14a360f46d22294646303c80dcd17527a70f,40
2026-09-23T23-05-23-489Z_n-sweep_1-2-4-8-16-32-50,Ref,,8,D-voto,,,transfer,,,,0xa9059cbb,,135948,1,,0xa87d7f8246e76c0946b3305c7ea05587f75bf947d30a70200a3d94a9979a67f9,40
2026-09-23T23-05-23-489Z_n-sweep_1-2-4-8-16-32-50,Ref,,8,D-voto,,,transfer,,,,0xa9059cbb,,135960,1,,0x6b91ff6906a7caffe23d306052b97e16a1f90c7da929362ec72da357dbf7ba87,40
2026-09-23T23-05-23-489Z_n-sweep_1-2-4-8-16-32-50,Ref,,8,D-voto,,,transfer,,,,0xa9059cbb,,135960,1,,0x550f990a9496317dfcab1757938268690cc2c4c5f84c63fb48ff401640775ae9,40
2026-09-23T23-05-23-489Z_n-sweep_1-2-4-8-16-32-50,Ref,,8,D-voto,,,transfer,,,,0xa9059cbb,,135960,1,,0x29e320945b4bb30987a45db328a639dbdf74cb2fe2acd0799f33779f4b3dfc64,40
2026-09-23T23-05-23-489Z_n-sweep_1-2-4-8-16-32-50,Ref,,8,D-voto,,,transfer,,,,0xa9059cbb,,135960,1,,0xaa06e204a774dfcf13570bea2f8d88b2f9412f6ae05012efaa4bc390eaf174be,40
2026-09-23T23-05-23-489Z_n-sweep_1-2-4-8-16-32-50,Ref,,8,D-voto,,,transfer,,,,0xa9059cbb,,135960,1,,0x15ade4e82d47a042ce2d5c68363b890b77a019b2caaa7759c89f052bd6c791e6,40
2026-09-23T23-05-23-489Z_n-sweep_1-2-4-8-16-32-50,Ref,,8,D-voto,,,transfer,,,,0xa9059cbb,,135960,1,,0x9be7d09348efd06342937a9cd970ecb43a5d3e048e12ac4eff9b9548c71de591,40
2026-09-23T23-05-23-489Z_n-sweep_1-2-4-8-16-32-50,Ref,,8,D-voto,,,propose,,,propose,0x7d5e81e2,WasteCategoryRegistry.updateCredits,79205,1,,0x8da0b6f6abcbb52f2839c73d4c288e55e684f40a31ffdb1ff4597e115938dd21,40
2026-09-23T23-05-23-489Z_n-sweep_1-2-4-8-16-32-50,Ref,,8,D-voto,,,vote,1,for,,0x56781388,,83098,1,,0x41f0ad54e208ebb97134d737f1e465a4363e69283765f97b17869e053fdbee16,40
2026-09-23T23-05-23-489Z_n-sweep_1-2-4-8-16-32-50,Ref,,8,D-voto,,,vote,2,for,,0x56781388,,65998,1,,0x20a148ce82db4a761548a8a85a08328e6caa4a33ecdc827a8d4d8d7ec85b5bde,40
2026-09-23T23-05-23-489Z_n-sweep_1-2-4-8-16-32-50,Ref,,8,D-voto,,,vote,3,for,,0x56781388,,65998,1,,0x9b05eb879da164226cd1d38e7fa6719531273da0f0a9fae536abd8732fc84ab8,40
2026-09-23T23-05-23-489Z_n-sweep_1-2-4-8-16-32-50,Ref,,8,D-voto,,,vote,1,against,,0x56781388,,83057,1,,0xc5138542e8fec67de4cb36ad75346eb77df4414fe0a2f76efda93addb1a28721,40
2026-09-23T23-05-23-489Z_n-sweep_1-2-4-8-16-32-50,Ref,,8,D-voto,,,vote,2,against,,0x56781388,,65957,1,,0x86dbbe3b36bcc75eb6be07e1c62231d8ddf2e8eaf205299ec6f9525bd85f9184,40
2026-09-23T23-05-23-489Z_n-sweep_1-2-4-8-16-32-50,Ref,,8,D-voto,,,vote,3,against,,0x56781388,,65957,1,,0x1a471ca84c94b6444314fb3de1d926e2929f80e0201ddd65403be24e51c51c58,40
2026-09-23T23-05-23-489Z_n-sweep_1-2-4-8-16-32-50,Ref,,8,D-voto,,,vote,4,against,,0x56781388,,65957,1,,0x8cab25a46f07815ce09fe6fc1156df049a503a80cbb9b357182ab92079069463,40
2026-09-23T23-05-23-489Z_n-sweep_1-2-4-8-16-32-50,Ref,,8,D-voto,,,vote,5,against,,0x56781388,,65957,1,,0x98f000627dfb047a44cb69e8ef8cc4c78b2f6fed121edcdcb7cb6cffb14152db,40
2026-09-23T23-05-23-489Z_n-sweep_1-2-4-8-16-32-50,Ref,,8,D-voto,,,execute_attempt,,,execute,0x2656227d,WasteCategoryRegistry.updateCredits,51452,0,"VM Exception while processing transaction: reverted with custom error 'GovernorUnexpectedProposalState(82127668799383799135164374763419198341577909754570756232665456466401837644482, 3, '0x0000000000000000000000000000000000000000000000000000000000000030')'",0xc3cf1af52cfb8acd7fbd112e44539f5324717b45b48831a5153a7d7c38483ec9,40
2026-09-23T23-05-23-489Z_n-sweep_1-2-4-8-16-32-50,V0,T1,,,,,deploy_token_T1,,,constructor,0x61016060,,1621017,1,,0xece28f063ba256e8fc65152daf61fe745a7823e8ba387b1b661409f18f6dc4cc,41
2026-09-23T23-05-23-489Z_n-sweep_1-2-4-8-16-32-50,V0,,,,,,deploy_registry,,,constructor,0x60806040,,4590964,1,,0x9005486642112873086c0faf3a06ce7199e3377186a80eb6eea4235f5e1c6f56,41
2026-09-23T23-05-23-489Z_n-sweep_1-2-4-8-16-32-50,V0,,,,,,deploy_governor_V0,,,constructor,0x6101c080,,2133394,1,,0x8b33a795df9df0e5a3cb812430955580d1fb4f654a6028dd161238e13d560524,41
2026-09-23T23-05-23-489Z_n-sweep_1-2-4-8-16-32-50,V0,,,,,,grant_admin_role,,,grantRole,0x2f2ff15d,,50799,1,,0xb518a3911be32f0a59dcaec3e43c7ec54010f07f3e473d550516b1aab1a18d6b,41
2026-09-23T23-05-23-489Z_n-sweep_1-2-4-8-16-32-50,V0,,,,,,revoke_deployer_admin_role,,,revokeRole,0xd547741f,,27116,1,,0x8cb08b8b6ca45600b76a431b4cd18aee2095374e00c890903bfaa28d83b5f82b,41
2026-09-23T23-05-23-489Z_n-sweep_1-2-4-8-16-32-50,V0,,8,E-empate,,,delegate_admin,,,,0x5c19a95c,,95559,1,,0xfa43c1f7a1a1658c8aeac58119b26e806face10fc63ae3e18099942309f4d395,41
2026-09-23T23-05-23-489Z_n-sweep_1-2-4-8-16-32-50,V0,,8,E-empate,,,delegate,,,,0x5c19a95c,,48347,1,,0xf96ae171d39b1290c248e3ee88c92c43e24751ff4aacf46bad404cad29a33e37,41
2026-09-23T23-05-23-489Z_n-sweep_1-2-4-8-16-32-50,V0,,8,E-empate,,,delegate,,,,0x5c19a95c,,48335,1,,0x65ff74d2610d5c80f16dc62aa4e01b339a9ecd8c95911ae092d678a9792cdcb8,41
2026-09-23T23-05-23-489Z_n-sweep_1-2-4-8-16-32-50,V0,,8,E-empate,,,delegate,,,,0x5c19a95c,,48347,1,,0xb06e4e18b389cc3c69848b844c44927f26087a909c0e4532a1ba892e8d7bac4c,41
2026-09-23T23-05-23-489Z_n-sweep_1-2-4-8-16-32-50,V0,,8,E-empate,,,delegate,,,,0x5c19a95c,,48347,1,,0xfdc5c4ae6e458adbd0780d18d4ef20dca6b7a02f3efff2f7c0eec7590e340a41,41
2026-09-23T23-05-23-489Z_n-sweep_1-2-4-8-16-32-50,V0,,8,E-empate,,,delegate,,,,0x5c19a95c,,48347,1,,0x5c4d4bc02e09949d860a2c409a26209335f7c4e4eca7ac13d0e60a5cf0d0f233,41
2026-09-23T23-05-23-489Z_n-sweep_1-2-4-8-16-32-50,V0,,8,E-empate,,,delegate,,,,0x5c19a95c,,48347,1,,0x8eb2597a239d7d5a9d780141fa850308f21a221b62b2f0b2cd01922a25b294b2,41
2026-09-23T23-05-23-489Z_n-sweep_1-2-4-8-16-32-50,V0,,8,E-empate,,,delegate,,,,0x5c19a95c,,48347,1,,0x61b0a2cbceae6ab3b47dbad41fbaa57485b4b4545814b177fb76f5e80989f4b6,41
2026-09-23T23-05-23-489Z_n-sweep_1-2-4-8-16-32-50,V0,,8,E-empate,,,delegate,,,,0x5c19a95c,,48347,1,,0x8e8293e79ce57e8b2bd6c914c167b0ec5858ded7d332cc962607075acbcc0b43,41
2026-09-23T23-05-23-489Z_n-sweep_1-2-4-8-16-32-50,V0,,8,E-empate,,,transfer,,,,0xa9059cbb,,135960,1,,0x64168a5434eabf73b0837b721544a4cc06ef6a34e1c4450773c58082258dcca0,41
2026-09-23T23-05-23-489Z_n-sweep_1-2-4-8-16-32-50,V0,,8,E-empate,,,transfer,,,,0xa9059cbb,,135948,1,,0xb4e18f79c6446604effaf109dce94429a512388a43df1126882c8e5cca868b7f,41
2026-09-23T23-05-23-489Z_n-sweep_1-2-4-8-16-32-50,V0,,8,E-empate,,,transfer,,,,0xa9059cbb,,135960,1,,0xce056104bca756fc0ba8f7fbf1c6b9aff343642e27c04af69ec57f8a64bbcb85,41
2026-09-23T23-05-23-489Z_n-sweep_1-2-4-8-16-32-50,V0,,8,E-empate,,,transfer,,,,0xa9059cbb,,135960,1,,0x5f3f58d2bb088aa6fc81497c7fc7456836488df613560e6bcb700adf45bfea2a,41
2026-09-23T23-05-23-489Z_n-sweep_1-2-4-8-16-32-50,V0,,8,E-empate,,,transfer,,,,0xa9059cbb,,135960,1,,0x4e9ed30eb962504e5d56173f8a4b1de130c73b1ca07dce26f8178dcbb537b0fb,41
2026-09-23T23-05-23-489Z_n-sweep_1-2-4-8-16-32-50,V0,,8,E-empate,,,transfer,,,,0xa9059cbb,,135960,1,,0xd66ce4d198d298bdd4b5dea73866d2000a0ef49ec8a03732e0761dd58681e01d,41
2026-09-23T23-05-23-489Z_n-sweep_1-2-4-8-16-32-50,V0,,8,E-empate,,,transfer,,,,0xa9059cbb,,135960,1,,0x31c8459ef336643269731c1bb6d02b9a719ad31d14bd890cfbc82f6a2e7d687b,41
2026-09-23T23-05-23-489Z_n-sweep_1-2-4-8-16-32-50,V0,,8,E-empate,,,transfer,,,,0xa9059cbb,,135960,1,,0x84367e6fcee837f9170bc662ed268d918c68db8b23a8a17d84394aed377a8613,41
2026-09-23T23-05-23-489Z_n-sweep_1-2-4-8-16-32-50,V0,,8,E-empate,,,propose,,,propose,0x7d5e81e2,WasteCategoryRegistry.updateCredits,63327,1,,0x02a9cb248492ef47cc23a4f1adfd8a3cfa34ba85919406f0a01db55a150cebd5,41
2026-09-23T23-05-23-489Z_n-sweep_1-2-4-8-16-32-50,V0,,8,E-empate,,,vote,1,for,,0x56781388,,81899,1,,0x9123db2d69b7bfd78749b0f71fb772084ab1059309a6743dcae2a1cc127d9c27,41
2026-09-23T23-05-23-489Z_n-sweep_1-2-4-8-16-32-50,V0,,8,E-empate,,,vote,2,for,,0x56781388,,64799,1,,0xb5d37599f844f1184afef04f81f1727f9be2ec611b3ef03462dc7ae4229798e9,41
2026-09-23T23-05-23-489Z_n-sweep_1-2-4-8-16-32-50,V0,,8,E-empate,,,vote,3,for,,0x56781388,,64799,1,,0x7a139de509a751a070ee8a5a876c1057fe96a89f0e38658a85538ed6cc245b09,41
2026-09-23T23-05-23-489Z_n-sweep_1-2-4-8-16-32-50,V0,,8,E-empate,,,vote,4,for,,0x56781388,,64799,1,,0x2b3f21cdea274ea41d5aafc5c929eebe491777b0d977eef7f353023cc33d2685,41
2026-09-23T23-05-23-489Z_n-sweep_1-2-4-8-16-32-50,V0,,8,E-empate,,,vote,1,against,,0x56781388,,81847,1,,0x0f9dd997c861292197b93856e6f81c73cb9c53732a6ef241e7582378d8f0a23f,41
2026-09-23T23-05-23-489Z_n-sweep_1-2-4-8-16-32-50,V0,,8,E-empate,,,vote,2,against,,0x56781388,,64747,1,,0xcdfe63277736a5cfa6f908b4145d3a5a41acb3337f311d88ac26c28b1b77a271,41
2026-09-23T23-05-23-489Z_n-sweep_1-2-4-8-16-32-50,V0,,8,E-empate,,,vote,3,against,,0x56781388,,64747,1,,0x206421481d604d9ceb7c1a9db8e471851fa3e957252fc102c37c3b7692cc5c0f,41
2026-09-23T23-05-23-489Z_n-sweep_1-2-4-8-16-32-50,V0,,8,E-empate,,,vote,4,against,,0x56781388,,64747,1,,0x4f3c99395f8ad86ff62f295d23696f9b88ddc1c9553baee43f6a213b9099c7eb,41
2026-09-23T23-05-23-489Z_n-sweep_1-2-4-8-16-32-50,V0,,8,E-empate,,,execute_attempt,,,execute,0x2656227d,WasteCategoryRegistry.updateCredits,40382,0,"VM Exception while processing transaction: reverted with custom error 'GovernorUnexpectedProposalState(14575058787944451505711989572231987149403013204606891094348296679278091577664, 3, '0x0000000000000000000000000000000000000000000000000000000000000030')'",0xcc6614d479e7f2469165423bb7127e54d997fea2c968b436f50b0ff494a41a04,41
2026-09-23T23-05-23-489Z_n-sweep_1-2-4-8-16-32-50,V1,T1,,,,,deploy_token_T1,,,constructor,0x61016060,,1621017,1,,0xece28f063ba256e8fc65152daf61fe745a7823e8ba387b1b661409f18f6dc4cc,42
2026-09-23T23-05-23-489Z_n-sweep_1-2-4-8-16-32-50,V1,,,,,,deploy_registry,,,constructor,0x60806040,,4590964,1,,0x9005486642112873086c0faf3a06ce7199e3377186a80eb6eea4235f5e1c6f56,42
2026-09-23T23-05-23-489Z_n-sweep_1-2-4-8-16-32-50,V1,,,,,,deploy_governor_V1,,,constructor,0x6101c080,,2141155,1,,0xcbf032b87647649d09648621f7d61fb312aee4174486ee6f404819243ac59ca9,42
2026-09-23T23-05-23-489Z_n-sweep_1-2-4-8-16-32-50,V1,,,,,,grant_admin_role,,,grantRole,0x2f2ff15d,,50799,1,,0xfdc9a3875129e16eb4a0e6527cfb2e5662449c13660398cf3b7c723db6d0e009,42
2026-09-23T23-05-23-489Z_n-sweep_1-2-4-8-16-32-50,V1,,,,,,revoke_deployer_admin_role,,,revokeRole,0xd547741f,,27116,1,,0xc189311656167d1c4c211ee1c4f5143a8df64ff72cb449ebf7ec77ff2fd0bcbb,42
2026-09-23T23-05-23-489Z_n-sweep_1-2-4-8-16-32-50,V1,,8,E-empate,,,delegate_admin,,,,0x5c19a95c,,95559,1,,0xd4695df7ceba86e36d8d32ccf756640823a0c1b729cf20e3a0b632c08e38ee6a,42
2026-09-23T23-05-23-489Z_n-sweep_1-2-4-8-16-32-50,V1,,8,E-empate,,,delegate,,,,0x5c19a95c,,48347,1,,0x81d5bf8e96fad9ce8b5230dc73abbeb313b25fcb2932728690f357e6b4e905b9,42
2026-09-23T23-05-23-489Z_n-sweep_1-2-4-8-16-32-50,V1,,8,E-empate,,,delegate,,,,0x5c19a95c,,48335,1,,0x92147b8c796bc2b0f21acc979799bbf4c5b5033d9d67806a8ad6842fe03d41df,42
2026-09-23T23-05-23-489Z_n-sweep_1-2-4-8-16-32-50,V1,,8,E-empate,,,delegate,,,,0x5c19a95c,,48347,1,,0xfff43b85310b182c6fdaa6a0b82056393aba2572b23e543b42f064dc4690e2fc,42
2026-09-23T23-05-23-489Z_n-sweep_1-2-4-8-16-32-50,V1,,8,E-empate,,,delegate,,,,0x5c19a95c,,48347,1,,0xd65054394087a126f7201b8caf565d34e4b8e2c37299a2eb2e8e1e169e8753b2,42
2026-09-23T23-05-23-489Z_n-sweep_1-2-4-8-16-32-50,V1,,8,E-empate,,,delegate,,,,0x5c19a95c,,48347,1,,0x0c6ee11e6f4f09c9119d3c03df89d743f104be74b800d0b47cbfa2e1629e917b,42
2026-09-23T23-05-23-489Z_n-sweep_1-2-4-8-16-32-50,V1,,8,E-empate,,,delegate,,,,0x5c19a95c,,48347,1,,0x9e4c58d93f5292a4566258e1c10f556eb9dc4074e322b7c357bf5ad65da50cae,42
2026-09-23T23-05-23-489Z_n-sweep_1-2-4-8-16-32-50,V1,,8,E-empate,,,delegate,,,,0x5c19a95c,,48347,1,,0x6ebf0fe5777b4feb07a84b604e7094e789e104c0aa39284dccf1b9da9c17904e,42
2026-09-23T23-05-23-489Z_n-sweep_1-2-4-8-16-32-50,V1,,8,E-empate,,,delegate,,,,0x5c19a95c,,48347,1,,0xfe42119cc5b68fbfd433dffe547dcf50b55480a011d31795da0f08ec660c70b3,42
2026-09-23T23-05-23-489Z_n-sweep_1-2-4-8-16-32-50,V1,,8,E-empate,,,transfer,,,,0xa9059cbb,,135960,1,,0x364926a72ecc473ffcbb0e9b181d54e6f72eeab140f25a9b24544a3e10cab7c7,42
2026-09-23T23-05-23-489Z_n-sweep_1-2-4-8-16-32-50,V1,,8,E-empate,,,transfer,,,,0xa9059cbb,,135948,1,,0x1e82330c65247db307e915b5788ed34fd87ff6c6b02936ff7c1c6af495a4a8dd,42
2026-09-23T23-05-23-489Z_n-sweep_1-2-4-8-16-32-50,V1,,8,E-empate,,,transfer,,,,0xa9059cbb,,135960,1,,0x17309f3a1f22d04c586dec981ececfb7fa55b4ba88d0ecb3ca73c50ef27be438,42
2026-09-23T23-05-23-489Z_n-sweep_1-2-4-8-16-32-50,V1,,8,E-empate,,,transfer,,,,0xa9059cbb,,135960,1,,0xba165ac6fab73acb892a36f5df754a0ee061d768af616d32a2ad01f5c309a217,42
2026-09-23T23-05-23-489Z_n-sweep_1-2-4-8-16-32-50,V1,,8,E-empate,,,transfer,,,,0xa9059cbb,,135960,1,,0x66f6077ee27e748575b2ec6779230f2fc46c81373f7cae4239d541f1b47af55c,42
2026-09-23T23-05-23-489Z_n-sweep_1-2-4-8-16-32-50,V1,,8,E-empate,,,transfer,,,,0xa9059cbb,,135960,1,,0x914bf01a25aa59a8061b0a1fe33c0d7bf8e891ee7eaabf67808aa970e7dc30bf,42
2026-09-23T23-05-23-489Z_n-sweep_1-2-4-8-16-32-50,V1,,8,E-empate,,,transfer,,,,0xa9059cbb,,135960,1,,0x18aa687804cbafa1a01ff19bb5d40c5f7fbde23b47296c2829519b9711b85fd1,42
2026-09-23T23-05-23-489Z_n-sweep_1-2-4-8-16-32-50,V1,,8,E-empate,,,transfer,,,,0xa9059cbb,,135960,1,,0x9024f98682894614861fda29d99d66b4318ea20e398a09717282b4adb025ce52,42
2026-09-23T23-05-23-489Z_n-sweep_1-2-4-8-16-32-50,V1,,8,E-empate,,,propose,,,propose,0x7d5e81e2,WasteCategoryRegistry.updateCredits,63327,1,,0xe39caec1576b2e1074d69bcf2e60afcb85e009aff698745e967ee26c5a4be0bb,42
2026-09-23T23-05-23-489Z_n-sweep_1-2-4-8-16-32-50,V1,,8,E-empate,,,vote,1,for,,0x56781388,,82468,1,,0x661fe1bc2d06c592152c5278be5c1cb6b766209c60411361e8c31143a4de7223,42
2026-09-23T23-05-23-489Z_n-sweep_1-2-4-8-16-32-50,V1,,8,E-empate,,,vote,2,for,,0x56781388,,65368,1,,0x1b61ee4802f239d56c42814929b9b3911e0c143ed28801a1f4eb70c134e40a8d,42
2026-09-23T23-05-23-489Z_n-sweep_1-2-4-8-16-32-50,V1,,8,E-empate,,,vote,3,for,,0x56781388,,65368,1,,0x358754e37bf5376201ba62740bfb3932412252b882d72da7b02f80e5db33b9e2,42
2026-09-23T23-05-23-489Z_n-sweep_1-2-4-8-16-32-50,V1,,8,E-empate,,,vote,4,for,,0x56781388,,65368,1,,0xdd8f72dd0bb55412d1d3605d7891ac75ce1621ced5c688a1a7305a87a9067905,42
2026-09-23T23-05-23-489Z_n-sweep_1-2-4-8-16-32-50,V1,,8,E-empate,,,vote,1,against,,0x56781388,,82416,1,,0xdf521fcd2bc67dd608bbd32137fbe729f902fc0debf5e94d1f327acada3964e9,42
2026-09-23T23-05-23-489Z_n-sweep_1-2-4-8-16-32-50,V1,,8,E-empate,,,vote,2,against,,0x56781388,,65316,1,,0x9342854385fc3cf589ab82e5dded2f1edc37bbdcd6b14e9d3eeb3c4a39538fc8,42
2026-09-23T23-05-23-489Z_n-sweep_1-2-4-8-16-32-50,V1,,8,E-empate,,,vote,3,against,,0x56781388,,65316,1,,0xdf23934ab340fe7ea3dd4486bc6348e374a4b53f99b14de10efd826ef6d2be9b,42
2026-09-23T23-05-23-489Z_n-sweep_1-2-4-8-16-32-50,V1,,8,E-empate,,,vote,4,against,,0x56781388,,65316,1,,0x7bf8969c239363691641076f12ca7623395151cbebb781e15eef3b4660002ed2,42
2026-09-23T23-05-23-489Z_n-sweep_1-2-4-8-16-32-50,V1,,8,E-empate,,,execute_attempt,,,execute,0x2656227d,WasteCategoryRegistry.updateCredits,40382,0,"VM Exception while processing transaction: reverted with custom error 'GovernorUnexpectedProposalState(14575058787944451505711989572231987149403013204606891094348296679278091577664, 3, '0x0000000000000000000000000000000000000000000000000000000000000030')'",0xdd6b18258f7722707e036fca2a16f7d32512d5a758c3cabf4c07713a5566b0d2,42
2026-09-23T23-05-23-489Z_n-sweep_1-2-4-8-16-32-50,V2,T1,,,,,deploy_token_T1,,,constructor,0x61016060,,1621017,1,,0xece28f063ba256e8fc65152daf61fe745a7823e8ba387b1b661409f18f6dc4cc,43
2026-09-23T23-05-23-489Z_n-sweep_1-2-4-8-16-32-50,V2,,,,,,deploy_registry,,,constructor,0x60806040,,4590964,1,,0x9005486642112873086c0faf3a06ce7199e3377186a80eb6eea4235f5e1c6f56,43
2026-09-23T23-05-23-489Z_n-sweep_1-2-4-8-16-32-50,V2,,,,,,deploy_governor_V2,,,constructor,0x6101e080,,2178840,1,,0xa32c9f3d540c0ae9eee563ea02a53e3c1648afde51e09209202bc2912d9a8532,43
2026-09-23T23-05-23-489Z_n-sweep_1-2-4-8-16-32-50,V2,,,,,,grant_admin_role,,,grantRole,0x2f2ff15d,,50799,1,,0x0482dd737ad13e5cf9f342f77b7f4c8d4a60575e6613b501a7a433855227e65d,43
2026-09-23T23-05-23-489Z_n-sweep_1-2-4-8-16-32-50,V2,,,,,,revoke_deployer_admin_role,,,revokeRole,0xd547741f,,27116,1,,0xbf6c6756b6e885a31717a4b56f3c4fc35da4780ca84e075711ea97189f58ea3d,43
2026-09-23T23-05-23-489Z_n-sweep_1-2-4-8-16-32-50,V2,,8,E-empate,,,delegate_admin,,,,0x5c19a95c,,95559,1,,0xe4ed125ff7fcf34a784094393e69d7b32184f90f45a88cf0e398ac5fe2329d50,43
2026-09-23T23-05-23-489Z_n-sweep_1-2-4-8-16-32-50,V2,,8,E-empate,,,delegate,,,,0x5c19a95c,,48347,1,,0x8e5cf2e817455991c3f88244f29b95e3c5703efb253d16587c3e019ace8ed4aa,43
2026-09-23T23-05-23-489Z_n-sweep_1-2-4-8-16-32-50,V2,,8,E-empate,,,delegate,,,,0x5c19a95c,,48335,1,,0x3a4d0b938991cc6665fddf48aab742d27a2480134e4cb1cf5b844b9724575405,43
2026-09-23T23-05-23-489Z_n-sweep_1-2-4-8-16-32-50,V2,,8,E-empate,,,delegate,,,,0x5c19a95c,,48347,1,,0x8df16e2387da0d9fa03469e487a72815c7ad0f22d2e3631bfcd3e8532e84566f,43
2026-09-23T23-05-23-489Z_n-sweep_1-2-4-8-16-32-50,V2,,8,E-empate,,,delegate,,,,0x5c19a95c,,48347,1,,0x95612e3ccf4e98f664cb62c90a18fd3142e8f5668db18fb82a400652a6b96b06,43
2026-09-23T23-05-23-489Z_n-sweep_1-2-4-8-16-32-50,V2,,8,E-empate,,,delegate,,,,0x5c19a95c,,48347,1,,0x8cfbd9c8afd095297879c4ea5a6d41c276c3b770abd2f751b06ec63384df15d6,43
2026-09-23T23-05-23-489Z_n-sweep_1-2-4-8-16-32-50,V2,,8,E-empate,,,delegate,,,,0x5c19a95c,,48347,1,,0x96ff47bd12ed3260165a9b3c82bacf4a9f1cfd47a5f8548491ee35c1066f2e38,43
2026-09-23T23-05-23-489Z_n-sweep_1-2-4-8-16-32-50,V2,,8,E-empate,,,delegate,,,,0x5c19a95c,,48347,1,,0x3c7464a5135ef0630048da3b891f6f95d941c4b44dfb27d1230d6c7015af52d6,43
2026-09-23T23-05-23-489Z_n-sweep_1-2-4-8-16-32-50,V2,,8,E-empate,,,delegate,,,,0x5c19a95c,,48347,1,,0xcef7f0dbdf22e7ddd7612e11e8e4d04d07ff7ed50742fa593a04379c3fb4c79a,43
2026-09-23T23-05-23-489Z_n-sweep_1-2-4-8-16-32-50,V2,,8,E-empate,,,transfer,,,,0xa9059cbb,,135960,1,,0x7c052333044c2288623248aa49302d5e2b271fd34865af063eff829354a8b683,43
2026-09-23T23-05-23-489Z_n-sweep_1-2-4-8-16-32-50,V2,,8,E-empate,,,transfer,,,,0xa9059cbb,,135948,1,,0xa70b19aecefd6fc37e47200f0ee7be8b67ae1fd23270d845de15d0e55868e8c7,43
2026-09-23T23-05-23-489Z_n-sweep_1-2-4-8-16-32-50,V2,,8,E-empate,,,transfer,,,,0xa9059cbb,,135960,1,,0xc6c252567ba64c72646e826d5ce83077e7e29b0d7e739c32a06142eedc3ac88b,43
2026-09-23T23-05-23-489Z_n-sweep_1-2-4-8-16-32-50,V2,,8,E-empate,,,transfer,,,,0xa9059cbb,,135960,1,,0xd536c2011d0413da3ef64131702fb3a285c5ada7f6b4492504b2ab9a5fbdbe23,43
2026-09-23T23-05-23-489Z_n-sweep_1-2-4-8-16-32-50,V2,,8,E-empate,,,transfer,,,,0xa9059cbb,,135960,1,,0xd87e504bc80e209db7bc55b7b3d109104d1759045b16de491835faf2a58af9f5,43
2026-09-23T23-05-23-489Z_n-sweep_1-2-4-8-16-32-50,V2,,8,E-empate,,,transfer,,,,0xa9059cbb,,135960,1,,0xb4000e4cc890a963ba948c2333d7cfe1cee46cd6bc6cc618b5666e6d69ecc15e,43
2026-09-23T23-05-23-489Z_n-sweep_1-2-4-8-16-32-50,V2,,8,E-empate,,,transfer,,,,0xa9059cbb,,135960,1,,0x39a69759f41857048a62b13eca96e9b06ce234415de624be503ffdb08ed092e8,43
2026-09-23T23-05-23-489Z_n-sweep_1-2-4-8-16-32-50,V2,,8,E-empate,,,transfer,,,,0xa9059cbb,,135960,1,,0x90c0510f905229c10a6503306d6e1badbfb1c5de847b607d4930d8e3522b96eb,43
2026-09-23T23-05-23-489Z_n-sweep_1-2-4-8-16-32-50,V2,,8,E-empate,,,propose,,,propose,0x7d5e81e2,WasteCategoryRegistry.updateCredits,63327,1,,0x82b7e9bf8746f70d0a8807b1814bfbb7c360e0bd48e99d4a9a6e940b863311a9,43
2026-09-23T23-05-23-489Z_n-sweep_1-2-4-8-16-32-50,V2,,8,E-empate,,,vote,1,for,,0x56781388,,82468,1,,0x04d27d27a345dd8d17720a8023ee7b202b48eff1673ab06ff692794b51902959,43
2026-09-23T23-05-23-489Z_n-sweep_1-2-4-8-16-32-50,V2,,8,E-empate,,,vote,2,for,,0x56781388,,65368,1,,0x81c1636d2a4ac67cefdbacec08196dca4925c21378112f1c5efd7dd769db4d60,43
2026-09-23T23-05-23-489Z_n-sweep_1-2-4-8-16-32-50,V2,,8,E-empate,,,vote,3,for,,0x56781388,,65368,1,,0xb76944b13a73ff3ff19950436fa164d0e6ade794ea5118efd8e5443ceec63b93,43
2026-09-23T23-05-23-489Z_n-sweep_1-2-4-8-16-32-50,V2,,8,E-empate,,,vote,4,for,,0x56781388,,65368,1,,0x0fa9f0e31dbbe01f1f7ea2210eeaff2f2ffb46b9df90aaefcdf73dc75be3aab4,43
2026-09-23T23-05-23-489Z_n-sweep_1-2-4-8-16-32-50,V2,,8,E-empate,,,vote,1,against,,0x56781388,,82416,1,,0x7ec1d308d0d1650b639ced01e5c204aeeabef3bcfefe7f9c0ebf592cf0dc5009,43
2026-09-23T23-05-23-489Z_n-sweep_1-2-4-8-16-32-50,V2,,8,E-empate,,,vote,2,against,,0x56781388,,65316,1,,0xae75afcc6abd88b02fc906b72b6a4f606d5125f20e7a6537e893bd2c0245f3b5,43
2026-09-23T23-05-23-489Z_n-sweep_1-2-4-8-16-32-50,V2,,8,E-empate,,,vote,3,against,,0x56781388,,65316,1,,0xe30d88d8a092941a6a78eebcccba5e9aeff104481a0782505ee319662a418249,43
2026-09-23T23-05-23-489Z_n-sweep_1-2-4-8-16-32-50,V2,,8,E-empate,,,vote,4,against,,0x56781388,,65316,1,,0x6158732aa387c6aa69eb46aed466b2da2e780fe83dacf3fd885578d1ea7297a1,43
2026-09-23T23-05-23-489Z_n-sweep_1-2-4-8-16-32-50,V2,,8,E-empate,,,execute_attempt,,,execute,0x2656227d,WasteCategoryRegistry.updateCredits,40422,0,"VM Exception while processing transaction: reverted with custom error 'GovernorUnexpectedProposalState(14575058787944451505711989572231987149403013204606891094348296679278091577664, 3, '0x0000000000000000000000000000000000000000000000000000000000000030')'",0x0943f93cc3c3b994767b525553b3de6d65c3bdfb99a555e39a7402a96e284e43,43
2026-09-23T23-05-23-489Z_n-sweep_1-2-4-8-16-32-50,Ref,T1,,,,,deploy_token_T1,,,constructor,0x61016060,,1621017,1,,0x8a423d158719dafa7ff4b82bcd6f6a5661f61c993e6aaede0acbe21a849af082,44
2026-09-23T23-05-23-489Z_n-sweep_1-2-4-8-16-32-50,Ref,,,,,,deploy_registry,,,constructor,0x60806040,,4590964,1,,0x9005486642112873086c0faf3a06ce7199e3377186a80eb6eea4235f5e1c6f56,44
2026-09-23T23-05-23-489Z_n-sweep_1-2-4-8-16-32-50,Ref,,,,,,deploy_rewards_registry_for_ctor,,,constructor,0x60806040,,4590964,1,,0x484f4210d177094deb4832deb5e459c708c732becb1881e1d1417503c177d84a,44
2026-09-23T23-05-23-489Z_n-sweep_1-2-4-8-16-32-50,Ref,,,,,,deploy_credit,,,constructor,0x60806040,,931954,1,,0xda6265176213799bfac2d03545eb38f6f6d6d978852db5e040dec6bdc95b6a46,44
2026-09-23T23-05-23-489Z_n-sweep_1-2-4-8-16-32-50,Ref,,,,,,deploy_passport,,,constructor,0x60806040,,2776581,1,,0xe5a36162780b85ac2b217350036da2286056186a02d74234dd0980865a07c217,44
2026-09-23T23-05-23-489Z_n-sweep_1-2-4-8-16-32-50,Ref,,,,,,deploy_rewards,,,constructor,0x60803461,,1246140,1,,0x748f3eef423a29001e508633e407c909b25f0e6a89b560856468f0ac6655c439,44
2026-09-23T23-05-23-489Z_n-sweep_1-2-4-8-16-32-50,Ref,,,,,,deploy_stakeholders,,,constructor,0x60803461,,1679823,1,,0xd4be2e468d589ae7e76ff2c292757707613e73c2a9e8f4c774280b5fd0991072,44
2026-09-23T23-05-23-489Z_n-sweep_1-2-4-8-16-32-50,Ref,,,,,,deploy_governor_Ref,,,constructor,0x61018060,,4434623,1,,0xd1b6a3d1f944bdfe5c399ebf7a1e6ed8a76e5b5acd93cdfc3d211571cbc50a6e,44
2026-09-23T23-05-23-489Z_n-sweep_1-2-4-8-16-32-50,Ref,,,,,,grant_admin_role,,,grantRole,0x2f2ff15d,,50799,1,,0x9477ec21ceecb8e71e570a8e5c711d060981c6dc53217d4071b2c7d012604374,44
2026-09-23T23-05-23-489Z_n-sweep_1-2-4-8-16-32-50,Ref,,,,,,revoke_deployer_admin_role,,,revokeRole,0xd547741f,,27116,1,,0x4571f6b2b82c72e95dbfd028346a3c95cee362f1cdc4e946338a9d1e56d58c09,44
2026-09-23T23-05-23-489Z_n-sweep_1-2-4-8-16-32-50,Ref,,8,E-empate,,,delegate_admin,,,,0x5c19a95c,,95559,1,,0xfca7f8e34a7a367a38495092e6c6ae53f6f6bbc6c6cdd047fed83c770b76a8c9,44
2026-09-23T23-05-23-489Z_n-sweep_1-2-4-8-16-32-50,Ref,,8,E-empate,,,delegate,,,,0x5c19a95c,,48347,1,,0x2f1db724527155bbb87015320f4de9a632dd20bb0d57eddcbd649b18207511a9,44
2026-09-23T23-05-23-489Z_n-sweep_1-2-4-8-16-32-50,Ref,,8,E-empate,,,delegate,,,,0x5c19a95c,,48335,1,,0x8b0e52e67c302dbb4252eb6f968ee138c191eb8205be72d37b64b0c5ee99cc0e,44
2026-09-23T23-05-23-489Z_n-sweep_1-2-4-8-16-32-50,Ref,,8,E-empate,,,delegate,,,,0x5c19a95c,,48347,1,,0x1a5bd05dacedf9e3acc8ca8d92b6aea9cf2aa84f70c77d04dab2d0257070356f,44
2026-09-23T23-05-23-489Z_n-sweep_1-2-4-8-16-32-50,Ref,,8,E-empate,,,delegate,,,,0x5c19a95c,,48347,1,,0x05f7d9fd7d2dcae80248756e17e23af4963c07b10ebe32e7c079f468806ce249,44
2026-09-23T23-05-23-489Z_n-sweep_1-2-4-8-16-32-50,Ref,,8,E-empate,,,delegate,,,,0x5c19a95c,,48347,1,,0xc692236193a870ec74b2ae8543ffbfe39b6bd5462442ea5a4e078b2d3116adeb,44
2026-09-23T23-05-23-489Z_n-sweep_1-2-4-8-16-32-50,Ref,,8,E-empate,,,delegate,,,,0x5c19a95c,,48347,1,,0x69a8f9be879966443d3229422f1c20ad3c5a2104215131e80047b7236df1a439,44
2026-09-23T23-05-23-489Z_n-sweep_1-2-4-8-16-32-50,Ref,,8,E-empate,,,delegate,,,,0x5c19a95c,,48347,1,,0x14477638203890fae6e03b6d8872fdc619692fcbe0c9a0a0fd173ec8ce55cf6a,44
2026-09-23T23-05-23-489Z_n-sweep_1-2-4-8-16-32-50,Ref,,8,E-empate,,,delegate,,,,0x5c19a95c,,48347,1,,0x9f65b07d974009afeb2495f5f83544615b836d4a15a53225fe23457a4ef7529a,44
2026-09-23T23-05-23-489Z_n-sweep_1-2-4-8-16-32-50,Ref,,8,E-empate,,,transfer,,,,0xa9059cbb,,135960,1,,0x12b3632a1c52f60659d3425eb84c14a360f46d22294646303c80dcd17527a70f,44
2026-09-23T23-05-23-489Z_n-sweep_1-2-4-8-16-32-50,Ref,,8,E-empate,,,transfer,,,,0xa9059cbb,,135948,1,,0xa87d7f8246e76c0946b3305c7ea05587f75bf947d30a70200a3d94a9979a67f9,44
2026-09-23T23-05-23-489Z_n-sweep_1-2-4-8-16-32-50,Ref,,8,E-empate,,,transfer,,,,0xa9059cbb,,135960,1,,0x6b91ff6906a7caffe23d306052b97e16a1f90c7da929362ec72da357dbf7ba87,44
2026-09-23T23-05-23-489Z_n-sweep_1-2-4-8-16-32-50,Ref,,8,E-empate,,,transfer,,,,0xa9059cbb,,135960,1,,0x550f990a9496317dfcab1757938268690cc2c4c5f84c63fb48ff401640775ae9,44
2026-09-23T23-05-23-489Z_n-sweep_1-2-4-8-16-32-50,Ref,,8,E-empate,,,transfer,,,,0xa9059cbb,,135960,1,,0x29e320945b4bb30987a45db328a639dbdf74cb2fe2acd0799f33779f4b3dfc64,44
2026-09-23T23-05-23-489Z_n-sweep_1-2-4-8-16-32-50,Ref,,8,E-empate,,,transfer,,,,0xa9059cbb,,135960,1,,0xaa06e204a774dfcf13570bea2f8d88b2f9412f6ae05012efaa4bc390eaf174be,44
2026-09-23T23-05-23-489Z_n-sweep_1-2-4-8-16-32-50,Ref,,8,E-empate,,,transfer,,,,0xa9059cbb,,135960,1,,0x15ade4e82d47a042ce2d5c68363b890b77a019b2caaa7759c89f052bd6c791e6,44
2026-09-23T23-05-23-489Z_n-sweep_1-2-4-8-16-32-50,Ref,,8,E-empate,,,transfer,,,,0xa9059cbb,,135960,1,,0x9be7d09348efd06342937a9cd970ecb43a5d3e048e12ac4eff9b9548c71de591,44
2026-09-23T23-05-23-489Z_n-sweep_1-2-4-8-16-32-50,Ref,,8,E-empate,,,propose,,,propose,0x7d5e81e2,WasteCategoryRegistry.updateCredits,79229,1,,0xf1728630a6fa25df73ae742ccbf445e3cda646087a0d8934c06740cc57f59b68,44
2026-09-23T23-05-23-489Z_n-sweep_1-2-4-8-16-32-50,Ref,,8,E-empate,,,vote,1,for,,0x56781388,,83098,1,,0x5e9fcb880d5e58d335ea6f1451453e82b80999b9e91d0780b27e96b4a558acfe,44
2026-09-23T23-05-23-489Z_n-sweep_1-2-4-8-16-32-50,Ref,,8,E-empate,,,vote,2,for,,0x56781388,,65998,1,,0x758827fa6f95f5cbc8303e29505dbfb0c3cf7f3ecd6d7c5b2bd7313e6647d263,44
2026-09-23T23-05-23-489Z_n-sweep_1-2-4-8-16-32-50,Ref,,8,E-empate,,,vote,3,for,,0x56781388,,65998,1,,0x9b2857f42846f285e68e5a4754b13b796707f189c3504b097862bbd2efaf2427,44
2026-09-23T23-05-23-489Z_n-sweep_1-2-4-8-16-32-50,Ref,,8,E-empate,,,vote,4,for,,0x56781388,,65998,1,,0x08638ab57354469b10e8be2878551e19ad5fca6bdfef6f97e30f84625332b395,44
2026-09-23T23-05-23-489Z_n-sweep_1-2-4-8-16-32-50,Ref,,8,E-empate,,,vote,1,against,,0x56781388,,83057,1,,0xb131dc96e11d26978b88faa84888ed092d468725cdfed3bfce0493331d50068e,44
2026-09-23T23-05-23-489Z_n-sweep_1-2-4-8-16-32-50,Ref,,8,E-empate,,,vote,2,against,,0x56781388,,65957,1,,0x456ee04f6d98f84c6d0307249bcd3c3891184bdacbf0187601338fbcabd0c10b,44
2026-09-23T23-05-23-489Z_n-sweep_1-2-4-8-16-32-50,Ref,,8,E-empate,,,vote,3,against,,0x56781388,,65957,1,,0xc0bd0c07362b7aa9e4256335522429ea123b042311fd6f13cd8374e4d9e21f93,44
2026-09-23T23-05-23-489Z_n-sweep_1-2-4-8-16-32-50,Ref,,8,E-empate,,,vote,4,against,,0x56781388,,65957,1,,0x5a62258c4e70937ca43febbb12ec8b1f5c7433f4f86252e200ba0270a0e58db6,44
2026-09-23T23-05-23-489Z_n-sweep_1-2-4-8-16-32-50,Ref,,8,E-empate,,,execute_attempt,,,execute,0x2656227d,WasteCategoryRegistry.updateCredits,51452,0,"VM Exception while processing transaction: reverted with custom error 'GovernorUnexpectedProposalState(14575058787944451505711989572231987149403013204606891094348296679278091577664, 3, '0x0000000000000000000000000000000000000000000000000000000000000030')'",0x5833baca215772b94f6fb07e10257a7465a5d874da799ffdc8b7a41ae9b082ec,44
2026-09-23T23-05-23-489Z_n-sweep_1-2-4-8-16-32-50,V0,T1,,,,,deploy_token_T1,,,constructor,0x61016060,,1621017,1,,0xece28f063ba256e8fc65152daf61fe745a7823e8ba387b1b661409f18f6dc4cc,45
2026-09-23T23-05-23-489Z_n-sweep_1-2-4-8-16-32-50,V0,,,,,,deploy_registry,,,constructor,0x60806040,,4590964,1,,0x9005486642112873086c0faf3a06ce7199e3377186a80eb6eea4235f5e1c6f56,45
2026-09-23T23-05-23-489Z_n-sweep_1-2-4-8-16-32-50,V0,,,,,,deploy_governor_V0,,,constructor,0x6101c080,,2133394,1,,0x8b33a795df9df0e5a3cb812430955580d1fb4f654a6028dd161238e13d560524,45
2026-09-23T23-05-23-489Z_n-sweep_1-2-4-8-16-32-50,V0,,,,,,grant_admin_role,,,grantRole,0x2f2ff15d,,50799,1,,0xb518a3911be32f0a59dcaec3e43c7ec54010f07f3e473d550516b1aab1a18d6b,45
2026-09-23T23-05-23-489Z_n-sweep_1-2-4-8-16-32-50,V0,,,,,,revoke_deployer_admin_role,,,revokeRole,0xd547741f,,27116,1,,0x8cb08b8b6ca45600b76a431b4cd18aee2095374e00c890903bfaa28d83b5f82b,45
2026-09-23T23-05-23-489Z_n-sweep_1-2-4-8-16-32-50,V0,,16,A-unanime,,,delegate_admin,,,,0x5c19a95c,,95559,1,,0xfa43c1f7a1a1658c8aeac58119b26e806face10fc63ae3e18099942309f4d395,45
2026-09-23T23-05-23-489Z_n-sweep_1-2-4-8-16-32-50,V0,,16,A-unanime,,,delegate,,,,0x5c19a95c,,48347,1,,0xf96ae171d39b1290c248e3ee88c92c43e24751ff4aacf46bad404cad29a33e37,45
2026-09-23T23-05-23-489Z_n-sweep_1-2-4-8-16-32-50,V0,,16,A-unanime,,,delegate,,,,0x5c19a95c,,48335,1,,0x65ff74d2610d5c80f16dc62aa4e01b339a9ecd8c95911ae092d678a9792cdcb8,45
2026-09-23T23-05-23-489Z_n-sweep_1-2-4-8-16-32-50,V0,,16,A-unanime,,,delegate,,,,0x5c19a95c,,48347,1,,0xb06e4e18b389cc3c69848b844c44927f26087a909c0e4532a1ba892e8d7bac4c,45
2026-09-23T23-05-23-489Z_n-sweep_1-2-4-8-16-32-50,V0,,16,A-unanime,,,delegate,,,,0x5c19a95c,,48347,1,,0xfdc5c4ae6e458adbd0780d18d4ef20dca6b7a02f3efff2f7c0eec7590e340a41,45
2026-09-23T23-05-23-489Z_n-sweep_1-2-4-8-16-32-50,V0,,16,A-unanime,,,delegate,,,,0x5c19a95c,,48347,1,,0x5c4d4bc02e09949d860a2c409a26209335f7c4e4eca7ac13d0e60a5cf0d0f233,45
2026-09-23T23-05-23-489Z_n-sweep_1-2-4-8-16-32-50,V0,,16,A-unanime,,,delegate,,,,0x5c19a95c,,48347,1,,0x8eb2597a239d7d5a9d780141fa850308f21a221b62b2f0b2cd01922a25b294b2,45
2026-09-23T23-05-23-489Z_n-sweep_1-2-4-8-16-32-50,V0,,16,A-unanime,,,delegate,,,,0x5c19a95c,,48347,1,,0x61b0a2cbceae6ab3b47dbad41fbaa57485b4b4545814b177fb76f5e80989f4b6,45
2026-09-23T23-05-23-489Z_n-sweep_1-2-4-8-16-32-50,V0,,16,A-unanime,,,delegate,,,,0x5c19a95c,,48347,1,,0x8e8293e79ce57e8b2bd6c914c167b0ec5858ded7d332cc962607075acbcc0b43,45
2026-09-23T23-05-23-489Z_n-sweep_1-2-4-8-16-32-50,V0,,16,A-unanime,,,delegate,,,,0x5c19a95c,,48347,1,,0x700d26ece381a9328c0c0607c8015a890a8cc373fc0ec5e3e5957a9b1720c821,45
2026-09-23T23-05-23-489Z_n-sweep_1-2-4-8-16-32-50,V0,,16,A-unanime,,,delegate,,,,0x5c19a95c,,48335,1,,0x827f347ed9162ee5aa31942cb2cd15f5b7940183deaee5d4a11b6efe87452173,45
2026-09-23T23-05-23-489Z_n-sweep_1-2-4-8-16-32-50,V0,,16,A-unanime,,,delegate,,,,0x5c19a95c,,48347,1,,0x05e0616bb804c3cd4df19f7b0cf511dbcb6e9524c52bcfbf8b39223490cc0846,45
2026-09-23T23-05-23-489Z_n-sweep_1-2-4-8-16-32-50,V0,,16,A-unanime,,,delegate,,,,0x5c19a95c,,48347,1,,0x7409a97667b08d9b70b0d678843340d442fad8337ae46944499977e000325f92,45
2026-09-23T23-05-23-489Z_n-sweep_1-2-4-8-16-32-50,V0,,16,A-unanime,,,delegate,,,,0x5c19a95c,,48347,1,,0x06bc39c687cf89ca2626bc142b16cf4a83fd68b90155fd6344acd5c17148d8a6,45
2026-09-23T23-05-23-489Z_n-sweep_1-2-4-8-16-32-50,V0,,16,A-unanime,,,delegate,,,,0x5c19a95c,,48347,1,,0xe5d3691fe9ffad366e158fc098b74dd6635f083c235a6588c23e1d5313889cc9,45
2026-09-23T23-05-23-489Z_n-sweep_1-2-4-8-16-32-50,V0,,16,A-unanime,,,delegate,,,,0x5c19a95c,,48347,1,,0x75300fe9f7d70fbe306b3cefadf0423a64334a4470eee34e958b76b4418900c0,45
2026-09-23T23-05-23-489Z_n-sweep_1-2-4-8-16-32-50,V0,,16,A-unanime,,,delegate,,,,0x5c19a95c,,48347,1,,0xef2cf8fae96fa4c95b9eb5fc78e668af4f5126a23f921c90e15afdcffccd9bf9,45
2026-09-23T23-05-23-489Z_n-sweep_1-2-4-8-16-32-50,V0,,16,A-unanime,,,transfer,,,,0xa9059cbb,,135960,1,,0x9d2051ce1ac7772280ee95bb88f17e9d6d2578fc8bb5cf446ecc31be953ece96,45
2026-09-23T23-05-23-489Z_n-sweep_1-2-4-8-16-32-50,V0,,16,A-unanime,,,transfer,,,,0xa9059cbb,,135948,1,,0x3a4a298943ef01cc714afe43386e5742cf073e1f035be6fc7cbb5dfeed0493f0,45
2026-09-23T23-05-23-489Z_n-sweep_1-2-4-8-16-32-50,V0,,16,A-unanime,,,transfer,,,,0xa9059cbb,,135960,1,,0xd44510bb270dde35eff14b4a5a859736433c0ee8550691fdd95ee07cd99c95c6,45
2026-09-23T23-05-23-489Z_n-sweep_1-2-4-8-16-32-50,V0,,16,A-unanime,,,transfer,,,,0xa9059cbb,,135960,1,,0x63d205467f9416ccd0167cac0adeba7bd37f330003391c910238fd6d39d44d93,45
2026-09-23T23-05-23-489Z_n-sweep_1-2-4-8-16-32-50,V0,,16,A-unanime,,,transfer,,,,0xa9059cbb,,135960,1,,0xb3c9dc135bc39577971e96905eec64c6559bad01b2a06ea5376e696e1224dcde,45
2026-09-23T23-05-23-489Z_n-sweep_1-2-4-8-16-32-50,V0,,16,A-unanime,,,transfer,,,,0xa9059cbb,,135960,1,,0xb1ad3c2f5839ceda9ea23f9e801964e613c95948448563bf3c2b4cda05309531,45
2026-09-23T23-05-23-489Z_n-sweep_1-2-4-8-16-32-50,V0,,16,A-unanime,,,transfer,,,,0xa9059cbb,,135960,1,,0x0e8c2da5137db8ba2577088f9b4385a8b03e6bb749d506e3131715b6ab0e5c85,45
2026-09-23T23-05-23-489Z_n-sweep_1-2-4-8-16-32-50,V0,,16,A-unanime,,,transfer,,,,0xa9059cbb,,135960,1,,0xcc0dce854b4d22a13a4ee19c4382a43b7378b6dbf7459e801d2c21eaf406c0b3,45
2026-09-23T23-05-23-489Z_n-sweep_1-2-4-8-16-32-50,V0,,16,A-unanime,,,transfer,,,,0xa9059cbb,,135960,1,,0x34389a152f83ec0b3169ab7573cf459e4ff8bcef869ec65da6da6b0d63fcf965,45
2026-09-23T23-05-23-489Z_n-sweep_1-2-4-8-16-32-50,V0,,16,A-unanime,,,transfer,,,,0xa9059cbb,,135948,1,,0x299f4a4d3aaa7cddd715472eecd4b373cf92705af8c26fb1ecee302a0fb4879f,45
2026-09-23T23-05-23-489Z_n-sweep_1-2-4-8-16-32-50,V0,,16,A-unanime,,,transfer,,,,0xa9059cbb,,135960,1,,0xb238377ddc32c50ae1eecf6d5ef004977a9773a3ed7d4a7733ee2c54f9c86f9a,45
2026-09-23T23-05-23-489Z_n-sweep_1-2-4-8-16-32-50,V0,,16,A-unanime,,,transfer,,,,0xa9059cbb,,135960,1,,0xe6cba7e768e8f544e5f277d2fcf207d101cc00453070eca3afe77aeaab1e66a2,45
2026-09-23T23-05-23-489Z_n-sweep_1-2-4-8-16-32-50,V0,,16,A-unanime,,,transfer,,,,0xa9059cbb,,135960,1,,0x9c81e5a07e6bfd0ca52efa66d70f843f87beead64a024ffaec14204514567a4a,45
2026-09-23T23-05-23-489Z_n-sweep_1-2-4-8-16-32-50,V0,,16,A-unanime,,,transfer,,,,0xa9059cbb,,135960,1,,0x92ea0b3b1a4fc09939bde5de610cab2c9ee4919860af647811507c3f42e77406,45
2026-09-23T23-05-23-489Z_n-sweep_1-2-4-8-16-32-50,V0,,16,A-unanime,,,transfer,,,,0xa9059cbb,,135960,1,,0xca1c8911abf0980ae6c3603deb4c531c0c4af41602a546328a15a0fceb3594e8,45
2026-09-23T23-05-23-489Z_n-sweep_1-2-4-8-16-32-50,V0,,16,A-unanime,,,transfer,,,,0xa9059cbb,,135960,1,,0x51f7bdc75c4813064555dffa674146a5a204bbfdc6f6bc63abfa47c352cc9ab2,45
2026-09-23T23-05-23-489Z_n-sweep_1-2-4-8-16-32-50,V0,,16,A-unanime,,,propose,,,propose,0x7d5e81e2,WasteCategoryRegistry.updateCredits,63351,1,,0x34abc8212672aecdfb175796866fc773e6cbbc3d274ccda1ed83c25c3f525bfd,45
2026-09-23T23-05-23-489Z_n-sweep_1-2-4-8-16-32-50,V0,,16,A-unanime,,,vote,1,for,,0x56781388,,81899,1,,0x2437fd4745c9e3c23c0035634407869cbc10fa545156a0d0bded048e07689eef,45
2026-09-23T23-05-23-489Z_n-sweep_1-2-4-8-16-32-50,V0,,16,A-unanime,,,vote,2,for,,0x56781388,,64799,1,,0x4097b56c1ba03fbc1c92d00969792697c8d7faf7a12f691440832ca7e2152f6c,45
2026-09-23T23-05-23-489Z_n-sweep_1-2-4-8-16-32-50,V0,,16,A-unanime,,,vote,3,for,,0x56781388,,64799,1,,0x23fb0dda0b27039ea8d9a84a0d5ee629de19ce0de3ebe76413ea22abc94f02dc,45
2026-09-23T23-05-23-489Z_n-sweep_1-2-4-8-16-32-50,V0,,16,A-unanime,,,vote,4,for,,0x56781388,,64799,1,,0x59e6b78df66ca1131998b26cc1f05b1aff54d902a0a336640a2967481cde253d,45
2026-09-23T23-05-23-489Z_n-sweep_1-2-4-8-16-32-50,V0,,16,A-unanime,,,vote,5,for,,0x56781388,,64799,1,,0x15ed55f5c59fcc17afd8fad6aadd6781a10ee7b944cfff7b4e99f15a94c2c07c,45
2026-09-23T23-05-23-489Z_n-sweep_1-2-4-8-16-32-50,V0,,16,A-unanime,,,vote,6,for,,0x56781388,,64799,1,,0x26b3526d16f170597a910d0ad7b0e4597c2fde553c7d2b3eb004c9d29eb1ed58,45
2026-09-23T23-05-23-489Z_n-sweep_1-2-4-8-16-32-50,V0,,16,A-unanime,,,vote,7,for,,0x56781388,,64799,1,,0xe1b0313b85b6c895cc6e9d29dbb62d7fbfcf1113cad5f53643f2f07e63587ac0,45
2026-09-23T23-05-23-489Z_n-sweep_1-2-4-8-16-32-50,V0,,16,A-unanime,,,vote,8,for,,0x56781388,,64799,1,,0x9087c5640e2aaff036f062310f90cf7d88ac989d02d7d952bff80634d4773016,45
2026-09-23T23-05-23-489Z_n-sweep_1-2-4-8-16-32-50,V0,,16,A-unanime,,,vote,9,for,,0x56781388,,64799,1,,0x540c1cc5c9b92434da6c5ca8bb8d2cd0e26964cb924254444abb1d3d9a5dc5a0,45
2026-09-23T23-05-23-489Z_n-sweep_1-2-4-8-16-32-50,V0,,16,A-unanime,,,vote,10,for,,0x56781388,,64799,1,,0xe513c0b7e3f2c7385c05b6572e40b3663656e640b09208a73270f4224ef4acd9,45
2026-09-23T23-05-23-489Z_n-sweep_1-2-4-8-16-32-50,V0,,16,A-unanime,,,vote,11,for,,0x56781388,,64799,1,,0x149ef326691939976d428a204b5a3ad23bb250701ab030a40ffbdd672960f316,45
2026-09-23T23-05-23-489Z_n-sweep_1-2-4-8-16-32-50,V0,,16,A-unanime,,,vote,12,for,,0x56781388,,64799,1,,0xd3a01bb016e16bce738b67dbbb69362a39cae7351b536756b0987a25cae00a5d,45
2026-09-23T23-05-23-489Z_n-sweep_1-2-4-8-16-32-50,V0,,16,A-unanime,,,vote,13,for,,0x56781388,,64799,1,,0xf9ab553187111739845a3f54feeba0282314774c2b18fe4659c4bad39614a1df,45
2026-09-23T23-05-23-489Z_n-sweep_1-2-4-8-16-32-50,V0,,16,A-unanime,,,vote,14,for,,0x56781388,,64799,1,,0x5c351ab1d39ec7d363a5187e6bdca9a8b1c027bd753535625cf9d3d728c6091b,45
2026-09-23T23-05-23-489Z_n-sweep_1-2-4-8-16-32-50,V0,,16,A-unanime,,,vote,15,for,,0x56781388,,64799,1,,0xe2d82e2246db4c693b7912516931d689515326f25b6c49f70dc4594325ed40ca,45
2026-09-23T23-05-23-489Z_n-sweep_1-2-4-8-16-32-50,V0,,16,A-unanime,,,vote,16,for,,0x56781388,,64799,1,,0x14256ca655e58a6666f9e33e5799291e2ec0afe0efe7020527b44946b5234aee,45
2026-09-23T23-05-23-489Z_n-sweep_1-2-4-8-16-32-50,V0,,16,A-unanime,,,execute,,,execute,0x2656227d,WasteCategoryRegistry.updateCredits,60807,1,,0x2f139259003c62ce509639048664bf2ee59b1ad0268d4f00598ec95f54e1d22c,45
2026-09-23T23-05-23-489Z_n-sweep_1-2-4-8-16-32-50,V1,T1,,,,,deploy_token_T1,,,constructor,0x61016060,,1621017,1,,0xece28f063ba256e8fc65152daf61fe745a7823e8ba387b1b661409f18f6dc4cc,46
2026-09-23T23-05-23-489Z_n-sweep_1-2-4-8-16-32-50,V1,,,,,,deploy_registry,,,constructor,0x60806040,,4590964,1,,0x9005486642112873086c0faf3a06ce7199e3377186a80eb6eea4235f5e1c6f56,46
2026-09-23T23-05-23-489Z_n-sweep_1-2-4-8-16-32-50,V1,,,,,,deploy_governor_V1,,,constructor,0x6101c080,,2141155,1,,0xcbf032b87647649d09648621f7d61fb312aee4174486ee6f404819243ac59ca9,46
2026-09-23T23-05-23-489Z_n-sweep_1-2-4-8-16-32-50,V1,,,,,,grant_admin_role,,,grantRole,0x2f2ff15d,,50799,1,,0xfdc9a3875129e16eb4a0e6527cfb2e5662449c13660398cf3b7c723db6d0e009,46
2026-09-23T23-05-23-489Z_n-sweep_1-2-4-8-16-32-50,V1,,,,,,revoke_deployer_admin_role,,,revokeRole,0xd547741f,,27116,1,,0xc189311656167d1c4c211ee1c4f5143a8df64ff72cb449ebf7ec77ff2fd0bcbb,46
2026-09-23T23-05-23-489Z_n-sweep_1-2-4-8-16-32-50,V1,,16,A-unanime,,,delegate_admin,,,,0x5c19a95c,,95559,1,,0xd4695df7ceba86e36d8d32ccf756640823a0c1b729cf20e3a0b632c08e38ee6a,46
2026-09-23T23-05-23-489Z_n-sweep_1-2-4-8-16-32-50,V1,,16,A-unanime,,,delegate,,,,0x5c19a95c,,48347,1,,0x81d5bf8e96fad9ce8b5230dc73abbeb313b25fcb2932728690f357e6b4e905b9,46
2026-09-23T23-05-23-489Z_n-sweep_1-2-4-8-16-32-50,V1,,16,A-unanime,,,delegate,,,,0x5c19a95c,,48335,1,,0x92147b8c796bc2b0f21acc979799bbf4c5b5033d9d67806a8ad6842fe03d41df,46
2026-09-23T23-05-23-489Z_n-sweep_1-2-4-8-16-32-50,V1,,16,A-unanime,,,delegate,,,,0x5c19a95c,,48347,1,,0xfff43b85310b182c6fdaa6a0b82056393aba2572b23e543b42f064dc4690e2fc,46
2026-09-23T23-05-23-489Z_n-sweep_1-2-4-8-16-32-50,V1,,16,A-unanime,,,delegate,,,,0x5c19a95c,,48347,1,,0xd65054394087a126f7201b8caf565d34e4b8e2c37299a2eb2e8e1e169e8753b2,46
2026-09-23T23-05-23-489Z_n-sweep_1-2-4-8-16-32-50,V1,,16,A-unanime,,,delegate,,,,0x5c19a95c,,48347,1,,0x0c6ee11e6f4f09c9119d3c03df89d743f104be74b800d0b47cbfa2e1629e917b,46
2026-09-23T23-05-23-489Z_n-sweep_1-2-4-8-16-32-50,V1,,16,A-unanime,,,delegate,,,,0x5c19a95c,,48347,1,,0x9e4c58d93f5292a4566258e1c10f556eb9dc4074e322b7c357bf5ad65da50cae,46
2026-09-23T23-05-23-489Z_n-sweep_1-2-4-8-16-32-50,V1,,16,A-unanime,,,delegate,,,,0x5c19a95c,,48347,1,,0x6ebf0fe5777b4feb07a84b604e7094e789e104c0aa39284dccf1b9da9c17904e,46
2026-09-23T23-05-23-489Z_n-sweep_1-2-4-8-16-32-50,V1,,16,A-unanime,,,delegate,,,,0x5c19a95c,,48347,1,,0xfe42119cc5b68fbfd433dffe547dcf50b55480a011d31795da0f08ec660c70b3,46
2026-09-23T23-05-23-489Z_n-sweep_1-2-4-8-16-32-50,V1,,16,A-unanime,,,delegate,,,,0x5c19a95c,,48347,1,,0x1cd5ec1a28c590b58fdf7467e7fffeb349eed4d261a6e6dd6bbe64d73d17bd59,46
2026-09-23T23-05-23-489Z_n-sweep_1-2-4-8-16-32-50,V1,,16,A-unanime,,,delegate,,,,0x5c19a95c,,48335,1,,0x44f126ec5cf68cfd276b82e1245a8bb78ca6d635813f085d1a125f483e4d5924,46
2026-09-23T23-05-23-489Z_n-sweep_1-2-4-8-16-32-50,V1,,16,A-unanime,,,delegate,,,,0x5c19a95c,,48347,1,,0xe3c56247fde6ff45e5ce391eac68170bdc36be578302a953ddcf8384ecd07aa8,46
2026-09-23T23-05-23-489Z_n-sweep_1-2-4-8-16-32-50,V1,,16,A-unanime,,,delegate,,,,0x5c19a95c,,48347,1,,0x97563cc4398d7b02943ad3e3ef1bdae06351c02ad3fb2d2b948579fc1d32295f,46
2026-09-23T23-05-23-489Z_n-sweep_1-2-4-8-16-32-50,V1,,16,A-unanime,,,delegate,,,,0x5c19a95c,,48347,1,,0x2254c00b60e2f0581478274e6123b6295b391cc3698f1951fb660335b3cd6c33,46
2026-09-23T23-05-23-489Z_n-sweep_1-2-4-8-16-32-50,V1,,16,A-unanime,,,delegate,,,,0x5c19a95c,,48347,1,,0xc3e2689cb93afecc73f02fe2fc704ca424bfebf2840b02e15e94e2eacaca6d1c,46
2026-09-23T23-05-23-489Z_n-sweep_1-2-4-8-16-32-50,V1,,16,A-unanime,,,delegate,,,,0x5c19a95c,,48347,1,,0xf481a9d9df12d0c5f7b29cc5bd284c8ca3e14873afc209155e790bf19f68d897,46
2026-09-23T23-05-23-489Z_n-sweep_1-2-4-8-16-32-50,V1,,16,A-unanime,,,delegate,,,,0x5c19a95c,,48347,1,,0x8975637550f485546f85f8e6d9a6ed6447c7e76fff1ec5f6c9e76fb534393987,46
2026-09-23T23-05-23-489Z_n-sweep_1-2-4-8-16-32-50,V1,,16,A-unanime,,,transfer,,,,0xa9059cbb,,135960,1,,0xdd222b00fca52171e793193ffd85834d971539cb41bfa569e6c443334217eadd,46
2026-09-23T23-05-23-489Z_n-sweep_1-2-4-8-16-32-50,V1,,16,A-unanime,,,transfer,,,,0xa9059cbb,,135948,1,,0x8a79afcb52be6f90c33e1e815566c9ce69071c9b524c3a07ed1dedd801b5c7e3,46
2026-09-23T23-05-23-489Z_n-sweep_1-2-4-8-16-32-50,V1,,16,A-unanime,,,transfer,,,,0xa9059cbb,,135960,1,,0x930696174a43d4b193fbc0ef290f12a6fcc288e1ffbec19dccef94a271e40c5a,46
2026-09-23T23-05-23-489Z_n-sweep_1-2-4-8-16-32-50,V1,,16,A-unanime,,,transfer,,,,0xa9059cbb,,135960,1,,0xae2fb42a80146f85b63f82c9c164b8d1fb21ee265f5ae0e05ae2997b94c94e8b,46
2026-09-23T23-05-23-489Z_n-sweep_1-2-4-8-16-32-50,V1,,16,A-unanime,,,transfer,,,,0xa9059cbb,,135960,1,,0x4da24e5dd69239f6621bd3f6b49ad8282c299e4f035729dc5e3e57e0fa2d5cf5,46
2026-09-23T23-05-23-489Z_n-sweep_1-2-4-8-16-32-50,V1,,16,A-unanime,,,transfer,,,,0xa9059cbb,,135960,1,,0x78ed7677a72a68eff2d7f2feb88cdc6fa9ed96d419871d5a98fb78f60c90118d,46
2026-09-23T23-05-23-489Z_n-sweep_1-2-4-8-16-32-50,V1,,16,A-unanime,,,transfer,,,,0xa9059cbb,,135960,1,,0x295714d390a8a38a316fdd4e6aa1a6d91f67c27d366ad3abaec2f658fc78703e,46
2026-09-23T23-05-23-489Z_n-sweep_1-2-4-8-16-32-50,V1,,16,A-unanime,,,transfer,,,,0xa9059cbb,,135960,1,,0x766cac572d1b94c31c7eaa125eca5cc9577173f8fbf696afdde38559651e0d71,46
2026-09-23T23-05-23-489Z_n-sweep_1-2-4-8-16-32-50,V1,,16,A-unanime,,,transfer,,,,0xa9059cbb,,135960,1,,0x8150f759e197851e9b1f50af638e7de175ad2f0036cec81cddab423b6da1b532,46
2026-09-23T23-05-23-489Z_n-sweep_1-2-4-8-16-32-50,V1,,16,A-unanime,,,transfer,,,,0xa9059cbb,,135948,1,,0x37db5e98635fd505c2742f6f9ec14e14fa864bc75ac8bf700fe621ceb78ec7b1,46
2026-09-23T23-05-23-489Z_n-sweep_1-2-4-8-16-32-50,V1,,16,A-unanime,,,transfer,,,,0xa9059cbb,,135960,1,,0x2b98b2f0bfa050738696710d3077be31e7d18092ead2669ed0aab897397ef7c5,46
2026-09-23T23-05-23-489Z_n-sweep_1-2-4-8-16-32-50,V1,,16,A-unanime,,,transfer,,,,0xa9059cbb,,135960,1,,0x2cd6a8d19ba5eee525ca7478c59ef562956789c879ecb628465092751d63f675,46
2026-09-23T23-05-23-489Z_n-sweep_1-2-4-8-16-32-50,V1,,16,A-unanime,,,transfer,,,,0xa9059cbb,,135960,1,,0x894a856067085ca6a85eef4e0e038f211e095cc7a1c2a4c0df57044a32321a71,46
2026-09-23T23-05-23-489Z_n-sweep_1-2-4-8-16-32-50,V1,,16,A-unanime,,,transfer,,,,0xa9059cbb,,135960,1,,0xf9b9050027aa6c6847ff83cfbc53f49eb269adbeefd72c132c17e6bd1f164eda,46
2026-09-23T23-05-23-489Z_n-sweep_1-2-4-8-16-32-50,V1,,16,A-unanime,,,transfer,,,,0xa9059cbb,,135960,1,,0x95e1e72f055da737df7dd466bafd3e18c1a9a5ceb0628e78d919152d872698ac,46
2026-09-23T23-05-23-489Z_n-sweep_1-2-4-8-16-32-50,V1,,16,A-unanime,,,transfer,,,,0xa9059cbb,,135960,1,,0x9a970a784adbfb9310ca85d585c32690c45a878597f869edefc96888379a0904,46
2026-09-23T23-05-23-489Z_n-sweep_1-2-4-8-16-32-50,V1,,16,A-unanime,,,propose,,,propose,0x7d5e81e2,WasteCategoryRegistry.updateCredits,63351,1,,0xbf1cb78274a83a4de5df3373cebf7032bb7ea511f50d5743890cfcf86639b3d2,46
2026-09-23T23-05-23-489Z_n-sweep_1-2-4-8-16-32-50,V1,,16,A-unanime,,,vote,1,for,,0x56781388,,82468,1,,0x7b0acab59b6c559c373729b753515ab87c8f8e7fd83d8c1ce0ca654ff76f3793,46
2026-09-23T23-05-23-489Z_n-sweep_1-2-4-8-16-32-50,V1,,16,A-unanime,,,vote,2,for,,0x56781388,,65368,1,,0xca093149329fca9ad5bf84be1db8dff1c625f25a05ccb0e03daac46c00e41222,46
2026-09-23T23-05-23-489Z_n-sweep_1-2-4-8-16-32-50,V1,,16,A-unanime,,,vote,3,for,,0x56781388,,65368,1,,0x7f5db9c820a00c3d747907fa9018be1b1474baa205c10f0becbdad80f1d1bb38,46
2026-09-23T23-05-23-489Z_n-sweep_1-2-4-8-16-32-50,V1,,16,A-unanime,,,vote,4,for,,0x56781388,,65368,1,,0x18e6cb23489ca8325d2b4ed1005b6286b87440217febd243cc4ed0520bd76050,46
2026-09-23T23-05-23-489Z_n-sweep_1-2-4-8-16-32-50,V1,,16,A-unanime,,,vote,5,for,,0x56781388,,65368,1,,0xb80e50a5027010ded12419f86331f038085b34e564cd85bd6b7559641841c7de,46
2026-09-23T23-05-23-489Z_n-sweep_1-2-4-8-16-32-50,V1,,16,A-unanime,,,vote,6,for,,0x56781388,,65368,1,,0xafb53e5becc9eea8c365f416162d799c04dec77f8539757d928bac51593b2109,46
2026-09-23T23-05-23-489Z_n-sweep_1-2-4-8-16-32-50,V1,,16,A-unanime,,,vote,7,for,,0x56781388,,65368,1,,0x18a3df7fe160dad437f64fcf550084f76d4c0d7e28a897de8d10d6a55aa52b42,46
2026-09-23T23-05-23-489Z_n-sweep_1-2-4-8-16-32-50,V1,,16,A-unanime,,,vote,8,for,,0x56781388,,65368,1,,0xf5b25871c95a0a2f880749adbb0380268f870b360fd93b1460fd12885f367ed5,46
2026-09-23T23-05-23-489Z_n-sweep_1-2-4-8-16-32-50,V1,,16,A-unanime,,,vote,9,for,,0x56781388,,65368,1,,0x9b40fe4483b2cc55a3aea6c5245b30d4786a40ea5486ea0e67de3c1afffcc59a,46
2026-09-23T23-05-23-489Z_n-sweep_1-2-4-8-16-32-50,V1,,16,A-unanime,,,vote,10,for,,0x56781388,,65368,1,,0x15ae61aa71af20263b9ebeff5af70b4c585e5e29a42faa796047e2c745dc2317,46
2026-09-23T23-05-23-489Z_n-sweep_1-2-4-8-16-32-50,V1,,16,A-unanime,,,vote,11,for,,0x56781388,,65368,1,,0xa10b76c716b6d89a9bc9140e82dc778d60848b3aaf98d28e25b0f53820be4c50,46
2026-09-23T23-05-23-489Z_n-sweep_1-2-4-8-16-32-50,V1,,16,A-unanime,,,vote,12,for,,0x56781388,,65368,1,,0xe1dfe7f03a75c63d48cc25d22816aea341dd8bcc24f2baf42c2d3e6785e03e03,46
2026-09-23T23-05-23-489Z_n-sweep_1-2-4-8-16-32-50,V1,,16,A-unanime,,,vote,13,for,,0x56781388,,65368,1,,0x62367cd9796585ee4cb43279f6d773adad423cc4196401931cc73b5896f008e3,46
2026-09-23T23-05-23-489Z_n-sweep_1-2-4-8-16-32-50,V1,,16,A-unanime,,,vote,14,for,,0x56781388,,65368,1,,0x36168261a073906653ca8b579efe42e29ef4ade3ddf760b2e95adf3fbf420cf8,46
2026-09-23T23-05-23-489Z_n-sweep_1-2-4-8-16-32-50,V1,,16,A-unanime,,,vote,15,for,,0x56781388,,65368,1,,0x32bd720be2cdf7dfcd21db519b3dd3323c416cbc6c6b15dcfeb898b77b0b3c9a,46
2026-09-23T23-05-23-489Z_n-sweep_1-2-4-8-16-32-50,V1,,16,A-unanime,,,vote,16,for,,0x56781388,,65368,1,,0x00845c4041aa75f95cd03a8f7c2e9391464d77788e837190fa15db425ba2fce2,46
2026-09-23T23-05-23-489Z_n-sweep_1-2-4-8-16-32-50,V1,,16,A-unanime,,,execute,,,execute,0x2656227d,WasteCategoryRegistry.updateCredits,60807,1,,0xd2c35e7d4e2f8f85d05b991cd7bbf170be7be6564f94ca09f41f558752fe6f37,46
2026-09-23T23-05-23-489Z_n-sweep_1-2-4-8-16-32-50,V2,T1,,,,,deploy_token_T1,,,constructor,0x61016060,,1621017,1,,0xece28f063ba256e8fc65152daf61fe745a7823e8ba387b1b661409f18f6dc4cc,47
2026-09-23T23-05-23-489Z_n-sweep_1-2-4-8-16-32-50,V2,,,,,,deploy_registry,,,constructor,0x60806040,,4590964,1,,0x9005486642112873086c0faf3a06ce7199e3377186a80eb6eea4235f5e1c6f56,47
2026-09-23T23-05-23-489Z_n-sweep_1-2-4-8-16-32-50,V2,,,,,,deploy_governor_V2,,,constructor,0x6101e080,,2178840,1,,0xa32c9f3d540c0ae9eee563ea02a53e3c1648afde51e09209202bc2912d9a8532,47
2026-09-23T23-05-23-489Z_n-sweep_1-2-4-8-16-32-50,V2,,,,,,grant_admin_role,,,grantRole,0x2f2ff15d,,50799,1,,0x0482dd737ad13e5cf9f342f77b7f4c8d4a60575e6613b501a7a433855227e65d,47
2026-09-23T23-05-23-489Z_n-sweep_1-2-4-8-16-32-50,V2,,,,,,revoke_deployer_admin_role,,,revokeRole,0xd547741f,,27116,1,,0xbf6c6756b6e885a31717a4b56f3c4fc35da4780ca84e075711ea97189f58ea3d,47
2026-09-23T23-05-23-489Z_n-sweep_1-2-4-8-16-32-50,V2,,16,A-unanime,,,delegate_admin,,,,0x5c19a95c,,95559,1,,0xe4ed125ff7fcf34a784094393e69d7b32184f90f45a88cf0e398ac5fe2329d50,47
2026-09-23T23-05-23-489Z_n-sweep_1-2-4-8-16-32-50,V2,,16,A-unanime,,,delegate,,,,0x5c19a95c,,48347,1,,0x8e5cf2e817455991c3f88244f29b95e3c5703efb253d16587c3e019ace8ed4aa,47
2026-09-23T23-05-23-489Z_n-sweep_1-2-4-8-16-32-50,V2,,16,A-unanime,,,delegate,,,,0x5c19a95c,,48335,1,,0x3a4d0b938991cc6665fddf48aab742d27a2480134e4cb1cf5b844b9724575405,47
2026-09-23T23-05-23-489Z_n-sweep_1-2-4-8-16-32-50,V2,,16,A-unanime,,,delegate,,,,0x5c19a95c,,48347,1,,0x8df16e2387da0d9fa03469e487a72815c7ad0f22d2e3631bfcd3e8532e84566f,47
2026-09-23T23-05-23-489Z_n-sweep_1-2-4-8-16-32-50,V2,,16,A-unanime,,,delegate,,,,0x5c19a95c,,48347,1,,0x95612e3ccf4e98f664cb62c90a18fd3142e8f5668db18fb82a400652a6b96b06,47
2026-09-23T23-05-23-489Z_n-sweep_1-2-4-8-16-32-50,V2,,16,A-unanime,,,delegate,,,,0x5c19a95c,,48347,1,,0x8cfbd9c8afd095297879c4ea5a6d41c276c3b770abd2f751b06ec63384df15d6,47
2026-09-23T23-05-23-489Z_n-sweep_1-2-4-8-16-32-50,V2,,16,A-unanime,,,delegate,,,,0x5c19a95c,,48347,1,,0x96ff47bd12ed3260165a9b3c82bacf4a9f1cfd47a5f8548491ee35c1066f2e38,47
2026-09-23T23-05-23-489Z_n-sweep_1-2-4-8-16-32-50,V2,,16,A-unanime,,,delegate,,,,0x5c19a95c,,48347,1,,0x3c7464a5135ef0630048da3b891f6f95d941c4b44dfb27d1230d6c7015af52d6,47
2026-09-23T23-05-23-489Z_n-sweep_1-2-4-8-16-32-50,V2,,16,A-unanime,,,delegate,,,,0x5c19a95c,,48347,1,,0xcef7f0dbdf22e7ddd7612e11e8e4d04d07ff7ed50742fa593a04379c3fb4c79a,47
2026-09-23T23-05-23-489Z_n-sweep_1-2-4-8-16-32-50,V2,,16,A-unanime,,,delegate,,,,0x5c19a95c,,48347,1,,0x2a05bf2175c5ddc1c903f568e1aef2d66314124f75bcf8379ba8adf2782fee08,47
2026-09-23T23-05-23-489Z_n-sweep_1-2-4-8-16-32-50,V2,,16,A-unanime,,,delegate,,,,0x5c19a95c,,48335,1,,0xed076a3bb603efd5d8a71a2cc98ed4047b12d152a544a7d1d7a341433c9a4602,47
2026-09-23T23-05-23-489Z_n-sweep_1-2-4-8-16-32-50,V2,,16,A-unanime,,,delegate,,,,0x5c19a95c,,48347,1,,0x10be283a8ec30b680dc3aca50b759e0cf9c8afc082d9e83402cea754eca72a1f,47
2026-09-23T23-05-23-489Z_n-sweep_1-2-4-8-16-32-50,V2,,16,A-unanime,,,delegate,,,,0x5c19a95c,,48347,1,,0x2a30f5270f05f3f17e6177f9b77f58b934718ec7c2e872415fd5bb3af3d1a729,47
2026-09-23T23-05-23-489Z_n-sweep_1-2-4-8-16-32-50,V2,,16,A-unanime,,,delegate,,,,0x5c19a95c,,48347,1,,0x8627a7ad29f66cec2d29399f287974e7802b96ce1c1094b9f03f71ebb4aee554,47
2026-09-23T23-05-23-489Z_n-sweep_1-2-4-8-16-32-50,V2,,16,A-unanime,,,delegate,,,,0x5c19a95c,,48347,1,,0x09935171751aaaad6b28f8c0a6e1389d805ea4048b73d32206a0f9fb56fe6526,47
2026-09-23T23-05-23-489Z_n-sweep_1-2-4-8-16-32-50,V2,,16,A-unanime,,,delegate,,,,0x5c19a95c,,48347,1,,0xcc0bb7cbd2d0f3f8fa2b739bbaa5db203755fbd70b3eefc00d112f1bb589ceaf,47
2026-09-23T23-05-23-489Z_n-sweep_1-2-4-8-16-32-50,V2,,16,A-unanime,,,delegate,,,,0x5c19a95c,,48347,1,,0xc76339288f99a2e44a4485a1794ebb0cad6215adbb061dde8b472b5783d68437,47
2026-09-23T23-05-23-489Z_n-sweep_1-2-4-8-16-32-50,V2,,16,A-unanime,,,transfer,,,,0xa9059cbb,,135960,1,,0xb836d62feb297e668e346c78d0b20d52a7b9821222625c27e5c0ef2143a41b4e,47
2026-09-23T23-05-23-489Z_n-sweep_1-2-4-8-16-32-50,V2,,16,A-unanime,,,transfer,,,,0xa9059cbb,,135948,1,,0xeec073fdf6c2881d67acfddce89c8a39f28ac881e6a86c1401774c2c6f4c8ce8,47
2026-09-23T23-05-23-489Z_n-sweep_1-2-4-8-16-32-50,V2,,16,A-unanime,,,transfer,,,,0xa9059cbb,,135960,1,,0x33e39fa04f92fbbd9aa58fabf58a668f164049ae4f8233ca2e7421889732783b,47
2026-09-23T23-05-23-489Z_n-sweep_1-2-4-8-16-32-50,V2,,16,A-unanime,,,transfer,,,,0xa9059cbb,,135960,1,,0x81477eec290eb018116786644c793bf9e54b85f9b9211615b0daf364546023cf,47
2026-09-23T23-05-23-489Z_n-sweep_1-2-4-8-16-32-50,V2,,16,A-unanime,,,transfer,,,,0xa9059cbb,,135960,1,,0x140f510894d20886aa01692e058b4b6b270942eec09bb7a8d900d440748eb9c7,47
2026-09-23T23-05-23-489Z_n-sweep_1-2-4-8-16-32-50,V2,,16,A-unanime,,,transfer,,,,0xa9059cbb,,135960,1,,0xf1a302c48b8ca440e920d472261ca95fc5bd198ac019b47d653558d7f4aa5e61,47
2026-09-23T23-05-23-489Z_n-sweep_1-2-4-8-16-32-50,V2,,16,A-unanime,,,transfer,,,,0xa9059cbb,,135960,1,,0x5d854896984ec999b47248d46879a46855e5f69e0b9c3fd33c03a51ab9d8e3fb,47
2026-09-23T23-05-23-489Z_n-sweep_1-2-4-8-16-32-50,V2,,16,A-unanime,,,transfer,,,,0xa9059cbb,,135960,1,,0x20ea6bbd3d86dd63628e64a0f216e1c226cb46c80e0884e6185c2ff80d0495e0,47
2026-09-23T23-05-23-489Z_n-sweep_1-2-4-8-16-32-50,V2,,16,A-unanime,,,transfer,,,,0xa9059cbb,,135960,1,,0xc7158ea6c5ad90c8d4ba5f0649040f8441cc380aa11e64ebade66fc61fa24397,47
2026-09-23T23-05-23-489Z_n-sweep_1-2-4-8-16-32-50,V2,,16,A-unanime,,,transfer,,,,0xa9059cbb,,135948,1,,0x515f2e48dabcfc0496d2a5057f34c910872d475581580dc72ba87df918cd1f33,47
2026-09-23T23-05-23-489Z_n-sweep_1-2-4-8-16-32-50,V2,,16,A-unanime,,,transfer,,,,0xa9059cbb,,135960,1,,0x86e40a5b217a51edb94ee320d3c4ac158a3d160c5303cf22dd20358e01c2e72a,47
2026-09-23T23-05-23-489Z_n-sweep_1-2-4-8-16-32-50,V2,,16,A-unanime,,,transfer,,,,0xa9059cbb,,135960,1,,0x295ea3a0574c4a4a0638c8b748f99cca7b1dc03b7a86cbaa09862263afd0e56b,47
2026-09-23T23-05-23-489Z_n-sweep_1-2-4-8-16-32-50,V2,,16,A-unanime,,,transfer,,,,0xa9059cbb,,135960,1,,0x09f7076225d56e8567870bdb08c98c02711d79fb176367a3acd546d4fe5054ba,47
2026-09-23T23-05-23-489Z_n-sweep_1-2-4-8-16-32-50,V2,,16,A-unanime,,,transfer,,,,0xa9059cbb,,135960,1,,0xfedae9a29adf6903ed30e6fbe1cbf04fb962ae3696a638e3bdd85384244e2f89,47
2026-09-23T23-05-23-489Z_n-sweep_1-2-4-8-16-32-50,V2,,16,A-unanime,,,transfer,,,,0xa9059cbb,,135960,1,,0xcd7f4eeb23ab8f1523a1f3b3ccb9fa84ccaee9d7ea0e7acc3867478b556e7c66,47
2026-09-23T23-05-23-489Z_n-sweep_1-2-4-8-16-32-50,V2,,16,A-unanime,,,transfer,,,,0xa9059cbb,,135960,1,,0x1107214fe3d15d73a46b0972e8a23e11eea18adbc85ae8cffde0e60620558e0e,47
2026-09-23T23-05-23-489Z_n-sweep_1-2-4-8-16-32-50,V2,,16,A-unanime,,,propose,,,propose,0x7d5e81e2,WasteCategoryRegistry.updateCredits,63351,1,,0x57a47c1c7777b77c6890e31aa1169ce64cdf230a57d5388c2be8d344e1f122c3,47
2026-09-23T23-05-23-489Z_n-sweep_1-2-4-8-16-32-50,V2,,16,A-unanime,,,vote,1,for,,0x56781388,,82468,1,,0x93a1403bf4037012df34771d2594b151982e7c1e4b8fd881281c85ef0533eb6e,47
2026-09-23T23-05-23-489Z_n-sweep_1-2-4-8-16-32-50,V2,,16,A-unanime,,,vote,2,for,,0x56781388,,65368,1,,0x99e34c466bf82e41b9461f6b41f39e138a3099730ec7fc3605a40c3924d898a5,47
2026-09-23T23-05-23-489Z_n-sweep_1-2-4-8-16-32-50,V2,,16,A-unanime,,,vote,3,for,,0x56781388,,65368,1,,0xb7dcf0afa4718a43acd8e2296858452f7f7f165a4dafcea18897d66bdfcc964d,47
2026-09-23T23-05-23-489Z_n-sweep_1-2-4-8-16-32-50,V2,,16,A-unanime,,,vote,4,for,,0x56781388,,65368,1,,0x1257073340a8377bdc371e6e3636a2d38207e129f8920e381b35e9b42910d3e3,47
2026-09-23T23-05-23-489Z_n-sweep_1-2-4-8-16-32-50,V2,,16,A-unanime,,,vote,5,for,,0x56781388,,65368,1,,0xff7ccdebd12e2f16466d320236a16a8b5393c9f4c8a095a3257ea17ed0c419fb,47
2026-09-23T23-05-23-489Z_n-sweep_1-2-4-8-16-32-50,V2,,16,A-unanime,,,vote,6,for,,0x56781388,,65368,1,,0xa83ccf8db55da520de8556fba2d7769b7e8f6309e8944ca75e787ab5eca22f85,47
2026-09-23T23-05-23-489Z_n-sweep_1-2-4-8-16-32-50,V2,,16,A-unanime,,,vote,7,for,,0x56781388,,65368,1,,0xb8c862e5e62d94e9b4761f9aac5d472e324afc4152ae2465bcc71be8d7614904,47
2026-09-23T23-05-23-489Z_n-sweep_1-2-4-8-16-32-50,V2,,16,A-unanime,,,vote,8,for,,0x56781388,,65368,1,,0xb36f494d0dfbd773554628c1530ebf5317f9f3454988e2c7e2b708830f78fe25,47
2026-09-23T23-05-23-489Z_n-sweep_1-2-4-8-16-32-50,V2,,16,A-unanime,,,vote,9,for,,0x56781388,,65368,1,,0xafd78859e865153b7448f4e06d62efa8e6d841786f8d7a4fcbf7d92f30b97e26,47
2026-09-23T23-05-23-489Z_n-sweep_1-2-4-8-16-32-50,V2,,16,A-unanime,,,vote,10,for,,0x56781388,,65368,1,,0x4f6e88257058eb12da76eee2f492506a00ad21cf675447aca631c33c1076aca6,47
2026-09-23T23-05-23-489Z_n-sweep_1-2-4-8-16-32-50,V2,,16,A-unanime,,,vote,11,for,,0x56781388,,65368,1,,0xedff02bdd22e61b62f4e5e0bc15348b63e03f35630235092a4f0e2f06d6bf306,47
2026-09-23T23-05-23-489Z_n-sweep_1-2-4-8-16-32-50,V2,,16,A-unanime,,,vote,12,for,,0x56781388,,65368,1,,0x8b0b15990fdcd74e2462d00c2434338d70dd6165015ee7c8293bb940f44503be,47
2026-09-23T23-05-23-489Z_n-sweep_1-2-4-8-16-32-50,V2,,16,A-unanime,,,vote,13,for,,0x56781388,,65368,1,,0x47a434f657e3f2608b579f40e7100a5d074f374294d984de47f1985953d70448,47
2026-09-23T23-05-23-489Z_n-sweep_1-2-4-8-16-32-50,V2,,16,A-unanime,,,vote,14,for,,0x56781388,,65368,1,,0x328b16400b4be418075ddd20f4103432dfb79f79f216b51d1821e539b8fef794,47
2026-09-23T23-05-23-489Z_n-sweep_1-2-4-8-16-32-50,V2,,16,A-unanime,,,vote,15,for,,0x56781388,,65368,1,,0xf4c800f1373b818e5ac017646548e47ef3be3225293e4fb484e22b63c6a7bd02,47
2026-09-23T23-05-23-489Z_n-sweep_1-2-4-8-16-32-50,V2,,16,A-unanime,,,vote,16,for,,0x56781388,,65368,1,,0x0553bc87c3564b29d6c4bdaa962a07eecb49f0506477c1082d6a504ae9e8b7ca,47
2026-09-23T23-05-23-489Z_n-sweep_1-2-4-8-16-32-50,V2,,16,A-unanime,,,execute,,,execute,0x2656227d,WasteCategoryRegistry.updateCredits,60847,1,,0xb54d4a671e8d66259cd4daedfcb0c9c0305172f4c1f27ddd10001db1f3c9f70d,47
2026-09-23T23-05-23-489Z_n-sweep_1-2-4-8-16-32-50,Ref,T1,,,,,deploy_token_T1,,,constructor,0x61016060,,1621017,1,,0x8a423d158719dafa7ff4b82bcd6f6a5661f61c993e6aaede0acbe21a849af082,48
2026-09-23T23-05-23-489Z_n-sweep_1-2-4-8-16-32-50,Ref,,,,,,deploy_registry,,,constructor,0x60806040,,4590964,1,,0x9005486642112873086c0faf3a06ce7199e3377186a80eb6eea4235f5e1c6f56,48
2026-09-23T23-05-23-489Z_n-sweep_1-2-4-8-16-32-50,Ref,,,,,,deploy_rewards_registry_for_ctor,,,constructor,0x60806040,,4590964,1,,0x484f4210d177094deb4832deb5e459c708c732becb1881e1d1417503c177d84a,48
2026-09-23T23-05-23-489Z_n-sweep_1-2-4-8-16-32-50,Ref,,,,,,deploy_credit,,,constructor,0x60806040,,931954,1,,0xda6265176213799bfac2d03545eb38f6f6d6d978852db5e040dec6bdc95b6a46,48
2026-09-23T23-05-23-489Z_n-sweep_1-2-4-8-16-32-50,Ref,,,,,,deploy_passport,,,constructor,0x60806040,,2776581,1,,0xe5a36162780b85ac2b217350036da2286056186a02d74234dd0980865a07c217,48
2026-09-23T23-05-23-489Z_n-sweep_1-2-4-8-16-32-50,Ref,,,,,,deploy_rewards,,,constructor,0x60803461,,1246140,1,,0x748f3eef423a29001e508633e407c909b25f0e6a89b560856468f0ac6655c439,48
2026-09-23T23-05-23-489Z_n-sweep_1-2-4-8-16-32-50,Ref,,,,,,deploy_stakeholders,,,constructor,0x60803461,,1679823,1,,0xd4be2e468d589ae7e76ff2c292757707613e73c2a9e8f4c774280b5fd0991072,48
2026-09-23T23-05-23-489Z_n-sweep_1-2-4-8-16-32-50,Ref,,,,,,deploy_governor_Ref,,,constructor,0x61018060,,4434623,1,,0xd1b6a3d1f944bdfe5c399ebf7a1e6ed8a76e5b5acd93cdfc3d211571cbc50a6e,48
2026-09-23T23-05-23-489Z_n-sweep_1-2-4-8-16-32-50,Ref,,,,,,grant_admin_role,,,grantRole,0x2f2ff15d,,50799,1,,0x9477ec21ceecb8e71e570a8e5c711d060981c6dc53217d4071b2c7d012604374,48
2026-09-23T23-05-23-489Z_n-sweep_1-2-4-8-16-32-50,Ref,,,,,,revoke_deployer_admin_role,,,revokeRole,0xd547741f,,27116,1,,0x4571f6b2b82c72e95dbfd028346a3c95cee362f1cdc4e946338a9d1e56d58c09,48
2026-09-23T23-05-23-489Z_n-sweep_1-2-4-8-16-32-50,Ref,,16,A-unanime,,,delegate_admin,,,,0x5c19a95c,,95559,1,,0xfca7f8e34a7a367a38495092e6c6ae53f6f6bbc6c6cdd047fed83c770b76a8c9,48
2026-09-23T23-05-23-489Z_n-sweep_1-2-4-8-16-32-50,Ref,,16,A-unanime,,,delegate,,,,0x5c19a95c,,48347,1,,0x2f1db724527155bbb87015320f4de9a632dd20bb0d57eddcbd649b18207511a9,48
2026-09-23T23-05-23-489Z_n-sweep_1-2-4-8-16-32-50,Ref,,16,A-unanime,,,delegate,,,,0x5c19a95c,,48335,1,,0x8b0e52e67c302dbb4252eb6f968ee138c191eb8205be72d37b64b0c5ee99cc0e,48
2026-09-23T23-05-23-489Z_n-sweep_1-2-4-8-16-32-50,Ref,,16,A-unanime,,,delegate,,,,0x5c19a95c,,48347,1,,0x1a5bd05dacedf9e3acc8ca8d92b6aea9cf2aa84f70c77d04dab2d0257070356f,48
2026-09-23T23-05-23-489Z_n-sweep_1-2-4-8-16-32-50,Ref,,16,A-unanime,,,delegate,,,,0x5c19a95c,,48347,1,,0x05f7d9fd7d2dcae80248756e17e23af4963c07b10ebe32e7c079f468806ce249,48
2026-09-23T23-05-23-489Z_n-sweep_1-2-4-8-16-32-50,Ref,,16,A-unanime,,,delegate,,,,0x5c19a95c,,48347,1,,0xc692236193a870ec74b2ae8543ffbfe39b6bd5462442ea5a4e078b2d3116adeb,48
2026-09-23T23-05-23-489Z_n-sweep_1-2-4-8-16-32-50,Ref,,16,A-unanime,,,delegate,,,,0x5c19a95c,,48347,1,,0x69a8f9be879966443d3229422f1c20ad3c5a2104215131e80047b7236df1a439,48
2026-09-23T23-05-23-489Z_n-sweep_1-2-4-8-16-32-50,Ref,,16,A-unanime,,,delegate,,,,0x5c19a95c,,48347,1,,0x14477638203890fae6e03b6d8872fdc619692fcbe0c9a0a0fd173ec8ce55cf6a,48
2026-09-23T23-05-23-489Z_n-sweep_1-2-4-8-16-32-50,Ref,,16,A-unanime,,,delegate,,,,0x5c19a95c,,48347,1,,0x9f65b07d974009afeb2495f5f83544615b836d4a15a53225fe23457a4ef7529a,48
2026-09-23T23-05-23-489Z_n-sweep_1-2-4-8-16-32-50,Ref,,16,A-unanime,,,delegate,,,,0x5c19a95c,,48347,1,,0xa0971290a91aaca9bef42b2510df553f4ebee2f2d38ba046d76d2691243fb7dd,48
2026-09-23T23-05-23-489Z_n-sweep_1-2-4-8-16-32-50,Ref,,16,A-unanime,,,delegate,,,,0x5c19a95c,,48335,1,,0xf4bd663b316a97cdf28dc55b27e731573031aea8aab195f90366a39b05dc631b,48
2026-09-23T23-05-23-489Z_n-sweep_1-2-4-8-16-32-50,Ref,,16,A-unanime,,,delegate,,,,0x5c19a95c,,48347,1,,0x55e216d1fd4a57f4b14ecf096eae768c82f748bc8c3f110c2fc2ba1820ce2744,48
2026-09-23T23-05-23-489Z_n-sweep_1-2-4-8-16-32-50,Ref,,16,A-unanime,,,delegate,,,,0x5c19a95c,,48347,1,,0xbeccf0fe707163bf021a0c3ffd89fd06dd965e84aaeeb5376b88e31618e0b3ef,48
2026-09-23T23-05-23-489Z_n-sweep_1-2-4-8-16-32-50,Ref,,16,A-unanime,,,delegate,,,,0x5c19a95c,,48347,1,,0xed73e3faa352679f7bf43132dd18ad217d7dffba0cc24f3713a202326244db62,48
2026-09-23T23-05-23-489Z_n-sweep_1-2-4-8-16-32-50,Ref,,16,A-unanime,,,delegate,,,,0x5c19a95c,,48347,1,,0x5374bf6eb24d592b0acaebd034fe51028190ab20647a23e2d7f82be4b0b4b62a,48
2026-09-23T23-05-23-489Z_n-sweep_1-2-4-8-16-32-50,Ref,,16,A-unanime,,,delegate,,,,0x5c19a95c,,48347,1,,0x6aae91bc64c7d2f749cdc72d4c86dc056214e39b94dea5beb29c9770a782550c,48
2026-09-23T23-05-23-489Z_n-sweep_1-2-4-8-16-32-50,Ref,,16,A-unanime,,,delegate,,,,0x5c19a95c,,48347,1,,0x0ec09445c5c783300c5f7634f26cc80e02bfc4833b0c856f952ea96a2adb5606,48
2026-09-23T23-05-23-489Z_n-sweep_1-2-4-8-16-32-50,Ref,,16,A-unanime,,,transfer,,,,0xa9059cbb,,135960,1,,0x434b98a72067cb327a9eac3a342b7f47ca18effbd1b40d0224b82fb27ad512e0,48
2026-09-23T23-05-23-489Z_n-sweep_1-2-4-8-16-32-50,Ref,,16,A-unanime,,,transfer,,,,0xa9059cbb,,135948,1,,0xc8ccca71ba2311545fd7543aa69516b8a372bce0c8f41848d3bcd3ba3c44779a,48
2026-09-23T23-05-23-489Z_n-sweep_1-2-4-8-16-32-50,Ref,,16,A-unanime,,,transfer,,,,0xa9059cbb,,135960,1,,0x925a617bc303f1b088cec680d74dd66843d5f4c3dc702b98f282bd0842b11957,48
2026-09-23T23-05-23-489Z_n-sweep_1-2-4-8-16-32-50,Ref,,16,A-unanime,,,transfer,,,,0xa9059cbb,,135960,1,,0x59a9abfa1d21895759a2db87a286cb9d34f755e39824632c3f50997395f11ee5,48
2026-09-23T23-05-23-489Z_n-sweep_1-2-4-8-16-32-50,Ref,,16,A-unanime,,,transfer,,,,0xa9059cbb,,135960,1,,0x709a0686f17bb479fda0f406b6c3c63838b08a4eaef022850866c3fc2071237b,48
2026-09-23T23-05-23-489Z_n-sweep_1-2-4-8-16-32-50,Ref,,16,A-unanime,,,transfer,,,,0xa9059cbb,,135960,1,,0xb0eac06619547e241ec35274f15509fb5c770db50192de6a1103406050a1438c,48
2026-09-23T23-05-23-489Z_n-sweep_1-2-4-8-16-32-50,Ref,,16,A-unanime,,,transfer,,,,0xa9059cbb,,135960,1,,0x51a2b6d5c32651b623f1d6c6d540db593effaf95342fa3f2319603e65ea66000,48
2026-09-23T23-05-23-489Z_n-sweep_1-2-4-8-16-32-50,Ref,,16,A-unanime,,,transfer,,,,0xa9059cbb,,135960,1,,0x13e4e034fa5ecff267597b9545aba150c38765efef59593d84dd5b6f670c7d51,48
2026-09-23T23-05-23-489Z_n-sweep_1-2-4-8-16-32-50,Ref,,16,A-unanime,,,transfer,,,,0xa9059cbb,,135960,1,,0xb50ca5dd46a975583d571c6bf23c67ae3e137f92737ba93d2ea1b9b4e7613c68,48
2026-09-23T23-05-23-489Z_n-sweep_1-2-4-8-16-32-50,Ref,,16,A-unanime,,,transfer,,,,0xa9059cbb,,135948,1,,0x4710c50cd82fb4f8ac04d723ac5c8d42c6543fdb3a9268342c0ae90e7ce7bc22,48
2026-09-23T23-05-23-489Z_n-sweep_1-2-4-8-16-32-50,Ref,,16,A-unanime,,,transfer,,,,0xa9059cbb,,135960,1,,0x1b245ffd7c4312f3b7eacced4fb57463afe5ce87642680cd5f65eae6187e1439,48
2026-09-23T23-05-23-489Z_n-sweep_1-2-4-8-16-32-50,Ref,,16,A-unanime,,,transfer,,,,0xa9059cbb,,135960,1,,0xd8557dba87cb129629f44383c80d70a6708f507e977241fbb62b88d35afebd94,48
2026-09-23T23-05-23-489Z_n-sweep_1-2-4-8-16-32-50,Ref,,16,A-unanime,,,transfer,,,,0xa9059cbb,,135960,1,,0xe994057952dc8d3e8a8666279ac41416a2fe0fb476cb3827b4db2e75fe136704,48
2026-09-23T23-05-23-489Z_n-sweep_1-2-4-8-16-32-50,Ref,,16,A-unanime,,,transfer,,,,0xa9059cbb,,135960,1,,0xb60ac622a66279a59148d696405bd2db92019f515117a73345c81cfc8fe2666f,48
2026-09-23T23-05-23-489Z_n-sweep_1-2-4-8-16-32-50,Ref,,16,A-unanime,,,transfer,,,,0xa9059cbb,,135960,1,,0x0583d0039c47214dc4d3794215cbfb5621cce4645ca4d52477e1dbef820be994,48
2026-09-23T23-05-23-489Z_n-sweep_1-2-4-8-16-32-50,Ref,,16,A-unanime,,,transfer,,,,0xa9059cbb,,135960,1,,0xeabacdab51ac72295bcf6e3a06331d102444daeebe0f93c75b37098f68e1b3a4,48
2026-09-23T23-05-23-489Z_n-sweep_1-2-4-8-16-32-50,Ref,,16,A-unanime,,,propose,,,propose,0x7d5e81e2,WasteCategoryRegistry.updateCredits,81615,1,,0x83141d896c6412f9a34de4dcec0cceb5e749de4d2bb0ed51b9fbf501bfd27b44,48
2026-09-23T23-05-23-489Z_n-sweep_1-2-4-8-16-32-50,Ref,,16,A-unanime,,,vote,1,for,,0x56781388,,83098,1,,0x6f73da88d790f247495a332bd90bab361a53a011d8c35532e326c73f48a245cd,48
2026-09-23T23-05-23-489Z_n-sweep_1-2-4-8-16-32-50,Ref,,16,A-unanime,,,vote,2,for,,0x56781388,,65998,1,,0x16cd5636bb9422678450bbf9f27fd022c14c0a89b7a2c09f2ecf10370dfb7e4f,48
2026-09-23T23-05-23-489Z_n-sweep_1-2-4-8-16-32-50,Ref,,16,A-unanime,,,vote,3,for,,0x56781388,,65998,1,,0x3b7df65d12c48148d748b64db0fbe9bd2704dda4a0837443f2a1b594dd9c3ade,48
2026-09-23T23-05-23-489Z_n-sweep_1-2-4-8-16-32-50,Ref,,16,A-unanime,,,vote,4,for,,0x56781388,,65998,1,,0x8496c8203fe12598ac0d2431387c8d8392e51356facf0abc33ab6a5c355bad15,48
2026-09-23T23-05-23-489Z_n-sweep_1-2-4-8-16-32-50,Ref,,16,A-unanime,,,vote,5,for,,0x56781388,,65998,1,,0x5d54e2f298c8f5a4963b4ef583cf29461c0c5373b46221f66264a44b433f1aa9,48
2026-09-23T23-05-23-489Z_n-sweep_1-2-4-8-16-32-50,Ref,,16,A-unanime,,,vote,6,for,,0x56781388,,65998,1,,0x5d30b0f25c0638e0d452a90c155e93bc2b440f3e4318b586fbd2e0a918677ca9,48
2026-09-23T23-05-23-489Z_n-sweep_1-2-4-8-16-32-50,Ref,,16,A-unanime,,,vote,7,for,,0x56781388,,65998,1,,0x74fc3dee568e7484b152ddfbfc59f551312e44a99e3b5a85d8f75ad74556c4bb,48
2026-09-23T23-05-23-489Z_n-sweep_1-2-4-8-16-32-50,Ref,,16,A-unanime,,,vote,8,for,,0x56781388,,65998,1,,0x13d9cda68fd0eb52618ceebca2cc732c58e98d58d06819ad0990386e09e7af9e,48
2026-09-23T23-05-23-489Z_n-sweep_1-2-4-8-16-32-50,Ref,,16,A-unanime,,,vote,9,for,,0x56781388,,65998,1,,0xb55fb609f81ce7d2b38f814ed281986e068d52bf41bc912910b065e9012bbf2a,48
2026-09-23T23-05-23-489Z_n-sweep_1-2-4-8-16-32-50,Ref,,16,A-unanime,,,vote,10,for,,0x56781388,,65998,1,,0x9e24eb4671fc86e0fda86a7aa326a6ecd93b8ca784e16e5deace7fdb36a4eb8c,48
2026-09-23T23-05-23-489Z_n-sweep_1-2-4-8-16-32-50,Ref,,16,A-unanime,,,vote,11,for,,0x56781388,,65998,1,,0x35c36c538d402378254e479e6bf244258ddf7a10fc3f43cc2a2fdfb3628c85a7,48
2026-09-23T23-05-23-489Z_n-sweep_1-2-4-8-16-32-50,Ref,,16,A-unanime,,,vote,12,for,,0x56781388,,65998,1,,0x72503730893947ad04f0617e65cd043a6b229398b60725275058952d2b6b73b7,48
2026-09-23T23-05-23-489Z_n-sweep_1-2-4-8-16-32-50,Ref,,16,A-unanime,,,vote,13,for,,0x56781388,,65998,1,,0xf86cdea5c85e6b687282c10f0e62299ffee479e10808f886fdc790ce94c106ef,48
2026-09-23T23-05-23-489Z_n-sweep_1-2-4-8-16-32-50,Ref,,16,A-unanime,,,vote,14,for,,0x56781388,,65998,1,,0xc6688e338319284dcac19fb10d2842de7604dda86ecd2397427ded5fc3a05aaa,48
2026-09-23T23-05-23-489Z_n-sweep_1-2-4-8-16-32-50,Ref,,16,A-unanime,,,vote,15,for,,0x56781388,,65998,1,,0x0e53fb1902be42811ef93d3639c06074c26ad1d6390b8ef5446e279c67f22a07,48
2026-09-23T23-05-23-489Z_n-sweep_1-2-4-8-16-32-50,Ref,,16,A-unanime,,,vote,16,for,,0x56781388,,65998,1,,0x55c049adc0d4718d372fd7d15757c3c3596419232ee65299af234c917b81198e,48
2026-09-23T23-05-23-489Z_n-sweep_1-2-4-8-16-32-50,Ref,,16,A-unanime,,,execute,,,execute,0x2656227d,WasteCategoryRegistry.updateCredits,72030,1,,0x3d57f4e38d3f346659439431a51441722435fd9d9df3f55e2a06508b0063e37d,48
2026-09-23T23-05-23-489Z_n-sweep_1-2-4-8-16-32-50,V0,T1,,,,,deploy_token_T1,,,constructor,0x61016060,,1621017,1,,0xece28f063ba256e8fc65152daf61fe745a7823e8ba387b1b661409f18f6dc4cc,49
2026-09-23T23-05-23-489Z_n-sweep_1-2-4-8-16-32-50,V0,,,,,,deploy_registry,,,constructor,0x60806040,,4590964,1,,0x9005486642112873086c0faf3a06ce7199e3377186a80eb6eea4235f5e1c6f56,49
2026-09-23T23-05-23-489Z_n-sweep_1-2-4-8-16-32-50,V0,,,,,,deploy_governor_V0,,,constructor,0x6101c080,,2133394,1,,0x8b33a795df9df0e5a3cb812430955580d1fb4f654a6028dd161238e13d560524,49
2026-09-23T23-05-23-489Z_n-sweep_1-2-4-8-16-32-50,V0,,,,,,grant_admin_role,,,grantRole,0x2f2ff15d,,50799,1,,0xb518a3911be32f0a59dcaec3e43c7ec54010f07f3e473d550516b1aab1a18d6b,49
2026-09-23T23-05-23-489Z_n-sweep_1-2-4-8-16-32-50,V0,,,,,,revoke_deployer_admin_role,,,revokeRole,0xd547741f,,27116,1,,0x8cb08b8b6ca45600b76a431b4cd18aee2095374e00c890903bfaa28d83b5f82b,49
2026-09-23T23-05-23-489Z_n-sweep_1-2-4-8-16-32-50,V0,,16,A-maioria,,,delegate_admin,,,,0x5c19a95c,,95559,1,,0xfa43c1f7a1a1658c8aeac58119b26e806face10fc63ae3e18099942309f4d395,49
2026-09-23T23-05-23-489Z_n-sweep_1-2-4-8-16-32-50,V0,,16,A-maioria,,,delegate,,,,0x5c19a95c,,48347,1,,0xf96ae171d39b1290c248e3ee88c92c43e24751ff4aacf46bad404cad29a33e37,49
2026-09-23T23-05-23-489Z_n-sweep_1-2-4-8-16-32-50,V0,,16,A-maioria,,,delegate,,,,0x5c19a95c,,48335,1,,0x65ff74d2610d5c80f16dc62aa4e01b339a9ecd8c95911ae092d678a9792cdcb8,49
2026-09-23T23-05-23-489Z_n-sweep_1-2-4-8-16-32-50,V0,,16,A-maioria,,,delegate,,,,0x5c19a95c,,48347,1,,0xb06e4e18b389cc3c69848b844c44927f26087a909c0e4532a1ba892e8d7bac4c,49
2026-09-23T23-05-23-489Z_n-sweep_1-2-4-8-16-32-50,V0,,16,A-maioria,,,delegate,,,,0x5c19a95c,,48347,1,,0xfdc5c4ae6e458adbd0780d18d4ef20dca6b7a02f3efff2f7c0eec7590e340a41,49
2026-09-23T23-05-23-489Z_n-sweep_1-2-4-8-16-32-50,V0,,16,A-maioria,,,delegate,,,,0x5c19a95c,,48347,1,,0x5c4d4bc02e09949d860a2c409a26209335f7c4e4eca7ac13d0e60a5cf0d0f233,49
2026-09-23T23-05-23-489Z_n-sweep_1-2-4-8-16-32-50,V0,,16,A-maioria,,,delegate,,,,0x5c19a95c,,48347,1,,0x8eb2597a239d7d5a9d780141fa850308f21a221b62b2f0b2cd01922a25b294b2,49
2026-09-23T23-05-23-489Z_n-sweep_1-2-4-8-16-32-50,V0,,16,A-maioria,,,delegate,,,,0x5c19a95c,,48347,1,,0x61b0a2cbceae6ab3b47dbad41fbaa57485b4b4545814b177fb76f5e80989f4b6,49
2026-09-23T23-05-23-489Z_n-sweep_1-2-4-8-16-32-50,V0,,16,A-maioria,,,delegate,,,,0x5c19a95c,,48347,1,,0x8e8293e79ce57e8b2bd6c914c167b0ec5858ded7d332cc962607075acbcc0b43,49
2026-09-23T23-05-23-489Z_n-sweep_1-2-4-8-16-32-50,V0,,16,A-maioria,,,delegate,,,,0x5c19a95c,,48347,1,,0x700d26ece381a9328c0c0607c8015a890a8cc373fc0ec5e3e5957a9b1720c821,49
2026-09-23T23-05-23-489Z_n-sweep_1-2-4-8-16-32-50,V0,,16,A-maioria,,,delegate,,,,0x5c19a95c,,48335,1,,0x827f347ed9162ee5aa31942cb2cd15f5b7940183deaee5d4a11b6efe87452173,49
2026-09-23T23-05-23-489Z_n-sweep_1-2-4-8-16-32-50,V0,,16,A-maioria,,,delegate,,,,0x5c19a95c,,48347,1,,0x05e0616bb804c3cd4df19f7b0cf511dbcb6e9524c52bcfbf8b39223490cc0846,49
2026-09-23T23-05-23-489Z_n-sweep_1-2-4-8-16-32-50,V0,,16,A-maioria,,,delegate,,,,0x5c19a95c,,48347,1,,0x7409a97667b08d9b70b0d678843340d442fad8337ae46944499977e000325f92,49
2026-09-23T23-05-23-489Z_n-sweep_1-2-4-8-16-32-50,V0,,16,A-maioria,,,delegate,,,,0x5c19a95c,,48347,1,,0x06bc39c687cf89ca2626bc142b16cf4a83fd68b90155fd6344acd5c17148d8a6,49
2026-09-23T23-05-23-489Z_n-sweep_1-2-4-8-16-32-50,V0,,16,A-maioria,,,delegate,,,,0x5c19a95c,,48347,1,,0xe5d3691fe9ffad366e158fc098b74dd6635f083c235a6588c23e1d5313889cc9,49
2026-09-23T23-05-23-489Z_n-sweep_1-2-4-8-16-32-50,V0,,16,A-maioria,,,delegate,,,,0x5c19a95c,,48347,1,,0x75300fe9f7d70fbe306b3cefadf0423a64334a4470eee34e958b76b4418900c0,49
2026-09-23T23-05-23-489Z_n-sweep_1-2-4-8-16-32-50,V0,,16,A-maioria,,,delegate,,,,0x5c19a95c,,48347,1,,0xef2cf8fae96fa4c95b9eb5fc78e668af4f5126a23f921c90e15afdcffccd9bf9,49
2026-09-23T23-05-23-489Z_n-sweep_1-2-4-8-16-32-50,V0,,16,A-maioria,,,transfer,,,,0xa9059cbb,,135960,1,,0x9d2051ce1ac7772280ee95bb88f17e9d6d2578fc8bb5cf446ecc31be953ece96,49
2026-09-23T23-05-23-489Z_n-sweep_1-2-4-8-16-32-50,V0,,16,A-maioria,,,transfer,,,,0xa9059cbb,,135948,1,,0x3a4a298943ef01cc714afe43386e5742cf073e1f035be6fc7cbb5dfeed0493f0,49
2026-09-23T23-05-23-489Z_n-sweep_1-2-4-8-16-32-50,V0,,16,A-maioria,,,transfer,,,,0xa9059cbb,,135960,1,,0xd44510bb270dde35eff14b4a5a859736433c0ee8550691fdd95ee07cd99c95c6,49
2026-09-23T23-05-23-489Z_n-sweep_1-2-4-8-16-32-50,V0,,16,A-maioria,,,transfer,,,,0xa9059cbb,,135960,1,,0x63d205467f9416ccd0167cac0adeba7bd37f330003391c910238fd6d39d44d93,49
2026-09-23T23-05-23-489Z_n-sweep_1-2-4-8-16-32-50,V0,,16,A-maioria,,,transfer,,,,0xa9059cbb,,135960,1,,0xb3c9dc135bc39577971e96905eec64c6559bad01b2a06ea5376e696e1224dcde,49
2026-09-23T23-05-23-489Z_n-sweep_1-2-4-8-16-32-50,V0,,16,A-maioria,,,transfer,,,,0xa9059cbb,,135960,1,,0xb1ad3c2f5839ceda9ea23f9e801964e613c95948448563bf3c2b4cda05309531,49
2026-09-23T23-05-23-489Z_n-sweep_1-2-4-8-16-32-50,V0,,16,A-maioria,,,transfer,,,,0xa9059cbb,,135960,1,,0x0e8c2da5137db8ba2577088f9b4385a8b03e6bb749d506e3131715b6ab0e5c85,49
2026-09-23T23-05-23-489Z_n-sweep_1-2-4-8-16-32-50,V0,,16,A-maioria,,,transfer,,,,0xa9059cbb,,135960,1,,0xcc0dce854b4d22a13a4ee19c4382a43b7378b6dbf7459e801d2c21eaf406c0b3,49
2026-09-23T23-05-23-489Z_n-sweep_1-2-4-8-16-32-50,V0,,16,A-maioria,,,transfer,,,,0xa9059cbb,,135960,1,,0x34389a152f83ec0b3169ab7573cf459e4ff8bcef869ec65da6da6b0d63fcf965,49
2026-09-23T23-05-23-489Z_n-sweep_1-2-4-8-16-32-50,V0,,16,A-maioria,,,transfer,,,,0xa9059cbb,,135948,1,,0x299f4a4d3aaa7cddd715472eecd4b373cf92705af8c26fb1ecee302a0fb4879f,49
2026-09-23T23-05-23-489Z_n-sweep_1-2-4-8-16-32-50,V0,,16,A-maioria,,,transfer,,,,0xa9059cbb,,135960,1,,0xb238377ddc32c50ae1eecf6d5ef004977a9773a3ed7d4a7733ee2c54f9c86f9a,49
2026-09-23T23-05-23-489Z_n-sweep_1-2-4-8-16-32-50,V0,,16,A-maioria,,,transfer,,,,0xa9059cbb,,135960,1,,0xe6cba7e768e8f544e5f277d2fcf207d101cc00453070eca3afe77aeaab1e66a2,49
2026-09-23T23-05-23-489Z_n-sweep_1-2-4-8-16-32-50,V0,,16,A-maioria,,,transfer,,,,0xa9059cbb,,135960,1,,0x9c81e5a07e6bfd0ca52efa66d70f843f87beead64a024ffaec14204514567a4a,49
2026-09-23T23-05-23-489Z_n-sweep_1-2-4-8-16-32-50,V0,,16,A-maioria,,,transfer,,,,0xa9059cbb,,135960,1,,0x92ea0b3b1a4fc09939bde5de610cab2c9ee4919860af647811507c3f42e77406,49
2026-09-23T23-05-23-489Z_n-sweep_1-2-4-8-16-32-50,V0,,16,A-maioria,,,transfer,,,,0xa9059cbb,,135960,1,,0xca1c8911abf0980ae6c3603deb4c531c0c4af41602a546328a15a0fceb3594e8,49
2026-09-23T23-05-23-489Z_n-sweep_1-2-4-8-16-32-50,V0,,16,A-maioria,,,transfer,,,,0xa9059cbb,,135960,1,,0x51f7bdc75c4813064555dffa674146a5a204bbfdc6f6bc63abfa47c352cc9ab2,49
2026-09-23T23-05-23-489Z_n-sweep_1-2-4-8-16-32-50,V0,,16,A-maioria,,,propose,,,propose,0x7d5e81e2,WasteCategoryRegistry.updateCredits,63351,1,,0xb1fd5d245a9f171c522666496a70457577f57e1726ed537abd04004e859f4d40,49
2026-09-23T23-05-23-489Z_n-sweep_1-2-4-8-16-32-50,V0,,16,A-maioria,,,vote,1,for,,0x56781388,,81899,1,,0x8704d4766ac670e0e09315338af1ec9672dfc8be1ad90a02d589b0d0410e39b0,49
2026-09-23T23-05-23-489Z_n-sweep_1-2-4-8-16-32-50,V0,,16,A-maioria,,,vote,2,for,,0x56781388,,64799,1,,0xce850332cfdfb2a39d70d5e21e789fa5fffa9385d77b830952881a81e7996c1d,49
2026-09-23T23-05-23-489Z_n-sweep_1-2-4-8-16-32-50,V0,,16,A-maioria,,,vote,3,for,,0x56781388,,64799,1,,0xb8ff244b6f34a806938d381042a698d8667cd21849a080c2a7fe72b42d330f0c,49
2026-09-23T23-05-23-489Z_n-sweep_1-2-4-8-16-32-50,V0,,16,A-maioria,,,vote,4,for,,0x56781388,,64799,1,,0x60f20e80e12e65a6d93f9e0d9d2940d9a9c7deab51e00a44b36b6d6e5f171bb1,49
2026-09-23T23-05-23-489Z_n-sweep_1-2-4-8-16-32-50,V0,,16,A-maioria,,,vote,5,for,,0x56781388,,64799,1,,0x8e956511a7031f3efbdc42f953a1cb079177c45633932f227f44826f9c9ef61d,49
2026-09-23T23-05-23-489Z_n-sweep_1-2-4-8-16-32-50,V0,,16,A-maioria,,,vote,6,for,,0x56781388,,64799,1,,0x69f0e07839097b14150ae4326c9c74d3fb39926985306bf159f987e971702569,49
2026-09-23T23-05-23-489Z_n-sweep_1-2-4-8-16-32-50,V0,,16,A-maioria,,,vote,7,for,,0x56781388,,64799,1,,0x0698dfcf5533e995ed2d857c99aea9b0a0db03db5067c87445b201d6eb8e9943,49
2026-09-23T23-05-23-489Z_n-sweep_1-2-4-8-16-32-50,V0,,16,A-maioria,,,vote,8,for,,0x56781388,,64799,1,,0x20d0db18e83c19c638f1bfd4c045c19326f1d0790752f91704a299595de2c866,49
2026-09-23T23-05-23-489Z_n-sweep_1-2-4-8-16-32-50,V0,,16,A-maioria,,,vote,9,for,,0x56781388,,64799,1,,0x9fcc4b4eda5e81f9167a0aab982133038db01ff3b7da5f6976e163e194041ccc,49
2026-09-23T23-05-23-489Z_n-sweep_1-2-4-8-16-32-50,V0,,16,A-maioria,,,vote,1,against,,0x56781388,,81847,1,,0x4b8c289ea919f8b732cc7ae3d4efbb98e03ca59895f9246b2c16d939b9e9af97,49
2026-09-23T23-05-23-489Z_n-sweep_1-2-4-8-16-32-50,V0,,16,A-maioria,,,vote,2,against,,0x56781388,,64747,1,,0x680d9725633a539cf2e8be340b33fcd5d3cd97e3ed8900499a325608358e9dfa,49
2026-09-23T23-05-23-489Z_n-sweep_1-2-4-8-16-32-50,V0,,16,A-maioria,,,vote,3,against,,0x56781388,,64747,1,,0x9ba3bfe3ec21bfce5ab5bbd5a8ace9ec7ac02536cee1162a0c43fb2ed2664f51,49
2026-09-23T23-05-23-489Z_n-sweep_1-2-4-8-16-32-50,V0,,16,A-maioria,,,vote,4,against,,0x56781388,,64747,1,,0x18c30d983ba54d716da4678e4432af107e612f8ab312a57fdd51b1c54f26e90e,49
2026-09-23T23-05-23-489Z_n-sweep_1-2-4-8-16-32-50,V0,,16,A-maioria,,,vote,5,against,,0x56781388,,64747,1,,0x595d1ce1ea0b17a90c59c77e4e217c6f26205b604e692ae7582992c69d356b40,49
2026-09-23T23-05-23-489Z_n-sweep_1-2-4-8-16-32-50,V0,,16,A-maioria,,,vote,6,against,,0x56781388,,64747,1,,0xd1ea284094a79e57aeb52682e1a35d3c62faede4ed922fc2b103b68666d993d3,49
2026-09-23T23-05-23-489Z_n-sweep_1-2-4-8-16-32-50,V0,,16,A-maioria,,,vote,7,against,,0x56781388,,64747,1,,0xeb34f0a3322a49f1b0995c84980228d10c54e49072543733c973ee3409c7185f,49
2026-09-23T23-05-23-489Z_n-sweep_1-2-4-8-16-32-50,V0,,16,A-maioria,,,execute,,,execute,0x2656227d,WasteCategoryRegistry.updateCredits,60807,1,,0x12977ea32902f1473a4d45c07a501b442100fb3808fe5c45f1b7cce01a869929,49
2026-09-23T23-05-23-489Z_n-sweep_1-2-4-8-16-32-50,V1,T1,,,,,deploy_token_T1,,,constructor,0x61016060,,1621017,1,,0xece28f063ba256e8fc65152daf61fe745a7823e8ba387b1b661409f18f6dc4cc,50
2026-09-23T23-05-23-489Z_n-sweep_1-2-4-8-16-32-50,V1,,,,,,deploy_registry,,,constructor,0x60806040,,4590964,1,,0x9005486642112873086c0faf3a06ce7199e3377186a80eb6eea4235f5e1c6f56,50
2026-09-23T23-05-23-489Z_n-sweep_1-2-4-8-16-32-50,V1,,,,,,deploy_governor_V1,,,constructor,0x6101c080,,2141155,1,,0xcbf032b87647649d09648621f7d61fb312aee4174486ee6f404819243ac59ca9,50
2026-09-23T23-05-23-489Z_n-sweep_1-2-4-8-16-32-50,V1,,,,,,grant_admin_role,,,grantRole,0x2f2ff15d,,50799,1,,0xfdc9a3875129e16eb4a0e6527cfb2e5662449c13660398cf3b7c723db6d0e009,50
2026-09-23T23-05-23-489Z_n-sweep_1-2-4-8-16-32-50,V1,,,,,,revoke_deployer_admin_role,,,revokeRole,0xd547741f,,27116,1,,0xc189311656167d1c4c211ee1c4f5143a8df64ff72cb449ebf7ec77ff2fd0bcbb,50
2026-09-23T23-05-23-489Z_n-sweep_1-2-4-8-16-32-50,V1,,16,A-maioria,,,delegate_admin,,,,0x5c19a95c,,95559,1,,0xd4695df7ceba86e36d8d32ccf756640823a0c1b729cf20e3a0b632c08e38ee6a,50
2026-09-23T23-05-23-489Z_n-sweep_1-2-4-8-16-32-50,V1,,16,A-maioria,,,delegate,,,,0x5c19a95c,,48347,1,,0x81d5bf8e96fad9ce8b5230dc73abbeb313b25fcb2932728690f357e6b4e905b9,50
2026-09-23T23-05-23-489Z_n-sweep_1-2-4-8-16-32-50,V1,,16,A-maioria,,,delegate,,,,0x5c19a95c,,48335,1,,0x92147b8c796bc2b0f21acc979799bbf4c5b5033d9d67806a8ad6842fe03d41df,50
2026-09-23T23-05-23-489Z_n-sweep_1-2-4-8-16-32-50,V1,,16,A-maioria,,,delegate,,,,0x5c19a95c,,48347,1,,0xfff43b85310b182c6fdaa6a0b82056393aba2572b23e543b42f064dc4690e2fc,50
2026-09-23T23-05-23-489Z_n-sweep_1-2-4-8-16-32-50,V1,,16,A-maioria,,,delegate,,,,0x5c19a95c,,48347,1,,0xd65054394087a126f7201b8caf565d34e4b8e2c37299a2eb2e8e1e169e8753b2,50
2026-09-23T23-05-23-489Z_n-sweep_1-2-4-8-16-32-50,V1,,16,A-maioria,,,delegate,,,,0x5c19a95c,,48347,1,,0x0c6ee11e6f4f09c9119d3c03df89d743f104be74b800d0b47cbfa2e1629e917b,50
2026-09-23T23-05-23-489Z_n-sweep_1-2-4-8-16-32-50,V1,,16,A-maioria,,,delegate,,,,0x5c19a95c,,48347,1,,0x9e4c58d93f5292a4566258e1c10f556eb9dc4074e322b7c357bf5ad65da50cae,50
2026-09-23T23-05-23-489Z_n-sweep_1-2-4-8-16-32-50,V1,,16,A-maioria,,,delegate,,,,0x5c19a95c,,48347,1,,0x6ebf0fe5777b4feb07a84b604e7094e789e104c0aa39284dccf1b9da9c17904e,50
2026-09-23T23-05-23-489Z_n-sweep_1-2-4-8-16-32-50,V1,,16,A-maioria,,,delegate,,,,0x5c19a95c,,48347,1,,0xfe42119cc5b68fbfd433dffe547dcf50b55480a011d31795da0f08ec660c70b3,50
2026-09-23T23-05-23-489Z_n-sweep_1-2-4-8-16-32-50,V1,,16,A-maioria,,,delegate,,,,0x5c19a95c,,48347,1,,0x1cd5ec1a28c590b58fdf7467e7fffeb349eed4d261a6e6dd6bbe64d73d17bd59,50
2026-09-23T23-05-23-489Z_n-sweep_1-2-4-8-16-32-50,V1,,16,A-maioria,,,delegate,,,,0x5c19a95c,,48335,1,,0x44f126ec5cf68cfd276b82e1245a8bb78ca6d635813f085d1a125f483e4d5924,50
2026-09-23T23-05-23-489Z_n-sweep_1-2-4-8-16-32-50,V1,,16,A-maioria,,,delegate,,,,0x5c19a95c,,48347,1,,0xe3c56247fde6ff45e5ce391eac68170bdc36be578302a953ddcf8384ecd07aa8,50
2026-09-23T23-05-23-489Z_n-sweep_1-2-4-8-16-32-50,V1,,16,A-maioria,,,delegate,,,,0x5c19a95c,,48347,1,,0x97563cc4398d7b02943ad3e3ef1bdae06351c02ad3fb2d2b948579fc1d32295f,50
2026-09-23T23-05-23-489Z_n-sweep_1-2-4-8-16-32-50,V1,,16,A-maioria,,,delegate,,,,0x5c19a95c,,48347,1,,0x2254c00b60e2f0581478274e6123b6295b391cc3698f1951fb660335b3cd6c33,50
2026-09-23T23-05-23-489Z_n-sweep_1-2-4-8-16-32-50,V1,,16,A-maioria,,,delegate,,,,0x5c19a95c,,48347,1,,0xc3e2689cb93afecc73f02fe2fc704ca424bfebf2840b02e15e94e2eacaca6d1c,50
2026-09-23T23-05-23-489Z_n-sweep_1-2-4-8-16-32-50,V1,,16,A-maioria,,,delegate,,,,0x5c19a95c,,48347,1,,0xf481a9d9df12d0c5f7b29cc5bd284c8ca3e14873afc209155e790bf19f68d897,50
2026-09-23T23-05-23-489Z_n-sweep_1-2-4-8-16-32-50,V1,,16,A-maioria,,,delegate,,,,0x5c19a95c,,48347,1,,0x8975637550f485546f85f8e6d9a6ed6447c7e76fff1ec5f6c9e76fb534393987,50
2026-09-23T23-05-23-489Z_n-sweep_1-2-4-8-16-32-50,V1,,16,A-maioria,,,transfer,,,,0xa9059cbb,,135960,1,,0xdd222b00fca52171e793193ffd85834d971539cb41bfa569e6c443334217eadd,50
2026-09-23T23-05-23-489Z_n-sweep_1-2-4-8-16-32-50,V1,,16,A-maioria,,,transfer,,,,0xa9059cbb,,135948,1,,0x8a79afcb52be6f90c33e1e815566c9ce69071c9b524c3a07ed1dedd801b5c7e3,50
2026-09-23T23-05-23-489Z_n-sweep_1-2-4-8-16-32-50,V1,,16,A-maioria,,,transfer,,,,0xa9059cbb,,135960,1,,0x930696174a43d4b193fbc0ef290f12a6fcc288e1ffbec19dccef94a271e40c5a,50
2026-09-23T23-05-23-489Z_n-sweep_1-2-4-8-16-32-50,V1,,16,A-maioria,,,transfer,,,,0xa9059cbb,,135960,1,,0xae2fb42a80146f85b63f82c9c164b8d1fb21ee265f5ae0e05ae2997b94c94e8b,50
2026-09-23T23-05-23-489Z_n-sweep_1-2-4-8-16-32-50,V1,,16,A-maioria,,,transfer,,,,0xa9059cbb,,135960,1,,0x4da24e5dd69239f6621bd3f6b49ad8282c299e4f035729dc5e3e57e0fa2d5cf5,50
2026-09-23T23-05-23-489Z_n-sweep_1-2-4-8-16-32-50,V1,,16,A-maioria,,,transfer,,,,0xa9059cbb,,135960,1,,0x78ed7677a72a68eff2d7f2feb88cdc6fa9ed96d419871d5a98fb78f60c90118d,50
2026-09-23T23-05-23-489Z_n-sweep_1-2-4-8-16-32-50,V1,,16,A-maioria,,,transfer,,,,0xa9059cbb,,135960,1,,0x295714d390a8a38a316fdd4e6aa1a6d91f67c27d366ad3abaec2f658fc78703e,50
2026-09-23T23-05-23-489Z_n-sweep_1-2-4-8-16-32-50,V1,,16,A-maioria,,,transfer,,,,0xa9059cbb,,135960,1,,0x766cac572d1b94c31c7eaa125eca5cc9577173f8fbf696afdde38559651e0d71,50
2026-09-23T23-05-23-489Z_n-sweep_1-2-4-8-16-32-50,V1,,16,A-maioria,,,transfer,,,,0xa9059cbb,,135960,1,,0x8150f759e197851e9b1f50af638e7de175ad2f0036cec81cddab423b6da1b532,50
2026-09-23T23-05-23-489Z_n-sweep_1-2-4-8-16-32-50,V1,,16,A-maioria,,,transfer,,,,0xa9059cbb,,135948,1,,0x37db5e98635fd505c2742f6f9ec14e14fa864bc75ac8bf700fe621ceb78ec7b1,50
2026-09-23T23-05-23-489Z_n-sweep_1-2-4-8-16-32-50,V1,,16,A-maioria,,,transfer,,,,0xa9059cbb,,135960,1,,0x2b98b2f0bfa050738696710d3077be31e7d18092ead2669ed0aab897397ef7c5,50
2026-09-23T23-05-23-489Z_n-sweep_1-2-4-8-16-32-50,V1,,16,A-maioria,,,transfer,,,,0xa9059cbb,,135960,1,,0x2cd6a8d19ba5eee525ca7478c59ef562956789c879ecb628465092751d63f675,50
2026-09-23T23-05-23-489Z_n-sweep_1-2-4-8-16-32-50,V1,,16,A-maioria,,,transfer,,,,0xa9059cbb,,135960,1,,0x894a856067085ca6a85eef4e0e038f211e095cc7a1c2a4c0df57044a32321a71,50
2026-09-23T23-05-23-489Z_n-sweep_1-2-4-8-16-32-50,V1,,16,A-maioria,,,transfer,,,,0xa9059cbb,,135960,1,,0xf9b9050027aa6c6847ff83cfbc53f49eb269adbeefd72c132c17e6bd1f164eda,50
2026-09-23T23-05-23-489Z_n-sweep_1-2-4-8-16-32-50,V1,,16,A-maioria,,,transfer,,,,0xa9059cbb,,135960,1,,0x95e1e72f055da737df7dd466bafd3e18c1a9a5ceb0628e78d919152d872698ac,50
2026-09-23T23-05-23-489Z_n-sweep_1-2-4-8-16-32-50,V1,,16,A-maioria,,,transfer,,,,0xa9059cbb,,135960,1,,0x9a970a784adbfb9310ca85d585c32690c45a878597f869edefc96888379a0904,50
2026-09-23T23-05-23-489Z_n-sweep_1-2-4-8-16-32-50,V1,,16,A-maioria,,,propose,,,propose,0x7d5e81e2,WasteCategoryRegistry.updateCredits,63351,1,,0x07f6ab8c0104246951f5f2eb68049b61ebefbbda5ba1cfaa6a747e5bd0049295,50
2026-09-23T23-05-23-489Z_n-sweep_1-2-4-8-16-32-50,V1,,16,A-maioria,,,vote,1,for,,0x56781388,,82468,1,,0x7916b89236aaa41cb413614dfa0b9ceae15fc87e35982f65828870f799d49dc6,50
2026-09-23T23-05-23-489Z_n-sweep_1-2-4-8-16-32-50,V1,,16,A-maioria,,,vote,2,for,,0x56781388,,65368,1,,0x9cd6d2dc05e4b580913453d3ae0901da7f9f21d468a69494d0e5ddb6b132777e,50
2026-09-23T23-05-23-489Z_n-sweep_1-2-4-8-16-32-50,V1,,16,A-maioria,,,vote,3,for,,0x56781388,,65368,1,,0x6d56d7202e42097b286748cfbb93e1f58c3cc995257fc567564681c40bab59a0,50
2026-09-23T23-05-23-489Z_n-sweep_1-2-4-8-16-32-50,V1,,16,A-maioria,,,vote,4,for,,0x56781388,,65368,1,,0x75c100509c0f49c06f434ff3ae77cc6fd82d3c7f74d660a84d7d704adcd94edb,50
2026-09-23T23-05-23-489Z_n-sweep_1-2-4-8-16-32-50,V1,,16,A-maioria,,,vote,5,for,,0x56781388,,65368,1,,0xa162a693f01d93610a218e7d6c353234cfecd43721656e3383d2362215dc6af2,50
2026-09-23T23-05-23-489Z_n-sweep_1-2-4-8-16-32-50,V1,,16,A-maioria,,,vote,6,for,,0x56781388,,65368,1,,0x45ea1da6c7f570b12ca259981094a69ecbc8f8fa7c4ac97c69e60d1734d39b47,50
2026-09-23T23-05-23-489Z_n-sweep_1-2-4-8-16-32-50,V1,,16,A-maioria,,,vote,7,for,,0x56781388,,65368,1,,0x4a2f3ec88ba8c932740c88e74e30701aa9cf29b02feb336d97f5a2ae72e62c05,50
2026-09-23T23-05-23-489Z_n-sweep_1-2-4-8-16-32-50,V1,,16,A-maioria,,,vote,8,for,,0x56781388,,65368,1,,0xc7c046d5fa1149283ff775e90894270087f4a9caba19f00be87a91ef33f01a84,50
2026-09-23T23-05-23-489Z_n-sweep_1-2-4-8-16-32-50,V1,,16,A-maioria,,,vote,9,for,,0x56781388,,65368,1,,0xe32cbffbdc1db06f3b86e4bb862ec561e083838b29ec18e51628e53eafdc01c5,50
2026-09-23T23-05-23-489Z_n-sweep_1-2-4-8-16-32-50,V1,,16,A-maioria,,,vote,1,against,,0x56781388,,82416,1,,0xf48cc223fa4326452d55b05a7848c00d5241d511d32607e125e33e8fe9462fc7,50
2026-09-23T23-05-23-489Z_n-sweep_1-2-4-8-16-32-50,V1,,16,A-maioria,,,vote,2,against,,0x56781388,,65316,1,,0x9523ada86119f63a623ad68c9f11c71e83e8f2207bf616d6a12377e9d1e13afe,50
2026-09-23T23-05-23-489Z_n-sweep_1-2-4-8-16-32-50,V1,,16,A-maioria,,,vote,3,against,,0x56781388,,65316,1,,0xb9477e3c68995d710e8e59483faeaba6c25a40626b40283ecc374927ca4b3cae,50
2026-09-23T23-05-23-489Z_n-sweep_1-2-4-8-16-32-50,V1,,16,A-maioria,,,vote,4,against,,0x56781388,,65316,1,,0xde8fa76f2aacde1b4778d4113f5938ec1ed39a836f024efbff34979708041cb8,50
2026-09-23T23-05-23-489Z_n-sweep_1-2-4-8-16-32-50,V1,,16,A-maioria,,,vote,5,against,,0x56781388,,65316,1,,0x21c51e5507f12a13574e4c62e9b7450e79e86b194553b4e0aecf04b2a6095d0d,50
2026-09-23T23-05-23-489Z_n-sweep_1-2-4-8-16-32-50,V1,,16,A-maioria,,,vote,6,against,,0x56781388,,65316,1,,0xff76b6db12af340b06a7b3be6d1b0b6d69d0a7ff5b104b5fcbdbefaaf2df23f0,50
2026-09-23T23-05-23-489Z_n-sweep_1-2-4-8-16-32-50,V1,,16,A-maioria,,,vote,7,against,,0x56781388,,65316,1,,0xbce52b8490b7e34ec48f10e89991130fe3c3aff1949789ebae104e9a87cffcce,50
2026-09-23T23-05-23-489Z_n-sweep_1-2-4-8-16-32-50,V1,,16,A-maioria,,,execute,,,execute,0x2656227d,WasteCategoryRegistry.updateCredits,60807,1,,0x10e5d6e34032235d73ee93bf439f9136eb6b7dc6889c6a8f41ed0b52a9cb17d9,50
2026-09-23T23-05-23-489Z_n-sweep_1-2-4-8-16-32-50,V2,T1,,,,,deploy_token_T1,,,constructor,0x61016060,,1621017,1,,0xece28f063ba256e8fc65152daf61fe745a7823e8ba387b1b661409f18f6dc4cc,51
2026-09-23T23-05-23-489Z_n-sweep_1-2-4-8-16-32-50,V2,,,,,,deploy_registry,,,constructor,0x60806040,,4590964,1,,0x9005486642112873086c0faf3a06ce7199e3377186a80eb6eea4235f5e1c6f56,51
2026-09-23T23-05-23-489Z_n-sweep_1-2-4-8-16-32-50,V2,,,,,,deploy_governor_V2,,,constructor,0x6101e080,,2178840,1,,0xa32c9f3d540c0ae9eee563ea02a53e3c1648afde51e09209202bc2912d9a8532,51
2026-09-23T23-05-23-489Z_n-sweep_1-2-4-8-16-32-50,V2,,,,,,grant_admin_role,,,grantRole,0x2f2ff15d,,50799,1,,0x0482dd737ad13e5cf9f342f77b7f4c8d4a60575e6613b501a7a433855227e65d,51
2026-09-23T23-05-23-489Z_n-sweep_1-2-4-8-16-32-50,V2,,,,,,revoke_deployer_admin_role,,,revokeRole,0xd547741f,,27116,1,,0xbf6c6756b6e885a31717a4b56f3c4fc35da4780ca84e075711ea97189f58ea3d,51
2026-09-23T23-05-23-489Z_n-sweep_1-2-4-8-16-32-50,V2,,16,A-maioria,,,delegate_admin,,,,0x5c19a95c,,95559,1,,0xe4ed125ff7fcf34a784094393e69d7b32184f90f45a88cf0e398ac5fe2329d50,51
2026-09-23T23-05-23-489Z_n-sweep_1-2-4-8-16-32-50,V2,,16,A-maioria,,,delegate,,,,0x5c19a95c,,48347,1,,0x8e5cf2e817455991c3f88244f29b95e3c5703efb253d16587c3e019ace8ed4aa,51
2026-09-23T23-05-23-489Z_n-sweep_1-2-4-8-16-32-50,V2,,16,A-maioria,,,delegate,,,,0x5c19a95c,,48335,1,,0x3a4d0b938991cc6665fddf48aab742d27a2480134e4cb1cf5b844b9724575405,51
2026-09-23T23-05-23-489Z_n-sweep_1-2-4-8-16-32-50,V2,,16,A-maioria,,,delegate,,,,0x5c19a95c,,48347,1,,0x8df16e2387da0d9fa03469e487a72815c7ad0f22d2e3631bfcd3e8532e84566f,51
2026-09-23T23-05-23-489Z_n-sweep_1-2-4-8-16-32-50,V2,,16,A-maioria,,,delegate,,,,0x5c19a95c,,48347,1,,0x95612e3ccf4e98f664cb62c90a18fd3142e8f5668db18fb82a400652a6b96b06,51
2026-09-23T23-05-23-489Z_n-sweep_1-2-4-8-16-32-50,V2,,16,A-maioria,,,delegate,,,,0x5c19a95c,,48347,1,,0x8cfbd9c8afd095297879c4ea5a6d41c276c3b770abd2f751b06ec63384df15d6,51
2026-09-23T23-05-23-489Z_n-sweep_1-2-4-8-16-32-50,V2,,16,A-maioria,,,delegate,,,,0x5c19a95c,,48347,1,,0x96ff47bd12ed3260165a9b3c82bacf4a9f1cfd47a5f8548491ee35c1066f2e38,51
2026-09-23T23-05-23-489Z_n-sweep_1-2-4-8-16-32-50,V2,,16,A-maioria,,,delegate,,,,0x5c19a95c,,48347,1,,0x3c7464a5135ef0630048da3b891f6f95d941c4b44dfb27d1230d6c7015af52d6,51
2026-09-23T23-05-23-489Z_n-sweep_1-2-4-8-16-32-50,V2,,16,A-maioria,,,delegate,,,,0x5c19a95c,,48347,1,,0xcef7f0dbdf22e7ddd7612e11e8e4d04d07ff7ed50742fa593a04379c3fb4c79a,51
2026-09-23T23-05-23-489Z_n-sweep_1-2-4-8-16-32-50,V2,,16,A-maioria,,,delegate,,,,0x5c19a95c,,48347,1,,0x2a05bf2175c5ddc1c903f568e1aef2d66314124f75bcf8379ba8adf2782fee08,51
2026-09-23T23-05-23-489Z_n-sweep_1-2-4-8-16-32-50,V2,,16,A-maioria,,,delegate,,,,0x5c19a95c,,48335,1,,0xed076a3bb603efd5d8a71a2cc98ed4047b12d152a544a7d1d7a341433c9a4602,51
2026-09-23T23-05-23-489Z_n-sweep_1-2-4-8-16-32-50,V2,,16,A-maioria,,,delegate,,,,0x5c19a95c,,48347,1,,0x10be283a8ec30b680dc3aca50b759e0cf9c8afc082d9e83402cea754eca72a1f,51
2026-09-23T23-05-23-489Z_n-sweep_1-2-4-8-16-32-50,V2,,16,A-maioria,,,delegate,,,,0x5c19a95c,,48347,1,,0x2a30f5270f05f3f17e6177f9b77f58b934718ec7c2e872415fd5bb3af3d1a729,51
2026-09-23T23-05-23-489Z_n-sweep_1-2-4-8-16-32-50,V2,,16,A-maioria,,,delegate,,,,0x5c19a95c,,48347,1,,0x8627a7ad29f66cec2d29399f287974e7802b96ce1c1094b9f03f71ebb4aee554,51
2026-09-23T23-05-23-489Z_n-sweep_1-2-4-8-16-32-50,V2,,16,A-maioria,,,delegate,,,,0x5c19a95c,,48347,1,,0x09935171751aaaad6b28f8c0a6e1389d805ea4048b73d32206a0f9fb56fe6526,51
2026-09-23T23-05-23-489Z_n-sweep_1-2-4-8-16-32-50,V2,,16,A-maioria,,,delegate,,,,0x5c19a95c,,48347,1,,0xcc0bb7cbd2d0f3f8fa2b739bbaa5db203755fbd70b3eefc00d112f1bb589ceaf,51
2026-09-23T23-05-23-489Z_n-sweep_1-2-4-8-16-32-50,V2,,16,A-maioria,,,delegate,,,,0x5c19a95c,,48347,1,,0xc76339288f99a2e44a4485a1794ebb0cad6215adbb061dde8b472b5783d68437,51
2026-09-23T23-05-23-489Z_n-sweep_1-2-4-8-16-32-50,V2,,16,A-maioria,,,transfer,,,,0xa9059cbb,,135960,1,,0xb836d62feb297e668e346c78d0b20d52a7b9821222625c27e5c0ef2143a41b4e,51
2026-09-23T23-05-23-489Z_n-sweep_1-2-4-8-16-32-50,V2,,16,A-maioria,,,transfer,,,,0xa9059cbb,,135948,1,,0xeec073fdf6c2881d67acfddce89c8a39f28ac881e6a86c1401774c2c6f4c8ce8,51
2026-09-23T23-05-23-489Z_n-sweep_1-2-4-8-16-32-50,V2,,16,A-maioria,,,transfer,,,,0xa9059cbb,,135960,1,,0x33e39fa04f92fbbd9aa58fabf58a668f164049ae4f8233ca2e7421889732783b,51
2026-09-23T23-05-23-489Z_n-sweep_1-2-4-8-16-32-50,V2,,16,A-maioria,,,transfer,,,,0xa9059cbb,,135960,1,,0x81477eec290eb018116786644c793bf9e54b85f9b9211615b0daf364546023cf,51
2026-09-23T23-05-23-489Z_n-sweep_1-2-4-8-16-32-50,V2,,16,A-maioria,,,transfer,,,,0xa9059cbb,,135960,1,,0x140f510894d20886aa01692e058b4b6b270942eec09bb7a8d900d440748eb9c7,51
2026-09-23T23-05-23-489Z_n-sweep_1-2-4-8-16-32-50,V2,,16,A-maioria,,,transfer,,,,0xa9059cbb,,135960,1,,0xf1a302c48b8ca440e920d472261ca95fc5bd198ac019b47d653558d7f4aa5e61,51
2026-09-23T23-05-23-489Z_n-sweep_1-2-4-8-16-32-50,V2,,16,A-maioria,,,transfer,,,,0xa9059cbb,,135960,1,,0x5d854896984ec999b47248d46879a46855e5f69e0b9c3fd33c03a51ab9d8e3fb,51
2026-09-23T23-05-23-489Z_n-sweep_1-2-4-8-16-32-50,V2,,16,A-maioria,,,transfer,,,,0xa9059cbb,,135960,1,,0x20ea6bbd3d86dd63628e64a0f216e1c226cb46c80e0884e6185c2ff80d0495e0,51
2026-09-23T23-05-23-489Z_n-sweep_1-2-4-8-16-32-50,V2,,16,A-maioria,,,transfer,,,,0xa9059cbb,,135960,1,,0xc7158ea6c5ad90c8d4ba5f0649040f8441cc380aa11e64ebade66fc61fa24397,51
2026-09-23T23-05-23-489Z_n-sweep_1-2-4-8-16-32-50,V2,,16,A-maioria,,,transfer,,,,0xa9059cbb,,135948,1,,0x515f2e48dabcfc0496d2a5057f34c910872d475581580dc72ba87df918cd1f33,51
2026-09-23T23-05-23-489Z_n-sweep_1-2-4-8-16-32-50,V2,,16,A-maioria,,,transfer,,,,0xa9059cbb,,135960,1,,0x86e40a5b217a51edb94ee320d3c4ac158a3d160c5303cf22dd20358e01c2e72a,51
2026-09-23T23-05-23-489Z_n-sweep_1-2-4-8-16-32-50,V2,,16,A-maioria,,,transfer,,,,0xa9059cbb,,135960,1,,0x295ea3a0574c4a4a0638c8b748f99cca7b1dc03b7a86cbaa09862263afd0e56b,51
2026-09-23T23-05-23-489Z_n-sweep_1-2-4-8-16-32-50,V2,,16,A-maioria,,,transfer,,,,0xa9059cbb,,135960,1,,0x09f7076225d56e8567870bdb08c98c02711d79fb176367a3acd546d4fe5054ba,51
2026-09-23T23-05-23-489Z_n-sweep_1-2-4-8-16-32-50,V2,,16,A-maioria,,,transfer,,,,0xa9059cbb,,135960,1,,0xfedae9a29adf6903ed30e6fbe1cbf04fb962ae3696a638e3bdd85384244e2f89,51
2026-09-23T23-05-23-489Z_n-sweep_1-2-4-8-16-32-50,V2,,16,A-maioria,,,transfer,,,,0xa9059cbb,,135960,1,,0xcd7f4eeb23ab8f1523a1f3b3ccb9fa84ccaee9d7ea0e7acc3867478b556e7c66,51
2026-09-23T23-05-23-489Z_n-sweep_1-2-4-8-16-32-50,V2,,16,A-maioria,,,transfer,,,,0xa9059cbb,,135960,1,,0x1107214fe3d15d73a46b0972e8a23e11eea18adbc85ae8cffde0e60620558e0e,51
2026-09-23T23-05-23-489Z_n-sweep_1-2-4-8-16-32-50,V2,,16,A-maioria,,,propose,,,propose,0x7d5e81e2,WasteCategoryRegistry.updateCredits,63351,1,,0xca3d741b800c64c67a3916612f284f80f9ba980f1b91d94032809edb3aa6ee20,51
2026-09-23T23-05-23-489Z_n-sweep_1-2-4-8-16-32-50,V2,,16,A-maioria,,,vote,1,for,,0x56781388,,82468,1,,0x4b35f0fb89044c37d4a466cc88ab4fe13e68e0e94e6ce7eeb2255917b32da46c,51
2026-09-23T23-05-23-489Z_n-sweep_1-2-4-8-16-32-50,V2,,16,A-maioria,,,vote,2,for,,0x56781388,,65368,1,,0x14a6986bd89d8fe1205564620f0bbbc9e40dcd34abf0f7a6b579d8df47021a70,51
2026-09-23T23-05-23-489Z_n-sweep_1-2-4-8-16-32-50,V2,,16,A-maioria,,,vote,3,for,,0x56781388,,65368,1,,0x6e6d93c68884a1202d4d6333b2bec437ce3c19fdb91573a48d5e97d64fd9e0ef,51
2026-09-23T23-05-23-489Z_n-sweep_1-2-4-8-16-32-50,V2,,16,A-maioria,,,vote,4,for,,0x56781388,,65368,1,,0x45f1a05ff72ad77f3ad757ba800c307767044318e21d9c654721f2c633467c4b,51
2026-09-23T23-05-23-489Z_n-sweep_1-2-4-8-16-32-50,V2,,16,A-maioria,,,vote,5,for,,0x56781388,,65368,1,,0xc6203f035a732912ceaa0aa0d7fad81af51c389444a3d9d2e1471520d73e0ea3,51
2026-09-23T23-05-23-489Z_n-sweep_1-2-4-8-16-32-50,V2,,16,A-maioria,,,vote,6,for,,0x56781388,,65368,1,,0x75e8392d5459801194f33f4a26e6ffd0967fc5245658f08795e7e6df7f6b2e97,51
2026-09-23T23-05-23-489Z_n-sweep_1-2-4-8-16-32-50,V2,,16,A-maioria,,,vote,7,for,,0x56781388,,65368,1,,0x049e69a61b85a7d8a5c5e9081a11c8e61cafac727c4fcf6f448483f0d76832dc,51
2026-09-23T23-05-23-489Z_n-sweep_1-2-4-8-16-32-50,V2,,16,A-maioria,,,vote,8,for,,0x56781388,,65368,1,,0x6e427f331c3856ed6f6c180cfc93dfc0e4717d9f3e84ae17f05245c0089567df,51
2026-09-23T23-05-23-489Z_n-sweep_1-2-4-8-16-32-50,V2,,16,A-maioria,,,vote,9,for,,0x56781388,,65368,1,,0xe04922ea8bce7b63b6afef4ea8c2ec6d48ecd83b5e6dabd398bee3941598ef76,51
2026-09-23T23-05-23-489Z_n-sweep_1-2-4-8-16-32-50,V2,,16,A-maioria,,,vote,1,against,,0x56781388,,82416,1,,0x6e487277724896455f8ecdf19e9bcd7f454aa08ae27c5ac9b8967375e6d0b148,51
2026-09-23T23-05-23-489Z_n-sweep_1-2-4-8-16-32-50,V2,,16,A-maioria,,,vote,2,against,,0x56781388,,65316,1,,0xe7da6d43c61d16f3d92a37ee63c4ca5902675eaeb1339a01f48b86c3d02ec2ad,51
2026-09-23T23-05-23-489Z_n-sweep_1-2-4-8-16-32-50,V2,,16,A-maioria,,,vote,3,against,,0x56781388,,65316,1,,0x4182a64e815ddbd9e139dd0c96896797d4f617ec67b8da24188b7abe26cd3a40,51
2026-09-23T23-05-23-489Z_n-sweep_1-2-4-8-16-32-50,V2,,16,A-maioria,,,vote,4,against,,0x56781388,,65316,1,,0xfc6035a30bd62d7db8b7e3159e4ec31330c4f5bd894ea56ace11f7e3bfd6b9c2,51
2026-09-23T23-05-23-489Z_n-sweep_1-2-4-8-16-32-50,V2,,16,A-maioria,,,vote,5,against,,0x56781388,,65316,1,,0xb5942a56e16d7756b817363761314ffeefbcc3cc7c727e9add373602e20dbd34,51
2026-09-23T23-05-23-489Z_n-sweep_1-2-4-8-16-32-50,V2,,16,A-maioria,,,vote,6,against,,0x56781388,,65316,1,,0x2d21c76fdbf8a9261d19e8396eb2447631b1852a185b240d44d530e6c4e0cae6,51
2026-09-23T23-05-23-489Z_n-sweep_1-2-4-8-16-32-50,V2,,16,A-maioria,,,vote,7,against,,0x56781388,,65316,1,,0x22ddce340ab03ad009a9b80cceab49e708602836264b16daf2471b9da0346fcc,51
2026-09-23T23-05-23-489Z_n-sweep_1-2-4-8-16-32-50,V2,,16,A-maioria,,,execute,,,execute,0x2656227d,WasteCategoryRegistry.updateCredits,60847,1,,0x2539e3e7e09bbcae0e58f029d18700b4ec8fb4b50eb9636842e9a184c7ec3e09,51
2026-09-23T23-05-23-489Z_n-sweep_1-2-4-8-16-32-50,Ref,T1,,,,,deploy_token_T1,,,constructor,0x61016060,,1621017,1,,0x8a423d158719dafa7ff4b82bcd6f6a5661f61c993e6aaede0acbe21a849af082,52
2026-09-23T23-05-23-489Z_n-sweep_1-2-4-8-16-32-50,Ref,,,,,,deploy_registry,,,constructor,0x60806040,,4590964,1,,0x9005486642112873086c0faf3a06ce7199e3377186a80eb6eea4235f5e1c6f56,52
2026-09-23T23-05-23-489Z_n-sweep_1-2-4-8-16-32-50,Ref,,,,,,deploy_rewards_registry_for_ctor,,,constructor,0x60806040,,4590964,1,,0x484f4210d177094deb4832deb5e459c708c732becb1881e1d1417503c177d84a,52
2026-09-23T23-05-23-489Z_n-sweep_1-2-4-8-16-32-50,Ref,,,,,,deploy_credit,,,constructor,0x60806040,,931954,1,,0xda6265176213799bfac2d03545eb38f6f6d6d978852db5e040dec6bdc95b6a46,52
2026-09-23T23-05-23-489Z_n-sweep_1-2-4-8-16-32-50,Ref,,,,,,deploy_passport,,,constructor,0x60806040,,2776581,1,,0xe5a36162780b85ac2b217350036da2286056186a02d74234dd0980865a07c217,52
2026-09-23T23-05-23-489Z_n-sweep_1-2-4-8-16-32-50,Ref,,,,,,deploy_rewards,,,constructor,0x60803461,,1246140,1,,0x748f3eef423a29001e508633e407c909b25f0e6a89b560856468f0ac6655c439,52
2026-09-23T23-05-23-489Z_n-sweep_1-2-4-8-16-32-50,Ref,,,,,,deploy_stakeholders,,,constructor,0x60803461,,1679823,1,,0xd4be2e468d589ae7e76ff2c292757707613e73c2a9e8f4c774280b5fd0991072,52
2026-09-23T23-05-23-489Z_n-sweep_1-2-4-8-16-32-50,Ref,,,,,,deploy_governor_Ref,,,constructor,0x61018060,,4434623,1,,0xd1b6a3d1f944bdfe5c399ebf7a1e6ed8a76e5b5acd93cdfc3d211571cbc50a6e,52
2026-09-23T23-05-23-489Z_n-sweep_1-2-4-8-16-32-50,Ref,,,,,,grant_admin_role,,,grantRole,0x2f2ff15d,,50799,1,,0x9477ec21ceecb8e71e570a8e5c711d060981c6dc53217d4071b2c7d012604374,52
2026-09-23T23-05-23-489Z_n-sweep_1-2-4-8-16-32-50,Ref,,,,,,revoke_deployer_admin_role,,,revokeRole,0xd547741f,,27116,1,,0x4571f6b2b82c72e95dbfd028346a3c95cee362f1cdc4e946338a9d1e56d58c09,52
2026-09-23T23-05-23-489Z_n-sweep_1-2-4-8-16-32-50,Ref,,16,A-maioria,,,delegate_admin,,,,0x5c19a95c,,95559,1,,0xfca7f8e34a7a367a38495092e6c6ae53f6f6bbc6c6cdd047fed83c770b76a8c9,52
2026-09-23T23-05-23-489Z_n-sweep_1-2-4-8-16-32-50,Ref,,16,A-maioria,,,delegate,,,,0x5c19a95c,,48347,1,,0x2f1db724527155bbb87015320f4de9a632dd20bb0d57eddcbd649b18207511a9,52
2026-09-23T23-05-23-489Z_n-sweep_1-2-4-8-16-32-50,Ref,,16,A-maioria,,,delegate,,,,0x5c19a95c,,48335,1,,0x8b0e52e67c302dbb4252eb6f968ee138c191eb8205be72d37b64b0c5ee99cc0e,52
2026-09-23T23-05-23-489Z_n-sweep_1-2-4-8-16-32-50,Ref,,16,A-maioria,,,delegate,,,,0x5c19a95c,,48347,1,,0x1a5bd05dacedf9e3acc8ca8d92b6aea9cf2aa84f70c77d04dab2d0257070356f,52
2026-09-23T23-05-23-489Z_n-sweep_1-2-4-8-16-32-50,Ref,,16,A-maioria,,,delegate,,,,0x5c19a95c,,48347,1,,0x05f7d9fd7d2dcae80248756e17e23af4963c07b10ebe32e7c079f468806ce249,52
2026-09-23T23-05-23-489Z_n-sweep_1-2-4-8-16-32-50,Ref,,16,A-maioria,,,delegate,,,,0x5c19a95c,,48347,1,,0xc692236193a870ec74b2ae8543ffbfe39b6bd5462442ea5a4e078b2d3116adeb,52
2026-09-23T23-05-23-489Z_n-sweep_1-2-4-8-16-32-50,Ref,,16,A-maioria,,,delegate,,,,0x5c19a95c,,48347,1,,0x69a8f9be879966443d3229422f1c20ad3c5a2104215131e80047b7236df1a439,52
2026-09-23T23-05-23-489Z_n-sweep_1-2-4-8-16-32-50,Ref,,16,A-maioria,,,delegate,,,,0x5c19a95c,,48347,1,,0x14477638203890fae6e03b6d8872fdc619692fcbe0c9a0a0fd173ec8ce55cf6a,52
2026-09-23T23-05-23-489Z_n-sweep_1-2-4-8-16-32-50,Ref,,16,A-maioria,,,delegate,,,,0x5c19a95c,,48347,1,,0x9f65b07d974009afeb2495f5f83544615b836d4a15a53225fe23457a4ef7529a,52
2026-09-23T23-05-23-489Z_n-sweep_1-2-4-8-16-32-50,Ref,,16,A-maioria,,,delegate,,,,0x5c19a95c,,48347,1,,0xa0971290a91aaca9bef42b2510df553f4ebee2f2d38ba046d76d2691243fb7dd,52
2026-09-23T23-05-23-489Z_n-sweep_1-2-4-8-16-32-50,Ref,,16,A-maioria,,,delegate,,,,0x5c19a95c,,48335,1,,0xf4bd663b316a97cdf28dc55b27e731573031aea8aab195f90366a39b05dc631b,52
2026-09-23T23-05-23-489Z_n-sweep_1-2-4-8-16-32-50,Ref,,16,A-maioria,,,delegate,,,,0x5c19a95c,,48347,1,,0x55e216d1fd4a57f4b14ecf096eae768c82f748bc8c3f110c2fc2ba1820ce2744,52
2026-09-23T23-05-23-489Z_n-sweep_1-2-4-8-16-32-50,Ref,,16,A-maioria,,,delegate,,,,0x5c19a95c,,48347,1,,0xbeccf0fe707163bf021a0c3ffd89fd06dd965e84aaeeb5376b88e31618e0b3ef,52
2026-09-23T23-05-23-489Z_n-sweep_1-2-4-8-16-32-50,Ref,,16,A-maioria,,,delegate,,,,0x5c19a95c,,48347,1,,0xed73e3faa352679f7bf43132dd18ad217d7dffba0cc24f3713a202326244db62,52
2026-09-23T23-05-23-489Z_n-sweep_1-2-4-8-16-32-50,Ref,,16,A-maioria,,,delegate,,,,0x5c19a95c,,48347,1,,0x5374bf6eb24d592b0acaebd034fe51028190ab20647a23e2d7f82be4b0b4b62a,52
2026-09-23T23-05-23-489Z_n-sweep_1-2-4-8-16-32-50,Ref,,16,A-maioria,,,delegate,,,,0x5c19a95c,,48347,1,,0x6aae91bc64c7d2f749cdc72d4c86dc056214e39b94dea5beb29c9770a782550c,52
2026-09-23T23-05-23-489Z_n-sweep_1-2-4-8-16-32-50,Ref,,16,A-maioria,,,delegate,,,,0x5c19a95c,,48347,1,,0x0ec09445c5c783300c5f7634f26cc80e02bfc4833b0c856f952ea96a2adb5606,52
2026-09-23T23-05-23-489Z_n-sweep_1-2-4-8-16-32-50,Ref,,16,A-maioria,,,transfer,,,,0xa9059cbb,,135960,1,,0x434b98a72067cb327a9eac3a342b7f47ca18effbd1b40d0224b82fb27ad512e0,52
2026-09-23T23-05-23-489Z_n-sweep_1-2-4-8-16-32-50,Ref,,16,A-maioria,,,transfer,,,,0xa9059cbb,,135948,1,,0xc8ccca71ba2311545fd7543aa69516b8a372bce0c8f41848d3bcd3ba3c44779a,52
2026-09-23T23-05-23-489Z_n-sweep_1-2-4-8-16-32-50,Ref,,16,A-maioria,,,transfer,,,,0xa9059cbb,,135960,1,,0x925a617bc303f1b088cec680d74dd66843d5f4c3dc702b98f282bd0842b11957,52
2026-09-23T23-05-23-489Z_n-sweep_1-2-4-8-16-32-50,Ref,,16,A-maioria,,,transfer,,,,0xa9059cbb,,135960,1,,0x59a9abfa1d21895759a2db87a286cb9d34f755e39824632c3f50997395f11ee5,52
2026-09-23T23-05-23-489Z_n-sweep_1-2-4-8-16-32-50,Ref,,16,A-maioria,,,transfer,,,,0xa9059cbb,,135960,1,,0x709a0686f17bb479fda0f406b6c3c63838b08a4eaef022850866c3fc2071237b,52
2026-09-23T23-05-23-489Z_n-sweep_1-2-4-8-16-32-50,Ref,,16,A-maioria,,,transfer,,,,0xa9059cbb,,135960,1,,0xb0eac06619547e241ec35274f15509fb5c770db50192de6a1103406050a1438c,52
2026-09-23T23-05-23-489Z_n-sweep_1-2-4-8-16-32-50,Ref,,16,A-maioria,,,transfer,,,,0xa9059cbb,,135960,1,,0x51a2b6d5c32651b623f1d6c6d540db593effaf95342fa3f2319603e65ea66000,52
2026-09-23T23-05-23-489Z_n-sweep_1-2-4-8-16-32-50,Ref,,16,A-maioria,,,transfer,,,,0xa9059cbb,,135960,1,,0x13e4e034fa5ecff267597b9545aba150c38765efef59593d84dd5b6f670c7d51,52
2026-09-23T23-05-23-489Z_n-sweep_1-2-4-8-16-32-50,Ref,,16,A-maioria,,,transfer,,,,0xa9059cbb,,135960,1,,0xb50ca5dd46a975583d571c6bf23c67ae3e137f92737ba93d2ea1b9b4e7613c68,52
2026-09-23T23-05-23-489Z_n-sweep_1-2-4-8-16-32-50,Ref,,16,A-maioria,,,transfer,,,,0xa9059cbb,,135948,1,,0x4710c50cd82fb4f8ac04d723ac5c8d42c6543fdb3a9268342c0ae90e7ce7bc22,52
2026-09-23T23-05-23-489Z_n-sweep_1-2-4-8-16-32-50,Ref,,16,A-maioria,,,transfer,,,,0xa9059cbb,,135960,1,,0x1b245ffd7c4312f3b7eacced4fb57463afe5ce87642680cd5f65eae6187e1439,52
2026-09-23T23-05-23-489Z_n-sweep_1-2-4-8-16-32-50,Ref,,16,A-maioria,,,transfer,,,,0xa9059cbb,,135960,1,,0xd8557dba87cb129629f44383c80d70a6708f507e977241fbb62b88d35afebd94,52
2026-09-23T23-05-23-489Z_n-sweep_1-2-4-8-16-32-50,Ref,,16,A-maioria,,,transfer,,,,0xa9059cbb,,135960,1,,0xe994057952dc8d3e8a8666279ac41416a2fe0fb476cb3827b4db2e75fe136704,52
2026-09-23T23-05-23-489Z_n-sweep_1-2-4-8-16-32-50,Ref,,16,A-maioria,,,transfer,,,,0xa9059cbb,,135960,1,,0xb60ac622a66279a59148d696405bd2db92019f515117a73345c81cfc8fe2666f,52
2026-09-23T23-05-23-489Z_n-sweep_1-2-4-8-16-32-50,Ref,,16,A-maioria,,,transfer,,,,0xa9059cbb,,135960,1,,0x0583d0039c47214dc4d3794215cbfb5621cce4645ca4d52477e1dbef820be994,52
2026-09-23T23-05-23-489Z_n-sweep_1-2-4-8-16-32-50,Ref,,16,A-maioria,,,transfer,,,,0xa9059cbb,,135960,1,,0xeabacdab51ac72295bcf6e3a06331d102444daeebe0f93c75b37098f68e1b3a4,52
2026-09-23T23-05-23-489Z_n-sweep_1-2-4-8-16-32-50,Ref,,16,A-maioria,,,propose,,,propose,0x7d5e81e2,WasteCategoryRegistry.updateCredits,81615,1,,0x2e32688f734dee1e26d7eca9c9997dd6d97d6abb2c1ed5df5a68b82d7df5ae4c,52
2026-09-23T23-05-23-489Z_n-sweep_1-2-4-8-16-32-50,Ref,,16,A-maioria,,,vote,1,for,,0x56781388,,83098,1,,0x8416df2ccbfa6f65a2afd93930e40f2e274f8c16c1e47b15fe7d31c41d315b9e,52
2026-09-23T23-05-23-489Z_n-sweep_1-2-4-8-16-32-50,Ref,,16,A-maioria,,,vote,2,for,,0x56781388,,65998,1,,0xb2e9441c40e355a38b46579ac2d9e699b0c3dda0d3362091d239a2fb5ae059c4,52
2026-09-23T23-05-23-489Z_n-sweep_1-2-4-8-16-32-50,Ref,,16,A-maioria,,,vote,3,for,,0x56781388,,65998,1,,0xbb67046353d8403574621e817422c0b2b3f6fbe2a3de7f62463586c61788dd49,52
2026-09-23T23-05-23-489Z_n-sweep_1-2-4-8-16-32-50,Ref,,16,A-maioria,,,vote,4,for,,0x56781388,,65998,1,,0x4ff7b3b7ff300810228dfaeeb1bfe50a24c70b65751b130cde6d3a5dbc4e9037,52
2026-09-23T23-05-23-489Z_n-sweep_1-2-4-8-16-32-50,Ref,,16,A-maioria,,,vote,5,for,,0x56781388,,65998,1,,0x85347efdef8ece9973be5093f5fdbd364c727a69451c3b52a53510a06c803abc,52
2026-09-23T23-05-23-489Z_n-sweep_1-2-4-8-16-32-50,Ref,,16,A-maioria,,,vote,6,for,,0x56781388,,65998,1,,0xe05ee6f4927ecf14222cc15d1abd121b3843f24edf6e43be354980f2809706d5,52
2026-09-23T23-05-23-489Z_n-sweep_1-2-4-8-16-32-50,Ref,,16,A-maioria,,,vote,7,for,,0x56781388,,65998,1,,0x242d6ffe358165f3b71a7212604bf0d2187cf85e6fb83461e6a81cf1ed6c343b,52
2026-09-23T23-05-23-489Z_n-sweep_1-2-4-8-16-32-50,Ref,,16,A-maioria,,,vote,8,for,,0x56781388,,65998,1,,0x283f3729fd5504a7ec39ba7732b37657fb62818fd6aab907ad02497cd12be6f0,52
2026-09-23T23-05-23-489Z_n-sweep_1-2-4-8-16-32-50,Ref,,16,A-maioria,,,vote,9,for,,0x56781388,,65998,1,,0x16d783ed7deb726aaccdc5a33c78ab89e97d92b532772b1b505e584f4c16f2f5,52
2026-09-23T23-05-23-489Z_n-sweep_1-2-4-8-16-32-50,Ref,,16,A-maioria,,,vote,1,against,,0x56781388,,83057,1,,0x97629d8e7d73641395df22e85f4b63f412b98adda1133667992f168bfc2a9bd8,52
2026-09-23T23-05-23-489Z_n-sweep_1-2-4-8-16-32-50,Ref,,16,A-maioria,,,vote,2,against,,0x56781388,,65957,1,,0x4ea580cdd78e97a89dc3354e066810ca5a3ead79c7b7eb2631c801c78ea3a21c,52
2026-09-23T23-05-23-489Z_n-sweep_1-2-4-8-16-32-50,Ref,,16,A-maioria,,,vote,3,against,,0x56781388,,65957,1,,0x25a51505c73cd079a3c33011a3f49215eaa3ab4580d1c62f9f711e4031944290,52
2026-09-23T23-05-23-489Z_n-sweep_1-2-4-8-16-32-50,Ref,,16,A-maioria,,,vote,4,against,,0x56781388,,65957,1,,0xcc6ae71e23d7cf886d5f4a414b6122582619913aafc86083dce08bef55a58546,52
2026-09-23T23-05-23-489Z_n-sweep_1-2-4-8-16-32-50,Ref,,16,A-maioria,,,vote,5,against,,0x56781388,,65957,1,,0x93e01b295d00e8c9b94307802653516cf439f506b5a10f6a58268ea3e8b88c6f,52
2026-09-23T23-05-23-489Z_n-sweep_1-2-4-8-16-32-50,Ref,,16,A-maioria,,,vote,6,against,,0x56781388,,65957,1,,0x64c59afae851273c15658845ee781547741990ec30c43f6ad6ca7c4fc33ebb93,52
2026-09-23T23-05-23-489Z_n-sweep_1-2-4-8-16-32-50,Ref,,16,A-maioria,,,vote,7,against,,0x56781388,,65957,1,,0x295aa5361f1347ae871a305dbb6b84e5b6c36af3dadc7dca5dcfc2251f9de1d7,52
2026-09-23T23-05-23-489Z_n-sweep_1-2-4-8-16-32-50,Ref,,16,A-maioria,,,execute,,,execute,0x2656227d,WasteCategoryRegistry.updateCredits,72030,1,,0x2f47d6471e6b5b8179ee0e95c0828e8312adb83fa3ed47ff161a4c93fe6a855a,52
2026-09-23T23-05-23-489Z_n-sweep_1-2-4-8-16-32-50,V0,T1,,,,,deploy_token_T1,,,constructor,0x61016060,,1621017,1,,0xece28f063ba256e8fc65152daf61fe745a7823e8ba387b1b661409f18f6dc4cc,53
2026-09-23T23-05-23-489Z_n-sweep_1-2-4-8-16-32-50,V0,,,,,,deploy_registry,,,constructor,0x60806040,,4590964,1,,0x9005486642112873086c0faf3a06ce7199e3377186a80eb6eea4235f5e1c6f56,53
2026-09-23T23-05-23-489Z_n-sweep_1-2-4-8-16-32-50,V0,,,,,,deploy_governor_V0,,,constructor,0x6101c080,,2133394,1,,0x8b33a795df9df0e5a3cb812430955580d1fb4f654a6028dd161238e13d560524,53
2026-09-23T23-05-23-489Z_n-sweep_1-2-4-8-16-32-50,V0,,,,,,grant_admin_role,,,grantRole,0x2f2ff15d,,50799,1,,0xb518a3911be32f0a59dcaec3e43c7ec54010f07f3e473d550516b1aab1a18d6b,53
2026-09-23T23-05-23-489Z_n-sweep_1-2-4-8-16-32-50,V0,,,,,,revoke_deployer_admin_role,,,revokeRole,0xd547741f,,27116,1,,0x8cb08b8b6ca45600b76a431b4cd18aee2095374e00c890903bfaa28d83b5f82b,53
2026-09-23T23-05-23-489Z_n-sweep_1-2-4-8-16-32-50,V0,,16,D-voto,,,delegate_admin,,,,0x5c19a95c,,95559,1,,0xfa43c1f7a1a1658c8aeac58119b26e806face10fc63ae3e18099942309f4d395,53
2026-09-23T23-05-23-489Z_n-sweep_1-2-4-8-16-32-50,V0,,16,D-voto,,,delegate,,,,0x5c19a95c,,48347,1,,0xf96ae171d39b1290c248e3ee88c92c43e24751ff4aacf46bad404cad29a33e37,53
2026-09-23T23-05-23-489Z_n-sweep_1-2-4-8-16-32-50,V0,,16,D-voto,,,delegate,,,,0x5c19a95c,,48335,1,,0x65ff74d2610d5c80f16dc62aa4e01b339a9ecd8c95911ae092d678a9792cdcb8,53
2026-09-23T23-05-23-489Z_n-sweep_1-2-4-8-16-32-50,V0,,16,D-voto,,,delegate,,,,0x5c19a95c,,48347,1,,0xb06e4e18b389cc3c69848b844c44927f26087a909c0e4532a1ba892e8d7bac4c,53
2026-09-23T23-05-23-489Z_n-sweep_1-2-4-8-16-32-50,V0,,16,D-voto,,,delegate,,,,0x5c19a95c,,48347,1,,0xfdc5c4ae6e458adbd0780d18d4ef20dca6b7a02f3efff2f7c0eec7590e340a41,53
2026-09-23T23-05-23-489Z_n-sweep_1-2-4-8-16-32-50,V0,,16,D-voto,,,delegate,,,,0x5c19a95c,,48347,1,,0x5c4d4bc02e09949d860a2c409a26209335f7c4e4eca7ac13d0e60a5cf0d0f233,53
2026-09-23T23-05-23-489Z_n-sweep_1-2-4-8-16-32-50,V0,,16,D-voto,,,delegate,,,,0x5c19a95c,,48347,1,,0x8eb2597a239d7d5a9d780141fa850308f21a221b62b2f0b2cd01922a25b294b2,53
2026-09-23T23-05-23-489Z_n-sweep_1-2-4-8-16-32-50,V0,,16,D-voto,,,delegate,,,,0x5c19a95c,,48347,1,,0x61b0a2cbceae6ab3b47dbad41fbaa57485b4b4545814b177fb76f5e80989f4b6,53
2026-09-23T23-05-23-489Z_n-sweep_1-2-4-8-16-32-50,V0,,16,D-voto,,,delegate,,,,0x5c19a95c,,48347,1,,0x8e8293e79ce57e8b2bd6c914c167b0ec5858ded7d332cc962607075acbcc0b43,53
2026-09-23T23-05-23-489Z_n-sweep_1-2-4-8-16-32-50,V0,,16,D-voto,,,delegate,,,,0x5c19a95c,,48347,1,,0x700d26ece381a9328c0c0607c8015a890a8cc373fc0ec5e3e5957a9b1720c821,53
2026-09-23T23-05-23-489Z_n-sweep_1-2-4-8-16-32-50,V0,,16,D-voto,,,delegate,,,,0x5c19a95c,,48335,1,,0x827f347ed9162ee5aa31942cb2cd15f5b7940183deaee5d4a11b6efe87452173,53
2026-09-23T23-05-23-489Z_n-sweep_1-2-4-8-16-32-50,V0,,16,D-voto,,,delegate,,,,0x5c19a95c,,48347,1,,0x05e0616bb804c3cd4df19f7b0cf511dbcb6e9524c52bcfbf8b39223490cc0846,53
2026-09-23T23-05-23-489Z_n-sweep_1-2-4-8-16-32-50,V0,,16,D-voto,,,delegate,,,,0x5c19a95c,,48347,1,,0x7409a97667b08d9b70b0d678843340d442fad8337ae46944499977e000325f92,53
2026-09-23T23-05-23-489Z_n-sweep_1-2-4-8-16-32-50,V0,,16,D-voto,,,delegate,,,,0x5c19a95c,,48347,1,,0x06bc39c687cf89ca2626bc142b16cf4a83fd68b90155fd6344acd5c17148d8a6,53
2026-09-23T23-05-23-489Z_n-sweep_1-2-4-8-16-32-50,V0,,16,D-voto,,,delegate,,,,0x5c19a95c,,48347,1,,0xe5d3691fe9ffad366e158fc098b74dd6635f083c235a6588c23e1d5313889cc9,53
2026-09-23T23-05-23-489Z_n-sweep_1-2-4-8-16-32-50,V0,,16,D-voto,,,delegate,,,,0x5c19a95c,,48347,1,,0x75300fe9f7d70fbe306b3cefadf0423a64334a4470eee34e958b76b4418900c0,53
2026-09-23T23-05-23-489Z_n-sweep_1-2-4-8-16-32-50,V0,,16,D-voto,,,delegate,,,,0x5c19a95c,,48347,1,,0xef2cf8fae96fa4c95b9eb5fc78e668af4f5126a23f921c90e15afdcffccd9bf9,53
2026-09-23T23-05-23-489Z_n-sweep_1-2-4-8-16-32-50,V0,,16,D-voto,,,transfer,,,,0xa9059cbb,,135960,1,,0x9d2051ce1ac7772280ee95bb88f17e9d6d2578fc8bb5cf446ecc31be953ece96,53
2026-09-23T23-05-23-489Z_n-sweep_1-2-4-8-16-32-50,V0,,16,D-voto,,,transfer,,,,0xa9059cbb,,135948,1,,0x3a4a298943ef01cc714afe43386e5742cf073e1f035be6fc7cbb5dfeed0493f0,53
2026-09-23T23-05-23-489Z_n-sweep_1-2-4-8-16-32-50,V0,,16,D-voto,,,transfer,,,,0xa9059cbb,,135960,1,,0xd44510bb270dde35eff14b4a5a859736433c0ee8550691fdd95ee07cd99c95c6,53
2026-09-23T23-05-23-489Z_n-sweep_1-2-4-8-16-32-50,V0,,16,D-voto,,,transfer,,,,0xa9059cbb,,135960,1,,0x63d205467f9416ccd0167cac0adeba7bd37f330003391c910238fd6d39d44d93,53
2026-09-23T23-05-23-489Z_n-sweep_1-2-4-8-16-32-50,V0,,16,D-voto,,,transfer,,,,0xa9059cbb,,135960,1,,0xb3c9dc135bc39577971e96905eec64c6559bad01b2a06ea5376e696e1224dcde,53
2026-09-23T23-05-23-489Z_n-sweep_1-2-4-8-16-32-50,V0,,16,D-voto,,,transfer,,,,0xa9059cbb,,135960,1,,0xb1ad3c2f5839ceda9ea23f9e801964e613c95948448563bf3c2b4cda05309531,53
2026-09-23T23-05-23-489Z_n-sweep_1-2-4-8-16-32-50,V0,,16,D-voto,,,transfer,,,,0xa9059cbb,,135960,1,,0x0e8c2da5137db8ba2577088f9b4385a8b03e6bb749d506e3131715b6ab0e5c85,53
2026-09-23T23-05-23-489Z_n-sweep_1-2-4-8-16-32-50,V0,,16,D-voto,,,transfer,,,,0xa9059cbb,,135960,1,,0xcc0dce854b4d22a13a4ee19c4382a43b7378b6dbf7459e801d2c21eaf406c0b3,53
2026-09-23T23-05-23-489Z_n-sweep_1-2-4-8-16-32-50,V0,,16,D-voto,,,transfer,,,,0xa9059cbb,,135960,1,,0x34389a152f83ec0b3169ab7573cf459e4ff8bcef869ec65da6da6b0d63fcf965,53
2026-09-23T23-05-23-489Z_n-sweep_1-2-4-8-16-32-50,V0,,16,D-voto,,,transfer,,,,0xa9059cbb,,135948,1,,0x299f4a4d3aaa7cddd715472eecd4b373cf92705af8c26fb1ecee302a0fb4879f,53
2026-09-23T23-05-23-489Z_n-sweep_1-2-4-8-16-32-50,V0,,16,D-voto,,,transfer,,,,0xa9059cbb,,135960,1,,0xb238377ddc32c50ae1eecf6d5ef004977a9773a3ed7d4a7733ee2c54f9c86f9a,53
2026-09-23T23-05-23-489Z_n-sweep_1-2-4-8-16-32-50,V0,,16,D-voto,,,transfer,,,,0xa9059cbb,,135960,1,,0xe6cba7e768e8f544e5f277d2fcf207d101cc00453070eca3afe77aeaab1e66a2,53
2026-09-23T23-05-23-489Z_n-sweep_1-2-4-8-16-32-50,V0,,16,D-voto,,,transfer,,,,0xa9059cbb,,135960,1,,0x9c81e5a07e6bfd0ca52efa66d70f843f87beead64a024ffaec14204514567a4a,53
2026-09-23T23-05-23-489Z_n-sweep_1-2-4-8-16-32-50,V0,,16,D-voto,,,transfer,,,,0xa9059cbb,,135960,1,,0x92ea0b3b1a4fc09939bde5de610cab2c9ee4919860af647811507c3f42e77406,53
2026-09-23T23-05-23-489Z_n-sweep_1-2-4-8-16-32-50,V0,,16,D-voto,,,transfer,,,,0xa9059cbb,,135960,1,,0xca1c8911abf0980ae6c3603deb4c531c0c4af41602a546328a15a0fceb3594e8,53
2026-09-23T23-05-23-489Z_n-sweep_1-2-4-8-16-32-50,V0,,16,D-voto,,,transfer,,,,0xa9059cbb,,135960,1,,0x51f7bdc75c4813064555dffa674146a5a204bbfdc6f6bc63abfa47c352cc9ab2,53
2026-09-23T23-05-23-489Z_n-sweep_1-2-4-8-16-32-50,V0,,16,D-voto,,,propose,,,propose,0x7d5e81e2,WasteCategoryRegistry.updateCredits,63315,1,,0xb39c8f8e8ed7940c6ec1f33d4ebb4242bf614d54e467a7a99d5a5c6f362b1886,53
2026-09-23T23-05-23-489Z_n-sweep_1-2-4-8-16-32-50,V0,,16,D-voto,,,vote,1,for,,0x56781388,,81887,1,,0x444eac68e8be3530bec325392af30353d779730ade38cb5c29e9b36efcf971e6,53
2026-09-23T23-05-23-489Z_n-sweep_1-2-4-8-16-32-50,V0,,16,D-voto,,,vote,2,for,,0x56781388,,64787,1,,0xff2f330dd814df98478afcbd4c3907628d8e867ea2e996543896194b3bc76ae7,53
2026-09-23T23-05-23-489Z_n-sweep_1-2-4-8-16-32-50,V0,,16,D-voto,,,vote,3,for,,0x56781388,,64787,1,,0xe99603c1c30cbc449561b29b845cfd7890f9a396c37e174b9a035dc0cb37b48e,53
2026-09-23T23-05-23-489Z_n-sweep_1-2-4-8-16-32-50,V0,,16,D-voto,,,vote,4,for,,0x56781388,,64787,1,,0xcfc41698484f66abdd4c600fdbd85fd7d9b0585490d503247feede7d7d345a25,53
2026-09-23T23-05-23-489Z_n-sweep_1-2-4-8-16-32-50,V0,,16,D-voto,,,vote,5,for,,0x56781388,,64787,1,,0xc9ca4793319537329e56c9c8a7ca417ad4775902367150a71a90d032bfd5fdda,53
2026-09-23T23-05-23-489Z_n-sweep_1-2-4-8-16-32-50,V0,,16,D-voto,,,vote,6,for,,0x56781388,,64787,1,,0x4d07d27a6a37a09705c84b48a3b474d7585ac1881f9308fdeb73f130ea614a44,53
2026-09-23T23-05-23-489Z_n-sweep_1-2-4-8-16-32-50,V0,,16,D-voto,,,vote,7,for,,0x56781388,,64787,1,,0x5224cba7954a8c554d434730b2c54393bacfd16bdc0c45d2dc0bc97ef6a2729a,53
2026-09-23T23-05-23-489Z_n-sweep_1-2-4-8-16-32-50,V0,,16,D-voto,,,vote,1,against,,0x56781388,,81835,1,,0x0e5097634fddf31b066a1ad746113da751b3431aa642242a55ad6ac72a71ec1f,53
2026-09-23T23-05-23-489Z_n-sweep_1-2-4-8-16-32-50,V0,,16,D-voto,,,vote,2,against,,0x56781388,,64735,1,,0xd8d44ae89358b663dbb7f90e26572d88678cb9f39cc80681f2273ee0811f20a0,53
2026-09-23T23-05-23-489Z_n-sweep_1-2-4-8-16-32-50,V0,,16,D-voto,,,vote,3,against,,0x56781388,,64735,1,,0xf3d074985075e58dad8cdca0af460b900b8f623960ae16c0d40dd7d07c4d2bb7,53
2026-09-23T23-05-23-489Z_n-sweep_1-2-4-8-16-32-50,V0,,16,D-voto,,,vote,4,against,,0x56781388,,64735,1,,0x46b74f682043967998bb2b3fb4984c3c4d420bec08fb9abaa8f11c40a626ba0d,53
2026-09-23T23-05-23-489Z_n-sweep_1-2-4-8-16-32-50,V0,,16,D-voto,,,vote,5,against,,0x56781388,,64735,1,,0x1b372ac23f3de908cff596072873dfe7a0c5b5ac31ce52cb117307f6eaad4610,53
2026-09-23T23-05-23-489Z_n-sweep_1-2-4-8-16-32-50,V0,,16,D-voto,,,vote,6,against,,0x56781388,,64735,1,,0x46d3f5742a78f29c09f7f7684a4479aa888c83bdc5b85722be4cb2123fd3a2ed,53
2026-09-23T23-05-23-489Z_n-sweep_1-2-4-8-16-32-50,V0,,16,D-voto,,,vote,7,against,,0x56781388,,64735,1,,0x7b53c56819365734950ac10b187f5f921eb7937e5605653e08dc219cb5bf20ed,53
2026-09-23T23-05-23-489Z_n-sweep_1-2-4-8-16-32-50,V0,,16,D-voto,,,vote,8,against,,0x56781388,,64735,1,,0x13942be2251786084c9765acfd8b26c74dd962e70b20938a5ecaabe0e856dd58,53
2026-09-23T23-05-23-489Z_n-sweep_1-2-4-8-16-32-50,V0,,16,D-voto,,,vote,9,against,,0x56781388,,64735,1,,0x18ae097786505ab45f359d84fbf4dec65ef891402972daf0ba335324aa12d7eb,53
2026-09-23T23-05-23-489Z_n-sweep_1-2-4-8-16-32-50,V0,,16,D-voto,,,execute_attempt,,,execute,0x2656227d,WasteCategoryRegistry.updateCredits,40382,0,"VM Exception while processing transaction: reverted with custom error 'GovernorUnexpectedProposalState(6714203955914321951133934283271067395202799551909316039535129477887324846343, 3, '0x0000000000000000000000000000000000000000000000000000000000000030')'",0xed081348353a7b0114eeade3f8f8289265737c95c67f7d0540a97158c6c28b71,53
2026-09-23T23-05-23-489Z_n-sweep_1-2-4-8-16-32-50,V1,T1,,,,,deploy_token_T1,,,constructor,0x61016060,,1621017,1,,0xece28f063ba256e8fc65152daf61fe745a7823e8ba387b1b661409f18f6dc4cc,54
2026-09-23T23-05-23-489Z_n-sweep_1-2-4-8-16-32-50,V1,,,,,,deploy_registry,,,constructor,0x60806040,,4590964,1,,0x9005486642112873086c0faf3a06ce7199e3377186a80eb6eea4235f5e1c6f56,54
2026-09-23T23-05-23-489Z_n-sweep_1-2-4-8-16-32-50,V1,,,,,,deploy_governor_V1,,,constructor,0x6101c080,,2141155,1,,0xcbf032b87647649d09648621f7d61fb312aee4174486ee6f404819243ac59ca9,54
2026-09-23T23-05-23-489Z_n-sweep_1-2-4-8-16-32-50,V1,,,,,,grant_admin_role,,,grantRole,0x2f2ff15d,,50799,1,,0xfdc9a3875129e16eb4a0e6527cfb2e5662449c13660398cf3b7c723db6d0e009,54
2026-09-23T23-05-23-489Z_n-sweep_1-2-4-8-16-32-50,V1,,,,,,revoke_deployer_admin_role,,,revokeRole,0xd547741f,,27116,1,,0xc189311656167d1c4c211ee1c4f5143a8df64ff72cb449ebf7ec77ff2fd0bcbb,54
2026-09-23T23-05-23-489Z_n-sweep_1-2-4-8-16-32-50,V1,,16,D-voto,,,delegate_admin,,,,0x5c19a95c,,95559,1,,0xd4695df7ceba86e36d8d32ccf756640823a0c1b729cf20e3a0b632c08e38ee6a,54
2026-09-23T23-05-23-489Z_n-sweep_1-2-4-8-16-32-50,V1,,16,D-voto,,,delegate,,,,0x5c19a95c,,48347,1,,0x81d5bf8e96fad9ce8b5230dc73abbeb313b25fcb2932728690f357e6b4e905b9,54
2026-09-23T23-05-23-489Z_n-sweep_1-2-4-8-16-32-50,V1,,16,D-voto,,,delegate,,,,0x5c19a95c,,48335,1,,0x92147b8c796bc2b0f21acc979799bbf4c5b5033d9d67806a8ad6842fe03d41df,54
2026-09-23T23-05-23-489Z_n-sweep_1-2-4-8-16-32-50,V1,,16,D-voto,,,delegate,,,,0x5c19a95c,,48347,1,,0xfff43b85310b182c6fdaa6a0b82056393aba2572b23e543b42f064dc4690e2fc,54
2026-09-23T23-05-23-489Z_n-sweep_1-2-4-8-16-32-50,V1,,16,D-voto,,,delegate,,,,0x5c19a95c,,48347,1,,0xd65054394087a126f7201b8caf565d34e4b8e2c37299a2eb2e8e1e169e8753b2,54
2026-09-23T23-05-23-489Z_n-sweep_1-2-4-8-16-32-50,V1,,16,D-voto,,,delegate,,,,0x5c19a95c,,48347,1,,0x0c6ee11e6f4f09c9119d3c03df89d743f104be74b800d0b47cbfa2e1629e917b,54
2026-09-23T23-05-23-489Z_n-sweep_1-2-4-8-16-32-50,V1,,16,D-voto,,,delegate,,,,0x5c19a95c,,48347,1,,0x9e4c58d93f5292a4566258e1c10f556eb9dc4074e322b7c357bf5ad65da50cae,54
2026-09-23T23-05-23-489Z_n-sweep_1-2-4-8-16-32-50,V1,,16,D-voto,,,delegate,,,,0x5c19a95c,,48347,1,,0x6ebf0fe5777b4feb07a84b604e7094e789e104c0aa39284dccf1b9da9c17904e,54
2026-09-23T23-05-23-489Z_n-sweep_1-2-4-8-16-32-50,V1,,16,D-voto,,,delegate,,,,0x5c19a95c,,48347,1,,0xfe42119cc5b68fbfd433dffe547dcf50b55480a011d31795da0f08ec660c70b3,54
2026-09-23T23-05-23-489Z_n-sweep_1-2-4-8-16-32-50,V1,,16,D-voto,,,delegate,,,,0x5c19a95c,,48347,1,,0x1cd5ec1a28c590b58fdf7467e7fffeb349eed4d261a6e6dd6bbe64d73d17bd59,54
2026-09-23T23-05-23-489Z_n-sweep_1-2-4-8-16-32-50,V1,,16,D-voto,,,delegate,,,,0x5c19a95c,,48335,1,,0x44f126ec5cf68cfd276b82e1245a8bb78ca6d635813f085d1a125f483e4d5924,54
2026-09-23T23-05-23-489Z_n-sweep_1-2-4-8-16-32-50,V1,,16,D-voto,,,delegate,,,,0x5c19a95c,,48347,1,,0xe3c56247fde6ff45e5ce391eac68170bdc36be578302a953ddcf8384ecd07aa8,54
2026-09-23T23-05-23-489Z_n-sweep_1-2-4-8-16-32-50,V1,,16,D-voto,,,delegate,,,,0x5c19a95c,,48347,1,,0x97563cc4398d7b02943ad3e3ef1bdae06351c02ad3fb2d2b948579fc1d32295f,54
2026-09-23T23-05-23-489Z_n-sweep_1-2-4-8-16-32-50,V1,,16,D-voto,,,delegate,,,,0x5c19a95c,,48347,1,,0x2254c00b60e2f0581478274e6123b6295b391cc3698f1951fb660335b3cd6c33,54
2026-09-23T23-05-23-489Z_n-sweep_1-2-4-8-16-32-50,V1,,16,D-voto,,,delegate,,,,0x5c19a95c,,48347,1,,0xc3e2689cb93afecc73f02fe2fc704ca424bfebf2840b02e15e94e2eacaca6d1c,54
2026-09-23T23-05-23-489Z_n-sweep_1-2-4-8-16-32-50,V1,,16,D-voto,,,delegate,,,,0x5c19a95c,,48347,1,,0xf481a9d9df12d0c5f7b29cc5bd284c8ca3e14873afc209155e790bf19f68d897,54
2026-09-23T23-05-23-489Z_n-sweep_1-2-4-8-16-32-50,V1,,16,D-voto,,,delegate,,,,0x5c19a95c,,48347,1,,0x8975637550f485546f85f8e6d9a6ed6447c7e76fff1ec5f6c9e76fb534393987,54
2026-09-23T23-05-23-489Z_n-sweep_1-2-4-8-16-32-50,V1,,16,D-voto,,,transfer,,,,0xa9059cbb,,135960,1,,0xdd222b00fca52171e793193ffd85834d971539cb41bfa569e6c443334217eadd,54
2026-09-23T23-05-23-489Z_n-sweep_1-2-4-8-16-32-50,V1,,16,D-voto,,,transfer,,,,0xa9059cbb,,135948,1,,0x8a79afcb52be6f90c33e1e815566c9ce69071c9b524c3a07ed1dedd801b5c7e3,54
2026-09-23T23-05-23-489Z_n-sweep_1-2-4-8-16-32-50,V1,,16,D-voto,,,transfer,,,,0xa9059cbb,,135960,1,,0x930696174a43d4b193fbc0ef290f12a6fcc288e1ffbec19dccef94a271e40c5a,54
2026-09-23T23-05-23-489Z_n-sweep_1-2-4-8-16-32-50,V1,,16,D-voto,,,transfer,,,,0xa9059cbb,,135960,1,,0xae2fb42a80146f85b63f82c9c164b8d1fb21ee265f5ae0e05ae2997b94c94e8b,54
2026-09-23T23-05-23-489Z_n-sweep_1-2-4-8-16-32-50,V1,,16,D-voto,,,transfer,,,,0xa9059cbb,,135960,1,,0x4da24e5dd69239f6621bd3f6b49ad8282c299e4f035729dc5e3e57e0fa2d5cf5,54
2026-09-23T23-05-23-489Z_n-sweep_1-2-4-8-16-32-50,V1,,16,D-voto,,,transfer,,,,0xa9059cbb,,135960,1,,0x78ed7677a72a68eff2d7f2feb88cdc6fa9ed96d419871d5a98fb78f60c90118d,54
2026-09-23T23-05-23-489Z_n-sweep_1-2-4-8-16-32-50,V1,,16,D-voto,,,transfer,,,,0xa9059cbb,,135960,1,,0x295714d390a8a38a316fdd4e6aa1a6d91f67c27d366ad3abaec2f658fc78703e,54
2026-09-23T23-05-23-489Z_n-sweep_1-2-4-8-16-32-50,V1,,16,D-voto,,,transfer,,,,0xa9059cbb,,135960,1,,0x766cac572d1b94c31c7eaa125eca5cc9577173f8fbf696afdde38559651e0d71,54
2026-09-23T23-05-23-489Z_n-sweep_1-2-4-8-16-32-50,V1,,16,D-voto,,,transfer,,,,0xa9059cbb,,135960,1,,0x8150f759e197851e9b1f50af638e7de175ad2f0036cec81cddab423b6da1b532,54
2026-09-23T23-05-23-489Z_n-sweep_1-2-4-8-16-32-50,V1,,16,D-voto,,,transfer,,,,0xa9059cbb,,135948,1,,0x37db5e98635fd505c2742f6f9ec14e14fa864bc75ac8bf700fe621ceb78ec7b1,54
2026-09-23T23-05-23-489Z_n-sweep_1-2-4-8-16-32-50,V1,,16,D-voto,,,transfer,,,,0xa9059cbb,,135960,1,,0x2b98b2f0bfa050738696710d3077be31e7d18092ead2669ed0aab897397ef7c5,54
2026-09-23T23-05-23-489Z_n-sweep_1-2-4-8-16-32-50,V1,,16,D-voto,,,transfer,,,,0xa9059cbb,,135960,1,,0x2cd6a8d19ba5eee525ca7478c59ef562956789c879ecb628465092751d63f675,54
2026-09-23T23-05-23-489Z_n-sweep_1-2-4-8-16-32-50,V1,,16,D-voto,,,transfer,,,,0xa9059cbb,,135960,1,,0x894a856067085ca6a85eef4e0e038f211e095cc7a1c2a4c0df57044a32321a71,54
2026-09-23T23-05-23-489Z_n-sweep_1-2-4-8-16-32-50,V1,,16,D-voto,,,transfer,,,,0xa9059cbb,,135960,1,,0xf9b9050027aa6c6847ff83cfbc53f49eb269adbeefd72c132c17e6bd1f164eda,54
2026-09-23T23-05-23-489Z_n-sweep_1-2-4-8-16-32-50,V1,,16,D-voto,,,transfer,,,,0xa9059cbb,,135960,1,,0x95e1e72f055da737df7dd466bafd3e18c1a9a5ceb0628e78d919152d872698ac,54
2026-09-23T23-05-23-489Z_n-sweep_1-2-4-8-16-32-50,V1,,16,D-voto,,,transfer,,,,0xa9059cbb,,135960,1,,0x9a970a784adbfb9310ca85d585c32690c45a878597f869edefc96888379a0904,54
2026-09-23T23-05-23-489Z_n-sweep_1-2-4-8-16-32-50,V1,,16,D-voto,,,propose,,,propose,0x7d5e81e2,WasteCategoryRegistry.updateCredits,63315,1,,0x03b1aae6cf57d733b101894aa9f07b6d89405287dc0f07ef5e98ad9c2adbd130,54
2026-09-23T23-05-23-489Z_n-sweep_1-2-4-8-16-32-50,V1,,16,D-voto,,,vote,1,for,,0x56781388,,82456,1,,0x556fe430bb4f60a1129fe1b73d76c8499b7f8e25f8fb91c6083d691ce080ad37,54
2026-09-23T23-05-23-489Z_n-sweep_1-2-4-8-16-32-50,V1,,16,D-voto,,,vote,2,for,,0x56781388,,65356,1,,0x89739f022d3d65b01e635ff2753c9d3ee4ddf04ae8ba5cd2901163217dd9fe0d,54
2026-09-23T23-05-23-489Z_n-sweep_1-2-4-8-16-32-50,V1,,16,D-voto,,,vote,3,for,,0x56781388,,65356,1,,0x9ddb32014c7df3851aac96110e49409687768cd877d26eb184467e38714520f6,54
2026-09-23T23-05-23-489Z_n-sweep_1-2-4-8-16-32-50,V1,,16,D-voto,,,vote,4,for,,0x56781388,,65356,1,,0xbc72cd661c6542a4ad1fbe8abf775534994b5a2b872eaa816f36a43da03a65cf,54
2026-09-23T23-05-23-489Z_n-sweep_1-2-4-8-16-32-50,V1,,16,D-voto,,,vote,5,for,,0x56781388,,65356,1,,0xeb52ab66cc26f112cca6c2c9f3f32b29a9393fbf8258068b0a0add6d2573f9ce,54
2026-09-23T23-05-23-489Z_n-sweep_1-2-4-8-16-32-50,V1,,16,D-voto,,,vote,6,for,,0x56781388,,65356,1,,0xd90b773e5cc07b2d5e5b96e4c086a6539a96b470b2bac0e1895ac2b34b601ac8,54
2026-09-23T23-05-23-489Z_n-sweep_1-2-4-8-16-32-50,V1,,16,D-voto,,,vote,7,for,,0x56781388,,65356,1,,0xa73802314b34e2bbd255acb9bda5e3e5123b7fb9e5bbc731ae7051acebf1e681,54
2026-09-23T23-05-23-489Z_n-sweep_1-2-4-8-16-32-50,V1,,16,D-voto,,,vote,1,against,,0x56781388,,82404,1,,0xebb23912e0a9c04331d651cf4bac0c4e380e4e2161dfa28a8efc3596a56f8f9f,54
2026-09-23T23-05-23-489Z_n-sweep_1-2-4-8-16-32-50,V1,,16,D-voto,,,vote,2,against,,0x56781388,,65304,1,,0x40dcac6d0979cd172377378ffcc916499e80756f050504785058aa29ec86e51d,54
2026-09-23T23-05-23-489Z_n-sweep_1-2-4-8-16-32-50,V1,,16,D-voto,,,vote,3,against,,0x56781388,,65304,1,,0x803cd74f0fcc8abc81421d456ad4b246cc542ce8bd10a2dcf3e0b845f7210586,54
2026-09-23T23-05-23-489Z_n-sweep_1-2-4-8-16-32-50,V1,,16,D-voto,,,vote,4,against,,0x56781388,,65304,1,,0xa00fd3cba7e3d87a0e2e01b664a657ec6d817c15c325b392081ec6ea7cb5744b,54
2026-09-23T23-05-23-489Z_n-sweep_1-2-4-8-16-32-50,V1,,16,D-voto,,,vote,5,against,,0x56781388,,65304,1,,0xa6bb3279c7357cbcf4f610ff45a2917000599113e9267a6a0535b16575486cad,54
2026-09-23T23-05-23-489Z_n-sweep_1-2-4-8-16-32-50,V1,,16,D-voto,,,vote,6,against,,0x56781388,,65304,1,,0xce4dc821655a544559ecf2fb79c4a07e156d1d51a112de31c521e81c07ddabc8,54
2026-09-23T23-05-23-489Z_n-sweep_1-2-4-8-16-32-50,V1,,16,D-voto,,,vote,7,against,,0x56781388,,65304,1,,0x6e2fe83c64af7cffa050417ed0a197ef59748f97e70ad7197f2c9a2ffa0b0d82,54
2026-09-23T23-05-23-489Z_n-sweep_1-2-4-8-16-32-50,V1,,16,D-voto,,,vote,8,against,,0x56781388,,65304,1,,0xbe22669a7ac9e4f5f261284ccefca85c9c211a43a153a43de6ac1edba7028bfc,54
2026-09-23T23-05-23-489Z_n-sweep_1-2-4-8-16-32-50,V1,,16,D-voto,,,vote,9,against,,0x56781388,,65304,1,,0xf96376af631bc7ae637b10f4eccdc2afc2a454b5cb1a8788b6da1787ddbdaf95,54
2026-09-23T23-05-23-489Z_n-sweep_1-2-4-8-16-32-50,V1,,16,D-voto,,,execute_attempt,,,execute,0x2656227d,WasteCategoryRegistry.updateCredits,40382,0,"VM Exception while processing transaction: reverted with custom error 'GovernorUnexpectedProposalState(6714203955914321951133934283271067395202799551909316039535129477887324846343, 3, '0x0000000000000000000000000000000000000000000000000000000000000030')'",0xf07264c5414934e47ff95bab448c98571535401018f41cdb63e0eae9483472ac,54
2026-09-23T23-05-23-489Z_n-sweep_1-2-4-8-16-32-50,V2,T1,,,,,deploy_token_T1,,,constructor,0x61016060,,1621017,1,,0xece28f063ba256e8fc65152daf61fe745a7823e8ba387b1b661409f18f6dc4cc,55
2026-09-23T23-05-23-489Z_n-sweep_1-2-4-8-16-32-50,V2,,,,,,deploy_registry,,,constructor,0x60806040,,4590964,1,,0x9005486642112873086c0faf3a06ce7199e3377186a80eb6eea4235f5e1c6f56,55
2026-09-23T23-05-23-489Z_n-sweep_1-2-4-8-16-32-50,V2,,,,,,deploy_governor_V2,,,constructor,0x6101e080,,2178840,1,,0xa32c9f3d540c0ae9eee563ea02a53e3c1648afde51e09209202bc2912d9a8532,55
2026-09-23T23-05-23-489Z_n-sweep_1-2-4-8-16-32-50,V2,,,,,,grant_admin_role,,,grantRole,0x2f2ff15d,,50799,1,,0x0482dd737ad13e5cf9f342f77b7f4c8d4a60575e6613b501a7a433855227e65d,55
2026-09-23T23-05-23-489Z_n-sweep_1-2-4-8-16-32-50,V2,,,,,,revoke_deployer_admin_role,,,revokeRole,0xd547741f,,27116,1,,0xbf6c6756b6e885a31717a4b56f3c4fc35da4780ca84e075711ea97189f58ea3d,55
2026-09-23T23-05-23-489Z_n-sweep_1-2-4-8-16-32-50,V2,,16,D-voto,,,delegate_admin,,,,0x5c19a95c,,95559,1,,0xe4ed125ff7fcf34a784094393e69d7b32184f90f45a88cf0e398ac5fe2329d50,55
2026-09-23T23-05-23-489Z_n-sweep_1-2-4-8-16-32-50,V2,,16,D-voto,,,delegate,,,,0x5c19a95c,,48347,1,,0x8e5cf2e817455991c3f88244f29b95e3c5703efb253d16587c3e019ace8ed4aa,55
2026-09-23T23-05-23-489Z_n-sweep_1-2-4-8-16-32-50,V2,,16,D-voto,,,delegate,,,,0x5c19a95c,,48335,1,,0x3a4d0b938991cc6665fddf48aab742d27a2480134e4cb1cf5b844b9724575405,55
2026-09-23T23-05-23-489Z_n-sweep_1-2-4-8-16-32-50,V2,,16,D-voto,,,delegate,,,,0x5c19a95c,,48347,1,,0x8df16e2387da0d9fa03469e487a72815c7ad0f22d2e3631bfcd3e8532e84566f,55
2026-09-23T23-05-23-489Z_n-sweep_1-2-4-8-16-32-50,V2,,16,D-voto,,,delegate,,,,0x5c19a95c,,48347,1,,0x95612e3ccf4e98f664cb62c90a18fd3142e8f5668db18fb82a400652a6b96b06,55
2026-09-23T23-05-23-489Z_n-sweep_1-2-4-8-16-32-50,V2,,16,D-voto,,,delegate,,,,0x5c19a95c,,48347,1,,0x8cfbd9c8afd095297879c4ea5a6d41c276c3b770abd2f751b06ec63384df15d6,55
2026-09-23T23-05-23-489Z_n-sweep_1-2-4-8-16-32-50,V2,,16,D-voto,,,delegate,,,,0x5c19a95c,,48347,1,,0x96ff47bd12ed3260165a9b3c82bacf4a9f1cfd47a5f8548491ee35c1066f2e38,55
2026-09-23T23-05-23-489Z_n-sweep_1-2-4-8-16-32-50,V2,,16,D-voto,,,delegate,,,,0x5c19a95c,,48347,1,,0x3c7464a5135ef0630048da3b891f6f95d941c4b44dfb27d1230d6c7015af52d6,55
2026-09-23T23-05-23-489Z_n-sweep_1-2-4-8-16-32-50,V2,,16,D-voto,,,delegate,,,,0x5c19a95c,,48347,1,,0xcef7f0dbdf22e7ddd7612e11e8e4d04d07ff7ed50742fa593a04379c3fb4c79a,55
2026-09-23T23-05-23-489Z_n-sweep_1-2-4-8-16-32-50,V2,,16,D-voto,,,delegate,,,,0x5c19a95c,,48347,1,,0x2a05bf2175c5ddc1c903f568e1aef2d66314124f75bcf8379ba8adf2782fee08,55
2026-09-23T23-05-23-489Z_n-sweep_1-2-4-8-16-32-50,V2,,16,D-voto,,,delegate,,,,0x5c19a95c,,48335,1,,0xed076a3bb603efd5d8a71a2cc98ed4047b12d152a544a7d1d7a341433c9a4602,55
2026-09-23T23-05-23-489Z_n-sweep_1-2-4-8-16-32-50,V2,,16,D-voto,,,delegate,,,,0x5c19a95c,,48347,1,,0x10be283a8ec30b680dc3aca50b759e0cf9c8afc082d9e83402cea754eca72a1f,55
2026-09-23T23-05-23-489Z_n-sweep_1-2-4-8-16-32-50,V2,,16,D-voto,,,delegate,,,,0x5c19a95c,,48347,1,,0x2a30f5270f05f3f17e6177f9b77f58b934718ec7c2e872415fd5bb3af3d1a729,55
2026-09-23T23-05-23-489Z_n-sweep_1-2-4-8-16-32-50,V2,,16,D-voto,,,delegate,,,,0x5c19a95c,,48347,1,,0x8627a7ad29f66cec2d29399f287974e7802b96ce1c1094b9f03f71ebb4aee554,55
2026-09-23T23-05-23-489Z_n-sweep_1-2-4-8-16-32-50,V2,,16,D-voto,,,delegate,,,,0x5c19a95c,,48347,1,,0x09935171751aaaad6b28f8c0a6e1389d805ea4048b73d32206a0f9fb56fe6526,55
2026-09-23T23-05-23-489Z_n-sweep_1-2-4-8-16-32-50,V2,,16,D-voto,,,delegate,,,,0x5c19a95c,,48347,1,,0xcc0bb7cbd2d0f3f8fa2b739bbaa5db203755fbd70b3eefc00d112f1bb589ceaf,55
2026-09-23T23-05-23-489Z_n-sweep_1-2-4-8-16-32-50,V2,,16,D-voto,,,delegate,,,,0x5c19a95c,,48347,1,,0xc76339288f99a2e44a4485a1794ebb0cad6215adbb061dde8b472b5783d68437,55
2026-09-23T23-05-23-489Z_n-sweep_1-2-4-8-16-32-50,V2,,16,D-voto,,,transfer,,,,0xa9059cbb,,135960,1,,0xb836d62feb297e668e346c78d0b20d52a7b9821222625c27e5c0ef2143a41b4e,55
2026-09-23T23-05-23-489Z_n-sweep_1-2-4-8-16-32-50,V2,,16,D-voto,,,transfer,,,,0xa9059cbb,,135948,1,,0xeec073fdf6c2881d67acfddce89c8a39f28ac881e6a86c1401774c2c6f4c8ce8,55
2026-09-23T23-05-23-489Z_n-sweep_1-2-4-8-16-32-50,V2,,16,D-voto,,,transfer,,,,0xa9059cbb,,135960,1,,0x33e39fa04f92fbbd9aa58fabf58a668f164049ae4f8233ca2e7421889732783b,55
2026-09-23T23-05-23-489Z_n-sweep_1-2-4-8-16-32-50,V2,,16,D-voto,,,transfer,,,,0xa9059cbb,,135960,1,,0x81477eec290eb018116786644c793bf9e54b85f9b9211615b0daf364546023cf,55
2026-09-23T23-05-23-489Z_n-sweep_1-2-4-8-16-32-50,V2,,16,D-voto,,,transfer,,,,0xa9059cbb,,135960,1,,0x140f510894d20886aa01692e058b4b6b270942eec09bb7a8d900d440748eb9c7,55
2026-09-23T23-05-23-489Z_n-sweep_1-2-4-8-16-32-50,V2,,16,D-voto,,,transfer,,,,0xa9059cbb,,135960,1,,0xf1a302c48b8ca440e920d472261ca95fc5bd198ac019b47d653558d7f4aa5e61,55
2026-09-23T23-05-23-489Z_n-sweep_1-2-4-8-16-32-50,V2,,16,D-voto,,,transfer,,,,0xa9059cbb,,135960,1,,0x5d854896984ec999b47248d46879a46855e5f69e0b9c3fd33c03a51ab9d8e3fb,55
2026-09-23T23-05-23-489Z_n-sweep_1-2-4-8-16-32-50,V2,,16,D-voto,,,transfer,,,,0xa9059cbb,,135960,1,,0x20ea6bbd3d86dd63628e64a0f216e1c226cb46c80e0884e6185c2ff80d0495e0,55
2026-09-23T23-05-23-489Z_n-sweep_1-2-4-8-16-32-50,V2,,16,D-voto,,,transfer,,,,0xa9059cbb,,135960,1,,0xc7158ea6c5ad90c8d4ba5f0649040f8441cc380aa11e64ebade66fc61fa24397,55
2026-09-23T23-05-23-489Z_n-sweep_1-2-4-8-16-32-50,V2,,16,D-voto,,,transfer,,,,0xa9059cbb,,135948,1,,0x515f2e48dabcfc0496d2a5057f34c910872d475581580dc72ba87df918cd1f33,55
2026-09-23T23-05-23-489Z_n-sweep_1-2-4-8-16-32-50,V2,,16,D-voto,,,transfer,,,,0xa9059cbb,,135960,1,,0x86e40a5b217a51edb94ee320d3c4ac158a3d160c5303cf22dd20358e01c2e72a,55
2026-09-23T23-05-23-489Z_n-sweep_1-2-4-8-16-32-50,V2,,16,D-voto,,,transfer,,,,0xa9059cbb,,135960,1,,0x295ea3a0574c4a4a0638c8b748f99cca7b1dc03b7a86cbaa09862263afd0e56b,55
2026-09-23T23-05-23-489Z_n-sweep_1-2-4-8-16-32-50,V2,,16,D-voto,,,transfer,,,,0xa9059cbb,,135960,1,,0x09f7076225d56e8567870bdb08c98c02711d79fb176367a3acd546d4fe5054ba,55
2026-09-23T23-05-23-489Z_n-sweep_1-2-4-8-16-32-50,V2,,16,D-voto,,,transfer,,,,0xa9059cbb,,135960,1,,0xfedae9a29adf6903ed30e6fbe1cbf04fb962ae3696a638e3bdd85384244e2f89,55
2026-09-23T23-05-23-489Z_n-sweep_1-2-4-8-16-32-50,V2,,16,D-voto,,,transfer,,,,0xa9059cbb,,135960,1,,0xcd7f4eeb23ab8f1523a1f3b3ccb9fa84ccaee9d7ea0e7acc3867478b556e7c66,55
2026-09-23T23-05-23-489Z_n-sweep_1-2-4-8-16-32-50,V2,,16,D-voto,,,transfer,,,,0xa9059cbb,,135960,1,,0x1107214fe3d15d73a46b0972e8a23e11eea18adbc85ae8cffde0e60620558e0e,55
2026-09-23T23-05-23-489Z_n-sweep_1-2-4-8-16-32-50,V2,,16,D-voto,,,propose,,,propose,0x7d5e81e2,WasteCategoryRegistry.updateCredits,63315,1,,0xb59104478dc97a4d5e28de33391ee9d29b08085ef1cd05e24c1275f7fede4f5d,55
2026-09-23T23-05-23-489Z_n-sweep_1-2-4-8-16-32-50,V2,,16,D-voto,,,vote,1,for,,0x56781388,,82456,1,,0x70c7cd97a4243249822f76e6b7e9a92b7b25040984fd7cc53d1a926313ad61a1,55
2026-09-23T23-05-23-489Z_n-sweep_1-2-4-8-16-32-50,V2,,16,D-voto,,,vote,2,for,,0x56781388,,65356,1,,0xacad5cac95b95a64037c1af701feb85c2a619eeaf9fe68c26cd51498d9a02706,55
2026-09-23T23-05-23-489Z_n-sweep_1-2-4-8-16-32-50,V2,,16,D-voto,,,vote,3,for,,0x56781388,,65356,1,,0x82264e8e3ff3285d9aa8fbc982162b5aebe1a1ebd1236e01f7b14af34e47c550,55
2026-09-23T23-05-23-489Z_n-sweep_1-2-4-8-16-32-50,V2,,16,D-voto,,,vote,4,for,,0x56781388,,65356,1,,0xe2b24847e3abdcacf870b564586594adb5791cdf3db1cd66343c05b4716c7c5d,55
2026-09-23T23-05-23-489Z_n-sweep_1-2-4-8-16-32-50,V2,,16,D-voto,,,vote,5,for,,0x56781388,,65356,1,,0x4d7ed2a23c5d142cbf47f294f814ac9d692a93218007b39634d3bfb43a6d7784,55
2026-09-23T23-05-23-489Z_n-sweep_1-2-4-8-16-32-50,V2,,16,D-voto,,,vote,6,for,,0x56781388,,65356,1,,0x2bff4ece6746b77461e0bf16dd3b74a56ab6da1e92bf96b6752ef9b13ae9cc3c,55
2026-09-23T23-05-23-489Z_n-sweep_1-2-4-8-16-32-50,V2,,16,D-voto,,,vote,7,for,,0x56781388,,65356,1,,0xf88f2aa6266ee823304551b75e54e8def63e04023672cddc418fa93acf2b5efd,55
2026-09-23T23-05-23-489Z_n-sweep_1-2-4-8-16-32-50,V2,,16,D-voto,,,vote,1,against,,0x56781388,,82404,1,,0x307450cbdc3ccd6f9dc5c309027d0517bd32c6846614a57a42b77d17096773aa,55
2026-09-23T23-05-23-489Z_n-sweep_1-2-4-8-16-32-50,V2,,16,D-voto,,,vote,2,against,,0x56781388,,65304,1,,0xab31790404a073c2d0eb2fbcf8ee14311793b765c8fab700b045d29447567d9d,55
2026-09-23T23-05-23-489Z_n-sweep_1-2-4-8-16-32-50,V2,,16,D-voto,,,vote,3,against,,0x56781388,,65304,1,,0xbf92058ef629fa3b7d7e600f226189232cde4acda275746526bf59a5b9d34368,55
2026-09-23T23-05-23-489Z_n-sweep_1-2-4-8-16-32-50,V2,,16,D-voto,,,vote,4,against,,0x56781388,,65304,1,,0xb3896ed897cfcd24ff664be8e4ac11e278f6ac08de26787ff035057c587de900,55
2026-09-23T23-05-23-489Z_n-sweep_1-2-4-8-16-32-50,V2,,16,D-voto,,,vote,5,against,,0x56781388,,65304,1,,0x623fb90a753eafe1084767643494d37adaa55f2c8218b01726d092a21d80f3de,55
2026-09-23T23-05-23-489Z_n-sweep_1-2-4-8-16-32-50,V2,,16,D-voto,,,vote,6,against,,0x56781388,,65304,1,,0x7e4716432b14655bf5caf0d6b7941fe594d53e002b050d933f202289c1921764,55
2026-09-23T23-05-23-489Z_n-sweep_1-2-4-8-16-32-50,V2,,16,D-voto,,,vote,7,against,,0x56781388,,65304,1,,0x147d97be2d50d8ea91c058e7d09589af30d2b3377959df7343ed56db6cff5fdd,55
2026-09-23T23-05-23-489Z_n-sweep_1-2-4-8-16-32-50,V2,,16,D-voto,,,vote,8,against,,0x56781388,,65304,1,,0xad3059318c3581858757be282ab5bf53c12551843bc1cc1071cf746feefa9b13,55
2026-09-23T23-05-23-489Z_n-sweep_1-2-4-8-16-32-50,V2,,16,D-voto,,,vote,9,against,,0x56781388,,65304,1,,0xba9a411ebc565f1ecfec65b7e7ee286d1aa580360f903050dbbf19c77c3d5493,55
2026-09-23T23-05-23-489Z_n-sweep_1-2-4-8-16-32-50,V2,,16,D-voto,,,execute_attempt,,,execute,0x2656227d,WasteCategoryRegistry.updateCredits,40422,0,"VM Exception while processing transaction: reverted with custom error 'GovernorUnexpectedProposalState(6714203955914321951133934283271067395202799551909316039535129477887324846343, 3, '0x0000000000000000000000000000000000000000000000000000000000000030')'",0x0d8a15309537f836f121386d63a4cda1cb1190fda36d309da253c96dc2e93d9b,55
2026-09-23T23-05-23-489Z_n-sweep_1-2-4-8-16-32-50,Ref,T1,,,,,deploy_token_T1,,,constructor,0x61016060,,1621017,1,,0x8a423d158719dafa7ff4b82bcd6f6a5661f61c993e6aaede0acbe21a849af082,56
2026-09-23T23-05-23-489Z_n-sweep_1-2-4-8-16-32-50,Ref,,,,,,deploy_registry,,,constructor,0x60806040,,4590964,1,,0x9005486642112873086c0faf3a06ce7199e3377186a80eb6eea4235f5e1c6f56,56
2026-09-23T23-05-23-489Z_n-sweep_1-2-4-8-16-32-50,Ref,,,,,,deploy_rewards_registry_for_ctor,,,constructor,0x60806040,,4590964,1,,0x484f4210d177094deb4832deb5e459c708c732becb1881e1d1417503c177d84a,56
2026-09-23T23-05-23-489Z_n-sweep_1-2-4-8-16-32-50,Ref,,,,,,deploy_credit,,,constructor,0x60806040,,931954,1,,0xda6265176213799bfac2d03545eb38f6f6d6d978852db5e040dec6bdc95b6a46,56
2026-09-23T23-05-23-489Z_n-sweep_1-2-4-8-16-32-50,Ref,,,,,,deploy_passport,,,constructor,0x60806040,,2776581,1,,0xe5a36162780b85ac2b217350036da2286056186a02d74234dd0980865a07c217,56
2026-09-23T23-05-23-489Z_n-sweep_1-2-4-8-16-32-50,Ref,,,,,,deploy_rewards,,,constructor,0x60803461,,1246140,1,,0x748f3eef423a29001e508633e407c909b25f0e6a89b560856468f0ac6655c439,56
2026-09-23T23-05-23-489Z_n-sweep_1-2-4-8-16-32-50,Ref,,,,,,deploy_stakeholders,,,constructor,0x60803461,,1679823,1,,0xd4be2e468d589ae7e76ff2c292757707613e73c2a9e8f4c774280b5fd0991072,56
2026-09-23T23-05-23-489Z_n-sweep_1-2-4-8-16-32-50,Ref,,,,,,deploy_governor_Ref,,,constructor,0x61018060,,4434623,1,,0xd1b6a3d1f944bdfe5c399ebf7a1e6ed8a76e5b5acd93cdfc3d211571cbc50a6e,56
2026-09-23T23-05-23-489Z_n-sweep_1-2-4-8-16-32-50,Ref,,,,,,grant_admin_role,,,grantRole,0x2f2ff15d,,50799,1,,0x9477ec21ceecb8e71e570a8e5c711d060981c6dc53217d4071b2c7d012604374,56
2026-09-23T23-05-23-489Z_n-sweep_1-2-4-8-16-32-50,Ref,,,,,,revoke_deployer_admin_role,,,revokeRole,0xd547741f,,27116,1,,0x4571f6b2b82c72e95dbfd028346a3c95cee362f1cdc4e946338a9d1e56d58c09,56
2026-09-23T23-05-23-489Z_n-sweep_1-2-4-8-16-32-50,Ref,,16,D-voto,,,delegate_admin,,,,0x5c19a95c,,95559,1,,0xfca7f8e34a7a367a38495092e6c6ae53f6f6bbc6c6cdd047fed83c770b76a8c9,56
2026-09-23T23-05-23-489Z_n-sweep_1-2-4-8-16-32-50,Ref,,16,D-voto,,,delegate,,,,0x5c19a95c,,48347,1,,0x2f1db724527155bbb87015320f4de9a632dd20bb0d57eddcbd649b18207511a9,56
2026-09-23T23-05-23-489Z_n-sweep_1-2-4-8-16-32-50,Ref,,16,D-voto,,,delegate,,,,0x5c19a95c,,48335,1,,0x8b0e52e67c302dbb4252eb6f968ee138c191eb8205be72d37b64b0c5ee99cc0e,56
2026-09-23T23-05-23-489Z_n-sweep_1-2-4-8-16-32-50,Ref,,16,D-voto,,,delegate,,,,0x5c19a95c,,48347,1,,0x1a5bd05dacedf9e3acc8ca8d92b6aea9cf2aa84f70c77d04dab2d0257070356f,56
2026-09-23T23-05-23-489Z_n-sweep_1-2-4-8-16-32-50,Ref,,16,D-voto,,,delegate,,,,0x5c19a95c,,48347,1,,0x05f7d9fd7d2dcae80248756e17e23af4963c07b10ebe32e7c079f468806ce249,56
2026-09-23T23-05-23-489Z_n-sweep_1-2-4-8-16-32-50,Ref,,16,D-voto,,,delegate,,,,0x5c19a95c,,48347,1,,0xc692236193a870ec74b2ae8543ffbfe39b6bd5462442ea5a4e078b2d3116adeb,56
2026-09-23T23-05-23-489Z_n-sweep_1-2-4-8-16-32-50,Ref,,16,D-voto,,,delegate,,,,0x5c19a95c,,48347,1,,0x69a8f9be879966443d3229422f1c20ad3c5a2104215131e80047b7236df1a439,56
2026-09-23T23-05-23-489Z_n-sweep_1-2-4-8-16-32-50,Ref,,16,D-voto,,,delegate,,,,0x5c19a95c,,48347,1,,0x14477638203890fae6e03b6d8872fdc619692fcbe0c9a0a0fd173ec8ce55cf6a,56
2026-09-23T23-05-23-489Z_n-sweep_1-2-4-8-16-32-50,Ref,,16,D-voto,,,delegate,,,,0x5c19a95c,,48347,1,,0x9f65b07d974009afeb2495f5f83544615b836d4a15a53225fe23457a4ef7529a,56
2026-09-23T23-05-23-489Z_n-sweep_1-2-4-8-16-32-50,Ref,,16,D-voto,,,delegate,,,,0x5c19a95c,,48347,1,,0xa0971290a91aaca9bef42b2510df553f4ebee2f2d38ba046d76d2691243fb7dd,56
2026-09-23T23-05-23-489Z_n-sweep_1-2-4-8-16-32-50,Ref,,16,D-voto,,,delegate,,,,0x5c19a95c,,48335,1,,0xf4bd663b316a97cdf28dc55b27e731573031aea8aab195f90366a39b05dc631b,56
2026-09-23T23-05-23-489Z_n-sweep_1-2-4-8-16-32-50,Ref,,16,D-voto,,,delegate,,,,0x5c19a95c,,48347,1,,0x55e216d1fd4a57f4b14ecf096eae768c82f748bc8c3f110c2fc2ba1820ce2744,56
2026-09-23T23-05-23-489Z_n-sweep_1-2-4-8-16-32-50,Ref,,16,D-voto,,,delegate,,,,0x5c19a95c,,48347,1,,0xbeccf0fe707163bf021a0c3ffd89fd06dd965e84aaeeb5376b88e31618e0b3ef,56
2026-09-23T23-05-23-489Z_n-sweep_1-2-4-8-16-32-50,Ref,,16,D-voto,,,delegate,,,,0x5c19a95c,,48347,1,,0xed73e3faa352679f7bf43132dd18ad217d7dffba0cc24f3713a202326244db62,56
2026-09-23T23-05-23-489Z_n-sweep_1-2-4-8-16-32-50,Ref,,16,D-voto,,,delegate,,,,0x5c19a95c,,48347,1,,0x5374bf6eb24d592b0acaebd034fe51028190ab20647a23e2d7f82be4b0b4b62a,56
2026-09-23T23-05-23-489Z_n-sweep_1-2-4-8-16-32-50,Ref,,16,D-voto,,,delegate,,,,0x5c19a95c,,48347,1,,0x6aae91bc64c7d2f749cdc72d4c86dc056214e39b94dea5beb29c9770a782550c,56
2026-09-23T23-05-23-489Z_n-sweep_1-2-4-8-16-32-50,Ref,,16,D-voto,,,delegate,,,,0x5c19a95c,,48347,1,,0x0ec09445c5c783300c5f7634f26cc80e02bfc4833b0c856f952ea96a2adb5606,56
2026-09-23T23-05-23-489Z_n-sweep_1-2-4-8-16-32-50,Ref,,16,D-voto,,,transfer,,,,0xa9059cbb,,135960,1,,0x434b98a72067cb327a9eac3a342b7f47ca18effbd1b40d0224b82fb27ad512e0,56
2026-09-23T23-05-23-489Z_n-sweep_1-2-4-8-16-32-50,Ref,,16,D-voto,,,transfer,,,,0xa9059cbb,,135948,1,,0xc8ccca71ba2311545fd7543aa69516b8a372bce0c8f41848d3bcd3ba3c44779a,56
2026-09-23T23-05-23-489Z_n-sweep_1-2-4-8-16-32-50,Ref,,16,D-voto,,,transfer,,,,0xa9059cbb,,135960,1,,0x925a617bc303f1b088cec680d74dd66843d5f4c3dc702b98f282bd0842b11957,56
2026-09-23T23-05-23-489Z_n-sweep_1-2-4-8-16-32-50,Ref,,16,D-voto,,,transfer,,,,0xa9059cbb,,135960,1,,0x59a9abfa1d21895759a2db87a286cb9d34f755e39824632c3f50997395f11ee5,56
2026-09-23T23-05-23-489Z_n-sweep_1-2-4-8-16-32-50,Ref,,16,D-voto,,,transfer,,,,0xa9059cbb,,135960,1,,0x709a0686f17bb479fda0f406b6c3c63838b08a4eaef022850866c3fc2071237b,56
2026-09-23T23-05-23-489Z_n-sweep_1-2-4-8-16-32-50,Ref,,16,D-voto,,,transfer,,,,0xa9059cbb,,135960,1,,0xb0eac06619547e241ec35274f15509fb5c770db50192de6a1103406050a1438c,56
2026-09-23T23-05-23-489Z_n-sweep_1-2-4-8-16-32-50,Ref,,16,D-voto,,,transfer,,,,0xa9059cbb,,135960,1,,0x51a2b6d5c32651b623f1d6c6d540db593effaf95342fa3f2319603e65ea66000,56
2026-09-23T23-05-23-489Z_n-sweep_1-2-4-8-16-32-50,Ref,,16,D-voto,,,transfer,,,,0xa9059cbb,,135960,1,,0x13e4e034fa5ecff267597b9545aba150c38765efef59593d84dd5b6f670c7d51,56
2026-09-23T23-05-23-489Z_n-sweep_1-2-4-8-16-32-50,Ref,,16,D-voto,,,transfer,,,,0xa9059cbb,,135960,1,,0xb50ca5dd46a975583d571c6bf23c67ae3e137f92737ba93d2ea1b9b4e7613c68,56
2026-09-23T23-05-23-489Z_n-sweep_1-2-4-8-16-32-50,Ref,,16,D-voto,,,transfer,,,,0xa9059cbb,,135948,1,,0x4710c50cd82fb4f8ac04d723ac5c8d42c6543fdb3a9268342c0ae90e7ce7bc22,56
2026-09-23T23-05-23-489Z_n-sweep_1-2-4-8-16-32-50,Ref,,16,D-voto,,,transfer,,,,0xa9059cbb,,135960,1,,0x1b245ffd7c4312f3b7eacced4fb57463afe5ce87642680cd5f65eae6187e1439,56
2026-09-23T23-05-23-489Z_n-sweep_1-2-4-8-16-32-50,Ref,,16,D-voto,,,transfer,,,,0xa9059cbb,,135960,1,,0xd8557dba87cb129629f44383c80d70a6708f507e977241fbb62b88d35afebd94,56
2026-09-23T23-05-23-489Z_n-sweep_1-2-4-8-16-32-50,Ref,,16,D-voto,,,transfer,,,,0xa9059cbb,,135960,1,,0xe994057952dc8d3e8a8666279ac41416a2fe0fb476cb3827b4db2e75fe136704,56
2026-09-23T23-05-23-489Z_n-sweep_1-2-4-8-16-32-50,Ref,,16,D-voto,,,transfer,,,,0xa9059cbb,,135960,1,,0xb60ac622a66279a59148d696405bd2db92019f515117a73345c81cfc8fe2666f,56
2026-09-23T23-05-23-489Z_n-sweep_1-2-4-8-16-32-50,Ref,,16,D-voto,,,transfer,,,,0xa9059cbb,,135960,1,,0x0583d0039c47214dc4d3794215cbfb5621cce4645ca4d52477e1dbef820be994,56
2026-09-23T23-05-23-489Z_n-sweep_1-2-4-8-16-32-50,Ref,,16,D-voto,,,transfer,,,,0xa9059cbb,,135960,1,,0xeabacdab51ac72295bcf6e3a06331d102444daeebe0f93c75b37098f68e1b3a4,56
2026-09-23T23-05-23-489Z_n-sweep_1-2-4-8-16-32-50,Ref,,16,D-voto,,,propose,,,propose,0x7d5e81e2,WasteCategoryRegistry.updateCredits,81579,1,,0x87630e52bdf229d8d50b7844d02211fea59e26c0c2151f02134ab23bb2bd4f31,56
2026-09-23T23-05-23-489Z_n-sweep_1-2-4-8-16-32-50,Ref,,16,D-voto,,,vote,1,for,,0x56781388,,83086,1,,0x78c3eb48e607eed524ab4473288b5e186f5815d7d93bdbddfb566b624e2ac75f,56
2026-09-23T23-05-23-489Z_n-sweep_1-2-4-8-16-32-50,Ref,,16,D-voto,,,vote,2,for,,0x56781388,,65986,1,,0x8f7603fd2f3aabd4d387ff845fbf91151e8ee1ab4774bcb4e1f7a761097c6e6c,56
2026-09-23T23-05-23-489Z_n-sweep_1-2-4-8-16-32-50,Ref,,16,D-voto,,,vote,3,for,,0x56781388,,65986,1,,0xa42989834f405c7bf6cb144a3da5427faf37f830c165a41b14ed39be07d05316,56
2026-09-23T23-05-23-489Z_n-sweep_1-2-4-8-16-32-50,Ref,,16,D-voto,,,vote,4,for,,0x56781388,,65986,1,,0x69853049b7b5982ecd45bdee9209ed8839b3ff7c53b25bd5395a9672997b77c8,56
2026-09-23T23-05-23-489Z_n-sweep_1-2-4-8-16-32-50,Ref,,16,D-voto,,,vote,5,for,,0x56781388,,65986,1,,0x29bf304f6536f6c13a010836e07bc413308ee48c16b913febbc88b17ac82a639,56
2026-09-23T23-05-23-489Z_n-sweep_1-2-4-8-16-32-50,Ref,,16,D-voto,,,vote,6,for,,0x56781388,,65986,1,,0x83f153e9407e62b3f426213926e1abc8838cce15ba930aef5e8c5acc64be69a9,56
2026-09-23T23-05-23-489Z_n-sweep_1-2-4-8-16-32-50,Ref,,16,D-voto,,,vote,7,for,,0x56781388,,65986,1,,0x01be0cab8bf5b4453323ea797edeac769d7ef68dadbebdd9cab0ff5589d937ce,56
2026-09-23T23-05-23-489Z_n-sweep_1-2-4-8-16-32-50,Ref,,16,D-voto,,,vote,1,against,,0x56781388,,83045,1,,0xdabf9836299602196ce617b0bbc3b2e0bfdd2c597efa07ff37e303893d07ad31,56
2026-09-23T23-05-23-489Z_n-sweep_1-2-4-8-16-32-50,Ref,,16,D-voto,,,vote,2,against,,0x56781388,,65945,1,,0x97aa3023fb0e8db82c1be09b2d7994360eed0052c0784f5ce3fc34cfb20ea461,56
2026-09-23T23-05-23-489Z_n-sweep_1-2-4-8-16-32-50,Ref,,16,D-voto,,,vote,3,against,,0x56781388,,65945,1,,0x7cdd374c2aee93fea15e8b98581e6e14e5f67de343d61f359c19060312d5fb27,56
2026-09-23T23-05-23-489Z_n-sweep_1-2-4-8-16-32-50,Ref,,16,D-voto,,,vote,4,against,,0x56781388,,65945,1,,0x89fec25173725b692e79d730162d94065a849bac9d0b0dc9ff9544e771a25dd3,56
2026-09-23T23-05-23-489Z_n-sweep_1-2-4-8-16-32-50,Ref,,16,D-voto,,,vote,5,against,,0x56781388,,65945,1,,0xc87389a5494a9b5bd32a7611c21aa2aacf0cb5166b09cca8cb730c217907dc1a,56
2026-09-23T23-05-23-489Z_n-sweep_1-2-4-8-16-32-50,Ref,,16,D-voto,,,vote,6,against,,0x56781388,,65945,1,,0xd2362c433866e7cd575d7a981f65e3e0b8ee48f2c540b93dc39df6ab81422c7a,56
2026-09-23T23-05-23-489Z_n-sweep_1-2-4-8-16-32-50,Ref,,16,D-voto,,,vote,7,against,,0x56781388,,65945,1,,0x850d469ce855b5af098f49c65a99ed81f79bd4ac288c0e2c8978e02e957f6a94,56
2026-09-23T23-05-23-489Z_n-sweep_1-2-4-8-16-32-50,Ref,,16,D-voto,,,vote,8,against,,0x56781388,,65945,1,,0xad6cb30877c8482b578fda6b6607990576bba283368828b20ea410ee9e067094,56
2026-09-23T23-05-23-489Z_n-sweep_1-2-4-8-16-32-50,Ref,,16,D-voto,,,vote,9,against,,0x56781388,,65945,1,,0xbe69754cb84d77687ada92c193f9f96c7ac5a4acbe7fa1378638eeecd034dcb8,56
2026-09-23T23-05-23-489Z_n-sweep_1-2-4-8-16-32-50,Ref,,16,D-voto,,,execute_attempt,,,execute,0x2656227d,WasteCategoryRegistry.updateCredits,51452,0,"VM Exception while processing transaction: reverted with custom error 'GovernorUnexpectedProposalState(6714203955914321951133934283271067395202799551909316039535129477887324846343, 3, '0x0000000000000000000000000000000000000000000000000000000000000030')'",0xba69e036af50bdc4c09ff8ececba2899f5dac9dcbce3cb0af16b4dc9af247196,56
2026-09-23T23-05-23-489Z_n-sweep_1-2-4-8-16-32-50,V0,T1,,,,,deploy_token_T1,,,constructor,0x61016060,,1621017,1,,0xece28f063ba256e8fc65152daf61fe745a7823e8ba387b1b661409f18f6dc4cc,57
2026-09-23T23-05-23-489Z_n-sweep_1-2-4-8-16-32-50,V0,,,,,,deploy_registry,,,constructor,0x60806040,,4590964,1,,0x9005486642112873086c0faf3a06ce7199e3377186a80eb6eea4235f5e1c6f56,57
2026-09-23T23-05-23-489Z_n-sweep_1-2-4-8-16-32-50,V0,,,,,,deploy_governor_V0,,,constructor,0x6101c080,,2133394,1,,0x8b33a795df9df0e5a3cb812430955580d1fb4f654a6028dd161238e13d560524,57
2026-09-23T23-05-23-489Z_n-sweep_1-2-4-8-16-32-50,V0,,,,,,grant_admin_role,,,grantRole,0x2f2ff15d,,50799,1,,0xb518a3911be32f0a59dcaec3e43c7ec54010f07f3e473d550516b1aab1a18d6b,57
2026-09-23T23-05-23-489Z_n-sweep_1-2-4-8-16-32-50,V0,,,,,,revoke_deployer_admin_role,,,revokeRole,0xd547741f,,27116,1,,0x8cb08b8b6ca45600b76a431b4cd18aee2095374e00c890903bfaa28d83b5f82b,57
2026-09-23T23-05-23-489Z_n-sweep_1-2-4-8-16-32-50,V0,,16,E-empate,,,delegate_admin,,,,0x5c19a95c,,95559,1,,0xfa43c1f7a1a1658c8aeac58119b26e806face10fc63ae3e18099942309f4d395,57
2026-09-23T23-05-23-489Z_n-sweep_1-2-4-8-16-32-50,V0,,16,E-empate,,,delegate,,,,0x5c19a95c,,48347,1,,0xf96ae171d39b1290c248e3ee88c92c43e24751ff4aacf46bad404cad29a33e37,57
2026-09-23T23-05-23-489Z_n-sweep_1-2-4-8-16-32-50,V0,,16,E-empate,,,delegate,,,,0x5c19a95c,,48335,1,,0x65ff74d2610d5c80f16dc62aa4e01b339a9ecd8c95911ae092d678a9792cdcb8,57
2026-09-23T23-05-23-489Z_n-sweep_1-2-4-8-16-32-50,V0,,16,E-empate,,,delegate,,,,0x5c19a95c,,48347,1,,0xb06e4e18b389cc3c69848b844c44927f26087a909c0e4532a1ba892e8d7bac4c,57
2026-09-23T23-05-23-489Z_n-sweep_1-2-4-8-16-32-50,V0,,16,E-empate,,,delegate,,,,0x5c19a95c,,48347,1,,0xfdc5c4ae6e458adbd0780d18d4ef20dca6b7a02f3efff2f7c0eec7590e340a41,57
2026-09-23T23-05-23-489Z_n-sweep_1-2-4-8-16-32-50,V0,,16,E-empate,,,delegate,,,,0x5c19a95c,,48347,1,,0x5c4d4bc02e09949d860a2c409a26209335f7c4e4eca7ac13d0e60a5cf0d0f233,57
2026-09-23T23-05-23-489Z_n-sweep_1-2-4-8-16-32-50,V0,,16,E-empate,,,delegate,,,,0x5c19a95c,,48347,1,,0x8eb2597a239d7d5a9d780141fa850308f21a221b62b2f0b2cd01922a25b294b2,57
2026-09-23T23-05-23-489Z_n-sweep_1-2-4-8-16-32-50,V0,,16,E-empate,,,delegate,,,,0x5c19a95c,,48347,1,,0x61b0a2cbceae6ab3b47dbad41fbaa57485b4b4545814b177fb76f5e80989f4b6,57
2026-09-23T23-05-23-489Z_n-sweep_1-2-4-8-16-32-50,V0,,16,E-empate,,,delegate,,,,0x5c19a95c,,48347,1,,0x8e8293e79ce57e8b2bd6c914c167b0ec5858ded7d332cc962607075acbcc0b43,57
2026-09-23T23-05-23-489Z_n-sweep_1-2-4-8-16-32-50,V0,,16,E-empate,,,delegate,,,,0x5c19a95c,,48347,1,,0x700d26ece381a9328c0c0607c8015a890a8cc373fc0ec5e3e5957a9b1720c821,57
2026-09-23T23-05-23-489Z_n-sweep_1-2-4-8-16-32-50,V0,,16,E-empate,,,delegate,,,,0x5c19a95c,,48335,1,,0x827f347ed9162ee5aa31942cb2cd15f5b7940183deaee5d4a11b6efe87452173,57
2026-09-23T23-05-23-489Z_n-sweep_1-2-4-8-16-32-50,V0,,16,E-empate,,,delegate,,,,0x5c19a95c,,48347,1,,0x05e0616bb804c3cd4df19f7b0cf511dbcb6e9524c52bcfbf8b39223490cc0846,57
2026-09-23T23-05-23-489Z_n-sweep_1-2-4-8-16-32-50,V0,,16,E-empate,,,delegate,,,,0x5c19a95c,,48347,1,,0x7409a97667b08d9b70b0d678843340d442fad8337ae46944499977e000325f92,57
2026-09-23T23-05-23-489Z_n-sweep_1-2-4-8-16-32-50,V0,,16,E-empate,,,delegate,,,,0x5c19a95c,,48347,1,,0x06bc39c687cf89ca2626bc142b16cf4a83fd68b90155fd6344acd5c17148d8a6,57
2026-09-23T23-05-23-489Z_n-sweep_1-2-4-8-16-32-50,V0,,16,E-empate,,,delegate,,,,0x5c19a95c,,48347,1,,0xe5d3691fe9ffad366e158fc098b74dd6635f083c235a6588c23e1d5313889cc9,57
2026-09-23T23-05-23-489Z_n-sweep_1-2-4-8-16-32-50,V0,,16,E-empate,,,delegate,,,,0x5c19a95c,,48347,1,,0x75300fe9f7d70fbe306b3cefadf0423a64334a4470eee34e958b76b4418900c0,57
2026-09-23T23-05-23-489Z_n-sweep_1-2-4-8-16-32-50,V0,,16,E-empate,,,delegate,,,,0x5c19a95c,,48347,1,,0xef2cf8fae96fa4c95b9eb5fc78e668af4f5126a23f921c90e15afdcffccd9bf9,57
2026-09-23T23-05-23-489Z_n-sweep_1-2-4-8-16-32-50,V0,,16,E-empate,,,transfer,,,,0xa9059cbb,,135960,1,,0x9d2051ce1ac7772280ee95bb88f17e9d6d2578fc8bb5cf446ecc31be953ece96,57
2026-09-23T23-05-23-489Z_n-sweep_1-2-4-8-16-32-50,V0,,16,E-empate,,,transfer,,,,0xa9059cbb,,135948,1,,0x3a4a298943ef01cc714afe43386e5742cf073e1f035be6fc7cbb5dfeed0493f0,57
2026-09-23T23-05-23-489Z_n-sweep_1-2-4-8-16-32-50,V0,,16,E-empate,,,transfer,,,,0xa9059cbb,,135960,1,,0xd44510bb270dde35eff14b4a5a859736433c0ee8550691fdd95ee07cd99c95c6,57
2026-09-23T23-05-23-489Z_n-sweep_1-2-4-8-16-32-50,V0,,16,E-empate,,,transfer,,,,0xa9059cbb,,135960,1,,0x63d205467f9416ccd0167cac0adeba7bd37f330003391c910238fd6d39d44d93,57
2026-09-23T23-05-23-489Z_n-sweep_1-2-4-8-16-32-50,V0,,16,E-empate,,,transfer,,,,0xa9059cbb,,135960,1,,0xb3c9dc135bc39577971e96905eec64c6559bad01b2a06ea5376e696e1224dcde,57
2026-09-23T23-05-23-489Z_n-sweep_1-2-4-8-16-32-50,V0,,16,E-empate,,,transfer,,,,0xa9059cbb,,135960,1,,0xb1ad3c2f5839ceda9ea23f9e801964e613c95948448563bf3c2b4cda05309531,57
2026-09-23T23-05-23-489Z_n-sweep_1-2-4-8-16-32-50,V0,,16,E-empate,,,transfer,,,,0xa9059cbb,,135960,1,,0x0e8c2da5137db8ba2577088f9b4385a8b03e6bb749d506e3131715b6ab0e5c85,57
2026-09-23T23-05-23-489Z_n-sweep_1-2-4-8-16-32-50,V0,,16,E-empate,,,transfer,,,,0xa9059cbb,,135960,1,,0xcc0dce854b4d22a13a4ee19c4382a43b7378b6dbf7459e801d2c21eaf406c0b3,57
2026-09-23T23-05-23-489Z_n-sweep_1-2-4-8-16-32-50,V0,,16,E-empate,,,transfer,,,,0xa9059cbb,,135960,1,,0x34389a152f83ec0b3169ab7573cf459e4ff8bcef869ec65da6da6b0d63fcf965,57
2026-09-23T23-05-23-489Z_n-sweep_1-2-4-8-16-32-50,V0,,16,E-empate,,,transfer,,,,0xa9059cbb,,135948,1,,0x299f4a4d3aaa7cddd715472eecd4b373cf92705af8c26fb1ecee302a0fb4879f,57
2026-09-23T23-05-23-489Z_n-sweep_1-2-4-8-16-32-50,V0,,16,E-empate,,,transfer,,,,0xa9059cbb,,135960,1,,0xb238377ddc32c50ae1eecf6d5ef004977a9773a3ed7d4a7733ee2c54f9c86f9a,57
2026-09-23T23-05-23-489Z_n-sweep_1-2-4-8-16-32-50,V0,,16,E-empate,,,transfer,,,,0xa9059cbb,,135960,1,,0xe6cba7e768e8f544e5f277d2fcf207d101cc00453070eca3afe77aeaab1e66a2,57
2026-09-23T23-05-23-489Z_n-sweep_1-2-4-8-16-32-50,V0,,16,E-empate,,,transfer,,,,0xa9059cbb,,135960,1,,0x9c81e5a07e6bfd0ca52efa66d70f843f87beead64a024ffaec14204514567a4a,57
2026-09-23T23-05-23-489Z_n-sweep_1-2-4-8-16-32-50,V0,,16,E-empate,,,transfer,,,,0xa9059cbb,,135960,1,,0x92ea0b3b1a4fc09939bde5de610cab2c9ee4919860af647811507c3f42e77406,57
2026-09-23T23-05-23-489Z_n-sweep_1-2-4-8-16-32-50,V0,,16,E-empate,,,transfer,,,,0xa9059cbb,,135960,1,,0xca1c8911abf0980ae6c3603deb4c531c0c4af41602a546328a15a0fceb3594e8,57
2026-09-23T23-05-23-489Z_n-sweep_1-2-4-8-16-32-50,V0,,16,E-empate,,,transfer,,,,0xa9059cbb,,135960,1,,0x51f7bdc75c4813064555dffa674146a5a204bbfdc6f6bc63abfa47c352cc9ab2,57
2026-09-23T23-05-23-489Z_n-sweep_1-2-4-8-16-32-50,V0,,16,E-empate,,,propose,,,propose,0x7d5e81e2,WasteCategoryRegistry.updateCredits,63339,1,,0x15337a3308151c5d2b6e6f3390583506f1fcfbd8c61ac7eb8fa8d3f2851a54f7,57
2026-09-23T23-05-23-489Z_n-sweep_1-2-4-8-16-32-50,V0,,16,E-empate,,,vote,1,for,,0x56781388,,81899,1,,0xa8b9e08bb3456cfbe3ba9453fa74c06d8ba85c53c81dded39f03221266731806,57
2026-09-23T23-05-23-489Z_n-sweep_1-2-4-8-16-32-50,V0,,16,E-empate,,,vote,2,for,,0x56781388,,64799,1,,0x36e9f152d5f6951ee5d087b24d4d74889bcb80081bf02c4f4b9f425248aa79df,57
2026-09-23T23-05-23-489Z_n-sweep_1-2-4-8-16-32-50,V0,,16,E-empate,,,vote,3,for,,0x56781388,,64799,1,,0x04da43851be59ee38215a553025be0fe8aaca6449736cf62784ecea71c67c0df,57
2026-09-23T23-05-23-489Z_n-sweep_1-2-4-8-16-32-50,V0,,16,E-empate,,,vote,4,for,,0x56781388,,64799,1,,0xf76c596e9f00e87ff9446c2915ffa2c2be60cb972e40c653d4a5feea880417f5,57
2026-09-23T23-05-23-489Z_n-sweep_1-2-4-8-16-32-50,V0,,16,E-empate,,,vote,5,for,,0x56781388,,64799,1,,0xb5618c2b4a28428a9f0858afedd75822a000203626476dd9dd047cb4b186a5dc,57
2026-09-23T23-05-23-489Z_n-sweep_1-2-4-8-16-32-50,V0,,16,E-empate,,,vote,6,for,,0x56781388,,64799,1,,0x2ff6a73ab0b0997e815fb7e311a16b5642d3c87c4d7d0ce87891087811d799a2,57
2026-09-23T23-05-23-489Z_n-sweep_1-2-4-8-16-32-50,V0,,16,E-empate,,,vote,7,for,,0x56781388,,64799,1,,0x572c583b4ed679cefcf768b52ee86e54fc6588957d4cb8214c3b4d2719991d27,57
2026-09-23T23-05-23-489Z_n-sweep_1-2-4-8-16-32-50,V0,,16,E-empate,,,vote,8,for,,0x56781388,,64799,1,,0xe4f04b8a255f3a5636ff23fb04916761ec764d951e7fe98d0bce40beb32a114b,57
2026-09-23T23-05-23-489Z_n-sweep_1-2-4-8-16-32-50,V0,,16,E-empate,,,vote,1,against,,0x56781388,,81847,1,,0x6ca200eb66c0276600b2aa3ad9bc9842a8012fdb48c378882f694887eebf2202,57
2026-09-23T23-05-23-489Z_n-sweep_1-2-4-8-16-32-50,V0,,16,E-empate,,,vote,2,against,,0x56781388,,64747,1,,0x348a067f75b3d4ad871eb588d3dff5336ddf83638950a01b14dfd32e6803e1bd,57
2026-09-23T23-05-23-489Z_n-sweep_1-2-4-8-16-32-50,V0,,16,E-empate,,,vote,3,against,,0x56781388,,64747,1,,0x6dd9e49a9c5c8503bd089a6bd88403062109f30804a9b3029e380c43e4c0d495,57
2026-09-23T23-05-23-489Z_n-sweep_1-2-4-8-16-32-50,V0,,16,E-empate,,,vote,4,against,,0x56781388,,64747,1,,0x936e28e14610fa0990c367e3d6753fdb8cee1c69df910950b38b8e2b4e65e08e,57
2026-09-23T23-05-23-489Z_n-sweep_1-2-4-8-16-32-50,V0,,16,E-empate,,,vote,5,against,,0x56781388,,64747,1,,0xc37e6202330e6f9c2ac39f1d5eaf3a003c997685e18724be29f01786e1148580,57
2026-09-23T23-05-23-489Z_n-sweep_1-2-4-8-16-32-50,V0,,16,E-empate,,,vote,6,against,,0x56781388,,64747,1,,0x7a72f7bcd25e8b605e9e60c1b9b4ac90ecf450399df7ac890b6c897319a075fe,57
2026-09-23T23-05-23-489Z_n-sweep_1-2-4-8-16-32-50,V0,,16,E-empate,,,vote,7,against,,0x56781388,,64747,1,,0xc03c71e61438f30fc8fb146f9edbbdb896c011f7039512ba0cd1857ddf8d4f46,57
2026-09-23T23-05-23-489Z_n-sweep_1-2-4-8-16-32-50,V0,,16,E-empate,,,vote,8,against,,0x56781388,,64747,1,,0x7c8501c38bfc26614ea55435591d5ba64dd3f1f2a3d683728930f5079e351ff1,57
2026-09-23T23-05-23-489Z_n-sweep_1-2-4-8-16-32-50,V0,,16,E-empate,,,execute_attempt,,,execute,0x2656227d,WasteCategoryRegistry.updateCredits,40382,0,"VM Exception while processing transaction: reverted with custom error 'GovernorUnexpectedProposalState(25014841354696022552026660623473428509166185006780635068757733320357973249029, 3, '0x0000000000000000000000000000000000000000000000000000000000000030')'",0xb83334cbd841ad65829c3560d8c16b7a83c3da3598120513b67e5192c3950ac7,57
2026-09-23T23-05-23-489Z_n-sweep_1-2-4-8-16-32-50,V1,T1,,,,,deploy_token_T1,,,constructor,0x61016060,,1621017,1,,0xece28f063ba256e8fc65152daf61fe745a7823e8ba387b1b661409f18f6dc4cc,58
2026-09-23T23-05-23-489Z_n-sweep_1-2-4-8-16-32-50,V1,,,,,,deploy_registry,,,constructor,0x60806040,,4590964,1,,0x9005486642112873086c0faf3a06ce7199e3377186a80eb6eea4235f5e1c6f56,58
2026-09-23T23-05-23-489Z_n-sweep_1-2-4-8-16-32-50,V1,,,,,,deploy_governor_V1,,,constructor,0x6101c080,,2141155,1,,0xcbf032b87647649d09648621f7d61fb312aee4174486ee6f404819243ac59ca9,58
2026-09-23T23-05-23-489Z_n-sweep_1-2-4-8-16-32-50,V1,,,,,,grant_admin_role,,,grantRole,0x2f2ff15d,,50799,1,,0xfdc9a3875129e16eb4a0e6527cfb2e5662449c13660398cf3b7c723db6d0e009,58
2026-09-23T23-05-23-489Z_n-sweep_1-2-4-8-16-32-50,V1,,,,,,revoke_deployer_admin_role,,,revokeRole,0xd547741f,,27116,1,,0xc189311656167d1c4c211ee1c4f5143a8df64ff72cb449ebf7ec77ff2fd0bcbb,58
2026-09-23T23-05-23-489Z_n-sweep_1-2-4-8-16-32-50,V1,,16,E-empate,,,delegate_admin,,,,0x5c19a95c,,95559,1,,0xd4695df7ceba86e36d8d32ccf756640823a0c1b729cf20e3a0b632c08e38ee6a,58
2026-09-23T23-05-23-489Z_n-sweep_1-2-4-8-16-32-50,V1,,16,E-empate,,,delegate,,,,0x5c19a95c,,48347,1,,0x81d5bf8e96fad9ce8b5230dc73abbeb313b25fcb2932728690f357e6b4e905b9,58
2026-09-23T23-05-23-489Z_n-sweep_1-2-4-8-16-32-50,V1,,16,E-empate,,,delegate,,,,0x5c19a95c,,48335,1,,0x92147b8c796bc2b0f21acc979799bbf4c5b5033d9d67806a8ad6842fe03d41df,58
2026-09-23T23-05-23-489Z_n-sweep_1-2-4-8-16-32-50,V1,,16,E-empate,,,delegate,,,,0x5c19a95c,,48347,1,,0xfff43b85310b182c6fdaa6a0b82056393aba2572b23e543b42f064dc4690e2fc,58
2026-09-23T23-05-23-489Z_n-sweep_1-2-4-8-16-32-50,V1,,16,E-empate,,,delegate,,,,0x5c19a95c,,48347,1,,0xd65054394087a126f7201b8caf565d34e4b8e2c37299a2eb2e8e1e169e8753b2,58
2026-09-23T23-05-23-489Z_n-sweep_1-2-4-8-16-32-50,V1,,16,E-empate,,,delegate,,,,0x5c19a95c,,48347,1,,0x0c6ee11e6f4f09c9119d3c03df89d743f104be74b800d0b47cbfa2e1629e917b,58
2026-09-23T23-05-23-489Z_n-sweep_1-2-4-8-16-32-50,V1,,16,E-empate,,,delegate,,,,0x5c19a95c,,48347,1,,0x9e4c58d93f5292a4566258e1c10f556eb9dc4074e322b7c357bf5ad65da50cae,58
2026-09-23T23-05-23-489Z_n-sweep_1-2-4-8-16-32-50,V1,,16,E-empate,,,delegate,,,,0x5c19a95c,,48347,1,,0x6ebf0fe5777b4feb07a84b604e7094e789e104c0aa39284dccf1b9da9c17904e,58
2026-09-23T23-05-23-489Z_n-sweep_1-2-4-8-16-32-50,V1,,16,E-empate,,,delegate,,,,0x5c19a95c,,48347,1,,0xfe42119cc5b68fbfd433dffe547dcf50b55480a011d31795da0f08ec660c70b3,58
2026-09-23T23-05-23-489Z_n-sweep_1-2-4-8-16-32-50,V1,,16,E-empate,,,delegate,,,,0x5c19a95c,,48347,1,,0x1cd5ec1a28c590b58fdf7467e7fffeb349eed4d261a6e6dd6bbe64d73d17bd59,58
2026-09-23T23-05-23-489Z_n-sweep_1-2-4-8-16-32-50,V1,,16,E-empate,,,delegate,,,,0x5c19a95c,,48335,1,,0x44f126ec5cf68cfd276b82e1245a8bb78ca6d635813f085d1a125f483e4d5924,58
2026-09-23T23-05-23-489Z_n-sweep_1-2-4-8-16-32-50,V1,,16,E-empate,,,delegate,,,,0x5c19a95c,,48347,1,,0xe3c56247fde6ff45e5ce391eac68170bdc36be578302a953ddcf8384ecd07aa8,58
2026-09-23T23-05-23-489Z_n-sweep_1-2-4-8-16-32-50,V1,,16,E-empate,,,delegate,,,,0x5c19a95c,,48347,1,,0x97563cc4398d7b02943ad3e3ef1bdae06351c02ad3fb2d2b948579fc1d32295f,58
2026-09-23T23-05-23-489Z_n-sweep_1-2-4-8-16-32-50,V1,,16,E-empate,,,delegate,,,,0x5c19a95c,,48347,1,,0x2254c00b60e2f0581478274e6123b6295b391cc3698f1951fb660335b3cd6c33,58
2026-09-23T23-05-23-489Z_n-sweep_1-2-4-8-16-32-50,V1,,16,E-empate,,,delegate,,,,0x5c19a95c,,48347,1,,0xc3e2689cb93afecc73f02fe2fc704ca424bfebf2840b02e15e94e2eacaca6d1c,58
2026-09-23T23-05-23-489Z_n-sweep_1-2-4-8-16-32-50,V1,,16,E-empate,,,delegate,,,,0x5c19a95c,,48347,1,,0xf481a9d9df12d0c5f7b29cc5bd284c8ca3e14873afc209155e790bf19f68d897,58
2026-09-23T23-05-23-489Z_n-sweep_1-2-4-8-16-32-50,V1,,16,E-empate,,,delegate,,,,0x5c19a95c,,48347,1,,0x8975637550f485546f85f8e6d9a6ed6447c7e76fff1ec5f6c9e76fb534393987,58
2026-09-23T23-05-23-489Z_n-sweep_1-2-4-8-16-32-50,V1,,16,E-empate,,,transfer,,,,0xa9059cbb,,135960,1,,0xdd222b00fca52171e793193ffd85834d971539cb41bfa569e6c443334217eadd,58
2026-09-23T23-05-23-489Z_n-sweep_1-2-4-8-16-32-50,V1,,16,E-empate,,,transfer,,,,0xa9059cbb,,135948,1,,0x8a79afcb52be6f90c33e1e815566c9ce69071c9b524c3a07ed1dedd801b5c7e3,58
2026-09-23T23-05-23-489Z_n-sweep_1-2-4-8-16-32-50,V1,,16,E-empate,,,transfer,,,,0xa9059cbb,,135960,1,,0x930696174a43d4b193fbc0ef290f12a6fcc288e1ffbec19dccef94a271e40c5a,58
2026-09-23T23-05-23-489Z_n-sweep_1-2-4-8-16-32-50,V1,,16,E-empate,,,transfer,,,,0xa9059cbb,,135960,1,,0xae2fb42a80146f85b63f82c9c164b8d1fb21ee265f5ae0e05ae2997b94c94e8b,58
2026-09-23T23-05-23-489Z_n-sweep_1-2-4-8-16-32-50,V1,,16,E-empate,,,transfer,,,,0xa9059cbb,,135960,1,,0x4da24e5dd69239f6621bd3f6b49ad8282c299e4f035729dc5e3e57e0fa2d5cf5,58
2026-09-23T23-05-23-489Z_n-sweep_1-2-4-8-16-32-50,V1,,16,E-empate,,,transfer,,,,0xa9059cbb,,135960,1,,0x78ed7677a72a68eff2d7f2feb88cdc6fa9ed96d419871d5a98fb78f60c90118d,58
2026-09-23T23-05-23-489Z_n-sweep_1-2-4-8-16-32-50,V1,,16,E-empate,,,transfer,,,,0xa9059cbb,,135960,1,,0x295714d390a8a38a316fdd4e6aa1a6d91f67c27d366ad3abaec2f658fc78703e,58
2026-09-23T23-05-23-489Z_n-sweep_1-2-4-8-16-32-50,V1,,16,E-empate,,,transfer,,,,0xa9059cbb,,135960,1,,0x766cac572d1b94c31c7eaa125eca5cc9577173f8fbf696afdde38559651e0d71,58
2026-09-23T23-05-23-489Z_n-sweep_1-2-4-8-16-32-50,V1,,16,E-empate,,,transfer,,,,0xa9059cbb,,135960,1,,0x8150f759e197851e9b1f50af638e7de175ad2f0036cec81cddab423b6da1b532,58
2026-09-23T23-05-23-489Z_n-sweep_1-2-4-8-16-32-50,V1,,16,E-empate,,,transfer,,,,0xa9059cbb,,135948,1,,0x37db5e98635fd505c2742f6f9ec14e14fa864bc75ac8bf700fe621ceb78ec7b1,58
2026-09-23T23-05-23-489Z_n-sweep_1-2-4-8-16-32-50,V1,,16,E-empate,,,transfer,,,,0xa9059cbb,,135960,1,,0x2b98b2f0bfa050738696710d3077be31e7d18092ead2669ed0aab897397ef7c5,58
2026-09-23T23-05-23-489Z_n-sweep_1-2-4-8-16-32-50,V1,,16,E-empate,,,transfer,,,,0xa9059cbb,,135960,1,,0x2cd6a8d19ba5eee525ca7478c59ef562956789c879ecb628465092751d63f675,58
2026-09-23T23-05-23-489Z_n-sweep_1-2-4-8-16-32-50,V1,,16,E-empate,,,transfer,,,,0xa9059cbb,,135960,1,,0x894a856067085ca6a85eef4e0e038f211e095cc7a1c2a4c0df57044a32321a71,58
2026-09-23T23-05-23-489Z_n-sweep_1-2-4-8-16-32-50,V1,,16,E-empate,,,transfer,,,,0xa9059cbb,,135960,1,,0xf9b9050027aa6c6847ff83cfbc53f49eb269adbeefd72c132c17e6bd1f164eda,58
2026-09-23T23-05-23-489Z_n-sweep_1-2-4-8-16-32-50,V1,,16,E-empate,,,transfer,,,,0xa9059cbb,,135960,1,,0x95e1e72f055da737df7dd466bafd3e18c1a9a5ceb0628e78d919152d872698ac,58
2026-09-23T23-05-23-489Z_n-sweep_1-2-4-8-16-32-50,V1,,16,E-empate,,,transfer,,,,0xa9059cbb,,135960,1,,0x9a970a784adbfb9310ca85d585c32690c45a878597f869edefc96888379a0904,58
2026-09-23T23-05-23-489Z_n-sweep_1-2-4-8-16-32-50,V1,,16,E-empate,,,propose,,,propose,0x7d5e81e2,WasteCategoryRegistry.updateCredits,63339,1,,0xfaf57bdd4ea71b4bf85f75b84b16f098a13678b23ab28516dce80689c48c74d4,58
2026-09-23T23-05-23-489Z_n-sweep_1-2-4-8-16-32-50,V1,,16,E-empate,,,vote,1,for,,0x56781388,,82468,1,,0xd70229d0ae559243c62eb3bf76de1029904059707da61879af7dd2f8fc70c363,58
2026-09-23T23-05-23-489Z_n-sweep_1-2-4-8-16-32-50,V1,,16,E-empate,,,vote,2,for,,0x56781388,,65368,1,,0x9a9edc9d93d40cb7401774088f06ab270f8f189189aa7316de5e44cdca3eea80,58
2026-09-23T23-05-23-489Z_n-sweep_1-2-4-8-16-32-50,V1,,16,E-empate,,,vote,3,for,,0x56781388,,65368,1,,0x0a1b916a1398bd43f100776cd126657ef52a14264f123781c4947577544d121d,58
2026-09-23T23-05-23-489Z_n-sweep_1-2-4-8-16-32-50,V1,,16,E-empate,,,vote,4,for,,0x56781388,,65368,1,,0x6c96dd536cbbfd4aca576152cc84211068c651522cb6cce51ae3a6c4f8d7f5ef,58
2026-09-23T23-05-23-489Z_n-sweep_1-2-4-8-16-32-50,V1,,16,E-empate,,,vote,5,for,,0x56781388,,65368,1,,0x3e1934a3d658f21b3b5a2880b86fbdab81bff368ed006f9c111a6dfc2911b43c,58
2026-09-23T23-05-23-489Z_n-sweep_1-2-4-8-16-32-50,V1,,16,E-empate,,,vote,6,for,,0x56781388,,65368,1,,0x6d6413de3496e663a92a52d16bdc6bd19faf36d9a5cceabf6df3a72df48a0cdb,58
2026-09-23T23-05-23-489Z_n-sweep_1-2-4-8-16-32-50,V1,,16,E-empate,,,vote,7,for,,0x56781388,,65368,1,,0x7b7892289d323347e2d6d227feb5fb84cd42891b93f1e64122c2c3a19d4d35bb,58
2026-09-23T23-05-23-489Z_n-sweep_1-2-4-8-16-32-50,V1,,16,E-empate,,,vote,8,for,,0x56781388,,65368,1,,0x4e8101cf38f141db40564c7a125d4454a2aace2c768893c51c3c1c5df1b876b7,58
2026-09-23T23-05-23-489Z_n-sweep_1-2-4-8-16-32-50,V1,,16,E-empate,,,vote,1,against,,0x56781388,,82416,1,,0x255ef5921085847e5bcf574dfff49367d62a5cb3dea5289a86516baa1b588a5f,58
2026-09-23T23-05-23-489Z_n-sweep_1-2-4-8-16-32-50,V1,,16,E-empate,,,vote,2,against,,0x56781388,,65316,1,,0x1fec8fb57a173ed4e36f1450cedbfe2668293c96c703a157f5527eec81610374,58
2026-09-23T23-05-23-489Z_n-sweep_1-2-4-8-16-32-50,V1,,16,E-empate,,,vote,3,against,,0x56781388,,65316,1,,0x01e7831e43ab8605fa070b1c25dae9c91df9d96d240abe4e14ffc7fd3d7e6a66,58
2026-09-23T23-05-23-489Z_n-sweep_1-2-4-8-16-32-50,V1,,16,E-empate,,,vote,4,against,,0x56781388,,65316,1,,0x1fd75998cd99d3144359bc9fb130f6e2cd6e716504598e0ba24988ca7bc44080,58
2026-09-23T23-05-23-489Z_n-sweep_1-2-4-8-16-32-50,V1,,16,E-empate,,,vote,5,against,,0x56781388,,65316,1,,0xc0bbeef25619061f402cbc240d940cb71c8fac3c5cdc9a37463f6455c9175bdc,58
2026-09-23T23-05-23-489Z_n-sweep_1-2-4-8-16-32-50,V1,,16,E-empate,,,vote,6,against,,0x56781388,,65316,1,,0x07cfa2102824a2349c1d4ba182e91bae4bf0c436a16fb04dc6a63745208bddb2,58
2026-09-23T23-05-23-489Z_n-sweep_1-2-4-8-16-32-50,V1,,16,E-empate,,,vote,7,against,,0x56781388,,65316,1,,0xb906fdba0e4a85663545923d14a8a03407057963613ac7e16ef07635a01a8b74,58
2026-09-23T23-05-23-489Z_n-sweep_1-2-4-8-16-32-50,V1,,16,E-empate,,,vote,8,against,,0x56781388,,65316,1,,0x68cad183bac09fb36922e63f45a6fc4c22aaa920d87ad93a3e4d186063fbc371,58
2026-09-23T23-05-23-489Z_n-sweep_1-2-4-8-16-32-50,V1,,16,E-empate,,,execute_attempt,,,execute,0x2656227d,WasteCategoryRegistry.updateCredits,40382,0,"VM Exception while processing transaction: reverted with custom error 'GovernorUnexpectedProposalState(25014841354696022552026660623473428509166185006780635068757733320357973249029, 3, '0x0000000000000000000000000000000000000000000000000000000000000030')'",0xc081652a10e623e4684cc90dbae7871d53cad0ba0054cb6090987076e99200c4,58
2026-09-23T23-05-23-489Z_n-sweep_1-2-4-8-16-32-50,V2,T1,,,,,deploy_token_T1,,,constructor,0x61016060,,1621017,1,,0xece28f063ba256e8fc65152daf61fe745a7823e8ba387b1b661409f18f6dc4cc,59
2026-09-23T23-05-23-489Z_n-sweep_1-2-4-8-16-32-50,V2,,,,,,deploy_registry,,,constructor,0x60806040,,4590964,1,,0x9005486642112873086c0faf3a06ce7199e3377186a80eb6eea4235f5e1c6f56,59
2026-09-23T23-05-23-489Z_n-sweep_1-2-4-8-16-32-50,V2,,,,,,deploy_governor_V2,,,constructor,0x6101e080,,2178840,1,,0xa32c9f3d540c0ae9eee563ea02a53e3c1648afde51e09209202bc2912d9a8532,59
2026-09-23T23-05-23-489Z_n-sweep_1-2-4-8-16-32-50,V2,,,,,,grant_admin_role,,,grantRole,0x2f2ff15d,,50799,1,,0x0482dd737ad13e5cf9f342f77b7f4c8d4a60575e6613b501a7a433855227e65d,59
2026-09-23T23-05-23-489Z_n-sweep_1-2-4-8-16-32-50,V2,,,,,,revoke_deployer_admin_role,,,revokeRole,0xd547741f,,27116,1,,0xbf6c6756b6e885a31717a4b56f3c4fc35da4780ca84e075711ea97189f58ea3d,59
2026-09-23T23-05-23-489Z_n-sweep_1-2-4-8-16-32-50,V2,,16,E-empate,,,delegate_admin,,,,0x5c19a95c,,95559,1,,0xe4ed125ff7fcf34a784094393e69d7b32184f90f45a88cf0e398ac5fe2329d50,59
2026-09-23T23-05-23-489Z_n-sweep_1-2-4-8-16-32-50,V2,,16,E-empate,,,delegate,,,,0x5c19a95c,,48347,1,,0x8e5cf2e817455991c3f88244f29b95e3c5703efb253d16587c3e019ace8ed4aa,59
2026-09-23T23-05-23-489Z_n-sweep_1-2-4-8-16-32-50,V2,,16,E-empate,,,delegate,,,,0x5c19a95c,,48335,1,,0x3a4d0b938991cc6665fddf48aab742d27a2480134e4cb1cf5b844b9724575405,59
2026-09-23T23-05-23-489Z_n-sweep_1-2-4-8-16-32-50,V2,,16,E-empate,,,delegate,,,,0x5c19a95c,,48347,1,,0x8df16e2387da0d9fa03469e487a72815c7ad0f22d2e3631bfcd3e8532e84566f,59
2026-09-23T23-05-23-489Z_n-sweep_1-2-4-8-16-32-50,V2,,16,E-empate,,,delegate,,,,0x5c19a95c,,48347,1,,0x95612e3ccf4e98f664cb62c90a18fd3142e8f5668db18fb82a400652a6b96b06,59
2026-09-23T23-05-23-489Z_n-sweep_1-2-4-8-16-32-50,V2,,16,E-empate,,,delegate,,,,0x5c19a95c,,48347,1,,0x8cfbd9c8afd095297879c4ea5a6d41c276c3b770abd2f751b06ec63384df15d6,59
2026-09-23T23-05-23-489Z_n-sweep_1-2-4-8-16-32-50,V2,,16,E-empate,,,delegate,,,,0x5c19a95c,,48347,1,,0x96ff47bd12ed3260165a9b3c82bacf4a9f1cfd47a5f8548491ee35c1066f2e38,59
2026-09-23T23-05-23-489Z_n-sweep_1-2-4-8-16-32-50,V2,,16,E-empate,,,delegate,,,,0x5c19a95c,,48347,1,,0x3c7464a5135ef0630048da3b891f6f95d941c4b44dfb27d1230d6c7015af52d6,59
2026-09-23T23-05-23-489Z_n-sweep_1-2-4-8-16-32-50,V2,,16,E-empate,,,delegate,,,,0x5c19a95c,,48347,1,,0xcef7f0dbdf22e7ddd7612e11e8e4d04d07ff7ed50742fa593a04379c3fb4c79a,59
2026-09-23T23-05-23-489Z_n-sweep_1-2-4-8-16-32-50,V2,,16,E-empate,,,delegate,,,,0x5c19a95c,,48347,1,,0x2a05bf2175c5ddc1c903f568e1aef2d66314124f75bcf8379ba8adf2782fee08,59
2026-09-23T23-05-23-489Z_n-sweep_1-2-4-8-16-32-50,V2,,16,E-empate,,,delegate,,,,0x5c19a95c,,48335,1,,0xed076a3bb603efd5d8a71a2cc98ed4047b12d152a544a7d1d7a341433c9a4602,59
2026-09-23T23-05-23-489Z_n-sweep_1-2-4-8-16-32-50,V2,,16,E-empate,,,delegate,,,,0x5c19a95c,,48347,1,,0x10be283a8ec30b680dc3aca50b759e0cf9c8afc082d9e83402cea754eca72a1f,59
2026-09-23T23-05-23-489Z_n-sweep_1-2-4-8-16-32-50,V2,,16,E-empate,,,delegate,,,,0x5c19a95c,,48347,1,,0x2a30f5270f05f3f17e6177f9b77f58b934718ec7c2e872415fd5bb3af3d1a729,59
2026-09-23T23-05-23-489Z_n-sweep_1-2-4-8-16-32-50,V2,,16,E-empate,,,delegate,,,,0x5c19a95c,,48347,1,,0x8627a7ad29f66cec2d29399f287974e7802b96ce1c1094b9f03f71ebb4aee554,59
2026-09-23T23-05-23-489Z_n-sweep_1-2-4-8-16-32-50,V2,,16,E-empate,,,delegate,,,,0x5c19a95c,,48347,1,,0x09935171751aaaad6b28f8c0a6e1389d805ea4048b73d32206a0f9fb56fe6526,59
2026-09-23T23-05-23-489Z_n-sweep_1-2-4-8-16-32-50,V2,,16,E-empate,,,delegate,,,,0x5c19a95c,,48347,1,,0xcc0bb7cbd2d0f3f8fa2b739bbaa5db203755fbd70b3eefc00d112f1bb589ceaf,59
2026-09-23T23-05-23-489Z_n-sweep_1-2-4-8-16-32-50,V2,,16,E-empate,,,delegate,,,,0x5c19a95c,,48347,1,,0xc76339288f99a2e44a4485a1794ebb0cad6215adbb061dde8b472b5783d68437,59
2026-09-23T23-05-23-489Z_n-sweep_1-2-4-8-16-32-50,V2,,16,E-empate,,,transfer,,,,0xa9059cbb,,135960,1,,0xb836d62feb297e668e346c78d0b20d52a7b9821222625c27e5c0ef2143a41b4e,59
2026-09-23T23-05-23-489Z_n-sweep_1-2-4-8-16-32-50,V2,,16,E-empate,,,transfer,,,,0xa9059cbb,,135948,1,,0xeec073fdf6c2881d67acfddce89c8a39f28ac881e6a86c1401774c2c6f4c8ce8,59
2026-09-23T23-05-23-489Z_n-sweep_1-2-4-8-16-32-50,V2,,16,E-empate,,,transfer,,,,0xa9059cbb,,135960,1,,0x33e39fa04f92fbbd9aa58fabf58a668f164049ae4f8233ca2e7421889732783b,59
2026-09-23T23-05-23-489Z_n-sweep_1-2-4-8-16-32-50,V2,,16,E-empate,,,transfer,,,,0xa9059cbb,,135960,1,,0x81477eec290eb018116786644c793bf9e54b85f9b9211615b0daf364546023cf,59
2026-09-23T23-05-23-489Z_n-sweep_1-2-4-8-16-32-50,V2,,16,E-empate,,,transfer,,,,0xa9059cbb,,135960,1,,0x140f510894d20886aa01692e058b4b6b270942eec09bb7a8d900d440748eb9c7,59
2026-09-23T23-05-23-489Z_n-sweep_1-2-4-8-16-32-50,V2,,16,E-empate,,,transfer,,,,0xa9059cbb,,135960,1,,0xf1a302c48b8ca440e920d472261ca95fc5bd198ac019b47d653558d7f4aa5e61,59
2026-09-23T23-05-23-489Z_n-sweep_1-2-4-8-16-32-50,V2,,16,E-empate,,,transfer,,,,0xa9059cbb,,135960,1,,0x5d854896984ec999b47248d46879a46855e5f69e0b9c3fd33c03a51ab9d8e3fb,59
2026-09-23T23-05-23-489Z_n-sweep_1-2-4-8-16-32-50,V2,,16,E-empate,,,transfer,,,,0xa9059cbb,,135960,1,,0x20ea6bbd3d86dd63628e64a0f216e1c226cb46c80e0884e6185c2ff80d0495e0,59
2026-09-23T23-05-23-489Z_n-sweep_1-2-4-8-16-32-50,V2,,16,E-empate,,,transfer,,,,0xa9059cbb,,135960,1,,0xc7158ea6c5ad90c8d4ba5f0649040f8441cc380aa11e64ebade66fc61fa24397,59
2026-09-23T23-05-23-489Z_n-sweep_1-2-4-8-16-32-50,V2,,16,E-empate,,,transfer,,,,0xa9059cbb,,135948,1,,0x515f2e48dabcfc0496d2a5057f34c910872d475581580dc72ba87df918cd1f33,59
2026-09-23T23-05-23-489Z_n-sweep_1-2-4-8-16-32-50,V2,,16,E-empate,,,transfer,,,,0xa9059cbb,,135960,1,,0x86e40a5b217a51edb94ee320d3c4ac158a3d160c5303cf22dd20358e01c2e72a,59
2026-09-23T23-05-23-489Z_n-sweep_1-2-4-8-16-32-50,V2,,16,E-empate,,,transfer,,,,0xa9059cbb,,135960,1,,0x295ea3a0574c4a4a0638c8b748f99cca7b1dc03b7a86cbaa09862263afd0e56b,59
2026-09-23T23-05-23-489Z_n-sweep_1-2-4-8-16-32-50,V2,,16,E-empate,,,transfer,,,,0xa9059cbb,,135960,1,,0x09f7076225d56e8567870bdb08c98c02711d79fb176367a3acd546d4fe5054ba,59
2026-09-23T23-05-23-489Z_n-sweep_1-2-4-8-16-32-50,V2,,16,E-empate,,,transfer,,,,0xa9059cbb,,135960,1,,0xfedae9a29adf6903ed30e6fbe1cbf04fb962ae3696a638e3bdd85384244e2f89,59
2026-09-23T23-05-23-489Z_n-sweep_1-2-4-8-16-32-50,V2,,16,E-empate,,,transfer,,,,0xa9059cbb,,135960,1,,0xcd7f4eeb23ab8f1523a1f3b3ccb9fa84ccaee9d7ea0e7acc3867478b556e7c66,59
2026-09-23T23-05-23-489Z_n-sweep_1-2-4-8-16-32-50,V2,,16,E-empate,,,transfer,,,,0xa9059cbb,,135960,1,,0x1107214fe3d15d73a46b0972e8a23e11eea18adbc85ae8cffde0e60620558e0e,59
2026-09-23T23-05-23-489Z_n-sweep_1-2-4-8-16-32-50,V2,,16,E-empate,,,propose,,,propose,0x7d5e81e2,WasteCategoryRegistry.updateCredits,63339,1,,0xc9c4c9cf293533c0425f7b1ba2618932cf8d0889d0d9559697f579165740fc79,59
2026-09-23T23-05-23-489Z_n-sweep_1-2-4-8-16-32-50,V2,,16,E-empate,,,vote,1,for,,0x56781388,,82468,1,,0x25d3c9772fbc29cf9725ff9b0ea87a2fb4e5b3020524043935209c65cb1753f0,59
2026-09-23T23-05-23-489Z_n-sweep_1-2-4-8-16-32-50,V2,,16,E-empate,,,vote,2,for,,0x56781388,,65368,1,,0x754f7fb4b3dc71b307362dc4badf33ec2d408532a45f0f13e72aa0fbde72705d,59
2026-09-23T23-05-23-489Z_n-sweep_1-2-4-8-16-32-50,V2,,16,E-empate,,,vote,3,for,,0x56781388,,65368,1,,0xd2fb80ed837916b1781dfaf64a0646eddca842b5b4ff0a4190c193a1634a1ba2,59
2026-09-23T23-05-23-489Z_n-sweep_1-2-4-8-16-32-50,V2,,16,E-empate,,,vote,4,for,,0x56781388,,65368,1,,0xef9bb72e4ccfb0940a9514896a5f2277c735ab83c77f82f9694c13475e7ef971,59
2026-09-23T23-05-23-489Z_n-sweep_1-2-4-8-16-32-50,V2,,16,E-empate,,,vote,5,for,,0x56781388,,65368,1,,0x2e3459c03b4c2bf8276a3289d65317a4065f31f9d60c8dd08b5e2200241635bc,59
2026-09-23T23-05-23-489Z_n-sweep_1-2-4-8-16-32-50,V2,,16,E-empate,,,vote,6,for,,0x56781388,,65368,1,,0x35bd736d888742c66037e81aa4784fdc8af964c700d268b21865b029e147e33b,59
2026-09-23T23-05-23-489Z_n-sweep_1-2-4-8-16-32-50,V2,,16,E-empate,,,vote,7,for,,0x56781388,,65368,1,,0x3391292d1c844d000a6b9d1d55d7ca3a4b39b74efc74050a8620a9227098a555,59
2026-09-23T23-05-23-489Z_n-sweep_1-2-4-8-16-32-50,V2,,16,E-empate,,,vote,8,for,,0x56781388,,65368,1,,0x3cc144b1971b567ccbe6a717a1122bc3bfa2addf60be7577ab4fdf407891419a,59
2026-09-23T23-05-23-489Z_n-sweep_1-2-4-8-16-32-50,V2,,16,E-empate,,,vote,1,against,,0x56781388,,82416,1,,0x823063dc0d400697bf548900451c607f36577900ba0e4522ddd1a849e1823ef1,59
2026-09-23T23-05-23-489Z_n-sweep_1-2-4-8-16-32-50,V2,,16,E-empate,,,vote,2,against,,0x56781388,,65316,1,,0x3f8fb7dbfffd6605efb25b5de319185aa03f306f3373af598831470f37e3db6f,59
2026-09-23T23-05-23-489Z_n-sweep_1-2-4-8-16-32-50,V2,,16,E-empate,,,vote,3,against,,0x56781388,,65316,1,,0x05b70fe54d4615e21e71e2f52d93926100d30dd68501e08c3b58475fd6f1da57,59
2026-09-23T23-05-23-489Z_n-sweep_1-2-4-8-16-32-50,V2,,16,E-empate,,,vote,4,against,,0x56781388,,65316,1,,0xf6e33e69f165d38c44a675ecbef4f1a779c44b22472eea97610b942b92aacce6,59
2026-09-23T23-05-23-489Z_n-sweep_1-2-4-8-16-32-50,V2,,16,E-empate,,,vote,5,against,,0x56781388,,65316,1,,0x234679cdc3dbb2ac2103418e456cf65d69d9ad8982a86bfb1528869163b346fa,59
2026-09-23T23-05-23-489Z_n-sweep_1-2-4-8-16-32-50,V2,,16,E-empate,,,vote,6,against,,0x56781388,,65316,1,,0x73dc336766fdd745b5011eb97766ba25309bffae7176172a0ba2d97e30a3eb7f,59
2026-09-23T23-05-23-489Z_n-sweep_1-2-4-8-16-32-50,V2,,16,E-empate,,,vote,7,against,,0x56781388,,65316,1,,0x08a4047d2a93837cff2bee513374feb3f40b1229877f648568942ad301769fc7,59
2026-09-23T23-05-23-489Z_n-sweep_1-2-4-8-16-32-50,V2,,16,E-empate,,,vote,8,against,,0x56781388,,65316,1,,0x6bd7b74755879509f44eafd68e73f39dd563791053b292b3aba0fd17d7604dda,59
2026-09-23T23-05-23-489Z_n-sweep_1-2-4-8-16-32-50,V2,,16,E-empate,,,execute_attempt,,,execute,0x2656227d,WasteCategoryRegistry.updateCredits,40422,0,"VM Exception while processing transaction: reverted with custom error 'GovernorUnexpectedProposalState(25014841354696022552026660623473428509166185006780635068757733320357973249029, 3, '0x0000000000000000000000000000000000000000000000000000000000000030')'",0xe4408e5783855fd4b908553237b598b840d71bc0f17aa5fb1a79d92b696880a7,59
2026-09-23T23-05-23-489Z_n-sweep_1-2-4-8-16-32-50,Ref,T1,,,,,deploy_token_T1,,,constructor,0x61016060,,1621017,1,,0x8a423d158719dafa7ff4b82bcd6f6a5661f61c993e6aaede0acbe21a849af082,60
2026-09-23T23-05-23-489Z_n-sweep_1-2-4-8-16-32-50,Ref,,,,,,deploy_registry,,,constructor,0x60806040,,4590964,1,,0x9005486642112873086c0faf3a06ce7199e3377186a80eb6eea4235f5e1c6f56,60
2026-09-23T23-05-23-489Z_n-sweep_1-2-4-8-16-32-50,Ref,,,,,,deploy_rewards_registry_for_ctor,,,constructor,0x60806040,,4590964,1,,0x484f4210d177094deb4832deb5e459c708c732becb1881e1d1417503c177d84a,60
2026-09-23T23-05-23-489Z_n-sweep_1-2-4-8-16-32-50,Ref,,,,,,deploy_credit,,,constructor,0x60806040,,931954,1,,0xda6265176213799bfac2d03545eb38f6f6d6d978852db5e040dec6bdc95b6a46,60
2026-09-23T23-05-23-489Z_n-sweep_1-2-4-8-16-32-50,Ref,,,,,,deploy_passport,,,constructor,0x60806040,,2776581,1,,0xe5a36162780b85ac2b217350036da2286056186a02d74234dd0980865a07c217,60
2026-09-23T23-05-23-489Z_n-sweep_1-2-4-8-16-32-50,Ref,,,,,,deploy_rewards,,,constructor,0x60803461,,1246140,1,,0x748f3eef423a29001e508633e407c909b25f0e6a89b560856468f0ac6655c439,60
2026-09-23T23-05-23-489Z_n-sweep_1-2-4-8-16-32-50,Ref,,,,,,deploy_stakeholders,,,constructor,0x60803461,,1679823,1,,0xd4be2e468d589ae7e76ff2c292757707613e73c2a9e8f4c774280b5fd0991072,60
2026-09-23T23-05-23-489Z_n-sweep_1-2-4-8-16-32-50,Ref,,,,,,deploy_governor_Ref,,,constructor,0x61018060,,4434623,1,,0xd1b6a3d1f944bdfe5c399ebf7a1e6ed8a76e5b5acd93cdfc3d211571cbc50a6e,60
2026-09-23T23-05-23-489Z_n-sweep_1-2-4-8-16-32-50,Ref,,,,,,grant_admin_role,,,grantRole,0x2f2ff15d,,50799,1,,0x9477ec21ceecb8e71e570a8e5c711d060981c6dc53217d4071b2c7d012604374,60
2026-09-23T23-05-23-489Z_n-sweep_1-2-4-8-16-32-50,Ref,,,,,,revoke_deployer_admin_role,,,revokeRole,0xd547741f,,27116,1,,0x4571f6b2b82c72e95dbfd028346a3c95cee362f1cdc4e946338a9d1e56d58c09,60
2026-09-23T23-05-23-489Z_n-sweep_1-2-4-8-16-32-50,Ref,,16,E-empate,,,delegate_admin,,,,0x5c19a95c,,95559,1,,0xfca7f8e34a7a367a38495092e6c6ae53f6f6bbc6c6cdd047fed83c770b76a8c9,60
2026-09-23T23-05-23-489Z_n-sweep_1-2-4-8-16-32-50,Ref,,16,E-empate,,,delegate,,,,0x5c19a95c,,48347,1,,0x2f1db724527155bbb87015320f4de9a632dd20bb0d57eddcbd649b18207511a9,60
2026-09-23T23-05-23-489Z_n-sweep_1-2-4-8-16-32-50,Ref,,16,E-empate,,,delegate,,,,0x5c19a95c,,48335,1,,0x8b0e52e67c302dbb4252eb6f968ee138c191eb8205be72d37b64b0c5ee99cc0e,60
2026-09-23T23-05-23-489Z_n-sweep_1-2-4-8-16-32-50,Ref,,16,E-empate,,,delegate,,,,0x5c19a95c,,48347,1,,0x1a5bd05dacedf9e3acc8ca8d92b6aea9cf2aa84f70c77d04dab2d0257070356f,60
2026-09-23T23-05-23-489Z_n-sweep_1-2-4-8-16-32-50,Ref,,16,E-empate,,,delegate,,,,0x5c19a95c,,48347,1,,0x05f7d9fd7d2dcae80248756e17e23af4963c07b10ebe32e7c079f468806ce249,60
2026-09-23T23-05-23-489Z_n-sweep_1-2-4-8-16-32-50,Ref,,16,E-empate,,,delegate,,,,0x5c19a95c,,48347,1,,0xc692236193a870ec74b2ae8543ffbfe39b6bd5462442ea5a4e078b2d3116adeb,60
2026-09-23T23-05-23-489Z_n-sweep_1-2-4-8-16-32-50,Ref,,16,E-empate,,,delegate,,,,0x5c19a95c,,48347,1,,0x69a8f9be879966443d3229422f1c20ad3c5a2104215131e80047b7236df1a439,60
2026-09-23T23-05-23-489Z_n-sweep_1-2-4-8-16-32-50,Ref,,16,E-empate,,,delegate,,,,0x5c19a95c,,48347,1,,0x14477638203890fae6e03b6d8872fdc619692fcbe0c9a0a0fd173ec8ce55cf6a,60
2026-09-23T23-05-23-489Z_n-sweep_1-2-4-8-16-32-50,Ref,,16,E-empate,,,delegate,,,,0x5c19a95c,,48347,1,,0x9f65b07d974009afeb2495f5f83544615b836d4a15a53225fe23457a4ef7529a,60
2026-09-23T23-05-23-489Z_n-sweep_1-2-4-8-16-32-50,Ref,,16,E-empate,,,delegate,,,,0x5c19a95c,,48347,1,,0xa0971290a91aaca9bef42b2510df553f4ebee2f2d38ba046d76d2691243fb7dd,60
2026-09-23T23-05-23-489Z_n-sweep_1-2-4-8-16-32-50,Ref,,16,E-empate,,,delegate,,,,0x5c19a95c,,48335,1,,0xf4bd663b316a97cdf28dc55b27e731573031aea8aab195f90366a39b05dc631b,60
2026-09-23T23-05-23-489Z_n-sweep_1-2-4-8-16-32-50,Ref,,16,E-empate,,,delegate,,,,0x5c19a95c,,48347,1,,0x55e216d1fd4a57f4b14ecf096eae768c82f748bc8c3f110c2fc2ba1820ce2744,60
2026-09-23T23-05-23-489Z_n-sweep_1-2-4-8-16-32-50,Ref,,16,E-empate,,,delegate,,,,0x5c19a95c,,48347,1,,0xbeccf0fe707163bf021a0c3ffd89fd06dd965e84aaeeb5376b88e31618e0b3ef,60
2026-09-23T23-05-23-489Z_n-sweep_1-2-4-8-16-32-50,Ref,,16,E-empate,,,delegate,,,,0x5c19a95c,,48347,1,,0xed73e3faa352679f7bf43132dd18ad217d7dffba0cc24f3713a202326244db62,60
2026-09-23T23-05-23-489Z_n-sweep_1-2-4-8-16-32-50,Ref,,16,E-empate,,,delegate,,,,0x5c19a95c,,48347,1,,0x5374bf6eb24d592b0acaebd034fe51028190ab20647a23e2d7f82be4b0b4b62a,60
2026-09-23T23-05-23-489Z_n-sweep_1-2-4-8-16-32-50,Ref,,16,E-empate,,,delegate,,,,0x5c19a95c,,48347,1,,0x6aae91bc64c7d2f749cdc72d4c86dc056214e39b94dea5beb29c9770a782550c,60
2026-09-23T23-05-23-489Z_n-sweep_1-2-4-8-16-32-50,Ref,,16,E-empate,,,delegate,,,,0x5c19a95c,,48347,1,,0x0ec09445c5c783300c5f7634f26cc80e02bfc4833b0c856f952ea96a2adb5606,60
2026-09-23T23-05-23-489Z_n-sweep_1-2-4-8-16-32-50,Ref,,16,E-empate,,,transfer,,,,0xa9059cbb,,135960,1,,0x434b98a72067cb327a9eac3a342b7f47ca18effbd1b40d0224b82fb27ad512e0,60
2026-09-23T23-05-23-489Z_n-sweep_1-2-4-8-16-32-50,Ref,,16,E-empate,,,transfer,,,,0xa9059cbb,,135948,1,,0xc8ccca71ba2311545fd7543aa69516b8a372bce0c8f41848d3bcd3ba3c44779a,60
2026-09-23T23-05-23-489Z_n-sweep_1-2-4-8-16-32-50,Ref,,16,E-empate,,,transfer,,,,0xa9059cbb,,135960,1,,0x925a617bc303f1b088cec680d74dd66843d5f4c3dc702b98f282bd0842b11957,60
2026-09-23T23-05-23-489Z_n-sweep_1-2-4-8-16-32-50,Ref,,16,E-empate,,,transfer,,,,0xa9059cbb,,135960,1,,0x59a9abfa1d21895759a2db87a286cb9d34f755e39824632c3f50997395f11ee5,60
2026-09-23T23-05-23-489Z_n-sweep_1-2-4-8-16-32-50,Ref,,16,E-empate,,,transfer,,,,0xa9059cbb,,135960,1,,0x709a0686f17bb479fda0f406b6c3c63838b08a4eaef022850866c3fc2071237b,60
2026-09-23T23-05-23-489Z_n-sweep_1-2-4-8-16-32-50,Ref,,16,E-empate,,,transfer,,,,0xa9059cbb,,135960,1,,0xb0eac06619547e241ec35274f15509fb5c770db50192de6a1103406050a1438c,60
2026-09-23T23-05-23-489Z_n-sweep_1-2-4-8-16-32-50,Ref,,16,E-empate,,,transfer,,,,0xa9059cbb,,135960,1,,0x51a2b6d5c32651b623f1d6c6d540db593effaf95342fa3f2319603e65ea66000,60
2026-09-23T23-05-23-489Z_n-sweep_1-2-4-8-16-32-50,Ref,,16,E-empate,,,transfer,,,,0xa9059cbb,,135960,1,,0x13e4e034fa5ecff267597b9545aba150c38765efef59593d84dd5b6f670c7d51,60
2026-09-23T23-05-23-489Z_n-sweep_1-2-4-8-16-32-50,Ref,,16,E-empate,,,transfer,,,,0xa9059cbb,,135960,1,,0xb50ca5dd46a975583d571c6bf23c67ae3e137f92737ba93d2ea1b9b4e7613c68,60
2026-09-23T23-05-23-489Z_n-sweep_1-2-4-8-16-32-50,Ref,,16,E-empate,,,transfer,,,,0xa9059cbb,,135948,1,,0x4710c50cd82fb4f8ac04d723ac5c8d42c6543fdb3a9268342c0ae90e7ce7bc22,60
2026-09-23T23-05-23-489Z_n-sweep_1-2-4-8-16-32-50,Ref,,16,E-empate,,,transfer,,,,0xa9059cbb,,135960,1,,0x1b245ffd7c4312f3b7eacced4fb57463afe5ce87642680cd5f65eae6187e1439,60
2026-09-23T23-05-23-489Z_n-sweep_1-2-4-8-16-32-50,Ref,,16,E-empate,,,transfer,,,,0xa9059cbb,,135960,1,,0xd8557dba87cb129629f44383c80d70a6708f507e977241fbb62b88d35afebd94,60
2026-09-23T23-05-23-489Z_n-sweep_1-2-4-8-16-32-50,Ref,,16,E-empate,,,transfer,,,,0xa9059cbb,,135960,1,,0xe994057952dc8d3e8a8666279ac41416a2fe0fb476cb3827b4db2e75fe136704,60
2026-09-23T23-05-23-489Z_n-sweep_1-2-4-8-16-32-50,Ref,,16,E-empate,,,transfer,,,,0xa9059cbb,,135960,1,,0xb60ac622a66279a59148d696405bd2db92019f515117a73345c81cfc8fe2666f,60
2026-09-23T23-05-23-489Z_n-sweep_1-2-4-8-16-32-50,Ref,,16,E-empate,,,transfer,,,,0xa9059cbb,,135960,1,,0x0583d0039c47214dc4d3794215cbfb5621cce4645ca4d52477e1dbef820be994,60
2026-09-23T23-05-23-489Z_n-sweep_1-2-4-8-16-32-50,Ref,,16,E-empate,,,transfer,,,,0xa9059cbb,,135960,1,,0xeabacdab51ac72295bcf6e3a06331d102444daeebe0f93c75b37098f68e1b3a4,60
2026-09-23T23-05-23-489Z_n-sweep_1-2-4-8-16-32-50,Ref,,16,E-empate,,,propose,,,propose,0x7d5e81e2,WasteCategoryRegistry.updateCredits,81603,1,,0xda14db622cfa51c36c2ef85110962b3c5841c153bf0727debf693050fd48ea28,60
2026-09-23T23-05-23-489Z_n-sweep_1-2-4-8-16-32-50,Ref,,16,E-empate,,,vote,1,for,,0x56781388,,83098,1,,0x4dec81670c003a907e08c50d3d217dac38a004b70c51eafa8c15770652346d6e,60
2026-09-23T23-05-23-489Z_n-sweep_1-2-4-8-16-32-50,Ref,,16,E-empate,,,vote,2,for,,0x56781388,,65998,1,,0x98324d01bda21f6996c22b13b2d22dbaddc7568e72ed368a4c3e78ee734c10ba,60
2026-09-23T23-05-23-489Z_n-sweep_1-2-4-8-16-32-50,Ref,,16,E-empate,,,vote,3,for,,0x56781388,,65998,1,,0x4e3877df68cd6d8557d43b3cc65f989be27015e5fff869ec9bccbfc2f869d377,60
2026-09-23T23-05-23-489Z_n-sweep_1-2-4-8-16-32-50,Ref,,16,E-empate,,,vote,4,for,,0x56781388,,65998,1,,0x8620d9d5ffd0b899b5a01a3df472c5e859326fab363b413c84bc09a7f204edb2,60
2026-09-23T23-05-23-489Z_n-sweep_1-2-4-8-16-32-50,Ref,,16,E-empate,,,vote,5,for,,0x56781388,,65998,1,,0xf7a2ba2693a605284b3bebdcdba91a821d67040fb2ee48f39762d2686013566c,60
2026-09-23T23-05-23-489Z_n-sweep_1-2-4-8-16-32-50,Ref,,16,E-empate,,,vote,6,for,,0x56781388,,65998,1,,0x039fc5b9eb484cd23e72f32c2a8dbdf1e3df7804bb2f6763d3c3a31bbdacc7b5,60
2026-09-23T23-05-23-489Z_n-sweep_1-2-4-8-16-32-50,Ref,,16,E-empate,,,vote,7,for,,0x56781388,,65998,1,,0xdb6276d47a6af3a19f9fe28b038a4108e16d4f705acc93ae9d6e35a2310b28ed,60
2026-09-23T23-05-23-489Z_n-sweep_1-2-4-8-16-32-50,Ref,,16,E-empate,,,vote,8,for,,0x56781388,,65998,1,,0xb9f2b48cc646f5efd5f77af69de85b8c1e8c7eac8664b2728d7597a9433b6105,60
2026-09-23T23-05-23-489Z_n-sweep_1-2-4-8-16-32-50,Ref,,16,E-empate,,,vote,1,against,,0x56781388,,83057,1,,0x5136e9ffe5acfd8d87ee8e74d4d4477cf3ce2db2024021d6854c5f9845292e96,60
2026-09-23T23-05-23-489Z_n-sweep_1-2-4-8-16-32-50,Ref,,16,E-empate,,,vote,2,against,,0x56781388,,65957,1,,0x8599103d0bb7a0335903d102dc288fd579e926914ad282c8c067d8c810aceb2a,60
2026-09-23T23-05-23-489Z_n-sweep_1-2-4-8-16-32-50,Ref,,16,E-empate,,,vote,3,against,,0x56781388,,65957,1,,0x730f6d4ae0e98cb414828c28053425b46cfd7f230724ebbf002353df65a62e20,60
2026-09-23T23-05-23-489Z_n-sweep_1-2-4-8-16-32-50,Ref,,16,E-empate,,,vote,4,against,,0x56781388,,65957,1,,0x4f90a043ce50f6ea210acb68ce2185ef8be5538988d3e3fda1874c344221f51e,60
2026-09-23T23-05-23-489Z_n-sweep_1-2-4-8-16-32-50,Ref,,16,E-empate,,,vote,5,against,,0x56781388,,65957,1,,0x4859e56d57a439093d7795720eddb24afe8ad3d79dba652a6a624985f802f4cf,60
2026-09-23T23-05-23-489Z_n-sweep_1-2-4-8-16-32-50,Ref,,16,E-empate,,,vote,6,against,,0x56781388,,65957,1,,0x5bae880a0fbda5b36cdae34a880aca6f7aabc59db3a5118b19a172b3cc50532f,60
2026-09-23T23-05-23-489Z_n-sweep_1-2-4-8-16-32-50,Ref,,16,E-empate,,,vote,7,against,,0x56781388,,65957,1,,0x7fe80561ca028af0ed63c1d04a24a7b6861aa3f04a5a09978c23ae0bb95a3d4a,60
2026-09-23T23-05-23-489Z_n-sweep_1-2-4-8-16-32-50,Ref,,16,E-empate,,,vote,8,against,,0x56781388,,65957,1,,0xf5db704c3662f6b5565d9e042e9eb1416ae45df8b4da993ce4a44419503b046d,60
2026-09-23T23-05-23-489Z_n-sweep_1-2-4-8-16-32-50,Ref,,16,E-empate,,,execute_attempt,,,execute,0x2656227d,WasteCategoryRegistry.updateCredits,51452,0,"VM Exception while processing transaction: reverted with custom error 'GovernorUnexpectedProposalState(25014841354696022552026660623473428509166185006780635068757733320357973249029, 3, '0x0000000000000000000000000000000000000000000000000000000000000030')'",0x0c63d18496713562223754e2c527aa7efe4ae0c5294a71ddf1e24cd2f3f9d14a,60
2026-09-23T23-05-23-489Z_n-sweep_1-2-4-8-16-32-50,V0,T1,,,,,deploy_token_T1,,,constructor,0x61016060,,1621017,1,,0xece28f063ba256e8fc65152daf61fe745a7823e8ba387b1b661409f18f6dc4cc,61
2026-09-23T23-05-23-489Z_n-sweep_1-2-4-8-16-32-50,V0,,,,,,deploy_registry,,,constructor,0x60806040,,4590964,1,,0x9005486642112873086c0faf3a06ce7199e3377186a80eb6eea4235f5e1c6f56,61
2026-09-23T23-05-23-489Z_n-sweep_1-2-4-8-16-32-50,V0,,,,,,deploy_governor_V0,,,constructor,0x6101c080,,2133394,1,,0x8b33a795df9df0e5a3cb812430955580d1fb4f654a6028dd161238e13d560524,61
2026-09-23T23-05-23-489Z_n-sweep_1-2-4-8-16-32-50,V0,,,,,,grant_admin_role,,,grantRole,0x2f2ff15d,,50799,1,,0xb518a3911be32f0a59dcaec3e43c7ec54010f07f3e473d550516b1aab1a18d6b,61
2026-09-23T23-05-23-489Z_n-sweep_1-2-4-8-16-32-50,V0,,,,,,revoke_deployer_admin_role,,,revokeRole,0xd547741f,,27116,1,,0x8cb08b8b6ca45600b76a431b4cd18aee2095374e00c890903bfaa28d83b5f82b,61
2026-09-23T23-05-23-489Z_n-sweep_1-2-4-8-16-32-50,V0,,32,A-unanime,,,delegate_admin,,,,0x5c19a95c,,95559,1,,0xfa43c1f7a1a1658c8aeac58119b26e806face10fc63ae3e18099942309f4d395,61
2026-09-23T23-05-23-489Z_n-sweep_1-2-4-8-16-32-50,V0,,32,A-unanime,,,delegate,,,,0x5c19a95c,,48347,1,,0xf96ae171d39b1290c248e3ee88c92c43e24751ff4aacf46bad404cad29a33e37,61
2026-09-23T23-05-23-489Z_n-sweep_1-2-4-8-16-32-50,V0,,32,A-unanime,,,delegate,,,,0x5c19a95c,,48335,1,,0x65ff74d2610d5c80f16dc62aa4e01b339a9ecd8c95911ae092d678a9792cdcb8,61
2026-09-23T23-05-23-489Z_n-sweep_1-2-4-8-16-32-50,V0,,32,A-unanime,,,delegate,,,,0x5c19a95c,,48347,1,,0xb06e4e18b389cc3c69848b844c44927f26087a909c0e4532a1ba892e8d7bac4c,61
2026-09-23T23-05-23-489Z_n-sweep_1-2-4-8-16-32-50,V0,,32,A-unanime,,,delegate,,,,0x5c19a95c,,48347,1,,0xfdc5c4ae6e458adbd0780d18d4ef20dca6b7a02f3efff2f7c0eec7590e340a41,61
2026-09-23T23-05-23-489Z_n-sweep_1-2-4-8-16-32-50,V0,,32,A-unanime,,,delegate,,,,0x5c19a95c,,48347,1,,0x5c4d4bc02e09949d860a2c409a26209335f7c4e4eca7ac13d0e60a5cf0d0f233,61
2026-09-23T23-05-23-489Z_n-sweep_1-2-4-8-16-32-50,V0,,32,A-unanime,,,delegate,,,,0x5c19a95c,,48347,1,,0x8eb2597a239d7d5a9d780141fa850308f21a221b62b2f0b2cd01922a25b294b2,61
2026-09-23T23-05-23-489Z_n-sweep_1-2-4-8-16-32-50,V0,,32,A-unanime,,,delegate,,,,0x5c19a95c,,48347,1,,0x61b0a2cbceae6ab3b47dbad41fbaa57485b4b4545814b177fb76f5e80989f4b6,61
2026-09-23T23-05-23-489Z_n-sweep_1-2-4-8-16-32-50,V0,,32,A-unanime,,,delegate,,,,0x5c19a95c,,48347,1,,0x8e8293e79ce57e8b2bd6c914c167b0ec5858ded7d332cc962607075acbcc0b43,61
2026-09-23T23-05-23-489Z_n-sweep_1-2-4-8-16-32-50,V0,,32,A-unanime,,,delegate,,,,0x5c19a95c,,48347,1,,0x700d26ece381a9328c0c0607c8015a890a8cc373fc0ec5e3e5957a9b1720c821,61
2026-09-23T23-05-23-489Z_n-sweep_1-2-4-8-16-32-50,V0,,32,A-unanime,,,delegate,,,,0x5c19a95c,,48335,1,,0x827f347ed9162ee5aa31942cb2cd15f5b7940183deaee5d4a11b6efe87452173,61
2026-09-23T23-05-23-489Z_n-sweep_1-2-4-8-16-32-50,V0,,32,A-unanime,,,delegate,,,,0x5c19a95c,,48347,1,,0x05e0616bb804c3cd4df19f7b0cf511dbcb6e9524c52bcfbf8b39223490cc0846,61
2026-09-23T23-05-23-489Z_n-sweep_1-2-4-8-16-32-50,V0,,32,A-unanime,,,delegate,,,,0x5c19a95c,,48347,1,,0x7409a97667b08d9b70b0d678843340d442fad8337ae46944499977e000325f92,61
2026-09-23T23-05-23-489Z_n-sweep_1-2-4-8-16-32-50,V0,,32,A-unanime,,,delegate,,,,0x5c19a95c,,48347,1,,0x06bc39c687cf89ca2626bc142b16cf4a83fd68b90155fd6344acd5c17148d8a6,61
2026-09-23T23-05-23-489Z_n-sweep_1-2-4-8-16-32-50,V0,,32,A-unanime,,,delegate,,,,0x5c19a95c,,48347,1,,0xe5d3691fe9ffad366e158fc098b74dd6635f083c235a6588c23e1d5313889cc9,61
2026-09-23T23-05-23-489Z_n-sweep_1-2-4-8-16-32-50,V0,,32,A-unanime,,,delegate,,,,0x5c19a95c,,48347,1,,0x75300fe9f7d70fbe306b3cefadf0423a64334a4470eee34e958b76b4418900c0,61
2026-09-23T23-05-23-489Z_n-sweep_1-2-4-8-16-32-50,V0,,32,A-unanime,,,delegate,,,,0x5c19a95c,,48347,1,,0xef2cf8fae96fa4c95b9eb5fc78e668af4f5126a23f921c90e15afdcffccd9bf9,61
2026-09-23T23-05-23-489Z_n-sweep_1-2-4-8-16-32-50,V0,,32,A-unanime,,,delegate,,,,0x5c19a95c,,48347,1,,0x75636b14aa58b1ee084fe99cfffb238b737ed57732e5f8ae341a0948974569ff,61
2026-09-23T23-05-23-489Z_n-sweep_1-2-4-8-16-32-50,V0,,32,A-unanime,,,delegate,,,,0x5c19a95c,,48347,1,,0x65f4191d52cde8745142fbad7dab453ac77b84433334a064c65edeec324649be,61
2026-09-23T23-05-23-489Z_n-sweep_1-2-4-8-16-32-50,V0,,32,A-unanime,,,delegate,,,,0x5c19a95c,,48347,1,,0x0015672d62ab0be7ad971272757786d6751bd437c259b6f784a5abb0f9f433e0,61
2026-09-23T23-05-23-489Z_n-sweep_1-2-4-8-16-32-50,V0,,32,A-unanime,,,delegate,,,,0x5c19a95c,,48347,1,,0xf061e3370e552636294057b3e13f8e38e49eb9ccd954add59da578817c58a14b,61
2026-09-23T23-05-23-489Z_n-sweep_1-2-4-8-16-32-50,V0,,32,A-unanime,,,delegate,,,,0x5c19a95c,,48347,1,,0x68475bd925d88da79400657a3df0347cc6be2f887e9fd5fcbf64f6c37d69bf4c,61
2026-09-23T23-05-23-489Z_n-sweep_1-2-4-8-16-32-50,V0,,32,A-unanime,,,delegate,,,,0x5c19a95c,,48347,1,,0xd0da4d004b36ebb022f1b178255cff262f0f75fc2d5a7fda434ccc846c4f7499,61
2026-09-23T23-05-23-489Z_n-sweep_1-2-4-8-16-32-50,V0,,32,A-unanime,,,delegate,,,,0x5c19a95c,,48347,1,,0xaae5636599004f1ba254fea80dbb33335f44a116db4d94090e99b80481406327,61
2026-09-23T23-05-23-489Z_n-sweep_1-2-4-8-16-32-50,V0,,32,A-unanime,,,delegate,,,,0x5c19a95c,,48347,1,,0xfcd4c1dd668d5148e045ce4771c59bdb6f602ef49d2404bbfeb296fc6ce93753,61
2026-09-23T23-05-23-489Z_n-sweep_1-2-4-8-16-32-50,V0,,32,A-unanime,,,delegate,,,,0x5c19a95c,,48335,1,,0x4ebfe89be7e94686ecfb217057d8b4fa5161bcce6d50adcc044a0aff6d4282af,61
2026-09-23T23-05-23-489Z_n-sweep_1-2-4-8-16-32-50,V0,,32,A-unanime,,,delegate,,,,0x5c19a95c,,48347,1,,0xb3d77ed4f7a6d94080b6c775433f6c6f21a916c783059136f4572f52dc3a8874,61
2026-09-23T23-05-23-489Z_n-sweep_1-2-4-8-16-32-50,V0,,32,A-unanime,,,delegate,,,,0x5c19a95c,,48347,1,,0x127f4971e3e590d8328bd74ed6096c37b20e6836b27cf90514b9a87cd503f413,61
2026-09-23T23-05-23-489Z_n-sweep_1-2-4-8-16-32-50,V0,,32,A-unanime,,,delegate,,,,0x5c19a95c,,48347,1,,0xb67155a13ea706a326342e60462ed0ed7c4a680e0112e43260248751f2fe896b,61
2026-09-23T23-05-23-489Z_n-sweep_1-2-4-8-16-32-50,V0,,32,A-unanime,,,delegate,,,,0x5c19a95c,,48347,1,,0xe2be7e7d00839d4fa7d3020666aa9dcf9efcdc40f9fa77a35592a87459c52b90,61
2026-09-23T23-05-23-489Z_n-sweep_1-2-4-8-16-32-50,V0,,32,A-unanime,,,delegate,,,,0x5c19a95c,,48347,1,,0xb535243780f9c28da64ec7309760125fe2487568589114d83acf79e30a47d760,61
2026-09-23T23-05-23-489Z_n-sweep_1-2-4-8-16-32-50,V0,,32,A-unanime,,,delegate,,,,0x5c19a95c,,48347,1,,0x293dda08d12cb640488f1dad6a8ab9d2c5b59be364ffe60275d52382b886183e,61
2026-09-23T23-05-23-489Z_n-sweep_1-2-4-8-16-32-50,V0,,32,A-unanime,,,delegate,,,,0x5c19a95c,,48347,1,,0xacef40fd99317b96d80072941137339058a20720c237b0b3cc16b1e2fa83b630,61
2026-09-23T23-05-23-489Z_n-sweep_1-2-4-8-16-32-50,V0,,32,A-unanime,,,transfer,,,,0xa9059cbb,,135960,1,,0x29f9412c2ffdb239cd38ad70ce5ff600bccbe9b453fde1a6c033626a6c646eba,61
2026-09-23T23-05-23-489Z_n-sweep_1-2-4-8-16-32-50,V0,,32,A-unanime,,,transfer,,,,0xa9059cbb,,135948,1,,0x8f041ff9c5655d4daebf93c7047f302ad35f1ca24ab937021cdfaef9f1a6a756,61
2026-09-23T23-05-23-489Z_n-sweep_1-2-4-8-16-32-50,V0,,32,A-unanime,,,transfer,,,,0xa9059cbb,,135960,1,,0x894cb225643f213ea48145224f017a92ba27a56c855d4e864be1cf03f553f4e4,61
2026-09-23T23-05-23-489Z_n-sweep_1-2-4-8-16-32-50,V0,,32,A-unanime,,,transfer,,,,0xa9059cbb,,135960,1,,0x3669c5c62c9c04c0b63cd9e2ac0efe73efa33690cc7c083d0f722f4faf7f3deb,61
2026-09-23T23-05-23-489Z_n-sweep_1-2-4-8-16-32-50,V0,,32,A-unanime,,,transfer,,,,0xa9059cbb,,135960,1,,0x1c6da41f1d7427474ac4a460fc9ab6ecebc43e28111a95210985017e1df19b0e,61
2026-09-23T23-05-23-489Z_n-sweep_1-2-4-8-16-32-50,V0,,32,A-unanime,,,transfer,,,,0xa9059cbb,,135960,1,,0xc5f663a7a79d99e5243ccdf534e9568721965742239be272f3f09fa15d179d28,61
2026-09-23T23-05-23-489Z_n-sweep_1-2-4-8-16-32-50,V0,,32,A-unanime,,,transfer,,,,0xa9059cbb,,135960,1,,0xe2291692adeb618776d98781636168333451130b8435b697ba7b7a0a14dad560,61
2026-09-23T23-05-23-489Z_n-sweep_1-2-4-8-16-32-50,V0,,32,A-unanime,,,transfer,,,,0xa9059cbb,,135960,1,,0xf9506b0c1beff2bf33e7ef0c136749f5ac13cab6771da989a3e2fb148f3590fd,61
2026-09-23T23-05-23-489Z_n-sweep_1-2-4-8-16-32-50,V0,,32,A-unanime,,,transfer,,,,0xa9059cbb,,135960,1,,0x1af83e41b3f45f8f3d1d590a022ee767ac4aa81951ba2005ee07c6b983c5ae3d,61
2026-09-23T23-05-23-489Z_n-sweep_1-2-4-8-16-32-50,V0,,32,A-unanime,,,transfer,,,,0xa9059cbb,,135948,1,,0x81332d9b7f7537150d94378442ce4c1db2ae444318b30870687f0b9d9d59c7ff,61
2026-09-23T23-05-23-489Z_n-sweep_1-2-4-8-16-32-50,V0,,32,A-unanime,,,transfer,,,,0xa9059cbb,,135960,1,,0x83112f8201f0c640c328f03974afb701b3c52488e26c4ce16f2126d7ff8a492c,61
2026-09-23T23-05-23-489Z_n-sweep_1-2-4-8-16-32-50,V0,,32,A-unanime,,,transfer,,,,0xa9059cbb,,135960,1,,0xd7d0ebb80ee8277ef9fc42d27e0c679b8bd859df8440554c35cc1a996dc02c21,61
2026-09-23T23-05-23-489Z_n-sweep_1-2-4-8-16-32-50,V0,,32,A-unanime,,,transfer,,,,0xa9059cbb,,135960,1,,0x4e991d25cd36c95cf9959fc7a6653525ae36cb4fbd796fbb9ba757016258bbb9,61
2026-09-23T23-05-23-489Z_n-sweep_1-2-4-8-16-32-50,V0,,32,A-unanime,,,transfer,,,,0xa9059cbb,,135960,1,,0xbfb14ecb18d97c103bf85e2649d90cf38911c74dd5004a26deaa8825ea4c32a4,61
2026-09-23T23-05-23-489Z_n-sweep_1-2-4-8-16-32-50,V0,,32,A-unanime,,,transfer,,,,0xa9059cbb,,135960,1,,0x3c7d501780724688ead8021f53dc00a7489d01e9bab616a55018637497b101f9,61
2026-09-23T23-05-23-489Z_n-sweep_1-2-4-8-16-32-50,V0,,32,A-unanime,,,transfer,,,,0xa9059cbb,,135960,1,,0x4848334ed2c15d3209e587cbc01ded41ac3ae7959e01e3088414815d95fc5302,61
2026-09-23T23-05-23-489Z_n-sweep_1-2-4-8-16-32-50,V0,,32,A-unanime,,,transfer,,,,0xa9059cbb,,135960,1,,0x5f2f463fd6ad6b09608be879823215fb0086144e80786aa3038baab71396069c,61
2026-09-23T23-05-23-489Z_n-sweep_1-2-4-8-16-32-50,V0,,32,A-unanime,,,transfer,,,,0xa9059cbb,,135960,1,,0xf459250b562448f3f29aa124d5882799326b8b758c0ea42a1d12b4824cdfab1c,61
2026-09-23T23-05-23-489Z_n-sweep_1-2-4-8-16-32-50,V0,,32,A-unanime,,,transfer,,,,0xa9059cbb,,135960,1,,0x7089aa37c55c94d5d7acc2178587f6883081bde5d780d769be725cac7e5fbe2f,61
2026-09-23T23-05-23-489Z_n-sweep_1-2-4-8-16-32-50,V0,,32,A-unanime,,,transfer,,,,0xa9059cbb,,135960,1,,0xaf488783a3e4419bba44faa6aff56ddd7d64da2f8b4cf7ffeb304ce38d8b8721,61
2026-09-23T23-05-23-489Z_n-sweep_1-2-4-8-16-32-50,V0,,32,A-unanime,,,transfer,,,,0xa9059cbb,,135960,1,,0x9866769fd009b00ae123d54396745d165237c883c885367f0e674f0ec147d65b,61
2026-09-23T23-05-23-489Z_n-sweep_1-2-4-8-16-32-50,V0,,32,A-unanime,,,transfer,,,,0xa9059cbb,,135960,1,,0x9b11b2365648571eb08e85854e2ad5903cd2dc39371288a6c4499d5661306550,61
2026-09-23T23-05-23-489Z_n-sweep_1-2-4-8-16-32-50,V0,,32,A-unanime,,,transfer,,,,0xa9059cbb,,135960,1,,0xfed884270499bcd3176a9f41559400dfc67e33cc85c9cf1e2b0c4f0300cf901c,61
2026-09-23T23-05-23-489Z_n-sweep_1-2-4-8-16-32-50,V0,,32,A-unanime,,,transfer,,,,0xa9059cbb,,135960,1,,0x90196f63091268ec6f03e3e9ddf2d137561e730a9d2068e83e18df72495b9131,61
2026-09-23T23-05-23-489Z_n-sweep_1-2-4-8-16-32-50,V0,,32,A-unanime,,,transfer,,,,0xa9059cbb,,135948,1,,0xf62e7d88596a4e9b4d817a01d6586dda1eb972d68851d850254c7350a6787d38,61
2026-09-23T23-05-23-489Z_n-sweep_1-2-4-8-16-32-50,V0,,32,A-unanime,,,transfer,,,,0xa9059cbb,,135960,1,,0x219d104340144e3e3b7d963c3954f2ab9c5bbb3a95032d66b2248e20f2ad8415,61
2026-09-23T23-05-23-489Z_n-sweep_1-2-4-8-16-32-50,V0,,32,A-unanime,,,transfer,,,,0xa9059cbb,,135960,1,,0xd7c4ae0a3058753c425b7d1146a5a547dea0c3fd6f8873007ba05ac840726440,61
2026-09-23T23-05-23-489Z_n-sweep_1-2-4-8-16-32-50,V0,,32,A-unanime,,,transfer,,,,0xa9059cbb,,135960,1,,0x7d8ba84f56812a83c5a8a1f0841c117ae04a38ef1d1f6541c6706b9d410b82d6,61
2026-09-23T23-05-23-489Z_n-sweep_1-2-4-8-16-32-50,V0,,32,A-unanime,,,transfer,,,,0xa9059cbb,,135960,1,,0xd05619fc8ee97b58203ac2a41fa73951547786737aee796dfa908b3464554172,61
2026-09-23T23-05-23-489Z_n-sweep_1-2-4-8-16-32-50,V0,,32,A-unanime,,,transfer,,,,0xa9059cbb,,135960,1,,0x53e684e6a147858b71f1d1b69168181a8e311b1a5c3e32ed9089312a984860df,61
2026-09-23T23-05-23-489Z_n-sweep_1-2-4-8-16-32-50,V0,,32,A-unanime,,,transfer,,,,0xa9059cbb,,135960,1,,0xcdebc9833856cef219be3f76cfb611e9b988c73c657911fbab9cb4dd4d47476e,61
2026-09-23T23-05-23-489Z_n-sweep_1-2-4-8-16-32-50,V0,,32,A-unanime,,,transfer,,,,0xa9059cbb,,135960,1,,0x14ef011d0e8f8bec73e6333fe3ee405aec446d146c63cb7386bf63138b12b7d3,61
2026-09-23T23-05-23-489Z_n-sweep_1-2-4-8-16-32-50,V0,,32,A-unanime,,,propose,,,propose,0x7d5e81e2,WasteCategoryRegistry.updateCredits,63351,1,,0x3cbaa6a43c53f12f47cbad8c7d6155ac7adb0da2a9ef52f28e9e51e0a2ec9b84,61
2026-09-23T23-05-23-489Z_n-sweep_1-2-4-8-16-32-50,V0,,32,A-unanime,,,vote,1,for,,0x56781388,,81899,1,,0x35b5bcc70bc055fc3dddf1490d618c8e57ec29a1d0f9ecfacc7c14e9eb0f537a,61
2026-09-23T23-05-23-489Z_n-sweep_1-2-4-8-16-32-50,V0,,32,A-unanime,,,vote,2,for,,0x56781388,,64799,1,,0xe1404ca43da5bfaf399d9a7eb401d1f7b8006cbfa6e01cf2f03b147c4e7000fd,61
2026-09-23T23-05-23-489Z_n-sweep_1-2-4-8-16-32-50,V0,,32,A-unanime,,,vote,3,for,,0x56781388,,64799,1,,0x56c806cbfa840359eacef6c3961e23c7679434f842f904e61fb1148fccc89324,61
2026-09-23T23-05-23-489Z_n-sweep_1-2-4-8-16-32-50,V0,,32,A-unanime,,,vote,4,for,,0x56781388,,64799,1,,0xf840bd99bf95cef0bbec72fad87beb33f4def633cf38d2c8e7dbeb28a998beee,61
2026-09-23T23-05-23-489Z_n-sweep_1-2-4-8-16-32-50,V0,,32,A-unanime,,,vote,5,for,,0x56781388,,64799,1,,0xbb762a3bb63a76833a3ac0002c0413f810b0a528c4afd9f4a2fad17e828b7813,61
2026-09-23T23-05-23-489Z_n-sweep_1-2-4-8-16-32-50,V0,,32,A-unanime,,,vote,6,for,,0x56781388,,64799,1,,0xa5b75cb42cad9b8c0389f9e39e27eddc1771981a52124d4851d4edb4483cb6e9,61
2026-09-23T23-05-23-489Z_n-sweep_1-2-4-8-16-32-50,V0,,32,A-unanime,,,vote,7,for,,0x56781388,,64799,1,,0x7197e64081d774f10c23223e4d66a72312a96272904005869e89c09aa9d9de5a,61
2026-09-23T23-05-23-489Z_n-sweep_1-2-4-8-16-32-50,V0,,32,A-unanime,,,vote,8,for,,0x56781388,,64799,1,,0xd6f29d51b6e99f077657b317b2d9d6b1ad35c365f4487a10ced2994c29a68dcd,61
2026-09-23T23-05-23-489Z_n-sweep_1-2-4-8-16-32-50,V0,,32,A-unanime,,,vote,9,for,,0x56781388,,64799,1,,0x1c9a62e99fa374e19074afb657477ff487bceff504ae4092201142d0271eab5b,61
2026-09-23T23-05-23-489Z_n-sweep_1-2-4-8-16-32-50,V0,,32,A-unanime,,,vote,10,for,,0x56781388,,64799,1,,0x842d0b4166290be0f2ff79b0b42b0b469897ccd3b5e398aa46d0309e120290b0,61
2026-09-23T23-05-23-489Z_n-sweep_1-2-4-8-16-32-50,V0,,32,A-unanime,,,vote,11,for,,0x56781388,,64799,1,,0x8c377dfca2278f7b265b791bb89d9527767bf2025f35f71205a0474f7558da08,61
2026-09-23T23-05-23-489Z_n-sweep_1-2-4-8-16-32-50,V0,,32,A-unanime,,,vote,12,for,,0x56781388,,64799,1,,0xc92a76d44be4b8c23233ca92967701b385278588aebb520a189f127b0abd34be,61
2026-09-23T23-05-23-489Z_n-sweep_1-2-4-8-16-32-50,V0,,32,A-unanime,,,vote,13,for,,0x56781388,,64799,1,,0xdb2e646c81e0235d45d86b3783a861963138e66b6c6bd455eb8da0f304adcd38,61
2026-09-23T23-05-23-489Z_n-sweep_1-2-4-8-16-32-50,V0,,32,A-unanime,,,vote,14,for,,0x56781388,,64799,1,,0xc1397f4bdbb02cb0ffe106d5908341e1bd7fa0615024937ea89da95fd7fa61e1,61
2026-09-23T23-05-23-489Z_n-sweep_1-2-4-8-16-32-50,V0,,32,A-unanime,,,vote,15,for,,0x56781388,,64799,1,,0x4626c88693d5413ac13ebee0fb5ba57a7979d3e475de901a5a66bde8dfdaa781,61
2026-09-23T23-05-23-489Z_n-sweep_1-2-4-8-16-32-50,V0,,32,A-unanime,,,vote,16,for,,0x56781388,,64799,1,,0x6a333a28d40f08f25790627230d3a09d9190ff8b67ebe871fbee3b650b5ad1a4,61
2026-09-23T23-05-23-489Z_n-sweep_1-2-4-8-16-32-50,V0,,32,A-unanime,,,vote,17,for,,0x56781388,,64799,1,,0x475ec74869ca58d5f5b9786acff18392f2c4bdf052d0264582afb34bd4956b42,61
2026-09-23T23-05-23-489Z_n-sweep_1-2-4-8-16-32-50,V0,,32,A-unanime,,,vote,18,for,,0x56781388,,64799,1,,0x12b381166fc50d90582e988210954577f3201be6528fcef647e0a8bffad6ec85,61
2026-09-23T23-05-23-489Z_n-sweep_1-2-4-8-16-32-50,V0,,32,A-unanime,,,vote,19,for,,0x56781388,,64799,1,,0x9c30f685f76dd98b1bba40d0add6b126f0215fa03071e53eb3a93054278c02df,61
2026-09-23T23-05-23-489Z_n-sweep_1-2-4-8-16-32-50,V0,,32,A-unanime,,,vote,20,for,,0x56781388,,64799,1,,0xec77a151e79af4fab304f3882129dc075559cfef6aa6d3f1b31d4bddc04392e3,61
2026-09-23T23-05-23-489Z_n-sweep_1-2-4-8-16-32-50,V0,,32,A-unanime,,,vote,21,for,,0x56781388,,64799,1,,0x4238120eba1db187dbf21725db771a20d7f193f2efebedea74b89a970a33803a,61
2026-09-23T23-05-23-489Z_n-sweep_1-2-4-8-16-32-50,V0,,32,A-unanime,,,vote,22,for,,0x56781388,,64799,1,,0xa3bd346d7c8d2ca368343d65cc19a5e3f691f7428adc85ad2dc0ba572130d494,61
2026-09-23T23-05-23-489Z_n-sweep_1-2-4-8-16-32-50,V0,,32,A-unanime,,,vote,23,for,,0x56781388,,64799,1,,0x51331a298328fe1c6e5b35183524e793a1199090aa9ab080b01086b0ffdb423d,61
2026-09-23T23-05-23-489Z_n-sweep_1-2-4-8-16-32-50,V0,,32,A-unanime,,,vote,24,for,,0x56781388,,64799,1,,0x76979d30707abf0836034e39c1fb6e41d3cb496e1033464f58b16062743ee4d6,61
2026-09-23T23-05-23-489Z_n-sweep_1-2-4-8-16-32-50,V0,,32,A-unanime,,,vote,25,for,,0x56781388,,64799,1,,0x32914bae4633884c67200d79ba8f5ba3de8938de701f7d4be935feee3fb3b0ec,61
2026-09-23T23-05-23-489Z_n-sweep_1-2-4-8-16-32-50,V0,,32,A-unanime,,,vote,26,for,,0x56781388,,64799,1,,0x2ea4f95e78809aa8e59cd26c3fae4c88209d0f113f4b350c0ade9ebf8c22be5d,61
2026-09-23T23-05-23-489Z_n-sweep_1-2-4-8-16-32-50,V0,,32,A-unanime,,,vote,27,for,,0x56781388,,64799,1,,0x74ab6dd0e09d287c5e5fd391740eec993fe40c08430acf1e95f35f482fe1e53a,61
2026-09-23T23-05-23-489Z_n-sweep_1-2-4-8-16-32-50,V0,,32,A-unanime,,,vote,28,for,,0x56781388,,64799,1,,0xa0f04ca3927be15b0f3c4e495148dc95489bc0549de213ac7b53c9c4ce8040b2,61
2026-09-23T23-05-23-489Z_n-sweep_1-2-4-8-16-32-50,V0,,32,A-unanime,,,vote,29,for,,0x56781388,,64799,1,,0xa5356541214224e0e52a8a8a78e8d68d04a1b5d9b1c1abc4b106e5910fc0516c,61
2026-09-23T23-05-23-489Z_n-sweep_1-2-4-8-16-32-50,V0,,32,A-unanime,,,vote,30,for,,0x56781388,,64799,1,,0xc310df2851592989d31ce15a609dddd93269240a6865c0609cb4fa7e2ca9849f,61
2026-09-23T23-05-23-489Z_n-sweep_1-2-4-8-16-32-50,V0,,32,A-unanime,,,vote,31,for,,0x56781388,,64799,1,,0x062da3b06ea35ff836acf875053d7fb56d7c90ac19dbfd6345fc9c0fdfd71900,61
2026-09-23T23-05-23-489Z_n-sweep_1-2-4-8-16-32-50,V0,,32,A-unanime,,,vote,32,for,,0x56781388,,64799,1,,0xca8ed68bc1e85c7a9e297281f93e98799347f1822d70e74ff3b29a8ec50da950,61
2026-09-23T23-05-23-489Z_n-sweep_1-2-4-8-16-32-50,V0,,32,A-unanime,,,execute,,,execute,0x2656227d,WasteCategoryRegistry.updateCredits,60807,1,,0xa95ad6fe9cfc1f3b411fd64a8de2d6c023c26a184689b49be8eb0fb7f54ea0c0,61
2026-09-23T23-05-23-489Z_n-sweep_1-2-4-8-16-32-50,V1,T1,,,,,deploy_token_T1,,,constructor,0x61016060,,1621017,1,,0xece28f063ba256e8fc65152daf61fe745a7823e8ba387b1b661409f18f6dc4cc,62
2026-09-23T23-05-23-489Z_n-sweep_1-2-4-8-16-32-50,V1,,,,,,deploy_registry,,,constructor,0x60806040,,4590964,1,,0x9005486642112873086c0faf3a06ce7199e3377186a80eb6eea4235f5e1c6f56,62
2026-09-23T23-05-23-489Z_n-sweep_1-2-4-8-16-32-50,V1,,,,,,deploy_governor_V1,,,constructor,0x6101c080,,2141155,1,,0xcbf032b87647649d09648621f7d61fb312aee4174486ee6f404819243ac59ca9,62
2026-09-23T23-05-23-489Z_n-sweep_1-2-4-8-16-32-50,V1,,,,,,grant_admin_role,,,grantRole,0x2f2ff15d,,50799,1,,0xfdc9a3875129e16eb4a0e6527cfb2e5662449c13660398cf3b7c723db6d0e009,62
2026-09-23T23-05-23-489Z_n-sweep_1-2-4-8-16-32-50,V1,,,,,,revoke_deployer_admin_role,,,revokeRole,0xd547741f,,27116,1,,0xc189311656167d1c4c211ee1c4f5143a8df64ff72cb449ebf7ec77ff2fd0bcbb,62
2026-09-23T23-05-23-489Z_n-sweep_1-2-4-8-16-32-50,V1,,32,A-unanime,,,delegate_admin,,,,0x5c19a95c,,95559,1,,0xd4695df7ceba86e36d8d32ccf756640823a0c1b729cf20e3a0b632c08e38ee6a,62
2026-09-23T23-05-23-489Z_n-sweep_1-2-4-8-16-32-50,V1,,32,A-unanime,,,delegate,,,,0x5c19a95c,,48347,1,,0x81d5bf8e96fad9ce8b5230dc73abbeb313b25fcb2932728690f357e6b4e905b9,62
2026-09-23T23-05-23-489Z_n-sweep_1-2-4-8-16-32-50,V1,,32,A-unanime,,,delegate,,,,0x5c19a95c,,48335,1,,0x92147b8c796bc2b0f21acc979799bbf4c5b5033d9d67806a8ad6842fe03d41df,62
2026-09-23T23-05-23-489Z_n-sweep_1-2-4-8-16-32-50,V1,,32,A-unanime,,,delegate,,,,0x5c19a95c,,48347,1,,0xfff43b85310b182c6fdaa6a0b82056393aba2572b23e543b42f064dc4690e2fc,62
2026-09-23T23-05-23-489Z_n-sweep_1-2-4-8-16-32-50,V1,,32,A-unanime,,,delegate,,,,0x5c19a95c,,48347,1,,0xd65054394087a126f7201b8caf565d34e4b8e2c37299a2eb2e8e1e169e8753b2,62
2026-09-23T23-05-23-489Z_n-sweep_1-2-4-8-16-32-50,V1,,32,A-unanime,,,delegate,,,,0x5c19a95c,,48347,1,,0x0c6ee11e6f4f09c9119d3c03df89d743f104be74b800d0b47cbfa2e1629e917b,62
2026-09-23T23-05-23-489Z_n-sweep_1-2-4-8-16-32-50,V1,,32,A-unanime,,,delegate,,,,0x5c19a95c,,48347,1,,0x9e4c58d93f5292a4566258e1c10f556eb9dc4074e322b7c357bf5ad65da50cae,62
2026-09-23T23-05-23-489Z_n-sweep_1-2-4-8-16-32-50,V1,,32,A-unanime,,,delegate,,,,0x5c19a95c,,48347,1,,0x6ebf0fe5777b4feb07a84b604e7094e789e104c0aa39284dccf1b9da9c17904e,62
2026-09-23T23-05-23-489Z_n-sweep_1-2-4-8-16-32-50,V1,,32,A-unanime,,,delegate,,,,0x5c19a95c,,48347,1,,0xfe42119cc5b68fbfd433dffe547dcf50b55480a011d31795da0f08ec660c70b3,62
2026-09-23T23-05-23-489Z_n-sweep_1-2-4-8-16-32-50,V1,,32,A-unanime,,,delegate,,,,0x5c19a95c,,48347,1,,0x1cd5ec1a28c590b58fdf7467e7fffeb349eed4d261a6e6dd6bbe64d73d17bd59,62
2026-09-23T23-05-23-489Z_n-sweep_1-2-4-8-16-32-50,V1,,32,A-unanime,,,delegate,,,,0x5c19a95c,,48335,1,,0x44f126ec5cf68cfd276b82e1245a8bb78ca6d635813f085d1a125f483e4d5924,62
2026-09-23T23-05-23-489Z_n-sweep_1-2-4-8-16-32-50,V1,,32,A-unanime,,,delegate,,,,0x5c19a95c,,48347,1,,0xe3c56247fde6ff45e5ce391eac68170bdc36be578302a953ddcf8384ecd07aa8,62
2026-09-23T23-05-23-489Z_n-sweep_1-2-4-8-16-32-50,V1,,32,A-unanime,,,delegate,,,,0x5c19a95c,,48347,1,,0x97563cc4398d7b02943ad3e3ef1bdae06351c02ad3fb2d2b948579fc1d32295f,62
2026-09-23T23-05-23-489Z_n-sweep_1-2-4-8-16-32-50,V1,,32,A-unanime,,,delegate,,,,0x5c19a95c,,48347,1,,0x2254c00b60e2f0581478274e6123b6295b391cc3698f1951fb660335b3cd6c33,62
2026-09-23T23-05-23-489Z_n-sweep_1-2-4-8-16-32-50,V1,,32,A-unanime,,,delegate,,,,0x5c19a95c,,48347,1,,0xc3e2689cb93afecc73f02fe2fc704ca424bfebf2840b02e15e94e2eacaca6d1c,62
2026-09-23T23-05-23-489Z_n-sweep_1-2-4-8-16-32-50,V1,,32,A-unanime,,,delegate,,,,0x5c19a95c,,48347,1,,0xf481a9d9df12d0c5f7b29cc5bd284c8ca3e14873afc209155e790bf19f68d897,62
2026-09-23T23-05-23-489Z_n-sweep_1-2-4-8-16-32-50,V1,,32,A-unanime,,,delegate,,,,0x5c19a95c,,48347,1,,0x8975637550f485546f85f8e6d9a6ed6447c7e76fff1ec5f6c9e76fb534393987,62
2026-09-23T23-05-23-489Z_n-sweep_1-2-4-8-16-32-50,V1,,32,A-unanime,,,delegate,,,,0x5c19a95c,,48347,1,,0x923ae1f8d3d22d25940fc9eb75f6f6f16c191c6a236895f77670dcca6996d312,62
2026-09-23T23-05-23-489Z_n-sweep_1-2-4-8-16-32-50,V1,,32,A-unanime,,,delegate,,,,0x5c19a95c,,48347,1,,0xfa31a6684a33a12042a314e8f53f866c316bd76cf3829f1b1bdf9c6709375faf,62
2026-09-23T23-05-23-489Z_n-sweep_1-2-4-8-16-32-50,V1,,32,A-unanime,,,delegate,,,,0x5c19a95c,,48347,1,,0x85a35cc5c2fd484741123514532c6d193414e920845266674d577133f95aeb61,62
2026-09-23T23-05-23-489Z_n-sweep_1-2-4-8-16-32-50,V1,,32,A-unanime,,,delegate,,,,0x5c19a95c,,48347,1,,0x2c0c0e3cf1f17f2dbd21478c48f6a01b7c3f80cdc9a8337eb22078304610831f,62
2026-09-23T23-05-23-489Z_n-sweep_1-2-4-8-16-32-50,V1,,32,A-unanime,,,delegate,,,,0x5c19a95c,,48347,1,,0xa3ed7a1ccf1c20c61c0c5d590ac689d2c051d45201c4389538358e9b8bb285bc,62
2026-09-23T23-05-23-489Z_n-sweep_1-2-4-8-16-32-50,V1,,32,A-unanime,,,delegate,,,,0x5c19a95c,,48347,1,,0x661c282cd9e0e8ae9af420543abc3bdc613c6cb387574718fba247544e2af8e9,62
2026-09-23T23-05-23-489Z_n-sweep_1-2-4-8-16-32-50,V1,,32,A-unanime,,,delegate,,,,0x5c19a95c,,48347,1,,0xa25eec8de30d8f33b67249979cc372deee4340970acf515ed11237297c254db8,62
2026-09-23T23-05-23-489Z_n-sweep_1-2-4-8-16-32-50,V1,,32,A-unanime,,,delegate,,,,0x5c19a95c,,48347,1,,0x4531944da7228710c401fe613cc835a5a2ab8911500c323b7a89206096a62c5e,62
2026-09-23T23-05-23-489Z_n-sweep_1-2-4-8-16-32-50,V1,,32,A-unanime,,,delegate,,,,0x5c19a95c,,48335,1,,0x34fd858bbdd79805fe9ac14ac3496bc1581b8cd1fca415dd388ac92a1031b1a5,62
2026-09-23T23-05-23-489Z_n-sweep_1-2-4-8-16-32-50,V1,,32,A-unanime,,,delegate,,,,0x5c19a95c,,48347,1,,0x3873a22f0d3bd864cb6adf03e490138f7a8c74e0367b46c72eb32ab59606fc50,62
2026-09-23T23-05-23-489Z_n-sweep_1-2-4-8-16-32-50,V1,,32,A-unanime,,,delegate,,,,0x5c19a95c,,48347,1,,0x015c8107c64083620d33bd63ee4539fae6a634cbff1a7060ce0d9d7635a92667,62
2026-09-23T23-05-23-489Z_n-sweep_1-2-4-8-16-32-50,V1,,32,A-unanime,,,delegate,,,,0x5c19a95c,,48347,1,,0x4d690799cd4e7de3c25a6216085b0327439b44872c331c8bdeed03412851c496,62
2026-09-23T23-05-23-489Z_n-sweep_1-2-4-8-16-32-50,V1,,32,A-unanime,,,delegate,,,,0x5c19a95c,,48347,1,,0x4e2b6075a69f1a5defbf56244ed346d13180f658d70986f145e7afacf2a1769c,62
2026-09-23T23-05-23-489Z_n-sweep_1-2-4-8-16-32-50,V1,,32,A-unanime,,,delegate,,,,0x5c19a95c,,48347,1,,0xdb953c4d33d8186e4e68b823485663114eed9632b4e6afebc927746da2cc5444,62
2026-09-23T23-05-23-489Z_n-sweep_1-2-4-8-16-32-50,V1,,32,A-unanime,,,delegate,,,,0x5c19a95c,,48347,1,,0x6e11fc1a1f465bb514b7050fb921834e4af6a4c1f01678025fabce44812892fb,62
2026-09-23T23-05-23-489Z_n-sweep_1-2-4-8-16-32-50,V1,,32,A-unanime,,,delegate,,,,0x5c19a95c,,48347,1,,0x02ed69ad44539ce394fe9de851cfc82976eaf863ce9b6bb6dbf7356c766b4e34,62
2026-09-23T23-05-23-489Z_n-sweep_1-2-4-8-16-32-50,V1,,32,A-unanime,,,transfer,,,,0xa9059cbb,,135960,1,,0xb456269427e69b5e6ce8e76119fc7d322df6ec9289b99576d4a1afad4e375832,62
2026-09-23T23-05-23-489Z_n-sweep_1-2-4-8-16-32-50,V1,,32,A-unanime,,,transfer,,,,0xa9059cbb,,135948,1,,0xb1ebdc3fafc8d37f132e1bcc9fa8242f9ac4ccbf686053a9c11fea1447d7954a,62
2026-09-23T23-05-23-489Z_n-sweep_1-2-4-8-16-32-50,V1,,32,A-unanime,,,transfer,,,,0xa9059cbb,,135960,1,,0x0706982ce9ffc9a9a6049bdad109ccb7771a360862c1c67d4604b16e468e88b3,62
2026-09-23T23-05-23-489Z_n-sweep_1-2-4-8-16-32-50,V1,,32,A-unanime,,,transfer,,,,0xa9059cbb,,135960,1,,0x2be7a2323568fcd1226a0c9609a47190689b94f2bfd0a447e2dd0b263421859f,62
2026-09-23T23-05-23-489Z_n-sweep_1-2-4-8-16-32-50,V1,,32,A-unanime,,,transfer,,,,0xa9059cbb,,135960,1,,0x306101092df768e906c434b562ff9c882664cf533261e971ab14944111cc0b35,62
2026-09-23T23-05-23-489Z_n-sweep_1-2-4-8-16-32-50,V1,,32,A-unanime,,,transfer,,,,0xa9059cbb,,135960,1,,0x5a32b538f96cee1fd52ee740d3498092b5ff7b800fe37d249516ce644ac4c638,62
2026-09-23T23-05-23-489Z_n-sweep_1-2-4-8-16-32-50,V1,,32,A-unanime,,,transfer,,,,0xa9059cbb,,135960,1,,0x2b3c88dfa9086dedb70af73e2a72d41b372d8737896af7d9c24b888ba77809a8,62
2026-09-23T23-05-23-489Z_n-sweep_1-2-4-8-16-32-50,V1,,32,A-unanime,,,transfer,,,,0xa9059cbb,,135960,1,,0xc6c3504257735cab1ebbf8e23b8dfa0891033d340b7faee41c7a4c8ffcaf2f05,62
2026-09-23T23-05-23-489Z_n-sweep_1-2-4-8-16-32-50,V1,,32,A-unanime,,,transfer,,,,0xa9059cbb,,135960,1,,0x8c375b595de805e2c20ab49d5366ef38ae2405712a57898e36c42d7394dc7dea,62
2026-09-23T23-05-23-489Z_n-sweep_1-2-4-8-16-32-50,V1,,32,A-unanime,,,transfer,,,,0xa9059cbb,,135948,1,,0x956797de8927bfe4fa4238f3c3d6225ec80fb5cb7f8988c10bcbf7507db7f433,62
2026-09-23T23-05-23-489Z_n-sweep_1-2-4-8-16-32-50,V1,,32,A-unanime,,,transfer,,,,0xa9059cbb,,135960,1,,0x8419adca48826d94d148af9eb8c52743544499d0862d2c79fe217f13838d3f89,62
2026-09-23T23-05-23-489Z_n-sweep_1-2-4-8-16-32-50,V1,,32,A-unanime,,,transfer,,,,0xa9059cbb,,135960,1,,0xa6a407b8151974f51fd3480ed2808e823a862b1a9fc3e4d58826cc40991de5ce,62
2026-09-23T23-05-23-489Z_n-sweep_1-2-4-8-16-32-50,V1,,32,A-unanime,,,transfer,,,,0xa9059cbb,,135960,1,,0x7cb9b9759a154291125191612f5d3d9c005445ca3d44499b84df2cdf24196036,62
2026-09-23T23-05-23-489Z_n-sweep_1-2-4-8-16-32-50,V1,,32,A-unanime,,,transfer,,,,0xa9059cbb,,135960,1,,0x37425c743b5169af4a191d2411ef9ec7a8ecfd4d3f9e18e9c74c8441e728227d,62
2026-09-23T23-05-23-489Z_n-sweep_1-2-4-8-16-32-50,V1,,32,A-unanime,,,transfer,,,,0xa9059cbb,,135960,1,,0x30047ac0d2b376ce93122498326e833da05270630abef795f3659920af1f01f3,62
2026-09-23T23-05-23-489Z_n-sweep_1-2-4-8-16-32-50,V1,,32,A-unanime,,,transfer,,,,0xa9059cbb,,135960,1,,0x25b05249a040061fc25c18be11522eaba7e4df163e9ce17f69863b5a67fccb76,62
2026-09-23T23-05-23-489Z_n-sweep_1-2-4-8-16-32-50,V1,,32,A-unanime,,,transfer,,,,0xa9059cbb,,135960,1,,0x9f4ab1b66a7ab3047273f1a54d34b17dce9dff1c107a018ddfac1f8406fd791a,62
2026-09-23T23-05-23-489Z_n-sweep_1-2-4-8-16-32-50,V1,,32,A-unanime,,,transfer,,,,0xa9059cbb,,135960,1,,0x1c23e5aa6a3e4e7eece03a43c7bee946db01ccd04cb4351c56313615169cd5f7,62
2026-09-23T23-05-23-489Z_n-sweep_1-2-4-8-16-32-50,V1,,32,A-unanime,,,transfer,,,,0xa9059cbb,,135960,1,,0x808e0b1a1f83e43b1b0bbeebf1eaa49a2a0bd603dc033838a51dbc520100f07e,62
2026-09-23T23-05-23-489Z_n-sweep_1-2-4-8-16-32-50,V1,,32,A-unanime,,,transfer,,,,0xa9059cbb,,135960,1,,0x5a9e739bf10cf83ed688f6b886c370f4149c627ecdb8e2f83acec9af0d1e9ad7,62
2026-09-23T23-05-23-489Z_n-sweep_1-2-4-8-16-32-50,V1,,32,A-unanime,,,transfer,,,,0xa9059cbb,,135960,1,,0xd98acace08286d3e5bc862992a1feeb750161810d0f11fff091be1b9b2d82ec4,62
2026-09-23T23-05-23-489Z_n-sweep_1-2-4-8-16-32-50,V1,,32,A-unanime,,,transfer,,,,0xa9059cbb,,135960,1,,0x02f3d6da6a616977f3c74d4af815dd50f18791ec5f826da90aa5ae9ef216be0b,62
2026-09-23T23-05-23-489Z_n-sweep_1-2-4-8-16-32-50,V1,,32,A-unanime,,,transfer,,,,0xa9059cbb,,135960,1,,0xba289594f475d94893786718c7be70af369cd9d6fb44497a45822d97b6355a29,62
2026-09-23T23-05-23-489Z_n-sweep_1-2-4-8-16-32-50,V1,,32,A-unanime,,,transfer,,,,0xa9059cbb,,135960,1,,0x08700732f89c0ba615bd8eeeeb0da4c103eba6f7d06c33eb6c01e53380f25dcd,62
2026-09-23T23-05-23-489Z_n-sweep_1-2-4-8-16-32-50,V1,,32,A-unanime,,,transfer,,,,0xa9059cbb,,135948,1,,0xcfffabbbdd8e51d9435bb673210e62b7334b7d2df8e4a3d70c4461cd0fcf447a,62
2026-09-23T23-05-23-489Z_n-sweep_1-2-4-8-16-32-50,V1,,32,A-unanime,,,transfer,,,,0xa9059cbb,,135960,1,,0x6a4069c122629b5e403a8e517573612f517cdc4223087adf4d4e46ecc1ee28fa,62
2026-09-23T23-05-23-489Z_n-sweep_1-2-4-8-16-32-50,V1,,32,A-unanime,,,transfer,,,,0xa9059cbb,,135960,1,,0x43f7e058f78f5c7ce717c161d923cabe7762bcbb8972d7ee8fefca0222f2ac2e,62
2026-09-23T23-05-23-489Z_n-sweep_1-2-4-8-16-32-50,V1,,32,A-unanime,,,transfer,,,,0xa9059cbb,,135960,1,,0xb91cdfd0d12560265c641a94d1861458541d1dae9f997abd1dfa9cd90d1da67f,62
2026-09-23T23-05-23-489Z_n-sweep_1-2-4-8-16-32-50,V1,,32,A-unanime,,,transfer,,,,0xa9059cbb,,135960,1,,0x284b008bbeb87e89e13af70f36c3f6915fd65474aadd30470c0579190ecd68bd,62
2026-09-23T23-05-23-489Z_n-sweep_1-2-4-8-16-32-50,V1,,32,A-unanime,,,transfer,,,,0xa9059cbb,,135960,1,,0x97b6c18b16e030e7b38ed387cb03f0c4d64c025ee39fe4e224cc6b950d321c35,62
2026-09-23T23-05-23-489Z_n-sweep_1-2-4-8-16-32-50,V1,,32,A-unanime,,,transfer,,,,0xa9059cbb,,135960,1,,0xa345160eee559cdd8379b98b9e47ed1c8910297dd1a07ae65e92da3cd077a630,62
2026-09-23T23-05-23-489Z_n-sweep_1-2-4-8-16-32-50,V1,,32,A-unanime,,,transfer,,,,0xa9059cbb,,135960,1,,0xd9fc574e08881af2698645cc1d7617b8e12462a5806467e1d7fe5ff479431a79,62
2026-09-23T23-05-23-489Z_n-sweep_1-2-4-8-16-32-50,V1,,32,A-unanime,,,propose,,,propose,0x7d5e81e2,WasteCategoryRegistry.updateCredits,63351,1,,0x234e4fe58133977ea2df6abca06abb00a742e9b9beb09d46dc615996b4725368,62
2026-09-23T23-05-23-489Z_n-sweep_1-2-4-8-16-32-50,V1,,32,A-unanime,,,vote,1,for,,0x56781388,,82468,1,,0x7ea9a1a755a46508673c1d4db71300a1233c050345b263247696ec41c8cfc01d,62
2026-09-23T23-05-23-489Z_n-sweep_1-2-4-8-16-32-50,V1,,32,A-unanime,,,vote,2,for,,0x56781388,,65368,1,,0x08637647d4bc68a96dc1d8ef7d26765ac7be29668b02cdde309f065ce7b2d822,62
2026-09-23T23-05-23-489Z_n-sweep_1-2-4-8-16-32-50,V1,,32,A-unanime,,,vote,3,for,,0x56781388,,65368,1,,0x7610a34fab7803f6785ad7a565e6498a69bb0fbee242d01fb6699ffec3934262,62
2026-09-23T23-05-23-489Z_n-sweep_1-2-4-8-16-32-50,V1,,32,A-unanime,,,vote,4,for,,0x56781388,,65368,1,,0x4bd4466bbe3cb1ef12600cb0437477710e853bde26d5e1e72292f8cd23ac3475,62
2026-09-23T23-05-23-489Z_n-sweep_1-2-4-8-16-32-50,V1,,32,A-unanime,,,vote,5,for,,0x56781388,,65368,1,,0x94842212b578e6fc9f8a2012eeac0c4774da8a8e276d3cecc3d8cd9066fbc831,62
2026-09-23T23-05-23-489Z_n-sweep_1-2-4-8-16-32-50,V1,,32,A-unanime,,,vote,6,for,,0x56781388,,65368,1,,0x6e2e94b3a6c389443cb8156f69b72e303468bcadfec8a744684ff943109d1bce,62
2026-09-23T23-05-23-489Z_n-sweep_1-2-4-8-16-32-50,V1,,32,A-unanime,,,vote,7,for,,0x56781388,,65368,1,,0x21903175ac6ac3c9d1aaf69eb97f7a723d5a451c323506f822c2d5af6e5fd000,62
2026-09-23T23-05-23-489Z_n-sweep_1-2-4-8-16-32-50,V1,,32,A-unanime,,,vote,8,for,,0x56781388,,65368,1,,0x370af4e5fd8fbf2f49c07b93fa33c9902e4d1222f234a7328b8bb4fdaedb7081,62
2026-09-23T23-05-23-489Z_n-sweep_1-2-4-8-16-32-50,V1,,32,A-unanime,,,vote,9,for,,0x56781388,,65368,1,,0x5dd98383fbe9fe691fac7ff186aedc33fcb3dc4c5914a86b5e5e5b2c4850cc43,62
2026-09-23T23-05-23-489Z_n-sweep_1-2-4-8-16-32-50,V1,,32,A-unanime,,,vote,10,for,,0x56781388,,65368,1,,0xc26d07b81ec72d88a8c4cb48a7b1dedc889ce20927d903a4d678fbaca7aa9183,62
2026-09-23T23-05-23-489Z_n-sweep_1-2-4-8-16-32-50,V1,,32,A-unanime,,,vote,11,for,,0x56781388,,65368,1,,0x1b1cde92b48ac09dfdabff66fb084722d22997a0b7b1b64a6498ad62bf535981,62
2026-09-23T23-05-23-489Z_n-sweep_1-2-4-8-16-32-50,V1,,32,A-unanime,,,vote,12,for,,0x56781388,,65368,1,,0x4ff2e47b06feae222b8ef0af8383d9c8ae0fd3656c595935915652b0dc7f3831,62
2026-09-23T23-05-23-489Z_n-sweep_1-2-4-8-16-32-50,V1,,32,A-unanime,,,vote,13,for,,0x56781388,,65368,1,,0xdb2e646c81e0235d45d86b3783a861963138e66b6c6bd455eb8da0f304adcd38,62
2026-09-23T23-05-23-489Z_n-sweep_1-2-4-8-16-32-50,V1,,32,A-unanime,,,vote,14,for,,0x56781388,,65368,1,,0xc1397f4bdbb02cb0ffe106d5908341e1bd7fa0615024937ea89da95fd7fa61e1,62
2026-09-23T23-05-23-489Z_n-sweep_1-2-4-8-16-32-50,V1,,32,A-unanime,,,vote,15,for,,0x56781388,,65368,1,,0x41fe9f6f40fd224fb58960c0c3c79036285ceac47edb62515331010b7db3ffac,62
2026-09-23T23-05-23-489Z_n-sweep_1-2-4-8-16-32-50,V1,,32,A-unanime,,,vote,16,for,,0x56781388,,65368,1,,0x75a847330af7faf9e8d84e183fe6a62ca28854abeea9cafdba24b8ed769614b3,62
2026-09-23T23-05-23-489Z_n-sweep_1-2-4-8-16-32-50,V1,,32,A-unanime,,,vote,17,for,,0x56781388,,65368,1,,0x05a7fc1773ee013e29433f4fef933f598434c812b1f75aa5f73086999ef68a9d,62
2026-09-23T23-05-23-489Z_n-sweep_1-2-4-8-16-32-50,V1,,32,A-unanime,,,vote,18,for,,0x56781388,,65368,1,,0x1fe9b9ae9491810f64b68f7a9d23556a016d37d92433309585e19f98b324e88a,62
2026-09-23T23-05-23-489Z_n-sweep_1-2-4-8-16-32-50,V1,,32,A-unanime,,,vote,19,for,,0x56781388,,65368,1,,0xbaec17067738f9352fa87983ca164d84e0bef733629b7ec15b6cc3efd29c5fcb,62
2026-09-23T23-05-23-489Z_n-sweep_1-2-4-8-16-32-50,V1,,32,A-unanime,,,vote,20,for,,0x56781388,,65368,1,,0x37b51a17910427d998e689df2814c2c9870121aebee42f3a32f5ce0e2baecf8b,62
2026-09-23T23-05-23-489Z_n-sweep_1-2-4-8-16-32-50,V1,,32,A-unanime,,,vote,21,for,,0x56781388,,65368,1,,0x6823fc4613820598360ef18fadcbaf5437caa57476625a4fcc24eb8f1aaf52e7,62
2026-09-23T23-05-23-489Z_n-sweep_1-2-4-8-16-32-50,V1,,32,A-unanime,,,vote,22,for,,0x56781388,,65368,1,,0x6e07e849142647ff4e23cc5180fbbaa6304d1bac41745cec07016068722906f4,62
2026-09-23T23-05-23-489Z_n-sweep_1-2-4-8-16-32-50,V1,,32,A-unanime,,,vote,23,for,,0x56781388,,65368,1,,0x8d212116a6c73d1829d6b819506ee75de9f7e80cac1d9429b3c87d1c4f697058,62
2026-09-23T23-05-23-489Z_n-sweep_1-2-4-8-16-32-50,V1,,32,A-unanime,,,vote,24,for,,0x56781388,,65368,1,,0xce5d3b03fd4f42a4846f700c23cf9af3d8d7d711815e38e141482d69fdd07e10,62
2026-09-23T23-05-23-489Z_n-sweep_1-2-4-8-16-32-50,V1,,32,A-unanime,,,vote,25,for,,0x56781388,,65368,1,,0xab85706c15369a1b1d422de80649a280d0c9305b61aa6656cd9767572c1f2333,62
2026-09-23T23-05-23-489Z_n-sweep_1-2-4-8-16-32-50,V1,,32,A-unanime,,,vote,26,for,,0x56781388,,65368,1,,0x96c9fabd7c1e7409cc4ad61745c9d0ee43e482e40fada30d6469db1b50b594d7,62
2026-09-23T23-05-23-489Z_n-sweep_1-2-4-8-16-32-50,V1,,32,A-unanime,,,vote,27,for,,0x56781388,,65368,1,,0x7f2ef29be0559e0b75ec3b727e834f09ae095313cfefe5cea259d4df04be6c7e,62
2026-09-23T23-05-23-489Z_n-sweep_1-2-4-8-16-32-50,V1,,32,A-unanime,,,vote,28,for,,0x56781388,,65368,1,,0xb6a55650bd9bf4541d61c7ea066a99267c995bc1c106c1e9d642f4eec18e4363,62
2026-09-23T23-05-23-489Z_n-sweep_1-2-4-8-16-32-50,V1,,32,A-unanime,,,vote,29,for,,0x56781388,,65368,1,,0xb23535ed1f99e599e2f831e8c42bcb16fe87ab805e4b278d5d526478d2d3821d,62
2026-09-23T23-05-23-489Z_n-sweep_1-2-4-8-16-32-50,V1,,32,A-unanime,,,vote,30,for,,0x56781388,,65368,1,,0xb320965092567f54dffbfbb9c8c8f74f4c07c8d4d61ee01eed51e96349ac4516,62
2026-09-23T23-05-23-489Z_n-sweep_1-2-4-8-16-32-50,V1,,32,A-unanime,,,vote,31,for,,0x56781388,,65368,1,,0x062da3b06ea35ff836acf875053d7fb56d7c90ac19dbfd6345fc9c0fdfd71900,62
2026-09-23T23-05-23-489Z_n-sweep_1-2-4-8-16-32-50,V1,,32,A-unanime,,,vote,32,for,,0x56781388,,65368,1,,0xca8ed68bc1e85c7a9e297281f93e98799347f1822d70e74ff3b29a8ec50da950,62
2026-09-23T23-05-23-489Z_n-sweep_1-2-4-8-16-32-50,V1,,32,A-unanime,,,execute,,,execute,0x2656227d,WasteCategoryRegistry.updateCredits,60807,1,,0xa95ad6fe9cfc1f3b411fd64a8de2d6c023c26a184689b49be8eb0fb7f54ea0c0,62
2026-09-23T23-05-23-489Z_n-sweep_1-2-4-8-16-32-50,V2,T1,,,,,deploy_token_T1,,,constructor,0x61016060,,1621017,1,,0xece28f063ba256e8fc65152daf61fe745a7823e8ba387b1b661409f18f6dc4cc,63
2026-09-23T23-05-23-489Z_n-sweep_1-2-4-8-16-32-50,V2,,,,,,deploy_registry,,,constructor,0x60806040,,4590964,1,,0x9005486642112873086c0faf3a06ce7199e3377186a80eb6eea4235f5e1c6f56,63
2026-09-23T23-05-23-489Z_n-sweep_1-2-4-8-16-32-50,V2,,,,,,deploy_governor_V2,,,constructor,0x6101e080,,2178840,1,,0xa32c9f3d540c0ae9eee563ea02a53e3c1648afde51e09209202bc2912d9a8532,63
2026-09-23T23-05-23-489Z_n-sweep_1-2-4-8-16-32-50,V2,,,,,,grant_admin_role,,,grantRole,0x2f2ff15d,,50799,1,,0x0482dd737ad13e5cf9f342f77b7f4c8d4a60575e6613b501a7a433855227e65d,63
2026-09-23T23-05-23-489Z_n-sweep_1-2-4-8-16-32-50,V2,,,,,,revoke_deployer_admin_role,,,revokeRole,0xd547741f,,27116,1,,0xbf6c6756b6e885a31717a4b56f3c4fc35da4780ca84e075711ea97189f58ea3d,63
2026-09-23T23-05-23-489Z_n-sweep_1-2-4-8-16-32-50,V2,,32,A-unanime,,,delegate_admin,,,,0x5c19a95c,,95559,1,,0xe4ed125ff7fcf34a784094393e69d7b32184f90f45a88cf0e398ac5fe2329d50,63
2026-09-23T23-05-23-489Z_n-sweep_1-2-4-8-16-32-50,V2,,32,A-unanime,,,delegate,,,,0x5c19a95c,,48347,1,,0x8e5cf2e817455991c3f88244f29b95e3c5703efb253d16587c3e019ace8ed4aa,63
2026-09-23T23-05-23-489Z_n-sweep_1-2-4-8-16-32-50,V2,,32,A-unanime,,,delegate,,,,0x5c19a95c,,48335,1,,0x3a4d0b938991cc6665fddf48aab742d27a2480134e4cb1cf5b844b9724575405,63
2026-09-23T23-05-23-489Z_n-sweep_1-2-4-8-16-32-50,V2,,32,A-unanime,,,delegate,,,,0x5c19a95c,,48347,1,,0x8df16e2387da0d9fa03469e487a72815c7ad0f22d2e3631bfcd3e8532e84566f,63
2026-09-23T23-05-23-489Z_n-sweep_1-2-4-8-16-32-50,V2,,32,A-unanime,,,delegate,,,,0x5c19a95c,,48347,1,,0x95612e3ccf4e98f664cb62c90a18fd3142e8f5668db18fb82a400652a6b96b06,63
2026-09-23T23-05-23-489Z_n-sweep_1-2-4-8-16-32-50,V2,,32,A-unanime,,,delegate,,,,0x5c19a95c,,48347,1,,0x8cfbd9c8afd095297879c4ea5a6d41c276c3b770abd2f751b06ec63384df15d6,63
2026-09-23T23-05-23-489Z_n-sweep_1-2-4-8-16-32-50,V2,,32,A-unanime,,,delegate,,,,0x5c19a95c,,48347,1,,0x96ff47bd12ed3260165a9b3c82bacf4a9f1cfd47a5f8548491ee35c1066f2e38,63
2026-09-23T23-05-23-489Z_n-sweep_1-2-4-8-16-32-50,V2,,32,A-unanime,,,delegate,,,,0x5c19a95c,,48347,1,,0x3c7464a5135ef0630048da3b891f6f95d941c4b44dfb27d1230d6c7015af52d6,63
2026-09-23T23-05-23-489Z_n-sweep_1-2-4-8-16-32-50,V2,,32,A-unanime,,,delegate,,,,0x5c19a95c,,48347,1,,0xcef7f0dbdf22e7ddd7612e11e8e4d04d07ff7ed50742fa593a04379c3fb4c79a,63
2026-09-23T23-05-23-489Z_n-sweep_1-2-4-8-16-32-50,V2,,32,A-unanime,,,delegate,,,,0x5c19a95c,,48347,1,,0x2a05bf2175c5ddc1c903f568e1aef2d66314124f75bcf8379ba8adf2782fee08,63
2026-09-23T23-05-23-489Z_n-sweep_1-2-4-8-16-32-50,V2,,32,A-unanime,,,delegate,,,,0x5c19a95c,,48335,1,,0xed076a3bb603efd5d8a71a2cc98ed4047b12d152a544a7d1d7a341433c9a4602,63
2026-09-23T23-05-23-489Z_n-sweep_1-2-4-8-16-32-50,V2,,32,A-unanime,,,delegate,,,,0x5c19a95c,,48347,1,,0x10be283a8ec30b680dc3aca50b759e0cf9c8afc082d9e83402cea754eca72a1f,63
2026-09-23T23-05-23-489Z_n-sweep_1-2-4-8-16-32-50,V2,,32,A-unanime,,,delegate,,,,0x5c19a95c,,48347,1,,0x2a30f5270f05f3f17e6177f9b77f58b934718ec7c2e872415fd5bb3af3d1a729,63
2026-09-23T23-05-23-489Z_n-sweep_1-2-4-8-16-32-50,V2,,32,A-unanime,,,delegate,,,,0x5c19a95c,,48347,1,,0x8627a7ad29f66cec2d29399f287974e7802b96ce1c1094b9f03f71ebb4aee554,63
2026-09-23T23-05-23-489Z_n-sweep_1-2-4-8-16-32-50,V2,,32,A-unanime,,,delegate,,,,0x5c19a95c,,48347,1,,0x09935171751aaaad6b28f8c0a6e1389d805ea4048b73d32206a0f9fb56fe6526,63
2026-09-23T23-05-23-489Z_n-sweep_1-2-4-8-16-32-50,V2,,32,A-unanime,,,delegate,,,,0x5c19a95c,,48347,1,,0xcc0bb7cbd2d0f3f8fa2b739bbaa5db203755fbd70b3eefc00d112f1bb589ceaf,63
2026-09-23T23-05-23-489Z_n-sweep_1-2-4-8-16-32-50,V2,,32,A-unanime,,,delegate,,,,0x5c19a95c,,48347,1,,0xc76339288f99a2e44a4485a1794ebb0cad6215adbb061dde8b472b5783d68437,63
2026-09-23T23-05-23-489Z_n-sweep_1-2-4-8-16-32-50,V2,,32,A-unanime,,,delegate,,,,0x5c19a95c,,48347,1,,0x4eff498246ceed5814c564e65aad18449d9d8819517ba51d588d9cfdae3d4d2a,63
2026-09-23T23-05-23-489Z_n-sweep_1-2-4-8-16-32-50,V2,,32,A-unanime,,,delegate,,,,0x5c19a95c,,48347,1,,0xa6ae49a326f302b9e71391f9415c0d930458ea03039ee9086f5687369d739f43,63
2026-09-23T23-05-23-489Z_n-sweep_1-2-4-8-16-32-50,V2,,32,A-unanime,,,delegate,,,,0x5c19a95c,,48347,1,,0xf13688c59dca87eeaaf2b3d3ae625f01224e2d5b4954af7ddb9eacd7e8fca21e,63
2026-09-23T23-05-23-489Z_n-sweep_1-2-4-8-16-32-50,V2,,32,A-unanime,,,delegate,,,,0x5c19a95c,,48347,1,,0xed760b7612d9a02f7ab38dcca54d7d989dd819b4bb98906db1dbcca059ac084f,63
2026-09-23T23-05-23-489Z_n-sweep_1-2-4-8-16-32-50,V2,,32,A-unanime,,,delegate,,,,0x5c19a95c,,48347,1,,0x408a7ccbb0d6637960a2093204a5084a7c3370084f7061b277e04d5d1523ae58,63
2026-09-23T23-05-23-489Z_n-sweep_1-2-4-8-16-32-50,V2,,32,A-unanime,,,delegate,,,,0x5c19a95c,,48347,1,,0x3152e0d13e4c1339d74b6b187ca12500a969817e0120fc16874758b89451705c,63
2026-09-23T23-05-23-489Z_n-sweep_1-2-4-8-16-32-50,V2,,32,A-unanime,,,delegate,,,,0x5c19a95c,,48347,1,,0xa643950d224ced9bbf99ea95cbb9cecb86c028ad6a357741d9eed43fd1418124,63
2026-09-23T23-05-23-489Z_n-sweep_1-2-4-8-16-32-50,V2,,32,A-unanime,,,delegate,,,,0x5c19a95c,,48347,1,,0x055e399c3cbfa6644dce91a7f3b36ea2bc185d80c647c0f1d04321e14c4b1361,63
2026-09-23T23-05-23-489Z_n-sweep_1-2-4-8-16-32-50,V2,,32,A-unanime,,,delegate,,,,0x5c19a95c,,48335,1,,0xdbafa2287cf62155690c72d09b21b76ada56306bf24799e90a6ebd1fd470abc6,63
2026-09-23T23-05-23-489Z_n-sweep_1-2-4-8-16-32-50,V2,,32,A-unanime,,,delegate,,,,0x5c19a95c,,48347,1,,0x5f3e39c0a04665565fe3ba089f22454588d4f688c9a7aef067e7ad9e116a759a,63
2026-09-23T23-05-23-489Z_n-sweep_1-2-4-8-16-32-50,V2,,32,A-unanime,,,delegate,,,,0x5c19a95c,,48347,1,,0x7f968e30943d915d45decb0caea3281b5a4ce30a34416fbe354786d67369fd83,63
2026-09-23T23-05-23-489Z_n-sweep_1-2-4-8-16-32-50,V2,,32,A-unanime,,,delegate,,,,0x5c19a95c,,48347,1,,0xacced85e76fc346ac6aeec9a7ad6b61324fa6705450ea8d9c6b571e609652ec6,63
2026-09-23T23-05-23-489Z_n-sweep_1-2-4-8-16-32-50,V2,,32,A-unanime,,,delegate,,,,0x5c19a95c,,48347,1,,0xc354d6d794f1199566d0378cd1a05e9a5ef44036fa08971363ffdb3f0a83ac1f,63
2026-09-23T23-05-23-489Z_n-sweep_1-2-4-8-16-32-50,V2,,32,A-unanime,,,delegate,,,,0x5c19a95c,,48347,1,,0x41430b21e85fff00baa6651f5e9419f14411e203e9c65cf045d70399e1f94f10,63
2026-09-23T23-05-23-489Z_n-sweep_1-2-4-8-16-32-50,V2,,32,A-unanime,,,delegate,,,,0x5c19a95c,,48347,1,,0x0bedefd31dfd1911f1b821af9af59b2add8145ffa98e5dbae489249c34ba12b9,63
2026-09-23T23-05-23-489Z_n-sweep_1-2-4-8-16-32-50,V2,,32,A-unanime,,,delegate,,,,0x5c19a95c,,48347,1,,0x56ad8c486cf180aa0b39b839e9aa8457bb432ce913afb5054ca9bcce3effbb92,63
2026-09-23T23-05-23-489Z_n-sweep_1-2-4-8-16-32-50,V2,,32,A-unanime,,,transfer,,,,0xa9059cbb,,135960,1,,0xd0698b15d0a4158e25b6354447a9183a1c7e2709f2dc65467f1f8d003c028165,63
2026-09-23T23-05-23-489Z_n-sweep_1-2-4-8-16-32-50,V2,,32,A-unanime,,,transfer,,,,0xa9059cbb,,135948,1,,0xc1d83b95bf805ba4371c2bb98c2893712e313bdae17608c8cca1a20cefcace3f,63
2026-09-23T23-05-23-489Z_n-sweep_1-2-4-8-16-32-50,V2,,32,A-unanime,,,transfer,,,,0xa9059cbb,,135960,1,,0x5c9a2f524061f2cedfc3a23928ba3522a97347623158802a7574d89aac66c5e2,63
2026-09-23T23-05-23-489Z_n-sweep_1-2-4-8-16-32-50,V2,,32,A-unanime,,,transfer,,,,0xa9059cbb,,135960,1,,0xd7a1d861a8ffae45389bf7b1e050a2ad6774adf1f26964e59f924d13efe16f93,63
2026-09-23T23-05-23-489Z_n-sweep_1-2-4-8-16-32-50,V2,,32,A-unanime,,,transfer,,,,0xa9059cbb,,135960,1,,0x3ed47764d1b6dc2977a87f07c00932d7919f86a38d7fa6897797557fcaf8ddb2,63
2026-09-23T23-05-23-489Z_n-sweep_1-2-4-8-16-32-50,V2,,32,A-unanime,,,transfer,,,,0xa9059cbb,,135960,1,,0xe38aeefc29cc229da8f80086faf7a65278385513d6000ae2998b9164c52a2ec0,63
2026-09-23T23-05-23-489Z_n-sweep_1-2-4-8-16-32-50,V2,,32,A-unanime,,,transfer,,,,0xa9059cbb,,135960,1,,0x66cced5377a01cb01ced1557db51d3d576fa40d9f04be2db053b55b41fb5089e,63
2026-09-23T23-05-23-489Z_n-sweep_1-2-4-8-16-32-50,V2,,32,A-unanime,,,transfer,,,,0xa9059cbb,,135960,1,,0xfe5aef131cc72a9ad79a1f5ffde1443d7f223ae84ed6a6626946d0308ab353a6,63
2026-09-23T23-05-23-489Z_n-sweep_1-2-4-8-16-32-50,V2,,32,A-unanime,,,transfer,,,,0xa9059cbb,,135960,1,,0x2c714ceb4fe03bcf2c3d8630106ccb262af10d86fa7e1b83496bbb0c41f8f657,63
2026-09-23T23-05-23-489Z_n-sweep_1-2-4-8-16-32-50,V2,,32,A-unanime,,,transfer,,,,0xa9059cbb,,135948,1,,0xd761f278e00234ae7bff4ba89185e7e3ecd0c332b003b4603918a2f13a1ab358,63
2026-09-23T23-05-23-489Z_n-sweep_1-2-4-8-16-32-50,V2,,32,A-unanime,,,transfer,,,,0xa9059cbb,,135960,1,,0x031aa8f9222008ee539d955a400cef5a9aceb2377b58d9bdfb60366e2e5ec88d,63
2026-09-23T23-05-23-489Z_n-sweep_1-2-4-8-16-32-50,V2,,32,A-unanime,,,transfer,,,,0xa9059cbb,,135960,1,,0x42cd908997f6996bc98d0e95639112ede936d48a3f26d5c3e2a8c7e95054854d,63
2026-09-23T23-05-23-489Z_n-sweep_1-2-4-8-16-32-50,V2,,32,A-unanime,,,transfer,,,,0xa9059cbb,,135960,1,,0x719b6c90c96e3584e7554597250f36160d4f86bef73d716538651162072dc1a3,63
2026-09-23T23-05-23-489Z_n-sweep_1-2-4-8-16-32-50,V2,,32,A-unanime,,,transfer,,,,0xa9059cbb,,135960,1,,0x964636b08302fb1a1aeb3ebfcb46761628f9689f5d7910980ca3e90d3ad72185,63
2026-09-23T23-05-23-489Z_n-sweep_1-2-4-8-16-32-50,V2,,32,A-unanime,,,transfer,,,,0xa9059cbb,,135960,1,,0x42dca054fb5013aa31f156620dd3fdd731d2a22f0bd44862620f1e9366320d94,63
2026-09-23T23-05-23-489Z_n-sweep_1-2-4-8-16-32-50,V2,,32,A-unanime,,,transfer,,,,0xa9059cbb,,135960,1,,0x6f8161bec26017fcea839ed5cf5aec77f0adc12b00fe597537d73b33c0d89ead,63
2026-09-23T23-05-23-489Z_n-sweep_1-2-4-8-16-32-50,V2,,32,A-unanime,,,transfer,,,,0xa9059cbb,,135960,1,,0xcf984e4f2d4bd10afedd9acbd2d1940ac71703f84a09ab0031926511e28e2635,63
2026-09-23T23-05-23-489Z_n-sweep_1-2-4-8-16-32-50,V2,,32,A-unanime,,,transfer,,,,0xa9059cbb,,135960,1,,0x9ce98ec599be9f522859383caa8c4fd89d812e3757dda9a4573341c20e0f2613,63
2026-09-23T23-05-23-489Z_n-sweep_1-2-4-8-16-32-50,V2,,32,A-unanime,,,transfer,,,,0xa9059cbb,,135960,1,,0x578c45ba07da6aebe660bcaad7363e9c4cf3bef6fd87b78be2c9f7b1bb99e96d,63
2026-09-23T23-05-23-489Z_n-sweep_1-2-4-8-16-32-50,V2,,32,A-unanime,,,transfer,,,,0xa9059cbb,,135960,1,,0x870d481b432dffcac70d460fc5462f566d3e5e210615efc5b22ba6a948560817,63
2026-09-23T23-05-23-489Z_n-sweep_1-2-4-8-16-32-50,V2,,32,A-unanime,,,transfer,,,,0xa9059cbb,,135960,1,,0x7bf6c0061eb2f4e93af69e04140e29de63e118de26abe4b6171070162b2d402a,63
2026-09-23T23-05-23-489Z_n-sweep_1-2-4-8-16-32-50,V2,,32,A-unanime,,,transfer,,,,0xa9059cbb,,135960,1,,0xa145b9fd5a9b7cc823bbd816c5ebb6f4a4e624107b23481a0f732956d4cf4a2a,63
2026-09-23T23-05-23-489Z_n-sweep_1-2-4-8-16-32-50,V2,,32,A-unanime,,,transfer,,,,0xa9059cbb,,135960,1,,0x733583bfcddbe7384a5465c8d5867f76d65ba6745b91267e14d1ff485cfc70a6,63
2026-09-23T23-05-23-489Z_n-sweep_1-2-4-8-16-32-50,V2,,32,A-unanime,,,transfer,,,,0xa9059cbb,,135960,1,,0x4a66f968338e1f313aca3afb2b02f5492b1059155b1945e1c21e14e3a325a61b,63
2026-09-23T23-05-23-489Z_n-sweep_1-2-4-8-16-32-50,V2,,32,A-unanime,,,transfer,,,,0xa9059cbb,,135948,1,,0x31d3300ea2257060997f08297c579c9fd07c152fb88c10f797eeaa1ce1b5d8c1,63
2026-09-23T23-05-23-489Z_n-sweep_1-2-4-8-16-32-50,V2,,32,A-unanime,,,transfer,,,,0xa9059cbb,,135960,1,,0x0c15552baf3e28feb479668eb96380f728a17e0b946d2c06f49aa57eb6a55216,63
2026-09-23T23-05-23-489Z_n-sweep_1-2-4-8-16-32-50,V2,,32,A-unanime,,,transfer,,,,0xa9059cbb,,135960,1,,0xb5337b3b2747f7cf90d047e14df44ca40ddf66c56cac22f65df754a2a7477674,63
2026-09-23T23-05-23-489Z_n-sweep_1-2-4-8-16-32-50,V2,,32,A-unanime,,,transfer,,,,0xa9059cbb,,135960,1,,0xd975c85cb79c51b1d0496e30fd86543301c9241eff30516f72f25cc09bcb27f8,63
2026-09-23T23-05-23-489Z_n-sweep_1-2-4-8-16-32-50,V2,,32,A-unanime,,,transfer,,,,0xa9059cbb,,135960,1,,0xccb63e701c5fafcdff6e12e25d99046f8dca7b8b696a22e64faa06a60df2355d,63
2026-09-23T23-05-23-489Z_n-sweep_1-2-4-8-16-32-50,V2,,32,A-unanime,,,transfer,,,,0xa9059cbb,,135960,1,,0xd39a246d199b5cb2fc9322eba7c3345d022e2a9a3f0302913750ebace68ebda0,63
2026-09-23T23-05-23-489Z_n-sweep_1-2-4-8-16-32-50,V2,,32,A-unanime,,,transfer,,,,0xa9059cbb,,135960,1,,0x57e5a44adb6f3fbfa94b276517bacf362a9bf1ce37dbd7787bbfce9c429fc160,63
2026-09-23T23-05-23-489Z_n-sweep_1-2-4-8-16-32-50,V2,,32,A-unanime,,,transfer,,,,0xa9059cbb,,135960,1,,0x5e033e0960901e629ef36ddfc933139c1162e979bbacabacf5504b8436e9a8f3,63
2026-09-23T23-05-23-489Z_n-sweep_1-2-4-8-16-32-50,V2,,32,A-unanime,,,propose,,,propose,0x7d5e81e2,WasteCategoryRegistry.updateCredits,63351,1,,0xcfe7bcdc50f23e1cd7f2d8b8bb2fb459c5fd063450538de1e611de3b580dcff6,63
2026-09-23T23-05-23-489Z_n-sweep_1-2-4-8-16-32-50,V2,,32,A-unanime,,,vote,1,for,,0x56781388,,82468,1,,0xa0aa0a7d552d5c7ebb74506cfa61a1be3a0475fd06cf3cb4d45dc1ad367c3456,63
2026-09-23T23-05-23-489Z_n-sweep_1-2-4-8-16-32-50,V2,,32,A-unanime,,,vote,2,for,,0x56781388,,65368,1,,0x6343d24e35e0206d61962c51901c9461172cb832c77bf1397eea9d0b6a813c48,63
2026-09-23T23-05-23-489Z_n-sweep_1-2-4-8-16-32-50,V2,,32,A-unanime,,,vote,3,for,,0x56781388,,65368,1,,0x7c5146759c73fbb4e4424d3b9dbd1f4626c9b0abf9856e9690d21958e633dc32,63
2026-09-23T23-05-23-489Z_n-sweep_1-2-4-8-16-32-50,V2,,32,A-unanime,,,vote,4,for,,0x56781388,,65368,1,,0xbde3498fd3b2a8b17f1aae3bc5a7d6a3e8244a3b3cc2c5645db5749933b6116f,63
2026-09-23T23-05-23-489Z_n-sweep_1-2-4-8-16-32-50,V2,,32,A-unanime,,,vote,5,for,,0x56781388,,65368,1,,0x5ff2cfa41af3376fd9ce131989939bf439eceaae5ddf8a167148fc1a40e13357,63
2026-09-23T23-05-23-489Z_n-sweep_1-2-4-8-16-32-50,V2,,32,A-unanime,,,vote,6,for,,0x56781388,,65368,1,,0xf647c705b40671c27bcd0d4155cbe6982705b9336634886ec6f70ac03a4bea2e,63
2026-09-23T23-05-23-489Z_n-sweep_1-2-4-8-16-32-50,V2,,32,A-unanime,,,vote,7,for,,0x56781388,,65368,1,,0x789e32f3d430ea70f633ad47040daaad97d7c48c8f886e66c54b80e497138d65,63
2026-09-23T23-05-23-489Z_n-sweep_1-2-4-8-16-32-50,V2,,32,A-unanime,,,vote,8,for,,0x56781388,,65368,1,,0x543153829b871c0c0223dba75bdc7f4f1a8bd7fd32e6d06d246950604df778b3,63
2026-09-23T23-05-23-489Z_n-sweep_1-2-4-8-16-32-50,V2,,32,A-unanime,,,vote,9,for,,0x56781388,,65368,1,,0x0e3dd18796c62a5d631b51b329de24918c7796123fe897117d963ec644e77879,63
2026-09-23T23-05-23-489Z_n-sweep_1-2-4-8-16-32-50,V2,,32,A-unanime,,,vote,10,for,,0x56781388,,65368,1,,0xa1375544020a814a1a8becbf114ca7d2b8fb2b0ca4c7c5056989301ce3da4e61,63
2026-09-23T23-05-23-489Z_n-sweep_1-2-4-8-16-32-50,V2,,32,A-unanime,,,vote,11,for,,0x56781388,,65368,1,,0x16900c1352587b1967ef69aaf8b4751a69fbec0ae0131484bad9f444309999f8,63
2026-09-23T23-05-23-489Z_n-sweep_1-2-4-8-16-32-50,V2,,32,A-unanime,,,vote,12,for,,0x56781388,,65368,1,,0x41b75313915ace5a50de3c14b3fd4463843c9643b1051dd20a590868ce95d93c,63
2026-09-23T23-05-23-489Z_n-sweep_1-2-4-8-16-32-50,V2,,32,A-unanime,,,vote,13,for,,0x56781388,,65368,1,,0x370bff911efa200d0e51410817ea9e67b353c201f037fd691fd5018290ea848c,63
2026-09-23T23-05-23-489Z_n-sweep_1-2-4-8-16-32-50,V2,,32,A-unanime,,,vote,14,for,,0x56781388,,65368,1,,0x5722f42d4e74fa3ede5b03c2dce5a0580366de89d00392045dcb8f411c3acd0c,63
2026-09-23T23-05-23-489Z_n-sweep_1-2-4-8-16-32-50,V2,,32,A-unanime,,,vote,15,for,,0x56781388,,65368,1,,0x07d685bff7737fbad652c56fb0564ba1cae96020d036449273ea719ff5d9e8e7,63
2026-09-23T23-05-23-489Z_n-sweep_1-2-4-8-16-32-50,V2,,32,A-unanime,,,vote,16,for,,0x56781388,,65368,1,,0x26adfa4774eefad052e7ea38eaccd150804a74191a1079a2e10b4f0559802e1c,63
2026-09-23T23-05-23-489Z_n-sweep_1-2-4-8-16-32-50,V2,,32,A-unanime,,,vote,17,for,,0x56781388,,65368,1,,0xee801a02ca542b075d8de986da52722e255c605f26ee09ada32a7ffd9d146059,63
2026-09-23T23-05-23-489Z_n-sweep_1-2-4-8-16-32-50,V2,,32,A-unanime,,,vote,18,for,,0x56781388,,65368,1,,0x5cd273823772f05aba6775c2cd684737b215e2dc504a31c83ce94c8700cb4b03,63
2026-09-23T23-05-23-489Z_n-sweep_1-2-4-8-16-32-50,V2,,32,A-unanime,,,vote,19,for,,0x56781388,,65368,1,,0x985c82992eb6e89e7e2d62d457c856d4e5bee9808d1ee5d87409e5fb67154da1,63
2026-09-23T23-05-23-489Z_n-sweep_1-2-4-8-16-32-50,V2,,32,A-unanime,,,vote,20,for,,0x56781388,,65368,1,,0xd858379b32766713813ecbd80aa8d449d78a2b86f4561a49fe790d525a26ecba,63
2026-09-23T23-05-23-489Z_n-sweep_1-2-4-8-16-32-50,V2,,32,A-unanime,,,vote,21,for,,0x56781388,,65368,1,,0x6823fc4613820598360ef18fadcbaf5437caa57476625a4fcc24eb8f1aaf52e7,63
2026-09-23T23-05-23-489Z_n-sweep_1-2-4-8-16-32-50,V2,,32,A-unanime,,,vote,22,for,,0x56781388,,65368,1,,0x6e07e849142647ff4e23cc5180fbbaa6304d1bac41745cec07016068722906f4,63
2026-09-23T23-05-23-489Z_n-sweep_1-2-4-8-16-32-50,V2,,32,A-unanime,,,vote,23,for,,0x56781388,,65368,1,,0x8d212116a6c73d1829d6b819506ee75de9f7e80cac1d9429b3c87d1c4f697058,63
2026-09-23T23-05-23-489Z_n-sweep_1-2-4-8-16-32-50,V2,,32,A-unanime,,,vote,24,for,,0x56781388,,65368,1,,0xce5d3b03fd4f42a4846f700c23cf9af3d8d7d711815e38e141482d69fdd07e10,63
2026-09-23T23-05-23-489Z_n-sweep_1-2-4-8-16-32-50,V2,,32,A-unanime,,,vote,25,for,,0x56781388,,65368,1,,0xab85706c15369a1b1d422de80649a280d0c9305b61aa6656cd9767572c1f2333,63
2026-09-23T23-05-23-489Z_n-sweep_1-2-4-8-16-32-50,V2,,32,A-unanime,,,vote,26,for,,0x56781388,,65368,1,,0x96c9fabd7c1e7409cc4ad61745c9d0ee43e482e40fada30d6469db1b50b594d7,63
2026-09-23T23-05-23-489Z_n-sweep_1-2-4-8-16-32-50,V2,,32,A-unanime,,,vote,27,for,,0x56781388,,65368,1,,0x7f2ef29be0559e0b75ec3b727e834f09ae095313cfefe5cea259d4df04be6c7e,63
2026-09-23T23-05-23-489Z_n-sweep_1-2-4-8-16-32-50,V2,,32,A-unanime,,,vote,28,for,,0x56781388,,65368,1,,0xb6a55650bd9bf4541d61c7ea066a99267c995bc1c106c1e9d642f4eec18e4363,63
2026-09-23T23-05-23-489Z_n-sweep_1-2-4-8-16-32-50,V2,,32,A-unanime,,,vote,29,for,,0x56781388,,65368,1,,0xb23535ed1f99e599e2f831e8c42bcb16fe87ab805e4b278d5d526478d2d3821d,63
2026-09-23T23-05-23-489Z_n-sweep_1-2-4-8-16-32-50,V2,,32,A-unanime,,,vote,30,for,,0x56781388,,65368,1,,0xb320965092567f54dffbfbb9c8c8f74f4c07c8d4d61ee01eed51e96349ac4516,63
2026-09-23T23-05-23-489Z_n-sweep_1-2-4-8-16-32-50,V2,,32,A-unanime,,,vote,31,for,,0x56781388,,65368,1,,0x062da3b06ea35ff836acf875053d7fb56d7c90ac19dbfd6345fc9c0fdfd71900,63
2026-09-23T23-05-23-489Z_n-sweep_1-2-4-8-16-32-50,V2,,32,A-unanime,,,vote,32,for,,0x56781388,,65368,1,,0xca8ed68bc1e85c7a9e297281f93e98799347f1822d70e74ff3b29a8ec50da950,63
2026-09-23T23-05-23-489Z_n-sweep_1-2-4-8-16-32-50,V2,,32,A-unanime,,,execute,,,execute,0x2656227d,WasteCategoryRegistry.updateCredits,60847,1,,0xa95ad6fe9cfc1f3b411fd64a8de2d6c023c26a184689b49be8eb0fb7f54ea0c0,63
2026-09-23T23-05-23-489Z_n-sweep_1-2-4-8-16-32-50,V0,T1,,,,,deploy_token_T1,,,constructor,0x61016060,,1621017,1,,0xece28f063ba256e8fc65152daf61fe745a7823e8ba387b1b661409f18f6dc4cc,64
2026-09-23T23-05-23-489Z_n-sweep_1-2-4-8-16-32-50,V0,,,,,,deploy_registry,,,constructor,0x60806040,,4590964,1,,0x9005486642112873086c0faf3a06ce7199e3377186a80eb6eea4235f5e1c6f56,64
2026-09-23T23-05-23-489Z_n-sweep_1-2-4-8-16-32-50,V0,,,,,,deploy_governor_V0,,,constructor,0x6101c080,,2133394,1,,0x8b33a795df9df0e5a3cb812430955580d1fb4f654a6028dd161238e13d560524,64
2026-09-23T23-05-23-489Z_n-sweep_1-2-4-8-16-32-50,V0,,,,,,grant_admin_role,,,grantRole,0x2f2ff15d,,50799,1,,0xb518a3911be32f0a59dcaec3e43c7ec54010f07f3e473d550516b1aab1a18d6b,64
2026-09-23T23-05-23-489Z_n-sweep_1-2-4-8-16-32-50,V0,,,,,,revoke_deployer_admin_role,,,revokeRole,0xd547741f,,27116,1,,0x8cb08b8b6ca45600b76a431b4cd18aee2095374e00c890903bfaa28d83b5f82b,64
2026-09-23T23-05-23-489Z_n-sweep_1-2-4-8-16-32-50,V0,,32,A-maioria,,,delegate_admin,,,,0x5c19a95c,,95559,1,,0xfa43c1f7a1a1658c8aeac58119b26e806face10fc63ae3e18099942309f4d395,64
2026-09-23T23-05-23-489Z_n-sweep_1-2-4-8-16-32-50,V0,,32,A-maioria,,,delegate,,,,0x5c19a95c,,48347,1,,0xf96ae171d39b1290c248e3ee88c92c43e24751ff4aacf46bad404cad29a33e37,64
2026-09-23T23-05-23-489Z_n-sweep_1-2-4-8-16-32-50,V0,,32,A-maioria,,,delegate,,,,0x5c19a95c,,48335,1,,0x65ff74d2610d5c80f16dc62aa4e01b339a9ecd8c95911ae092d678a9792cdcb8,64
2026-09-23T23-05-23-489Z_n-sweep_1-2-4-8-16-32-50,V0,,32,A-maioria,,,delegate,,,,0x5c19a95c,,48347,1,,0xb06e4e18b389cc3c69848b844c44927f26087a909c0e4532a1ba892e8d7bac4c,64
2026-09-23T23-05-23-489Z_n-sweep_1-2-4-8-16-32-50,V0,,32,A-maioria,,,delegate,,,,0x5c19a95c,,48347,1,,0xfdc5c4ae6e458adbd0780d18d4ef20dca6b7a02f3efff2f7c0eec7590e340a41,64
2026-09-23T23-05-23-489Z_n-sweep_1-2-4-8-16-32-50,V0,,32,A-maioria,,,delegate,,,,0x5c19a95c,,48347,1,,0x5c4d4bc02e09949d860a2c409a26209335f7c4e4eca7ac13d0e60a5cf0d0f233,64
2026-09-23T23-05-23-489Z_n-sweep_1-2-4-8-16-32-50,V0,,32,A-maioria,,,delegate,,,,0x5c19a95c,,48347,1,,0x8eb2597a239d7d5a9d780141fa850308f21a221b62b2f0b2cd01922a25b294b2,64
2026-09-23T23-05-23-489Z_n-sweep_1-2-4-8-16-32-50,V0,,32,A-maioria,,,delegate,,,,0x5c19a95c,,48347,1,,0x61b0a2cbceae6ab3b47dbad41fbaa57485b4b4545814b177fb76f5e80989f4b6,64
2026-09-23T23-05-23-489Z_n-sweep_1-2-4-8-16-32-50,V0,,32,A-maioria,,,delegate,,,,0x5c19a95c,,48347,1,,0x8e8293e79ce57e8b2bd6c914c167b0ec5858ded7d332cc962607075acbcc0b43,64
2026-09-23T23-05-23-489Z_n-sweep_1-2-4-8-16-32-50,V0,,32,A-maioria,,,delegate,,,,0x5c19a95c,,48347,1,,0x700d26ece381a9328c0c0607c8015a890a8cc373fc0ec5e3e5957a9b1720c821,64
2026-09-23T23-05-23-489Z_n-sweep_1-2-4-8-16-32-50,V0,,32,A-maioria,,,delegate,,,,0x5c19a95c,,48335,1,,0x827f347ed9162ee5aa31942cb2cd15f5b7940183deaee5d4a11b6efe87452173,64
2026-09-23T23-05-23-489Z_n-sweep_1-2-4-8-16-32-50,V0,,32,A-maioria,,,delegate,,,,0x5c19a95c,,48347,1,,0x05e0616bb804c3cd4df19f7b0cf511dbcb6e9524c52bcfbf8b39223490cc0846,64
2026-09-23T23-05-23-489Z_n-sweep_1-2-4-8-16-32-50,V0,,32,A-maioria,,,delegate,,,,0x5c19a95c,,48347,1,,0x7409a97667b08d9b70b0d678843340d442fad8337ae46944499977e000325f92,64
2026-09-23T23-05-23-489Z_n-sweep_1-2-4-8-16-32-50,V0,,32,A-maioria,,,delegate,,,,0x5c19a95c,,48347,1,,0x06bc39c687cf89ca2626bc142b16cf4a83fd68b90155fd6344acd5c17148d8a6,64
2026-09-23T23-05-23-489Z_n-sweep_1-2-4-8-16-32-50,V0,,32,A-maioria,,,delegate,,,,0x5c19a95c,,48347,1,,0xe5d3691fe9ffad366e158fc098b74dd6635f083c235a6588c23e1d5313889cc9,64
2026-09-23T23-05-23-489Z_n-sweep_1-2-4-8-16-32-50,V0,,32,A-maioria,,,delegate,,,,0x5c19a95c,,48347,1,,0x75300fe9f7d70fbe306b3cefadf0423a64334a4470eee34e958b76b4418900c0,64
2026-09-23T23-05-23-489Z_n-sweep_1-2-4-8-16-32-50,V0,,32,A-maioria,,,delegate,,,,0x5c19a95c,,48347,1,,0xef2cf8fae96fa4c95b9eb5fc78e668af4f5126a23f921c90e15afdcffccd9bf9,64
2026-09-23T23-05-23-489Z_n-sweep_1-2-4-8-16-32-50,V0,,32,A-maioria,,,delegate,,,,0x5c19a95c,,48347,1,,0x75636b14aa58b1ee084fe99cfffb238b737ed57732e5f8ae341a0948974569ff,64
2026-09-23T23-05-23-489Z_n-sweep_1-2-4-8-16-32-50,V0,,32,A-maioria,,,delegate,,,,0x5c19a95c,,48347,1,,0x65f4191d52cde8745142fbad7dab453ac77b84433334a064c65edeec324649be,64
2026-09-23T23-05-23-489Z_n-sweep_1-2-4-8-16-32-50,V0,,32,A-maioria,,,delegate,,,,0x5c19a95c,,48347,1,,0x0015672d62ab0be7ad971272757786d6751bd437c259b6f784a5abb0f9f433e0,64
2026-09-23T23-05-23-489Z_n-sweep_1-2-4-8-16-32-50,V0,,32,A-maioria,,,delegate,,,,0x5c19a95c,,48347,1,,0xf061e3370e552636294057b3e13f8e38e49eb9ccd954add59da578817c58a14b,64
2026-09-23T23-05-23-489Z_n-sweep_1-2-4-8-16-32-50,V0,,32,A-maioria,,,delegate,,,,0x5c19a95c,,48347,1,,0x68475bd925d88da79400657a3df0347cc6be2f887e9fd5fcbf64f6c37d69bf4c,64
2026-09-23T23-05-23-489Z_n-sweep_1-2-4-8-16-32-50,V0,,32,A-maioria,,,delegate,,,,0x5c19a95c,,48347,1,,0xd0da4d004b36ebb022f1b178255cff262f0f75fc2d5a7fda434ccc846c4f7499,64
2026-09-23T23-05-23-489Z_n-sweep_1-2-4-8-16-32-50,V0,,32,A-maioria,,,delegate,,,,0x5c19a95c,,48347,1,,0xaae5636599004f1ba254fea80dbb33335f44a116db4d94090e99b80481406327,64
2026-09-23T23-05-23-489Z_n-sweep_1-2-4-8-16-32-50,V0,,32,A-maioria,,,delegate,,,,0x5c19a95c,,48347,1,,0xfcd4c1dd668d5148e045ce4771c59bdb6f602ef49d2404bbfeb296fc6ce93753,64
2026-09-23T23-05-23-489Z_n-sweep_1-2-4-8-16-32-50,V0,,32,A-maioria,,,delegate,,,,0x5c19a95c,,48335,1,,0x4ebfe89be7e94686ecfb217057d8b4fa5161bcce6d50adcc044a0aff6d4282af,64
2026-09-23T23-05-23-489Z_n-sweep_1-2-4-8-16-32-50,V0,,32,A-maioria,,,delegate,,,,0x5c19a95c,,48347,1,,0xb3d77ed4f7a6d94080b6c775433f6c6f21a916c783059136f4572f52dc3a8874,64
2026-09-23T23-05-23-489Z_n-sweep_1-2-4-8-16-32-50,V0,,32,A-maioria,,,delegate,,,,0x5c19a95c,,48347,1,,0x127f4971e3e590d8328bd74ed6096c37b20e6836b27cf90514b9a87cd503f413,64
2026-09-23T23-05-23-489Z_n-sweep_1-2-4-8-16-32-50,V0,,32,A-maioria,,,delegate,,,,0x5c19a95c,,48347,1,,0xb67155a13ea706a326342e60462ed0ed7c4a680e0112e43260248751f2fe896b,64
2026-09-23T23-05-23-489Z_n-sweep_1-2-4-8-16-32-50,V0,,32,A-maioria,,,delegate,,,,0x5c19a95c,,48347,1,,0xe2be7e7d00839d4fa7d3020666aa9dcf9efcdc40f9fa77a35592a87459c52b90,64
2026-09-23T23-05-23-489Z_n-sweep_1-2-4-8-16-32-50,V0,,32,A-maioria,,,delegate,,,,0x5c19a95c,,48347,1,,0xb535243780f9c28da64ec7309760125fe2487568589114d83acf79e30a47d760,64
2026-09-23T23-05-23-489Z_n-sweep_1-2-4-8-16-32-50,V0,,32,A-maioria,,,delegate,,,,0x5c19a95c,,48347,1,,0x293dda08d12cb640488f1dad6a8ab9d2c5b59be364ffe60275d52382b886183e,64
2026-09-23T23-05-23-489Z_n-sweep_1-2-4-8-16-32-50,V0,,32,A-maioria,,,delegate,,,,0x5c19a95c,,48347,1,,0xacef40fd99317b96d80072941137339058a20720c237b0b3cc16b1e2fa83b630,64
2026-09-23T23-05-23-489Z_n-sweep_1-2-4-8-16-32-50,V0,,32,A-maioria,,,transfer,,,,0xa9059cbb,,135960,1,,0x29f9412c2ffdb239cd38ad70ce5ff600bccbe9b453fde1a6c033626a6c646eba,64
2026-09-23T23-05-23-489Z_n-sweep_1-2-4-8-16-32-50,V0,,32,A-maioria,,,transfer,,,,0xa9059cbb,,135948,1,,0x8f041ff9c5655d4daebf93c7047f302ad35f1ca24ab937021cdfaef9f1a6a756,64
2026-09-23T23-05-23-489Z_n-sweep_1-2-4-8-16-32-50,V0,,32,A-maioria,,,transfer,,,,0xa9059cbb,,135960,1,,0x894cb225643f213ea48145224f017a92ba27a56c855d4e864be1cf03f553f4e4,64
2026-09-23T23-05-23-489Z_n-sweep_1-2-4-8-16-32-50,V0,,32,A-maioria,,,transfer,,,,0xa9059cbb,,135960,1,,0x3669c5c62c9c04c0b63cd9e2ac0efe73efa33690cc7c083d0f722f4faf7f3deb,64
2026-09-23T23-05-23-489Z_n-sweep_1-2-4-8-16-32-50,V0,,32,A-maioria,,,transfer,,,,0xa9059cbb,,135960,1,,0x1c6da41f1d7427474ac4a460fc9ab6ecebc43e28111a95210985017e1df19b0e,64
2026-09-23T23-05-23-489Z_n-sweep_1-2-4-8-16-32-50,V0,,32,A-maioria,,,transfer,,,,0xa9059cbb,,135960,1,,0xc5f663a7a79d99e5243ccdf534e9568721965742239be272f3f09fa15d179d28,64
2026-09-23T23-05-23-489Z_n-sweep_1-2-4-8-16-32-50,V0,,32,A-maioria,,,transfer,,,,0xa9059cbb,,135960,1,,0xe2291692adeb618776d98781636168333451130b8435b697ba7b7a0a14dad560,64
2026-09-23T23-05-23-489Z_n-sweep_1-2-4-8-16-32-50,V0,,32,A-maioria,,,transfer,,,,0xa9059cbb,,135960,1,,0xf9506b0c1beff2bf33e7ef0c136749f5ac13cab6771da989a3e2fb148f3590fd,64
2026-09-23T23-05-23-489Z_n-sweep_1-2-4-8-16-32-50,V0,,32,A-maioria,,,transfer,,,,0xa9059cbb,,135960,1,,0x1af83e41b3f45f8f3d1d590a022ee767ac4aa81951ba2005ee07c6b983c5ae3d,64
2026-09-23T23-05-23-489Z_n-sweep_1-2-4-8-16-32-50,V0,,32,A-maioria,,,transfer,,,,0xa9059cbb,,135948,1,,0x81332d9b7f7537150d94378442ce4c1db2ae444318b30870687f0b9d9d59c7ff,64
2026-09-23T23-05-23-489Z_n-sweep_1-2-4-8-16-32-50,V0,,32,A-maioria,,,transfer,,,,0xa9059cbb,,135960,1,,0x83112f8201f0c640c328f03974afb701b3c52488e26c4ce16f2126d7ff8a492c,64
2026-09-23T23-05-23-489Z_n-sweep_1-2-4-8-16-32-50,V0,,32,A-maioria,,,transfer,,,,0xa9059cbb,,135960,1,,0xd7d0ebb80ee8277ef9fc42d27e0c679b8bd859df8440554c35cc1a996dc02c21,64
2026-09-23T23-05-23-489Z_n-sweep_1-2-4-8-16-32-50,V0,,32,A-maioria,,,transfer,,,,0xa9059cbb,,135960,1,,0x4e991d25cd36c95cf9959fc7a6653525ae36cb4fbd796fbb9ba757016258bbb9,64
2026-09-23T23-05-23-489Z_n-sweep_1-2-4-8-16-32-50,V0,,32,A-maioria,,,transfer,,,,0xa9059cbb,,135960,1,,0xbfb14ecb18d97c103bf85e2649d90cf38911c74dd5004a26deaa8825ea4c32a4,64
2026-09-23T23-05-23-489Z_n-sweep_1-2-4-8-16-32-50,V0,,32,A-maioria,,,transfer,,,,0xa9059cbb,,135960,1,,0x3c7d501780724688ead8021f53dc00a7489d01e9bab616a55018637497b101f9,64
2026-09-23T23-05-23-489Z_n-sweep_1-2-4-8-16-32-50,V0,,32,A-maioria,,,transfer,,,,0xa9059cbb,,135960,1,,0x4848334ed2c15d3209e587cbc01ded41ac3ae7959e01e3088414815d95fc5302,64
2026-09-23T23-05-23-489Z_n-sweep_1-2-4-8-16-32-50,V0,,32,A-maioria,,,transfer,,,,0xa9059cbb,,135960,1,,0x5f2f463fd6ad6b09608be879823215fb0086144e80786aa3038baab71396069c,64
2026-09-23T23-05-23-489Z_n-sweep_1-2-4-8-16-32-50,V0,,32,A-maioria,,,transfer,,,,0xa9059cbb,,135960,1,,0xf459250b562448f3f29aa124d5882799326b8b758c0ea42a1d12b4824cdfab1c,64
2026-09-23T23-05-23-489Z_n-sweep_1-2-4-8-16-32-50,V0,,32,A-maioria,,,transfer,,,,0xa9059cbb,,135960,1,,0x7089aa37c55c94d5d7acc2178587f6883081bde5d780d769be725cac7e5fbe2f,64
2026-09-23T23-05-23-489Z_n-sweep_1-2-4-8-16-32-50,V0,,32,A-maioria,,,transfer,,,,0xa9059cbb,,135960,1,,0xaf488783a3e4419bba44faa6aff56ddd7d64da2f8b4cf7ffeb304ce38d8b8721,64
2026-09-23T23-05-23-489Z_n-sweep_1-2-4-8-16-32-50,V0,,32,A-maioria,,,transfer,,,,0xa9059cbb,,135960,1,,0x9866769fd009b00ae123d54396745d165237c883c885367f0e674f0ec147d65b,64
2026-09-23T23-05-23-489Z_n-sweep_1-2-4-8-16-32-50,V0,,32,A-maioria,,,transfer,,,,0xa9059cbb,,135960,1,,0x9b11b2365648571eb08e85854e2ad5903cd2dc39371288a6c4499d5661306550,64
2026-09-23T23-05-23-489Z_n-sweep_1-2-4-8-16-32-50,V0,,32,A-maioria,,,transfer,,,,0xa9059cbb,,135960,1,,0xfed884270499bcd3176a9f41559400dfc67e33cc85c9cf1e2b0c4f0300cf901c,64
2026-09-23T23-05-23-489Z_n-sweep_1-2-4-8-16-32-50,V0,,32,A-maioria,,,transfer,,,,0xa9059cbb,,135960,1,,0x90196f63091268ec6f03e3e9ddf2d137561e730a9d2068e83e18df72495b9131,64
2026-09-23T23-05-23-489Z_n-sweep_1-2-4-8-16-32-50,V0,,32,A-maioria,,,transfer,,,,0xa9059cbb,,135948,1,,0xf62e7d88596a4e9b4d817a01d6586dda1eb972d68851d850254c7350a6787d38,64
2026-09-23T23-05-23-489Z_n-sweep_1-2-4-8-16-32-50,V0,,32,A-maioria,,,transfer,,,,0xa9059cbb,,135960,1,,0x219d104340144e3e3b7d963c3954f2ab9c5bbb3a95032d66b2248e20f2ad8415,64
2026-09-23T23-05-23-489Z_n-sweep_1-2-4-8-16-32-50,V0,,32,A-maioria,,,transfer,,,,0xa9059cbb,,135960,1,,0xd7c4ae0a3058753c425b7d1146a5a547dea0c3fd6f8873007ba05ac840726440,64
2026-09-23T23-05-23-489Z_n-sweep_1-2-4-8-16-32-50,V0,,32,A-maioria,,,transfer,,,,0xa9059cbb,,135960,1,,0x7d8ba84f56812a83c5a8a1f0841c117ae04a38ef1d1f6541c6706b9d410b82d6,64
2026-09-23T23-05-23-489Z_n-sweep_1-2-4-8-16-32-50,V0,,32,A-maioria,,,transfer,,,,0xa9059cbb,,135960,1,,0xd05619fc8ee97b58203ac2a41fa73951547786737aee796dfa908b3464554172,64
2026-09-23T23-05-23-489Z_n-sweep_1-2-4-8-16-32-50,V0,,32,A-maioria,,,transfer,,,,0xa9059cbb,,135960,1,,0x53e684e6a147858b71f1d1b69168181a8e311b1a5c3e32ed9089312a984860df,64
2026-09-23T23-05-23-489Z_n-sweep_1-2-4-8-16-32-50,V0,,32,A-maioria,,,transfer,,,,0xa9059cbb,,135960,1,,0xcdebc9833856cef219be3f76cfb611e9b988c73c657911fbab9cb4dd4d47476e,64
2026-09-23T23-05-23-489Z_n-sweep_1-2-4-8-16-32-50,V0,,32,A-maioria,,,transfer,,,,0xa9059cbb,,135960,1,,0x14ef011d0e8f8bec73e6333fe3ee405aec446d146c63cb7386bf63138b12b7d3,64
2026-09-23T23-05-23-489Z_n-sweep_1-2-4-8-16-32-50,V0,,32,A-maioria,,,propose,,,propose,0x7d5e81e2,WasteCategoryRegistry.updateCredits,63351,1,,0x089b36edbee02eb10787a213c2be0a96d87cea6fad8818d1e2b75ec4ae5b47d9,64
2026-09-23T23-05-23-489Z_n-sweep_1-2-4-8-16-32-50,V0,,32,A-maioria,,,vote,1,for,,0x56781388,,81887,1,,0x9281d11317f0627ba11d98bc654375b1e9c4df0b11883b49376cbbd5482c35fc,64
2026-09-23T23-05-23-489Z_n-sweep_1-2-4-8-16-32-50,V0,,32,A-maioria,,,vote,2,for,,0x56781388,,64787,1,,0xbfa8c9ceb277bd18a05263d882f5825420927bff9b5fa9187ffbd9cbfcdb3414,64
2026-09-23T23-05-23-489Z_n-sweep_1-2-4-8-16-32-50,V0,,32,A-maioria,,,vote,3,for,,0x56781388,,64787,1,,0x05a518ead2ea323e5ee4e82fcfd52a73c84302c23e7e4a2ed1a62645d8d3cb92,64
2026-09-23T23-05-23-489Z_n-sweep_1-2-4-8-16-32-50,V0,,32,A-maioria,,,vote,4,for,,0x56781388,,64787,1,,0x710fb9633e9840ad0f1f20f086dd3d8b324f7dc7533ad056dccad3724d772723,64
2026-09-23T23-05-23-489Z_n-sweep_1-2-4-8-16-32-50,V0,,32,A-maioria,,,vote,5,for,,0x56781388,,64787,1,,0x32b46a6147f869b5b9e512ed54f55c144a41d82070f8585c01c01b271b49e0fb,64
2026-09-23T23-05-23-489Z_n-sweep_1-2-4-8-16-32-50,V0,,32,A-maioria,,,vote,6,for,,0x56781388,,64787,1,,0xf5161aab5ac2c11c77267aa6340cdb42ab7595c87877c7edcd8324d09dedf9af,64
2026-09-23T23-05-23-489Z_n-sweep_1-2-4-8-16-32-50,V0,,32,A-maioria,,,vote,7,for,,0x56781388,,64787,1,,0x3faf5848b7d4e1e42a372b41e1df572c3d3edc730a2de60f800c80c0c01004b5,64
2026-09-23T23-05-23-489Z_n-sweep_1-2-4-8-16-32-50,V0,,32,A-maioria,,,vote,8,for,,0x56781388,,64787,1,,0xb02822891dc5fccfa19e5aeff5a858d72dc291b98357cdbaff61cacb30627e46,64
2026-09-23T23-05-23-489Z_n-sweep_1-2-4-8-16-32-50,V0,,32,A-maioria,,,vote,9,for,,0x56781388,,64787,1,,0x5fa54bdcc07839ae1447adba3e2e92c2fe2e8d78aaf8dc075a806781ad4e2b5f,64
2026-09-23T23-05-23-489Z_n-sweep_1-2-4-8-16-32-50,V0,,32,A-maioria,,,vote,10,for,,0x56781388,,64787,1,,0x5f50c0328c1fa68b4ff22b6c72b8de82c77482a87906b2295b5b9e3379282e06,64
2026-09-23T23-05-23-489Z_n-sweep_1-2-4-8-16-32-50,V0,,32,A-maioria,,,vote,11,for,,0x56781388,,64787,1,,0x1424a8ea45cf78954bf50b23db90bd5a6a53321d641c5838e22a45cc162fdcd4,64
2026-09-23T23-05-23-489Z_n-sweep_1-2-4-8-16-32-50,V0,,32,A-maioria,,,vote,12,for,,0x56781388,,64787,1,,0xcc5f7ef38ee223c81d465bea4ec96425315b5e78f5e603a9bbd10e1f6c27b218,64
2026-09-23T23-05-23-489Z_n-sweep_1-2-4-8-16-32-50,V0,,32,A-maioria,,,vote,13,for,,0x56781388,,64787,1,,0x1ea6f4db037806f4669179e6e11e9ee4af63925d58dbe9222a42a23a03478501,64
2026-09-23T23-05-23-489Z_n-sweep_1-2-4-8-16-32-50,V0,,32,A-maioria,,,vote,14,for,,0x56781388,,64787,1,,0xd089b21d48cdb96c58cb0e88246ddd2b05d1ba571c2169166197ea45065c7b57,64
2026-09-23T23-05-23-489Z_n-sweep_1-2-4-8-16-32-50,V0,,32,A-maioria,,,vote,15,for,,0x56781388,,64787,1,,0x081c5e5a363e1a030057b09b1b58e6a43c8a920cb09d96f928c55fbb36c42310,64
2026-09-23T23-05-23-489Z_n-sweep_1-2-4-8-16-32-50,V0,,32,A-maioria,,,vote,16,for,,0x56781388,,64787,1,,0x45d256f01a80e8d98b2bb02b2f10f981ee5f3755e025b9676f92fbc48bac5a88,64
2026-09-23T23-05-23-489Z_n-sweep_1-2-4-8-16-32-50,V0,,32,A-maioria,,,vote,17,for,,0x56781388,,64787,1,,0x935ae681246f6b48c287271b3ceb06d55e6676f71a5b3170f55db9e6b716bfd7,64
2026-09-23T23-05-23-489Z_n-sweep_1-2-4-8-16-32-50,V0,,32,A-maioria,,,vote,1,against,,0x56781388,,81835,1,,0x8993c6ea9f1da1175283c35615070c938b3e58256272923888423f0d5402a426,64
2026-09-23T23-05-23-489Z_n-sweep_1-2-4-8-16-32-50,V0,,32,A-maioria,,,vote,2,against,,0x56781388,,64735,1,,0x7bf042c65ca20ecb5402d212deabafd6b2b42c7e19063d12fc65a3c9ed38508f,64
2026-09-23T23-05-23-489Z_n-sweep_1-2-4-8-16-32-50,V0,,32,A-maioria,,,vote,3,against,,0x56781388,,64735,1,,0xa7f62a7201bfbdd04387d76d4d6670298fc8eb1c9e78ee0eef8d7673683072e9,64
2026-09-23T23-05-23-489Z_n-sweep_1-2-4-8-16-32-50,V0,,32,A-maioria,,,vote,4,against,,0x56781388,,64735,1,,0xdd57f47c4193aea55bfe7e1e73cdc639fe0bc660e045cafa9aa4ee89b8ea8411,64
2026-09-23T23-05-23-489Z_n-sweep_1-2-4-8-16-32-50,V0,,32,A-maioria,,,vote,5,against,,0x56781388,,64735,1,,0xdce1c835358903512a4309175a3d9c85ffdfb23554eeb5612db7f168bf372450,64
2026-09-23T23-05-23-489Z_n-sweep_1-2-4-8-16-32-50,V0,,32,A-maioria,,,vote,6,against,,0x56781388,,64735,1,,0x28721026103a8ffed6944f1ccfa58bda38a606bb2f4c8b0273a2104a84013696,64
2026-09-23T23-05-23-489Z_n-sweep_1-2-4-8-16-32-50,V0,,32,A-maioria,,,vote,7,against,,0x56781388,,64735,1,,0xe3da1b413bc0259b5c529023aa49a65ec6aa5362e69accb37cf4fa4d9e46ea49,64
2026-09-23T23-05-23-489Z_n-sweep_1-2-4-8-16-32-50,V0,,32,A-maioria,,,vote,8,against,,0x56781388,,64735,1,,0x6ed51a3c03f5909915def21ffcf82435b149d8e29e5749169ddee134ab84e579,64
2026-09-23T23-05-23-489Z_n-sweep_1-2-4-8-16-32-50,V0,,32,A-maioria,,,vote,9,against,,0x56781388,,64735,1,,0x3a02a2b5af086581f22f1d7a46ad3bcd81e89e3e180e9fcd4b61339574d0544e,64
2026-09-23T23-05-23-489Z_n-sweep_1-2-4-8-16-32-50,V0,,32,A-maioria,,,vote,10,against,,0x56781388,,64735,1,,0x8d6e5bf1e9bf93506ae46001f6fe07aab1983208438f85c5ddbd1983c6e8db91,64
2026-09-23T23-05-23-489Z_n-sweep_1-2-4-8-16-32-50,V0,,32,A-maioria,,,vote,11,against,,0x56781388,,64735,1,,0xd404c3213b9968c84614a363ac9787bf2b7a9730af07c21fc011f2726314da30,64
2026-09-23T23-05-23-489Z_n-sweep_1-2-4-8-16-32-50,V0,,32,A-maioria,,,vote,12,against,,0x56781388,,64735,1,,0x03289800621d6f19de607bf4e840ef03519f701381ca69f30d9352312650d6e3,64
2026-09-23T23-05-23-489Z_n-sweep_1-2-4-8-16-32-50,V0,,32,A-maioria,,,vote,13,against,,0x56781388,,64735,1,,0x003c888aabadd413c42f31d0dc00fbe734e91f789231c492db4b849577851a54,64
2026-09-23T23-05-23-489Z_n-sweep_1-2-4-8-16-32-50,V0,,32,A-maioria,,,vote,14,against,,0x56781388,,64735,1,,0x723643872d0c5de6b111bf5d65396cb008b4581d07ca3b623d9fb5a41375c413,64
2026-09-23T23-05-23-489Z_n-sweep_1-2-4-8-16-32-50,V0,,32,A-maioria,,,vote,15,against,,0x56781388,,64735,1,,0x4983056c692653eb7aa352f683219846de78b6c7ac943a01d559bfdcc9be0e9a,64
2026-09-23T23-05-23-489Z_n-sweep_1-2-4-8-16-32-50,V0,,32,A-maioria,,,execute,,,execute,0x2656227d,WasteCategoryRegistry.updateCredits,60807,1,,0x5b246b4774f75c1a5fea4729ba22d093100479afebb1cb953a7c700ec570fd2c,64
2026-09-23T23-05-23-489Z_n-sweep_1-2-4-8-16-32-50,V1,T1,,,,,deploy_token_T1,,,constructor,0x61016060,,1621017,1,,0xece28f063ba256e8fc65152daf61fe745a7823e8ba387b1b661409f18f6dc4cc,65
2026-09-23T23-05-23-489Z_n-sweep_1-2-4-8-16-32-50,V1,,,,,,deploy_registry,,,constructor,0x60806040,,4590964,1,,0x9005486642112873086c0faf3a06ce7199e3377186a80eb6eea4235f5e1c6f56,65
2026-09-23T23-05-23-489Z_n-sweep_1-2-4-8-16-32-50,V1,,,,,,deploy_governor_V1,,,constructor,0x6101c080,,2141155,1,,0xcbf032b87647649d09648621f7d61fb312aee4174486ee6f404819243ac59ca9,65
2026-09-23T23-05-23-489Z_n-sweep_1-2-4-8-16-32-50,V1,,,,,,grant_admin_role,,,grantRole,0x2f2ff15d,,50799,1,,0xfdc9a3875129e16eb4a0e6527cfb2e5662449c13660398cf3b7c723db6d0e009,65
2026-09-23T23-05-23-489Z_n-sweep_1-2-4-8-16-32-50,V1,,,,,,revoke_deployer_admin_role,,,revokeRole,0xd547741f,,27116,1,,0xc189311656167d1c4c211ee1c4f5143a8df64ff72cb449ebf7ec77ff2fd0bcbb,65
2026-09-23T23-05-23-489Z_n-sweep_1-2-4-8-16-32-50,V1,,32,A-maioria,,,delegate_admin,,,,0x5c19a95c,,95559,1,,0xd4695df7ceba86e36d8d32ccf756640823a0c1b729cf20e3a0b632c08e38ee6a,65
2026-09-23T23-05-23-489Z_n-sweep_1-2-4-8-16-32-50,V1,,32,A-maioria,,,delegate,,,,0x5c19a95c,,48347,1,,0x81d5bf8e96fad9ce8b5230dc73abbeb313b25fcb2932728690f357e6b4e905b9,65
2026-09-23T23-05-23-489Z_n-sweep_1-2-4-8-16-32-50,V1,,32,A-maioria,,,delegate,,,,0x5c19a95c,,48335,1,,0x92147b8c796bc2b0f21acc979799bbf4c5b5033d9d67806a8ad6842fe03d41df,65
2026-09-23T23-05-23-489Z_n-sweep_1-2-4-8-16-32-50,V1,,32,A-maioria,,,delegate,,,,0x5c19a95c,,48347,1,,0xfff43b85310b182c6fdaa6a0b82056393aba2572b23e543b42f064dc4690e2fc,65
2026-09-23T23-05-23-489Z_n-sweep_1-2-4-8-16-32-50,V1,,32,A-maioria,,,delegate,,,,0x5c19a95c,,48347,1,,0xd65054394087a126f7201b8caf565d34e4b8e2c37299a2eb2e8e1e169e8753b2,65
2026-09-23T23-05-23-489Z_n-sweep_1-2-4-8-16-32-50,V1,,32,A-maioria,,,delegate,,,,0x5c19a95c,,48347,1,,0x0c6ee11e6f4f09c9119d3c03df89d743f104be74b800d0b47cbfa2e1629e917b,65
2026-09-23T23-05-23-489Z_n-sweep_1-2-4-8-16-32-50,V1,,32,A-maioria,,,delegate,,,,0x5c19a95c,,48347,1,,0x9e4c58d93f5292a4566258e1c10f556eb9dc4074e322b7c357bf5ad65da50cae,65
2026-09-23T23-05-23-489Z_n-sweep_1-2-4-8-16-32-50,V1,,32,A-maioria,,,delegate,,,,0x5c19a95c,,48347,1,,0x6ebf0fe5777b4feb07a84b604e7094e789e104c0aa39284dccf1b9da9c17904e,65
2026-09-23T23-05-23-489Z_n-sweep_1-2-4-8-16-32-50,V1,,32,A-maioria,,,delegate,,,,0x5c19a95c,,48347,1,,0xfe42119cc5b68fbfd433dffe547dcf50b55480a011d31795da0f08ec660c70b3,65
2026-09-23T23-05-23-489Z_n-sweep_1-2-4-8-16-32-50,V1,,32,A-maioria,,,delegate,,,,0x5c19a95c,,48347,1,,0x1cd5ec1a28c590b58fdf7467e7fffeb349eed4d261a6e6dd6bbe64d73d17bd59,65
2026-09-23T23-05-23-489Z_n-sweep_1-2-4-8-16-32-50,V1,,32,A-maioria,,,delegate,,,,0x5c19a95c,,48335,1,,0x44f126ec5cf68cfd276b82e1245a8bb78ca6d635813f085d1a125f483e4d5924,65
2026-09-23T23-05-23-489Z_n-sweep_1-2-4-8-16-32-50,V1,,32,A-maioria,,,delegate,,,,0x5c19a95c,,48347,1,,0xe3c56247fde6ff45e5ce391eac68170bdc36be578302a953ddcf8384ecd07aa8,65
2026-09-23T23-05-23-489Z_n-sweep_1-2-4-8-16-32-50,V1,,32,A-maioria,,,delegate,,,,0x5c19a95c,,48347,1,,0x97563cc4398d7b02943ad3e3ef1bdae06351c02ad3fb2d2b948579fc1d32295f,65
2026-09-23T23-05-23-489Z_n-sweep_1-2-4-8-16-32-50,V1,,32,A-maioria,,,delegate,,,,0x5c19a95c,,48347,1,,0x2254c00b60e2f0581478274e6123b6295b391cc3698f1951fb660335b3cd6c33,65
2026-09-23T23-05-23-489Z_n-sweep_1-2-4-8-16-32-50,V1,,32,A-maioria,,,delegate,,,,0x5c19a95c,,48347,1,,0xc3e2689cb93afecc73f02fe2fc704ca424bfebf2840b02e15e94e2eacaca6d1c,65
2026-09-23T23-05-23-489Z_n-sweep_1-2-4-8-16-32-50,V1,,32,A-maioria,,,delegate,,,,0x5c19a95c,,48347,1,,0xf481a9d9df12d0c5f7b29cc5bd284c8ca3e14873afc209155e790bf19f68d897,65
2026-09-23T23-05-23-489Z_n-sweep_1-2-4-8-16-32-50,V1,,32,A-maioria,,,delegate,,,,0x5c19a95c,,48347,1,,0x8975637550f485546f85f8e6d9a6ed6447c7e76fff1ec5f6c9e76fb534393987,65
2026-09-23T23-05-23-489Z_n-sweep_1-2-4-8-16-32-50,V1,,32,A-maioria,,,delegate,,,,0x5c19a95c,,48347,1,,0x923ae1f8d3d22d25940fc9eb75f6f6f16c191c6a236895f77670dcca6996d312,65
2026-09-23T23-05-23-489Z_n-sweep_1-2-4-8-16-32-50,V1,,32,A-maioria,,,delegate,,,,0x5c19a95c,,48347,1,,0xfa31a6684a33a12042a314e8f53f866c316bd76cf3829f1b1bdf9c6709375faf,65
2026-09-23T23-05-23-489Z_n-sweep_1-2-4-8-16-32-50,V1,,32,A-maioria,,,delegate,,,,0x5c19a95c,,48347,1,,0x85a35cc5c2fd484741123514532c6d193414e920845266674d577133f95aeb61,65
2026-09-23T23-05-23-489Z_n-sweep_1-2-4-8-16-32-50,V1,,32,A-maioria,,,delegate,,,,0x5c19a95c,,48347,1,,0x2c0c0e3cf1f17f2dbd21478c48f6a01b7c3f80cdc9a8337eb22078304610831f,65
2026-09-23T23-05-23-489Z_n-sweep_1-2-4-8-16-32-50,V1,,32,A-maioria,,,delegate,,,,0x5c19a95c,,48347,1,,0xa3ed7a1ccf1c20c61c0c5d590ac689d2c051d45201c4389538358e9b8bb285bc,65
2026-09-23T23-05-23-489Z_n-sweep_1-2-4-8-16-32-50,V1,,32,A-maioria,,,delegate,,,,0x5c19a95c,,48347,1,,0x661c282cd9e0e8ae9af420543abc3bdc613c6cb387574718fba247544e2af8e9,65
2026-09-23T23-05-23-489Z_n-sweep_1-2-4-8-16-32-50,V1,,32,A-maioria,,,delegate,,,,0x5c19a95c,,48347,1,,0xa25eec8de30d8f33b67249979cc372deee4340970acf515ed11237297c254db8,65
2026-09-23T23-05-23-489Z_n-sweep_1-2-4-8-16-32-50,V1,,32,A-maioria,,,delegate,,,,0x5c19a95c,,48347,1,,0x4531944da7228710c401fe613cc835a5a2ab8911500c323b7a89206096a62c5e,65
2026-09-23T23-05-23-489Z_n-sweep_1-2-4-8-16-32-50,V1,,32,A-maioria,,,delegate,,,,0x5c19a95c,,48335,1,,0x34fd858bbdd79805fe9ac14ac3496bc1581b8cd1fca415dd388ac92a1031b1a5,65
2026-09-23T23-05-23-489Z_n-sweep_1-2-4-8-16-32-50,V1,,32,A-maioria,,,delegate,,,,0x5c19a95c,,48347,1,,0x3873a22f0d3bd864cb6adf03e490138f7a8c74e0367b46c72eb32ab59606fc50,65
2026-09-23T23-05-23-489Z_n-sweep_1-2-4-8-16-32-50,V1,,32,A-maioria,,,delegate,,,,0x5c19a95c,,48347,1,,0x015c8107c64083620d33bd63ee4539fae6a634cbff1a7060ce0d9d7635a92667,65
2026-09-23T23-05-23-489Z_n-sweep_1-2-4-8-16-32-50,V1,,32,A-maioria,,,delegate,,,,0x5c19a95c,,48347,1,,0x4d690799cd4e7de3c25a6216085b0327439b44872c331c8bdeed03412851c496,65
2026-09-23T23-05-23-489Z_n-sweep_1-2-4-8-16-32-50,V1,,32,A-maioria,,,delegate,,,,0x5c19a95c,,48347,1,,0x4e2b6075a69f1a5defbf56244ed346d13180f658d70986f145e7afacf2a1769c,65
2026-09-23T23-05-23-489Z_n-sweep_1-2-4-8-16-32-50,V1,,32,A-maioria,,,delegate,,,,0x5c19a95c,,48347,1,,0xdb953c4d33d8186e4e68b823485663114eed9632b4e6afebc927746da2cc5444,65
2026-09-23T23-05-23-489Z_n-sweep_1-2-4-8-16-32-50,V1,,32,A-maioria,,,delegate,,,,0x5c19a95c,,48347,1,,0x6e11fc1a1f465bb514b7050fb921834e4af6a4c1f01678025fabce44812892fb,65
2026-09-23T23-05-23-489Z_n-sweep_1-2-4-8-16-32-50,V1,,32,A-maioria,,,delegate,,,,0x5c19a95c,,48347,1,,0x02ed69ad44539ce394fe9de851cfc82976eaf863ce9b6bb6dbf7356c766b4e34,65
2026-09-23T23-05-23-489Z_n-sweep_1-2-4-8-16-32-50,V1,,32,A-maioria,,,transfer,,,,0xa9059cbb,,135960,1,,0xb456269427e69b5e6ce8e76119fc7d322df6ec9289b99576d4a1afad4e375832,65
2026-09-23T23-05-23-489Z_n-sweep_1-2-4-8-16-32-50,V1,,32,A-maioria,,,transfer,,,,0xa9059cbb,,135948,1,,0xb1ebdc3fafc8d37f132e1bcc9fa8242f9ac4ccbf686053a9c11fea1447d7954a,65
2026-09-23T23-05-23-489Z_n-sweep_1-2-4-8-16-32-50,V1,,32,A-maioria,,,transfer,,,,0xa9059cbb,,135960,1,,0x0706982ce9ffc9a9a6049bdad109ccb7771a360862c1c67d4604b16e468e88b3,65
2026-09-23T23-05-23-489Z_n-sweep_1-2-4-8-16-32-50,V1,,32,A-maioria,,,transfer,,,,0xa9059cbb,,135960,1,,0x2be7a2323568fcd1226a0c9609a47190689b94f2bfd0a447e2dd0b263421859f,65
2026-09-23T23-05-23-489Z_n-sweep_1-2-4-8-16-32-50,V1,,32,A-maioria,,,transfer,,,,0xa9059cbb,,135960,1,,0x306101092df768e906c434b562ff9c882664cf533261e971ab14944111cc0b35,65
2026-09-23T23-05-23-489Z_n-sweep_1-2-4-8-16-32-50,V1,,32,A-maioria,,,transfer,,,,0xa9059cbb,,135960,1,,0x5a32b538f96cee1fd52ee740d3498092b5ff7b800fe37d249516ce644ac4c638,65
2026-09-23T23-05-23-489Z_n-sweep_1-2-4-8-16-32-50,V1,,32,A-maioria,,,transfer,,,,0xa9059cbb,,135960,1,,0x2b3c88dfa9086dedb70af73e2a72d41b372d8737896af7d9c24b888ba77809a8,65
2026-09-23T23-05-23-489Z_n-sweep_1-2-4-8-16-32-50,V1,,32,A-maioria,,,transfer,,,,0xa9059cbb,,135960,1,,0xc6c3504257735cab1ebbf8e23b8dfa0891033d340b7faee41c7a4c8ffcaf2f05,65
2026-09-23T23-05-23-489Z_n-sweep_1-2-4-8-16-32-50,V1,,32,A-maioria,,,transfer,,,,0xa9059cbb,,135960,1,,0x8c375b595de805e2c20ab49d5366ef38ae2405712a57898e36c42d7394dc7dea,65
2026-09-23T23-05-23-489Z_n-sweep_1-2-4-8-16-32-50,V1,,32,A-maioria,,,transfer,,,,0xa9059cbb,,135948,1,,0x956797de8927bfe4fa4238f3c3d6225ec80fb5cb7f8988c10bcbf7507db7f433,65
2026-09-23T23-05-23-489Z_n-sweep_1-2-4-8-16-32-50,V1,,32,A-maioria,,,transfer,,,,0xa9059cbb,,135960,1,,0x8419adca48826d94d148af9eb8c52743544499d0862d2c79fe217f13838d3f89,65
2026-09-23T23-05-23-489Z_n-sweep_1-2-4-8-16-32-50,V1,,32,A-maioria,,,transfer,,,,0xa9059cbb,,135960,1,,0xa6a407b8151974f51fd3480ed2808e823a862b1a9fc3e4d58826cc40991de5ce,65
2026-09-23T23-05-23-489Z_n-sweep_1-2-4-8-16-32-50,V1,,32,A-maioria,,,transfer,,,,0xa9059cbb,,135960,1,,0x7cb9b9759a154291125191612f5d3d9c005445ca3d44499b84df2cdf24196036,65
2026-09-23T23-05-23-489Z_n-sweep_1-2-4-8-16-32-50,V1,,32,A-maioria,,,transfer,,,,0xa9059cbb,,135960,1,,0x37425c743b5169af4a191d2411ef9ec7a8ecfd4d3f9e18e9c74c8441e728227d,65
2026-09-23T23-05-23-489Z_n-sweep_1-2-4-8-16-32-50,V1,,32,A-maioria,,,transfer,,,,0xa9059cbb,,135960,1,,0x30047ac0d2b376ce93122498326e833da05270630abef795f3659920af1f01f3,65
2026-09-23T23-05-23-489Z_n-sweep_1-2-4-8-16-32-50,V1,,32,A-maioria,,,transfer,,,,0xa9059cbb,,135960,1,,0x25b05249a040061fc25c18be11522eaba7e4df163e9ce17f69863b5a67fccb76,65
2026-09-23T23-05-23-489Z_n-sweep_1-2-4-8-16-32-50,V1,,32,A-maioria,,,transfer,,,,0xa9059cbb,,135960,1,,0x9f4ab1b66a7ab3047273f1a54d34b17dce9dff1c107a018ddfac1f8406fd791a,65
2026-09-23T23-05-23-489Z_n-sweep_1-2-4-8-16-32-50,V1,,32,A-maioria,,,transfer,,,,0xa9059cbb,,135960,1,,0x1c23e5aa6a3e4e7eece03a43c7bee946db01ccd04cb4351c56313615169cd5f7,65
2026-09-23T23-05-23-489Z_n-sweep_1-2-4-8-16-32-50,V1,,32,A-maioria,,,transfer,,,,0xa9059cbb,,135960,1,,0x808e0b1a1f83e43b1b0bbeebf1eaa49a2a0bd603dc033838a51dbc520100f07e,65
2026-09-23T23-05-23-489Z_n-sweep_1-2-4-8-16-32-50,V1,,32,A-maioria,,,transfer,,,,0xa9059cbb,,135960,1,,0x5a9e739bf10cf83ed688f6b886c370f4149c627ecdb8e2f83acec9af0d1e9ad7,65
2026-09-23T23-05-23-489Z_n-sweep_1-2-4-8-16-32-50,V1,,32,A-maioria,,,transfer,,,,0xa9059cbb,,135960,1,,0xd98acace08286d3e5bc862992a1feeb750161810d0f11fff091be1b9b2d82ec4,65
2026-09-23T23-05-23-489Z_n-sweep_1-2-4-8-16-32-50,V1,,32,A-maioria,,,transfer,,,,0xa9059cbb,,135960,1,,0x02f3d6da6a616977f3c74d4af815dd50f18791ec5f826da90aa5ae9ef216be0b,65
2026-09-23T23-05-23-489Z_n-sweep_1-2-4-8-16-32-50,V1,,32,A-maioria,,,transfer,,,,0xa9059cbb,,135960,1,,0xba289594f475d94893786718c7be70af369cd9d6fb44497a45822d97b6355a29,65
2026-09-23T23-05-23-489Z_n-sweep_1-2-4-8-16-32-50,V1,,32,A-maioria,,,transfer,,,,0xa9059cbb,,135960,1,,0x08700732f89c0ba615bd8eeeeb0da4c103eba6f7d06c33eb6c01e53380f25dcd,65
2026-09-23T23-05-23-489Z_n-sweep_1-2-4-8-16-32-50,V1,,32,A-maioria,,,transfer,,,,0xa9059cbb,,135948,1,,0xcfffabbbdd8e51d9435bb673210e62b7334b7d2df8e4a3d70c4461cd0fcf447a,65
2026-09-23T23-05-23-489Z_n-sweep_1-2-4-8-16-32-50,V1,,32,A-maioria,,,transfer,,,,0xa9059cbb,,135960,1,,0x6a4069c122629b5e403a8e517573612f517cdc4223087adf4d4e46ecc1ee28fa,65
2026-09-23T23-05-23-489Z_n-sweep_1-2-4-8-16-32-50,V1,,32,A-maioria,,,transfer,,,,0xa9059cbb,,135960,1,,0x43f7e058f78f5c7ce717c161d923cabe7762bcbb8972d7ee8fefca0222f2ac2e,65
2026-09-23T23-05-23-489Z_n-sweep_1-2-4-8-16-32-50,V1,,32,A-maioria,,,transfer,,,,0xa9059cbb,,135960,1,,0xb91cdfd0d12560265c641a94d1861458541d1dae9f997abd1dfa9cd90d1da67f,65
2026-09-23T23-05-23-489Z_n-sweep_1-2-4-8-16-32-50,V1,,32,A-maioria,,,transfer,,,,0xa9059cbb,,135960,1,,0x284b008bbeb87e89e13af70f36c3f6915fd65474aadd30470c0579190ecd68bd,65
2026-09-23T23-05-23-489Z_n-sweep_1-2-4-8-16-32-50,V1,,32,A-maioria,,,transfer,,,,0xa9059cbb,,135960,1,,0x97b6c18b16e030e7b38ed387cb03f0c4d64c025ee39fe4e224cc6b950d321c35,65
2026-09-23T23-05-23-489Z_n-sweep_1-2-4-8-16-32-50,V1,,32,A-maioria,,,transfer,,,,0xa9059cbb,,135960,1,,0xa345160eee559cdd8379b98b9e47ed1c8910297dd1a07ae65e92da3cd077a630,65
2026-09-23T23-05-23-489Z_n-sweep_1-2-4-8-16-32-50,V1,,32,A-maioria,,,transfer,,,,0xa9059cbb,,135960,1,,0xd9fc574e08881af2698645cc1d7617b8e12462a5806467e1d7fe5ff479431a79,65
2026-09-23T23-05-23-489Z_n-sweep_1-2-4-8-16-32-50,V1,,32,A-maioria,,,propose,,,propose,0x7d5e81e2,WasteCategoryRegistry.updateCredits,63351,1,,0x3357d2ae13159839818079066800a26bafb5a685d35b77917461a52973a36e83,65
2026-09-23T23-05-23-489Z_n-sweep_1-2-4-8-16-32-50,V1,,32,A-maioria,,,vote,1,for,,0x56781388,,82456,1,,0x20d0dea657e957d56f2183a4884a8899374e709c8e78244a06c27162592ac1c5,65
2026-09-23T23-05-23-489Z_n-sweep_1-2-4-8-16-32-50,V1,,32,A-maioria,,,vote,2,for,,0x56781388,,65356,1,,0x190d5d1ce2ebaa3120bb537f99b22de2b4eddd43de767001d7deaa222f928c9c,65
2026-09-23T23-05-23-489Z_n-sweep_1-2-4-8-16-32-50,V1,,32,A-maioria,,,vote,3,for,,0x56781388,,65356,1,,0x160e08d6b48e861a9109c666ae53fdbe8d08d9dd7dc36bb044b777f06c6ac9ba,65
2026-09-23T23-05-23-489Z_n-sweep_1-2-4-8-16-32-50,V1,,32,A-maioria,,,vote,4,for,,0x56781388,,65356,1,,0x9f459945c143e8b91cd6a03c52b109066d79bea6102b8a96547c8908a76302ba,65
2026-09-23T23-05-23-489Z_n-sweep_1-2-4-8-16-32-50,V1,,32,A-maioria,,,vote,5,for,,0x56781388,,65356,1,,0x49e3928a8686bc007b1d593e3540a41f8cf31a262868bb68ed4d7df2ff6d31d0,65
2026-09-23T23-05-23-489Z_n-sweep_1-2-4-8-16-32-50,V1,,32,A-maioria,,,vote,6,for,,0x56781388,,65356,1,,0x50e1547f6cea55213311da4ab0216b70fd2576dfd09aa9a578a2d573ecb9cfff,65
2026-09-23T23-05-23-489Z_n-sweep_1-2-4-8-16-32-50,V1,,32,A-maioria,,,vote,7,for,,0x56781388,,65356,1,,0x3078162b86c4fbff2cdf8a5d74ceefeada8a08076ec14e3b32e523af5b71f61a,65
2026-09-23T23-05-23-489Z_n-sweep_1-2-4-8-16-32-50,V1,,32,A-maioria,,,vote,8,for,,0x56781388,,65356,1,,0x1517c215408ddc4a5508b26d27d3e84c03540a22a033e03d854c2954ebd9064f,65
2026-09-23T23-05-23-489Z_n-sweep_1-2-4-8-16-32-50,V1,,32,A-maioria,,,vote,9,for,,0x56781388,,65356,1,,0x12c2e2a000d052d2828ee6714267bdfea0a6ee8671692c189e2269c1db3e0696,65
2026-09-23T23-05-23-489Z_n-sweep_1-2-4-8-16-32-50,V1,,32,A-maioria,,,vote,10,for,,0x56781388,,65356,1,,0x59aa2b7d32051a3ffc04f345b8b73e82c6c86d86ec19d5e43c1024346a280d0c,65
2026-09-23T23-05-23-489Z_n-sweep_1-2-4-8-16-32-50,V1,,32,A-maioria,,,vote,11,for,,0x56781388,,65356,1,,0xdfee0309ca85f5f0aa3a9c0a8bea574f9d27706c9f316084504f87ef7908821d,65
2026-09-23T23-05-23-489Z_n-sweep_1-2-4-8-16-32-50,V1,,32,A-maioria,,,vote,12,for,,0x56781388,,65356,1,,0xa19caf1e0256725deb6abd104564a6faf42d484164ff34bfa158c421d8a915cf,65
2026-09-23T23-05-23-489Z_n-sweep_1-2-4-8-16-32-50,V1,,32,A-maioria,,,vote,13,for,,0x56781388,,65356,1,,0x1ea6f4db037806f4669179e6e11e9ee4af63925d58dbe9222a42a23a03478501,65
2026-09-23T23-05-23-489Z_n-sweep_1-2-4-8-16-32-50,V1,,32,A-maioria,,,vote,14,for,,0x56781388,,65356,1,,0xd089b21d48cdb96c58cb0e88246ddd2b05d1ba571c2169166197ea45065c7b57,65
2026-09-23T23-05-23-489Z_n-sweep_1-2-4-8-16-32-50,V1,,32,A-maioria,,,vote,15,for,,0x56781388,,65356,1,,0x5d4cab1cb176330c9847378437fadb96de17408ee9af0748b96c4ab034377a85,65
2026-09-23T23-05-23-489Z_n-sweep_1-2-4-8-16-32-50,V1,,32,A-maioria,,,vote,16,for,,0x56781388,,65356,1,,0x0d90282e30fa720521043c02a508890533ca9ca4e229aa4a9e3c98ccbd561dd6,65
2026-09-23T23-05-23-489Z_n-sweep_1-2-4-8-16-32-50,V1,,32,A-maioria,,,vote,17,for,,0x56781388,,65356,1,,0xad78af622b7a8372a625a26b655b68722db3d6aacce471cb00c55440d9ae520d,65
2026-09-23T23-05-23-489Z_n-sweep_1-2-4-8-16-32-50,V1,,32,A-maioria,,,vote,1,against,,0x56781388,,82404,1,,0x8a0c60ea6e9fa7549780cee4de7a88901d6921436433205dc2834f2bcea41c4a,65
2026-09-23T23-05-23-489Z_n-sweep_1-2-4-8-16-32-50,V1,,32,A-maioria,,,vote,2,against,,0x56781388,,65304,1,,0x1f1127d74ada132b6e2737274336ac5d2fcef62738008c28f35257d29bf012d0,65
2026-09-23T23-05-23-489Z_n-sweep_1-2-4-8-16-32-50,V1,,32,A-maioria,,,vote,3,against,,0x56781388,,65304,1,,0x0e2d4c2ac4e81a57e46d7b5f83f5ff1bba063b9012373c9ddc6ba38cb2817563,65
2026-09-23T23-05-23-489Z_n-sweep_1-2-4-8-16-32-50,V1,,32,A-maioria,,,vote,4,against,,0x56781388,,65304,1,,0x6719eca753e20deee88eb73a66254cf762fe48387a575feb30d9c4f0dc54e694,65
2026-09-23T23-05-23-489Z_n-sweep_1-2-4-8-16-32-50,V1,,32,A-maioria,,,vote,5,against,,0x56781388,,65304,1,,0x917f265a8c4fbc56d1c26aba8d94a018587080eb62a1024de344938c25b7ba2a,65
2026-09-23T23-05-23-489Z_n-sweep_1-2-4-8-16-32-50,V1,,32,A-maioria,,,vote,6,against,,0x56781388,,65304,1,,0xe7e685fa29517c70f6d5fa12ee77e3767f9867fdbc9651ac1e86e4ae025aeb7a,65
2026-09-23T23-05-23-489Z_n-sweep_1-2-4-8-16-32-50,V1,,32,A-maioria,,,vote,7,against,,0x56781388,,65304,1,,0x0f962f1a39b70a6dc10d578d7453294a523d6b20c0c35bff974982e7de05714e,65
2026-09-23T23-05-23-489Z_n-sweep_1-2-4-8-16-32-50,V1,,32,A-maioria,,,vote,8,against,,0x56781388,,65304,1,,0x881b5440f84f30da8743c0ff21b80b86b318b705cffa31f9ed562e447b1eb7b7,65
2026-09-23T23-05-23-489Z_n-sweep_1-2-4-8-16-32-50,V1,,32,A-maioria,,,vote,9,against,,0x56781388,,65304,1,,0x09386e02200694246b5d2734c984fb887e334b4bf3fa84b94782a7e4e410cccb,65
2026-09-23T23-05-23-489Z_n-sweep_1-2-4-8-16-32-50,V1,,32,A-maioria,,,vote,10,against,,0x56781388,,65304,1,,0xe38d843e91ad59e6045d7cd50f218566b8bfb220cc7c105c9553369ed22c6520,65
2026-09-23T23-05-23-489Z_n-sweep_1-2-4-8-16-32-50,V1,,32,A-maioria,,,vote,11,against,,0x56781388,,65304,1,,0xda21abe90957f41216592bf78ed2aa2b91182c036f7de61502fff02eaa532dc6,65
2026-09-23T23-05-23-489Z_n-sweep_1-2-4-8-16-32-50,V1,,32,A-maioria,,,vote,12,against,,0x56781388,,65304,1,,0x5d9b249c0a6ab3e9c3e0dd58e265a5dc7da52f1c4c12c36fad64dc8fe9c06cce,65
2026-09-23T23-05-23-489Z_n-sweep_1-2-4-8-16-32-50,V1,,32,A-maioria,,,vote,13,against,,0x56781388,,65304,1,,0x664569ee41b3a193b92503703894284034ef8167172c63c6bd39a36111c8f8f5,65
2026-09-23T23-05-23-489Z_n-sweep_1-2-4-8-16-32-50,V1,,32,A-maioria,,,vote,14,against,,0x56781388,,65304,1,,0x723643872d0c5de6b111bf5d65396cb008b4581d07ca3b623d9fb5a41375c413,65
2026-09-23T23-05-23-489Z_n-sweep_1-2-4-8-16-32-50,V1,,32,A-maioria,,,vote,15,against,,0x56781388,,65304,1,,0x4983056c692653eb7aa352f683219846de78b6c7ac943a01d559bfdcc9be0e9a,65
2026-09-23T23-05-23-489Z_n-sweep_1-2-4-8-16-32-50,V1,,32,A-maioria,,,execute,,,execute,0x2656227d,WasteCategoryRegistry.updateCredits,60807,1,,0x5b246b4774f75c1a5fea4729ba22d093100479afebb1cb953a7c700ec570fd2c,65
2026-09-23T23-05-23-489Z_n-sweep_1-2-4-8-16-32-50,V2,T1,,,,,deploy_token_T1,,,constructor,0x61016060,,1621017,1,,0xece28f063ba256e8fc65152daf61fe745a7823e8ba387b1b661409f18f6dc4cc,66
2026-09-23T23-05-23-489Z_n-sweep_1-2-4-8-16-32-50,V2,,,,,,deploy_registry,,,constructor,0x60806040,,4590964,1,,0x9005486642112873086c0faf3a06ce7199e3377186a80eb6eea4235f5e1c6f56,66
2026-09-23T23-05-23-489Z_n-sweep_1-2-4-8-16-32-50,V2,,,,,,deploy_governor_V2,,,constructor,0x6101e080,,2178840,1,,0xa32c9f3d540c0ae9eee563ea02a53e3c1648afde51e09209202bc2912d9a8532,66
2026-09-23T23-05-23-489Z_n-sweep_1-2-4-8-16-32-50,V2,,,,,,grant_admin_role,,,grantRole,0x2f2ff15d,,50799,1,,0x0482dd737ad13e5cf9f342f77b7f4c8d4a60575e6613b501a7a433855227e65d,66
2026-09-23T23-05-23-489Z_n-sweep_1-2-4-8-16-32-50,V2,,,,,,revoke_deployer_admin_role,,,revokeRole,0xd547741f,,27116,1,,0xbf6c6756b6e885a31717a4b56f3c4fc35da4780ca84e075711ea97189f58ea3d,66
2026-09-23T23-05-23-489Z_n-sweep_1-2-4-8-16-32-50,V2,,32,A-maioria,,,delegate_admin,,,,0x5c19a95c,,95559,1,,0xe4ed125ff7fcf34a784094393e69d7b32184f90f45a88cf0e398ac5fe2329d50,66
2026-09-23T23-05-23-489Z_n-sweep_1-2-4-8-16-32-50,V2,,32,A-maioria,,,delegate,,,,0x5c19a95c,,48347,1,,0x8e5cf2e817455991c3f88244f29b95e3c5703efb253d16587c3e019ace8ed4aa,66
2026-09-23T23-05-23-489Z_n-sweep_1-2-4-8-16-32-50,V2,,32,A-maioria,,,delegate,,,,0x5c19a95c,,48335,1,,0x3a4d0b938991cc6665fddf48aab742d27a2480134e4cb1cf5b844b9724575405,66
2026-09-23T23-05-23-489Z_n-sweep_1-2-4-8-16-32-50,V2,,32,A-maioria,,,delegate,,,,0x5c19a95c,,48347,1,,0x8df16e2387da0d9fa03469e487a72815c7ad0f22d2e3631bfcd3e8532e84566f,66
2026-09-23T23-05-23-489Z_n-sweep_1-2-4-8-16-32-50,V2,,32,A-maioria,,,delegate,,,,0x5c19a95c,,48347,1,,0x95612e3ccf4e98f664cb62c90a18fd3142e8f5668db18fb82a400652a6b96b06,66
2026-09-23T23-05-23-489Z_n-sweep_1-2-4-8-16-32-50,V2,,32,A-maioria,,,delegate,,,,0x5c19a95c,,48347,1,,0x8cfbd9c8afd095297879c4ea5a6d41c276c3b770abd2f751b06ec63384df15d6,66
2026-09-23T23-05-23-489Z_n-sweep_1-2-4-8-16-32-50,V2,,32,A-maioria,,,delegate,,,,0x5c19a95c,,48347,1,,0x96ff47bd12ed3260165a9b3c82bacf4a9f1cfd47a5f8548491ee35c1066f2e38,66
2026-09-23T23-05-23-489Z_n-sweep_1-2-4-8-16-32-50,V2,,32,A-maioria,,,delegate,,,,0x5c19a95c,,48347,1,,0x3c7464a5135ef0630048da3b891f6f95d941c4b44dfb27d1230d6c7015af52d6,66
2026-09-23T23-05-23-489Z_n-sweep_1-2-4-8-16-32-50,V2,,32,A-maioria,,,delegate,,,,0x5c19a95c,,48347,1,,0xcef7f0dbdf22e7ddd7612e11e8e4d04d07ff7ed50742fa593a04379c3fb4c79a,66
2026-09-23T23-05-23-489Z_n-sweep_1-2-4-8-16-32-50,V2,,32,A-maioria,,,delegate,,,,0x5c19a95c,,48347,1,,0x2a05bf2175c5ddc1c903f568e1aef2d66314124f75bcf8379ba8adf2782fee08,66
2026-09-23T23-05-23-489Z_n-sweep_1-2-4-8-16-32-50,V2,,32,A-maioria,,,delegate,,,,0x5c19a95c,,48335,1,,0xed076a3bb603efd5d8a71a2cc98ed4047b12d152a544a7d1d7a341433c9a4602,66
2026-09-23T23-05-23-489Z_n-sweep_1-2-4-8-16-32-50,V2,,32,A-maioria,,,delegate,,,,0x5c19a95c,,48347,1,,0x10be283a8ec30b680dc3aca50b759e0cf9c8afc082d9e83402cea754eca72a1f,66
2026-09-23T23-05-23-489Z_n-sweep_1-2-4-8-16-32-50,V2,,32,A-maioria,,,delegate,,,,0x5c19a95c,,48347,1,,0x2a30f5270f05f3f17e6177f9b77f58b934718ec7c2e872415fd5bb3af3d1a729,66
2026-09-23T23-05-23-489Z_n-sweep_1-2-4-8-16-32-50,V2,,32,A-maioria,,,delegate,,,,0x5c19a95c,,48347,1,,0x8627a7ad29f66cec2d29399f287974e7802b96ce1c1094b9f03f71ebb4aee554,66
2026-09-23T23-05-23-489Z_n-sweep_1-2-4-8-16-32-50,V2,,32,A-maioria,,,delegate,,,,0x5c19a95c,,48347,1,,0x09935171751aaaad6b28f8c0a6e1389d805ea4048b73d32206a0f9fb56fe6526,66
2026-09-23T23-05-23-489Z_n-sweep_1-2-4-8-16-32-50,V2,,32,A-maioria,,,delegate,,,,0x5c19a95c,,48347,1,,0xcc0bb7cbd2d0f3f8fa2b739bbaa5db203755fbd70b3eefc00d112f1bb589ceaf,66
2026-09-23T23-05-23-489Z_n-sweep_1-2-4-8-16-32-50,V2,,32,A-maioria,,,delegate,,,,0x5c19a95c,,48347,1,,0xc76339288f99a2e44a4485a1794ebb0cad6215adbb061dde8b472b5783d68437,66
2026-09-23T23-05-23-489Z_n-sweep_1-2-4-8-16-32-50,V2,,32,A-maioria,,,delegate,,,,0x5c19a95c,,48347,1,,0x4eff498246ceed5814c564e65aad18449d9d8819517ba51d588d9cfdae3d4d2a,66
2026-09-23T23-05-23-489Z_n-sweep_1-2-4-8-16-32-50,V2,,32,A-maioria,,,delegate,,,,0x5c19a95c,,48347,1,,0xa6ae49a326f302b9e71391f9415c0d930458ea03039ee9086f5687369d739f43,66
2026-09-23T23-05-23-489Z_n-sweep_1-2-4-8-16-32-50,V2,,32,A-maioria,,,delegate,,,,0x5c19a95c,,48347,1,,0xf13688c59dca87eeaaf2b3d3ae625f01224e2d5b4954af7ddb9eacd7e8fca21e,66
2026-09-23T23-05-23-489Z_n-sweep_1-2-4-8-16-32-50,V2,,32,A-maioria,,,delegate,,,,0x5c19a95c,,48347,1,,0xed760b7612d9a02f7ab38dcca54d7d989dd819b4bb98906db1dbcca059ac084f,66
2026-09-23T23-05-23-489Z_n-sweep_1-2-4-8-16-32-50,V2,,32,A-maioria,,,delegate,,,,0x5c19a95c,,48347,1,,0x408a7ccbb0d6637960a2093204a5084a7c3370084f7061b277e04d5d1523ae58,66
2026-09-23T23-05-23-489Z_n-sweep_1-2-4-8-16-32-50,V2,,32,A-maioria,,,delegate,,,,0x5c19a95c,,48347,1,,0x3152e0d13e4c1339d74b6b187ca12500a969817e0120fc16874758b89451705c,66
2026-09-23T23-05-23-489Z_n-sweep_1-2-4-8-16-32-50,V2,,32,A-maioria,,,delegate,,,,0x5c19a95c,,48347,1,,0xa643950d224ced9bbf99ea95cbb9cecb86c028ad6a357741d9eed43fd1418124,66
2026-09-23T23-05-23-489Z_n-sweep_1-2-4-8-16-32-50,V2,,32,A-maioria,,,delegate,,,,0x5c19a95c,,48347,1,,0x055e399c3cbfa6644dce91a7f3b36ea2bc185d80c647c0f1d04321e14c4b1361,66
2026-09-23T23-05-23-489Z_n-sweep_1-2-4-8-16-32-50,V2,,32,A-maioria,,,delegate,,,,0x5c19a95c,,48335,1,,0xdbafa2287cf62155690c72d09b21b76ada56306bf24799e90a6ebd1fd470abc6,66
2026-09-23T23-05-23-489Z_n-sweep_1-2-4-8-16-32-50,V2,,32,A-maioria,,,delegate,,,,0x5c19a95c,,48347,1,,0x5f3e39c0a04665565fe3ba089f22454588d4f688c9a7aef067e7ad9e116a759a,66
2026-09-23T23-05-23-489Z_n-sweep_1-2-4-8-16-32-50,V2,,32,A-maioria,,,delegate,,,,0x5c19a95c,,48347,1,,0x7f968e30943d915d45decb0caea3281b5a4ce30a34416fbe354786d67369fd83,66
2026-09-23T23-05-23-489Z_n-sweep_1-2-4-8-16-32-50,V2,,32,A-maioria,,,delegate,,,,0x5c19a95c,,48347,1,,0xacced85e76fc346ac6aeec9a7ad6b61324fa6705450ea8d9c6b571e609652ec6,66
2026-09-23T23-05-23-489Z_n-sweep_1-2-4-8-16-32-50,V2,,32,A-maioria,,,delegate,,,,0x5c19a95c,,48347,1,,0xc354d6d794f1199566d0378cd1a05e9a5ef44036fa08971363ffdb3f0a83ac1f,66
2026-09-23T23-05-23-489Z_n-sweep_1-2-4-8-16-32-50,V2,,32,A-maioria,,,delegate,,,,0x5c19a95c,,48347,1,,0x41430b21e85fff00baa6651f5e9419f14411e203e9c65cf045d70399e1f94f10,66
2026-09-23T23-05-23-489Z_n-sweep_1-2-4-8-16-32-50,V2,,32,A-maioria,,,delegate,,,,0x5c19a95c,,48347,1,,0x0bedefd31dfd1911f1b821af9af59b2add8145ffa98e5dbae489249c34ba12b9,66
2026-09-23T23-05-23-489Z_n-sweep_1-2-4-8-16-32-50,V2,,32,A-maioria,,,delegate,,,,0x5c19a95c,,48347,1,,0x56ad8c486cf180aa0b39b839e9aa8457bb432ce913afb5054ca9bcce3effbb92,66
2026-09-23T23-05-23-489Z_n-sweep_1-2-4-8-16-32-50,V2,,32,A-maioria,,,transfer,,,,0xa9059cbb,,135960,1,,0xd0698b15d0a4158e25b6354447a9183a1c7e2709f2dc65467f1f8d003c028165,66
2026-09-23T23-05-23-489Z_n-sweep_1-2-4-8-16-32-50,V2,,32,A-maioria,,,transfer,,,,0xa9059cbb,,135948,1,,0xc1d83b95bf805ba4371c2bb98c2893712e313bdae17608c8cca1a20cefcace3f,66
2026-09-23T23-05-23-489Z_n-sweep_1-2-4-8-16-32-50,V2,,32,A-maioria,,,transfer,,,,0xa9059cbb,,135960,1,,0x5c9a2f524061f2cedfc3a23928ba3522a97347623158802a7574d89aac66c5e2,66
2026-09-23T23-05-23-489Z_n-sweep_1-2-4-8-16-32-50,V2,,32,A-maioria,,,transfer,,,,0xa9059cbb,,135960,1,,0xd7a1d861a8ffae45389bf7b1e050a2ad6774adf1f26964e59f924d13efe16f93,66
2026-09-23T23-05-23-489Z_n-sweep_1-2-4-8-16-32-50,V2,,32,A-maioria,,,transfer,,,,0xa9059cbb,,135960,1,,0x3ed47764d1b6dc2977a87f07c00932d7919f86a38d7fa6897797557fcaf8ddb2,66
2026-09-23T23-05-23-489Z_n-sweep_1-2-4-8-16-32-50,V2,,32,A-maioria,,,transfer,,,,0xa9059cbb,,135960,1,,0xe38aeefc29cc229da8f80086faf7a65278385513d6000ae2998b9164c52a2ec0,66
2026-09-23T23-05-23-489Z_n-sweep_1-2-4-8-16-32-50,V2,,32,A-maioria,,,transfer,,,,0xa9059cbb,,135960,1,,0x66cced5377a01cb01ced1557db51d3d576fa40d9f04be2db053b55b41fb5089e,66
2026-09-23T23-05-23-489Z_n-sweep_1-2-4-8-16-32-50,V2,,32,A-maioria,,,transfer,,,,0xa9059cbb,,135960,1,,0xfe5aef131cc72a9ad79a1f5ffde1443d7f223ae84ed6a6626946d0308ab353a6,66
2026-09-23T23-05-23-489Z_n-sweep_1-2-4-8-16-32-50,V2,,32,A-maioria,,,transfer,,,,0xa9059cbb,,135960,1,,0x2c714ceb4fe03bcf2c3d8630106ccb262af10d86fa7e1b83496bbb0c41f8f657,66
2026-09-23T23-05-23-489Z_n-sweep_1-2-4-8-16-32-50,V2,,32,A-maioria,,,transfer,,,,0xa9059cbb,,135948,1,,0xd761f278e00234ae7bff4ba89185e7e3ecd0c332b003b4603918a2f13a1ab358,66
2026-09-23T23-05-23-489Z_n-sweep_1-2-4-8-16-32-50,V2,,32,A-maioria,,,transfer,,,,0xa9059cbb,,135960,1,,0x031aa8f9222008ee539d955a400cef5a9aceb2377b58d9bdfb60366e2e5ec88d,66
2026-09-23T23-05-23-489Z_n-sweep_1-2-4-8-16-32-50,V2,,32,A-maioria,,,transfer,,,,0xa9059cbb,,135960,1,,0x42cd908997f6996bc98d0e95639112ede936d48a3f26d5c3e2a8c7e95054854d,66
2026-09-23T23-05-23-489Z_n-sweep_1-2-4-8-16-32-50,V2,,32,A-maioria,,,transfer,,,,0xa9059cbb,,135960,1,,0x719b6c90c96e3584e7554597250f36160d4f86bef73d716538651162072dc1a3,66
2026-09-23T23-05-23-489Z_n-sweep_1-2-4-8-16-32-50,V2,,32,A-maioria,,,transfer,,,,0xa9059cbb,,135960,1,,0x964636b08302fb1a1aeb3ebfcb46761628f9689f5d7910980ca3e90d3ad72185,66
2026-09-23T23-05-23-489Z_n-sweep_1-2-4-8-16-32-50,V2,,32,A-maioria,,,transfer,,,,0xa9059cbb,,135960,1,,0x42dca054fb5013aa31f156620dd3fdd731d2a22f0bd44862620f1e9366320d94,66
2026-09-23T23-05-23-489Z_n-sweep_1-2-4-8-16-32-50,V2,,32,A-maioria,,,transfer,,,,0xa9059cbb,,135960,1,,0x6f8161bec26017fcea839ed5cf5aec77f0adc12b00fe597537d73b33c0d89ead,66
2026-09-23T23-05-23-489Z_n-sweep_1-2-4-8-16-32-50,V2,,32,A-maioria,,,transfer,,,,0xa9059cbb,,135960,1,,0xcf984e4f2d4bd10afedd9acbd2d1940ac71703f84a09ab0031926511e28e2635,66
2026-09-23T23-05-23-489Z_n-sweep_1-2-4-8-16-32-50,V2,,32,A-maioria,,,transfer,,,,0xa9059cbb,,135960,1,,0x9ce98ec599be9f522859383caa8c4fd89d812e3757dda9a4573341c20e0f2613,66
2026-09-23T23-05-23-489Z_n-sweep_1-2-4-8-16-32-50,V2,,32,A-maioria,,,transfer,,,,0xa9059cbb,,135960,1,,0x578c45ba07da6aebe660bcaad7363e9c4cf3bef6fd87b78be2c9f7b1bb99e96d,66
2026-09-23T23-05-23-489Z_n-sweep_1-2-4-8-16-32-50,V2,,32,A-maioria,,,transfer,,,,0xa9059cbb,,135960,1,,0x870d481b432dffcac70d460fc5462f566d3e5e210615efc5b22ba6a948560817,66
2026-09-23T23-05-23-489Z_n-sweep_1-2-4-8-16-32-50,V2,,32,A-maioria,,,transfer,,,,0xa9059cbb,,135960,1,,0x7bf6c0061eb2f4e93af69e04140e29de63e118de26abe4b6171070162b2d402a,66
2026-09-23T23-05-23-489Z_n-sweep_1-2-4-8-16-32-50,V2,,32,A-maioria,,,transfer,,,,0xa9059cbb,,135960,1,,0xa145b9fd5a9b7cc823bbd816c5ebb6f4a4e624107b23481a0f732956d4cf4a2a,66
2026-09-23T23-05-23-489Z_n-sweep_1-2-4-8-16-32-50,V2,,32,A-maioria,,,transfer,,,,0xa9059cbb,,135960,1,,0x733583bfcddbe7384a5465c8d5867f76d65ba6745b91267e14d1ff485cfc70a6,66
2026-09-23T23-05-23-489Z_n-sweep_1-2-4-8-16-32-50,V2,,32,A-maioria,,,transfer,,,,0xa9059cbb,,135960,1,,0x4a66f968338e1f313aca3afb2b02f5492b1059155b1945e1c21e14e3a325a61b,66
2026-09-23T23-05-23-489Z_n-sweep_1-2-4-8-16-32-50,V2,,32,A-maioria,,,transfer,,,,0xa9059cbb,,135948,1,,0x31d3300ea2257060997f08297c579c9fd07c152fb88c10f797eeaa1ce1b5d8c1,66
2026-09-23T23-05-23-489Z_n-sweep_1-2-4-8-16-32-50,V2,,32,A-maioria,,,transfer,,,,0xa9059cbb,,135960,1,,0x0c15552baf3e28feb479668eb96380f728a17e0b946d2c06f49aa57eb6a55216,66
2026-09-23T23-05-23-489Z_n-sweep_1-2-4-8-16-32-50,V2,,32,A-maioria,,,transfer,,,,0xa9059cbb,,135960,1,,0xb5337b3b2747f7cf90d047e14df44ca40ddf66c56cac22f65df754a2a7477674,66
2026-09-23T23-05-23-489Z_n-sweep_1-2-4-8-16-32-50,V2,,32,A-maioria,,,transfer,,,,0xa9059cbb,,135960,1,,0xd975c85cb79c51b1d0496e30fd86543301c9241eff30516f72f25cc09bcb27f8,66
2026-09-23T23-05-23-489Z_n-sweep_1-2-4-8-16-32-50,V2,,32,A-maioria,,,transfer,,,,0xa9059cbb,,135960,1,,0xccb63e701c5fafcdff6e12e25d99046f8dca7b8b696a22e64faa06a60df2355d,66
2026-09-23T23-05-23-489Z_n-sweep_1-2-4-8-16-32-50,V2,,32,A-maioria,,,transfer,,,,0xa9059cbb,,135960,1,,0xd39a246d199b5cb2fc9322eba7c3345d022e2a9a3f0302913750ebace68ebda0,66
2026-09-23T23-05-23-489Z_n-sweep_1-2-4-8-16-32-50,V2,,32,A-maioria,,,transfer,,,,0xa9059cbb,,135960,1,,0x57e5a44adb6f3fbfa94b276517bacf362a9bf1ce37dbd7787bbfce9c429fc160,66
2026-09-23T23-05-23-489Z_n-sweep_1-2-4-8-16-32-50,V2,,32,A-maioria,,,transfer,,,,0xa9059cbb,,135960,1,,0x5e033e0960901e629ef36ddfc933139c1162e979bbacabacf5504b8436e9a8f3,66
2026-09-23T23-05-23-489Z_n-sweep_1-2-4-8-16-32-50,V2,,32,A-maioria,,,propose,,,propose,0x7d5e81e2,WasteCategoryRegistry.updateCredits,63351,1,,0x374f982b19fe2574c6fd962350d0a38c22019d19f26d67a1cbdb07040895c5d8,66
2026-09-23T23-05-23-489Z_n-sweep_1-2-4-8-16-32-50,V2,,32,A-maioria,,,vote,1,for,,0x56781388,,82456,1,,0x92e835057df9d3a6dabc44e19c36b5866ca5075a1127a5a51a23656f7ba5de55,66
2026-09-23T23-05-23-489Z_n-sweep_1-2-4-8-16-32-50,V2,,32,A-maioria,,,vote,2,for,,0x56781388,,65356,1,,0x0f62f08ec462c2143c956d713f61c9a8862eeac5469cece51bc0572f7b3478c5,66
2026-09-23T23-05-23-489Z_n-sweep_1-2-4-8-16-32-50,V2,,32,A-maioria,,,vote,3,for,,0x56781388,,65356,1,,0x1332cf4980b5852e69c615a08d45a92e0f0f6f212361867df92d29fb44116b67,66
2026-09-23T23-05-23-489Z_n-sweep_1-2-4-8-16-32-50,V2,,32,A-maioria,,,vote,4,for,,0x56781388,,65356,1,,0x0b9184a09ec23cd8296fda711e7605b022bf9aa83b14b968d6474e67e6a84114,66
2026-09-23T23-05-23-489Z_n-sweep_1-2-4-8-16-32-50,V2,,32,A-maioria,,,vote,5,for,,0x56781388,,65356,1,,0xf0883ef2975741212b301a993b4f94bcf04e56dc8e9d5ae748040b56a4135477,66
2026-09-23T23-05-23-489Z_n-sweep_1-2-4-8-16-32-50,V2,,32,A-maioria,,,vote,6,for,,0x56781388,,65356,1,,0xfc49adc7b5ca7353250cdc14dd5a8696bf032a67cd53c953194e9b7cd70857dd,66
2026-09-23T23-05-23-489Z_n-sweep_1-2-4-8-16-32-50,V2,,32,A-maioria,,,vote,7,for,,0x56781388,,65356,1,,0xa4f658dadc7695233a36460948d0812d4056a507143beb6eb493c635f9b3df6e,66
2026-09-23T23-05-23-489Z_n-sweep_1-2-4-8-16-32-50,V2,,32,A-maioria,,,vote,8,for,,0x56781388,,65356,1,,0xbe86ce5a99ba392b8db1bce9a2c7857d09ab4836d6f8129607b44cd18ef046b8,66
2026-09-23T23-05-23-489Z_n-sweep_1-2-4-8-16-32-50,V2,,32,A-maioria,,,vote,9,for,,0x56781388,,65356,1,,0x896b5ea64d75bfa27022bd83f210bd1aa06f4a6b64eab63df07ece01c77fb743,66
2026-09-23T23-05-23-489Z_n-sweep_1-2-4-8-16-32-50,V2,,32,A-maioria,,,vote,10,for,,0x56781388,,65356,1,,0xdc6aeda0b4aaee409f5dd79a823d3519281a577803a1d790be0ef9b2ae5c56cd,66
2026-09-23T23-05-23-489Z_n-sweep_1-2-4-8-16-32-50,V2,,32,A-maioria,,,vote,11,for,,0x56781388,,65356,1,,0xbf5e5d99cd35f162719f5be77d480a6b756da19bdef67b24cf3309473dc826e0,66
2026-09-23T23-05-23-489Z_n-sweep_1-2-4-8-16-32-50,V2,,32,A-maioria,,,vote,12,for,,0x56781388,,65356,1,,0xe6ba4e2cded97509e1799dfa7b65c6b7804281425552a7b16b0a773a17a850f3,66
2026-09-23T23-05-23-489Z_n-sweep_1-2-4-8-16-32-50,V2,,32,A-maioria,,,vote,13,for,,0x56781388,,65356,1,,0xe0ef44247fb328d0d3033b54fc59aec1f1326b3ba0ef99ced1670209217ae8f8,66
2026-09-23T23-05-23-489Z_n-sweep_1-2-4-8-16-32-50,V2,,32,A-maioria,,,vote,14,for,,0x56781388,,65356,1,,0xb19c2633b3fba76284354362e4f429c6ccbf361019cfa3f6ee35b6f5b669aa25,66
2026-09-23T23-05-23-489Z_n-sweep_1-2-4-8-16-32-50,V2,,32,A-maioria,,,vote,15,for,,0x56781388,,65356,1,,0x31052ad46df7a1931528e096274610e4e6a5cb2baabe68760aadfc4666f0c596,66
2026-09-23T23-05-23-489Z_n-sweep_1-2-4-8-16-32-50,V2,,32,A-maioria,,,vote,16,for,,0x56781388,,65356,1,,0x76009f48586dbe460682bd4b27a3827ca8724722109b1a7405efc701f2a2cc25,66
2026-09-23T23-05-23-489Z_n-sweep_1-2-4-8-16-32-50,V2,,32,A-maioria,,,vote,17,for,,0x56781388,,65356,1,,0x133cbebc311d49ec6be73982f598d16de7d3be13823913342ef041702195cc92,66
2026-09-23T23-05-23-489Z_n-sweep_1-2-4-8-16-32-50,V2,,32,A-maioria,,,vote,1,against,,0x56781388,,82404,1,,0x9294fcd0772afa3927d96ffba9cfa3d89bcd6580592b4ab4c132a59dcf5d619c,66
2026-09-23T23-05-23-489Z_n-sweep_1-2-4-8-16-32-50,V2,,32,A-maioria,,,vote,2,against,,0x56781388,,65304,1,,0x9d8ad4742936d30ed034788bab7701604a2d6d1b404d89f273425813c719b032,66
2026-09-23T23-05-23-489Z_n-sweep_1-2-4-8-16-32-50,V2,,32,A-maioria,,,vote,3,against,,0x56781388,,65304,1,,0x7b2af41c8c901b6fd75829b1ee0c0e773a6faa1056618a3add6240295663f717,66
2026-09-23T23-05-23-489Z_n-sweep_1-2-4-8-16-32-50,V2,,32,A-maioria,,,vote,4,against,,0x56781388,,65304,1,,0x6719eca753e20deee88eb73a66254cf762fe48387a575feb30d9c4f0dc54e694,66
2026-09-23T23-05-23-489Z_n-sweep_1-2-4-8-16-32-50,V2,,32,A-maioria,,,vote,5,against,,0x56781388,,65304,1,,0x917f265a8c4fbc56d1c26aba8d94a018587080eb62a1024de344938c25b7ba2a,66
2026-09-23T23-05-23-489Z_n-sweep_1-2-4-8-16-32-50,V2,,32,A-maioria,,,vote,6,against,,0x56781388,,65304,1,,0xe7e685fa29517c70f6d5fa12ee77e3767f9867fdbc9651ac1e86e4ae025aeb7a,66
2026-09-23T23-05-23-489Z_n-sweep_1-2-4-8-16-32-50,V2,,32,A-maioria,,,vote,7,against,,0x56781388,,65304,1,,0x0f962f1a39b70a6dc10d578d7453294a523d6b20c0c35bff974982e7de05714e,66
2026-09-23T23-05-23-489Z_n-sweep_1-2-4-8-16-32-50,V2,,32,A-maioria,,,vote,8,against,,0x56781388,,65304,1,,0x881b5440f84f30da8743c0ff21b80b86b318b705cffa31f9ed562e447b1eb7b7,66
2026-09-23T23-05-23-489Z_n-sweep_1-2-4-8-16-32-50,V2,,32,A-maioria,,,vote,9,against,,0x56781388,,65304,1,,0x09386e02200694246b5d2734c984fb887e334b4bf3fa84b94782a7e4e410cccb,66
2026-09-23T23-05-23-489Z_n-sweep_1-2-4-8-16-32-50,V2,,32,A-maioria,,,vote,10,against,,0x56781388,,65304,1,,0xe38d843e91ad59e6045d7cd50f218566b8bfb220cc7c105c9553369ed22c6520,66
2026-09-23T23-05-23-489Z_n-sweep_1-2-4-8-16-32-50,V2,,32,A-maioria,,,vote,11,against,,0x56781388,,65304,1,,0xda21abe90957f41216592bf78ed2aa2b91182c036f7de61502fff02eaa532dc6,66
2026-09-23T23-05-23-489Z_n-sweep_1-2-4-8-16-32-50,V2,,32,A-maioria,,,vote,12,against,,0x56781388,,65304,1,,0x5d9b249c0a6ab3e9c3e0dd58e265a5dc7da52f1c4c12c36fad64dc8fe9c06cce,66
2026-09-23T23-05-23-489Z_n-sweep_1-2-4-8-16-32-50,V2,,32,A-maioria,,,vote,13,against,,0x56781388,,65304,1,,0x664569ee41b3a193b92503703894284034ef8167172c63c6bd39a36111c8f8f5,66
2026-09-23T23-05-23-489Z_n-sweep_1-2-4-8-16-32-50,V2,,32,A-maioria,,,vote,14,against,,0x56781388,,65304,1,,0x723643872d0c5de6b111bf5d65396cb008b4581d07ca3b623d9fb5a41375c413,66
2026-09-23T23-05-23-489Z_n-sweep_1-2-4-8-16-32-50,V2,,32,A-maioria,,,vote,15,against,,0x56781388,,65304,1,,0x4983056c692653eb7aa352f683219846de78b6c7ac943a01d559bfdcc9be0e9a,66
2026-09-23T23-05-23-489Z_n-sweep_1-2-4-8-16-32-50,V2,,32,A-maioria,,,execute,,,execute,0x2656227d,WasteCategoryRegistry.updateCredits,60847,1,,0x5b246b4774f75c1a5fea4729ba22d093100479afebb1cb953a7c700ec570fd2c,66
2026-09-23T23-05-23-489Z_n-sweep_1-2-4-8-16-32-50,V0,T1,,,,,deploy_token_T1,,,constructor,0x61016060,,1621017,1,,0xece28f063ba256e8fc65152daf61fe745a7823e8ba387b1b661409f18f6dc4cc,67
2026-09-23T23-05-23-489Z_n-sweep_1-2-4-8-16-32-50,V0,,,,,,deploy_registry,,,constructor,0x60806040,,4590964,1,,0x9005486642112873086c0faf3a06ce7199e3377186a80eb6eea4235f5e1c6f56,67
2026-09-23T23-05-23-489Z_n-sweep_1-2-4-8-16-32-50,V0,,,,,,deploy_governor_V0,,,constructor,0x6101c080,,2133394,1,,0x8b33a795df9df0e5a3cb812430955580d1fb4f654a6028dd161238e13d560524,67
2026-09-23T23-05-23-489Z_n-sweep_1-2-4-8-16-32-50,V0,,,,,,grant_admin_role,,,grantRole,0x2f2ff15d,,50799,1,,0xb518a3911be32f0a59dcaec3e43c7ec54010f07f3e473d550516b1aab1a18d6b,67
2026-09-23T23-05-23-489Z_n-sweep_1-2-4-8-16-32-50,V0,,,,,,revoke_deployer_admin_role,,,revokeRole,0xd547741f,,27116,1,,0x8cb08b8b6ca45600b76a431b4cd18aee2095374e00c890903bfaa28d83b5f82b,67
2026-09-23T23-05-23-489Z_n-sweep_1-2-4-8-16-32-50,V0,,32,D-voto,,,delegate_admin,,,,0x5c19a95c,,95559,1,,0xfa43c1f7a1a1658c8aeac58119b26e806face10fc63ae3e18099942309f4d395,67
2026-09-23T23-05-23-489Z_n-sweep_1-2-4-8-16-32-50,V0,,32,D-voto,,,delegate,,,,0x5c19a95c,,48347,1,,0xf96ae171d39b1290c248e3ee88c92c43e24751ff4aacf46bad404cad29a33e37,67
2026-09-23T23-05-23-489Z_n-sweep_1-2-4-8-16-32-50,V0,,32,D-voto,,,delegate,,,,0x5c19a95c,,48335,1,,0x65ff74d2610d5c80f16dc62aa4e01b339a9ecd8c95911ae092d678a9792cdcb8,67
2026-09-23T23-05-23-489Z_n-sweep_1-2-4-8-16-32-50,V0,,32,D-voto,,,delegate,,,,0x5c19a95c,,48347,1,,0xb06e4e18b389cc3c69848b844c44927f26087a909c0e4532a1ba892e8d7bac4c,67
2026-09-23T23-05-23-489Z_n-sweep_1-2-4-8-16-32-50,V0,,32,D-voto,,,delegate,,,,0x5c19a95c,,48347,1,,0xfdc5c4ae6e458adbd0780d18d4ef20dca6b7a02f3efff2f7c0eec7590e340a41,67
2026-09-23T23-05-23-489Z_n-sweep_1-2-4-8-16-32-50,V0,,32,D-voto,,,delegate,,,,0x5c19a95c,,48347,1,,0x5c4d4bc02e09949d860a2c409a26209335f7c4e4eca7ac13d0e60a5cf0d0f233,67
2026-09-23T23-05-23-489Z_n-sweep_1-2-4-8-16-32-50,V0,,32,D-voto,,,delegate,,,,0x5c19a95c,,48347,1,,0x8eb2597a239d7d5a9d780141fa850308f21a221b62b2f0b2cd01922a25b294b2,67
2026-09-23T23-05-23-489Z_n-sweep_1-2-4-8-16-32-50,V0,,32,D-voto,,,delegate,,,,0x5c19a95c,,48347,1,,0x61b0a2cbceae6ab3b47dbad41fbaa57485b4b4545814b177fb76f5e80989f4b6,67
2026-09-23T23-05-23-489Z_n-sweep_1-2-4-8-16-32-50,V0,,32,D-voto,,,delegate,,,,0x5c19a95c,,48347,1,,0x8e8293e79ce57e8b2bd6c914c167b0ec5858ded7d332cc962607075acbcc0b43,67
2026-09-23T23-05-23-489Z_n-sweep_1-2-4-8-16-32-50,V0,,32,D-voto,,,delegate,,,,0x5c19a95c,,48347,1,,0x700d26ece381a9328c0c0607c8015a890a8cc373fc0ec5e3e5957a9b1720c821,67
2026-09-23T23-05-23-489Z_n-sweep_1-2-4-8-16-32-50,V0,,32,D-voto,,,delegate,,,,0x5c19a95c,,48335,1,,0x827f347ed9162ee5aa31942cb2cd15f5b7940183deaee5d4a11b6efe87452173,67
2026-09-23T23-05-23-489Z_n-sweep_1-2-4-8-16-32-50,V0,,32,D-voto,,,delegate,,,,0x5c19a95c,,48347,1,,0x05e0616bb804c3cd4df19f7b0cf511dbcb6e9524c52bcfbf8b39223490cc0846,67
2026-09-23T23-05-23-489Z_n-sweep_1-2-4-8-16-32-50,V0,,32,D-voto,,,delegate,,,,0x5c19a95c,,48347,1,,0x7409a97667b08d9b70b0d678843340d442fad8337ae46944499977e000325f92,67
2026-09-23T23-05-23-489Z_n-sweep_1-2-4-8-16-32-50,V0,,32,D-voto,,,delegate,,,,0x5c19a95c,,48347,1,,0x06bc39c687cf89ca2626bc142b16cf4a83fd68b90155fd6344acd5c17148d8a6,67
2026-09-23T23-05-23-489Z_n-sweep_1-2-4-8-16-32-50,V0,,32,D-voto,,,delegate,,,,0x5c19a95c,,48347,1,,0xe5d3691fe9ffad366e158fc098b74dd6635f083c235a6588c23e1d5313889cc9,67
2026-09-23T23-05-23-489Z_n-sweep_1-2-4-8-16-32-50,V0,,32,D-voto,,,delegate,,,,0x5c19a95c,,48347,1,,0x75300fe9f7d70fbe306b3cefadf0423a64334a4470eee34e958b76b4418900c0,67
2026-09-23T23-05-23-489Z_n-sweep_1-2-4-8-16-32-50,V0,,32,D-voto,,,delegate,,,,0x5c19a95c,,48347,1,,0xef2cf8fae96fa4c95b9eb5fc78e668af4f5126a23f921c90e15afdcffccd9bf9,67
2026-09-23T23-05-23-489Z_n-sweep_1-2-4-8-16-32-50,V0,,32,D-voto,,,delegate,,,,0x5c19a95c,,48347,1,,0x75636b14aa58b1ee084fe99cfffb238b737ed57732e5f8ae341a0948974569ff,67
2026-09-23T23-05-23-489Z_n-sweep_1-2-4-8-16-32-50,V0,,32,D-voto,,,delegate,,,,0x5c19a95c,,48347,1,,0x65f4191d52cde8745142fbad7dab453ac77b84433334a064c65edeec324649be,67
2026-09-23T23-05-23-489Z_n-sweep_1-2-4-8-16-32-50,V0,,32,D-voto,,,delegate,,,,0x5c19a95c,,48347,1,,0x0015672d62ab0be7ad971272757786d6751bd437c259b6f784a5abb0f9f433e0,67
2026-09-23T23-05-23-489Z_n-sweep_1-2-4-8-16-32-50,V0,,32,D-voto,,,delegate,,,,0x5c19a95c,,48347,1,,0xf061e3370e552636294057b3e13f8e38e49eb9ccd954add59da578817c58a14b,67
2026-09-23T23-05-23-489Z_n-sweep_1-2-4-8-16-32-50,V0,,32,D-voto,,,delegate,,,,0x5c19a95c,,48347,1,,0x68475bd925d88da79400657a3df0347cc6be2f887e9fd5fcbf64f6c37d69bf4c,67
2026-09-23T23-05-23-489Z_n-sweep_1-2-4-8-16-32-50,V0,,32,D-voto,,,delegate,,,,0x5c19a95c,,48347,1,,0xd0da4d004b36ebb022f1b178255cff262f0f75fc2d5a7fda434ccc846c4f7499,67
2026-09-23T23-05-23-489Z_n-sweep_1-2-4-8-16-32-50,V0,,32,D-voto,,,delegate,,,,0x5c19a95c,,48347,1,,0xaae5636599004f1ba254fea80dbb33335f44a116db4d94090e99b80481406327,67
2026-09-23T23-05-23-489Z_n-sweep_1-2-4-8-16-32-50,V0,,32,D-voto,,,delegate,,,,0x5c19a95c,,48347,1,,0xfcd4c1dd668d5148e045ce4771c59bdb6f602ef49d2404bbfeb296fc6ce93753,67
2026-09-23T23-05-23-489Z_n-sweep_1-2-4-8-16-32-50,V0,,32,D-voto,,,delegate,,,,0x5c19a95c,,48335,1,,0x4ebfe89be7e94686ecfb217057d8b4fa5161bcce6d50adcc044a0aff6d4282af,67
2026-09-23T23-05-23-489Z_n-sweep_1-2-4-8-16-32-50,V0,,32,D-voto,,,delegate,,,,0x5c19a95c,,48347,1,,0xb3d77ed4f7a6d94080b6c775433f6c6f21a916c783059136f4572f52dc3a8874,67
2026-09-23T23-05-23-489Z_n-sweep_1-2-4-8-16-32-50,V0,,32,D-voto,,,delegate,,,,0x5c19a95c,,48347,1,,0x127f4971e3e590d8328bd74ed6096c37b20e6836b27cf90514b9a87cd503f413,67
2026-09-23T23-05-23-489Z_n-sweep_1-2-4-8-16-32-50,V0,,32,D-voto,,,delegate,,,,0x5c19a95c,,48347,1,,0xb67155a13ea706a326342e60462ed0ed7c4a680e0112e43260248751f2fe896b,67
2026-09-23T23-05-23-489Z_n-sweep_1-2-4-8-16-32-50,V0,,32,D-voto,,,delegate,,,,0x5c19a95c,,48347,1,,0xe2be7e7d00839d4fa7d3020666aa9dcf9efcdc40f9fa77a35592a87459c52b90,67
2026-09-23T23-05-23-489Z_n-sweep_1-2-4-8-16-32-50,V0,,32,D-voto,,,delegate,,,,0x5c19a95c,,48347,1,,0xb535243780f9c28da64ec7309760125fe2487568589114d83acf79e30a47d760,67
2026-09-23T23-05-23-489Z_n-sweep_1-2-4-8-16-32-50,V0,,32,D-voto,,,delegate,,,,0x5c19a95c,,48347,1,,0x293dda08d12cb640488f1dad6a8ab9d2c5b59be364ffe60275d52382b886183e,67
2026-09-23T23-05-23-489Z_n-sweep_1-2-4-8-16-32-50,V0,,32,D-voto,,,delegate,,,,0x5c19a95c,,48347,1,,0xacef40fd99317b96d80072941137339058a20720c237b0b3cc16b1e2fa83b630,67
2026-09-23T23-05-23-489Z_n-sweep_1-2-4-8-16-32-50,V0,,32,D-voto,,,transfer,,,,0xa9059cbb,,135960,1,,0x29f9412c2ffdb239cd38ad70ce5ff600bccbe9b453fde1a6c033626a6c646eba,67
2026-09-23T23-05-23-489Z_n-sweep_1-2-4-8-16-32-50,V0,,32,D-voto,,,transfer,,,,0xa9059cbb,,135948,1,,0x8f041ff9c5655d4daebf93c7047f302ad35f1ca24ab937021cdfaef9f1a6a756,67
2026-09-23T23-05-23-489Z_n-sweep_1-2-4-8-16-32-50,V0,,32,D-voto,,,transfer,,,,0xa9059cbb,,135960,1,,0x894cb225643f213ea48145224f017a92ba27a56c855d4e864be1cf03f553f4e4,67
2026-09-23T23-05-23-489Z_n-sweep_1-2-4-8-16-32-50,V0,,32,D-voto,,,transfer,,,,0xa9059cbb,,135960,1,,0x3669c5c62c9c04c0b63cd9e2ac0efe73efa33690cc7c083d0f722f4faf7f3deb,67
2026-09-23T23-05-23-489Z_n-sweep_1-2-4-8-16-32-50,V0,,32,D-voto,,,transfer,,,,0xa9059cbb,,135960,1,,0x1c6da41f1d7427474ac4a460fc9ab6ecebc43e28111a95210985017e1df19b0e,67
2026-09-23T23-05-23-489Z_n-sweep_1-2-4-8-16-32-50,V0,,32,D-voto,,,transfer,,,,0xa9059cbb,,135960,1,,0xc5f663a7a79d99e5243ccdf534e9568721965742239be272f3f09fa15d179d28,67
2026-09-23T23-05-23-489Z_n-sweep_1-2-4-8-16-32-50,V0,,32,D-voto,,,transfer,,,,0xa9059cbb,,135960,1,,0xe2291692adeb618776d98781636168333451130b8435b697ba7b7a0a14dad560,67
2026-09-23T23-05-23-489Z_n-sweep_1-2-4-8-16-32-50,V0,,32,D-voto,,,transfer,,,,0xa9059cbb,,135960,1,,0xf9506b0c1beff2bf33e7ef0c136749f5ac13cab6771da989a3e2fb148f3590fd,67
2026-09-23T23-05-23-489Z_n-sweep_1-2-4-8-16-32-50,V0,,32,D-voto,,,transfer,,,,0xa9059cbb,,135960,1,,0x1af83e41b3f45f8f3d1d590a022ee767ac4aa81951ba2005ee07c6b983c5ae3d,67
2026-09-23T23-05-23-489Z_n-sweep_1-2-4-8-16-32-50,V0,,32,D-voto,,,transfer,,,,0xa9059cbb,,135948,1,,0x81332d9b7f7537150d94378442ce4c1db2ae444318b30870687f0b9d9d59c7ff,67
2026-09-23T23-05-23-489Z_n-sweep_1-2-4-8-16-32-50,V0,,32,D-voto,,,transfer,,,,0xa9059cbb,,135960,1,,0x83112f8201f0c640c328f03974afb701b3c52488e26c4ce16f2126d7ff8a492c,67
2026-09-23T23-05-23-489Z_n-sweep_1-2-4-8-16-32-50,V0,,32,D-voto,,,transfer,,,,0xa9059cbb,,135960,1,,0xd7d0ebb80ee8277ef9fc42d27e0c679b8bd859df8440554c35cc1a996dc02c21,67
2026-09-23T23-05-23-489Z_n-sweep_1-2-4-8-16-32-50,V0,,32,D-voto,,,transfer,,,,0xa9059cbb,,135960,1,,0x4e991d25cd36c95cf9959fc7a6653525ae36cb4fbd796fbb9ba757016258bbb9,67
2026-09-23T23-05-23-489Z_n-sweep_1-2-4-8-16-32-50,V0,,32,D-voto,,,transfer,,,,0xa9059cbb,,135960,1,,0xbfb14ecb18d97c103bf85e2649d90cf38911c74dd5004a26deaa8825ea4c32a4,67
2026-09-23T23-05-23-489Z_n-sweep_1-2-4-8-16-32-50,V0,,32,D-voto,,,transfer,,,,0xa9059cbb,,135960,1,,0x3c7d501780724688ead8021f53dc00a7489d01e9bab616a55018637497b101f9,67
2026-09-23T23-05-23-489Z_n-sweep_1-2-4-8-16-32-50,V0,,32,D-voto,,,transfer,,,,0xa9059cbb,,135960,1,,0x4848334ed2c15d3209e587cbc01ded41ac3ae7959e01e3088414815d95fc5302,67
2026-09-23T23-05-23-489Z_n-sweep_1-2-4-8-16-32-50,V0,,32,D-voto,,,transfer,,,,0xa9059cbb,,135960,1,,0x5f2f463fd6ad6b09608be879823215fb0086144e80786aa3038baab71396069c,67
2026-09-23T23-05-23-489Z_n-sweep_1-2-4-8-16-32-50,V0,,32,D-voto,,,transfer,,,,0xa9059cbb,,135960,1,,0xf459250b562448f3f29aa124d5882799326b8b758c0ea42a1d12b4824cdfab1c,67
2026-09-23T23-05-23-489Z_n-sweep_1-2-4-8-16-32-50,V0,,32,D-voto,,,transfer,,,,0xa9059cbb,,135960,1,,0x7089aa37c55c94d5d7acc2178587f6883081bde5d780d769be725cac7e5fbe2f,67
2026-09-23T23-05-23-489Z_n-sweep_1-2-4-8-16-32-50,V0,,32,D-voto,,,transfer,,,,0xa9059cbb,,135960,1,,0xaf488783a3e4419bba44faa6aff56ddd7d64da2f8b4cf7ffeb304ce38d8b8721,67
2026-09-23T23-05-23-489Z_n-sweep_1-2-4-8-16-32-50,V0,,32,D-voto,,,transfer,,,,0xa9059cbb,,135960,1,,0x9866769fd009b00ae123d54396745d165237c883c885367f0e674f0ec147d65b,67
2026-09-23T23-05-23-489Z_n-sweep_1-2-4-8-16-32-50,V0,,32,D-voto,,,transfer,,,,0xa9059cbb,,135960,1,,0x9b11b2365648571eb08e85854e2ad5903cd2dc39371288a6c4499d5661306550,67
2026-09-23T23-05-23-489Z_n-sweep_1-2-4-8-16-32-50,V0,,32,D-voto,,,transfer,,,,0xa9059cbb,,135960,1,,0xfed884270499bcd3176a9f41559400dfc67e33cc85c9cf1e2b0c4f0300cf901c,67
2026-09-23T23-05-23-489Z_n-sweep_1-2-4-8-16-32-50,V0,,32,D-voto,,,transfer,,,,0xa9059cbb,,135960,1,,0x90196f63091268ec6f03e3e9ddf2d137561e730a9d2068e83e18df72495b9131,67
2026-09-23T23-05-23-489Z_n-sweep_1-2-4-8-16-32-50,V0,,32,D-voto,,,transfer,,,,0xa9059cbb,,135948,1,,0xf62e7d88596a4e9b4d817a01d6586dda1eb972d68851d850254c7350a6787d38,67
2026-09-23T23-05-23-489Z_n-sweep_1-2-4-8-16-32-50,V0,,32,D-voto,,,transfer,,,,0xa9059cbb,,135960,1,,0x219d104340144e3e3b7d963c3954f2ab9c5bbb3a95032d66b2248e20f2ad8415,67
2026-09-23T23-05-23-489Z_n-sweep_1-2-4-8-16-32-50,V0,,32,D-voto,,,transfer,,,,0xa9059cbb,,135960,1,,0xd7c4ae0a3058753c425b7d1146a5a547dea0c3fd6f8873007ba05ac840726440,67
2026-09-23T23-05-23-489Z_n-sweep_1-2-4-8-16-32-50,V0,,32,D-voto,,,transfer,,,,0xa9059cbb,,135960,1,,0x7d8ba84f56812a83c5a8a1f0841c117ae04a38ef1d1f6541c6706b9d410b82d6,67
2026-09-23T23-05-23-489Z_n-sweep_1-2-4-8-16-32-50,V0,,32,D-voto,,,transfer,,,,0xa9059cbb,,135960,1,,0xd05619fc8ee97b58203ac2a41fa73951547786737aee796dfa908b3464554172,67
2026-09-23T23-05-23-489Z_n-sweep_1-2-4-8-16-32-50,V0,,32,D-voto,,,transfer,,,,0xa9059cbb,,135960,1,,0x53e684e6a147858b71f1d1b69168181a8e311b1a5c3e32ed9089312a984860df,67
2026-09-23T23-05-23-489Z_n-sweep_1-2-4-8-16-32-50,V0,,32,D-voto,,,transfer,,,,0xa9059cbb,,135960,1,,0xcdebc9833856cef219be3f76cfb611e9b988c73c657911fbab9cb4dd4d47476e,67
2026-09-23T23-05-23-489Z_n-sweep_1-2-4-8-16-32-50,V0,,32,D-voto,,,transfer,,,,0xa9059cbb,,135960,1,,0x14ef011d0e8f8bec73e6333fe3ee405aec446d146c63cb7386bf63138b12b7d3,67
2026-09-23T23-05-23-489Z_n-sweep_1-2-4-8-16-32-50,V0,,32,D-voto,,,propose,,,propose,0x7d5e81e2,WasteCategoryRegistry.updateCredits,63315,1,,0x47ad0e443d807f152e8bf6036608485878d6d0ab97552b20864ec1d9d11d4ba6,67
2026-09-23T23-05-23-489Z_n-sweep_1-2-4-8-16-32-50,V0,,32,D-voto,,,vote,1,for,,0x56781388,,81899,1,,0x293dbf62a48aa44b67d27b5be9abbc0a1fa66ed713831ea191973e421ef93e04,67
2026-09-23T23-05-23-489Z_n-sweep_1-2-4-8-16-32-50,V0,,32,D-voto,,,vote,2,for,,0x56781388,,64799,1,,0xd150843445df622a8f2e1ec9fa33e3bdf7069abe1625810640dac2c5692f2de3,67
2026-09-23T23-05-23-489Z_n-sweep_1-2-4-8-16-32-50,V0,,32,D-voto,,,vote,3,for,,0x56781388,,64799,1,,0x8dc9987b9a6b39541eb8a664bb59124794cd1967d8bd490e1deec117a2c681eb,67
2026-09-23T23-05-23-489Z_n-sweep_1-2-4-8-16-32-50,V0,,32,D-voto,,,vote,4,for,,0x56781388,,64799,1,,0x59f805181bab473e68575af1d2b3bdb72f251890e8450570436fd24fbfdae8ba,67
2026-09-23T23-05-23-489Z_n-sweep_1-2-4-8-16-32-50,V0,,32,D-voto,,,vote,5,for,,0x56781388,,64799,1,,0x9dcbbe2a4af938a98f0f3020fee3d8bfbfe12cf1d0b21f66747ffb30b422af10,67
2026-09-23T23-05-23-489Z_n-sweep_1-2-4-8-16-32-50,V0,,32,D-voto,,,vote,6,for,,0x56781388,,64799,1,,0x89c26148bbee5bca9a0bac6e520f269a0d907dcf00ea0db7ebd31f5960863c1a,67
2026-09-23T23-05-23-489Z_n-sweep_1-2-4-8-16-32-50,V0,,32,D-voto,,,vote,7,for,,0x56781388,,64799,1,,0x9f374867416447011e1e9396f058f511d8fc1ed13f30ed7bf2f8982ebfd636bd,67
2026-09-23T23-05-23-489Z_n-sweep_1-2-4-8-16-32-50,V0,,32,D-voto,,,vote,8,for,,0x56781388,,64799,1,,0x9f75b35b33c253c64055a064c83774a710c7e9c7ed2414ec8b88bd96aa95fa97,67
2026-09-23T23-05-23-489Z_n-sweep_1-2-4-8-16-32-50,V0,,32,D-voto,,,vote,9,for,,0x56781388,,64799,1,,0xe25c0ac3222a8c6a13c27e5efa78dcfd48e64d28c3627247046d39733da69b1c,67
2026-09-23T23-05-23-489Z_n-sweep_1-2-4-8-16-32-50,V0,,32,D-voto,,,vote,10,for,,0x56781388,,64799,1,,0x7ed4c4c9d4dd16f489db30daf5f91708860fa829d3cf2ab53fcdec0ce31a908d,67
2026-09-23T23-05-23-489Z_n-sweep_1-2-4-8-16-32-50,V0,,32,D-voto,,,vote,11,for,,0x56781388,,64799,1,,0xeea21c63789dbfe3031ae83910d4edd9775b98779f31f2967c3fbb9fdefcc320,67
2026-09-23T23-05-23-489Z_n-sweep_1-2-4-8-16-32-50,V0,,32,D-voto,,,vote,12,for,,0x56781388,,64799,1,,0x29f68de8999e632f2504eb3234a2416471b8eeab0ef01508b9351280a9b62b65,67
2026-09-23T23-05-23-489Z_n-sweep_1-2-4-8-16-32-50,V0,,32,D-voto,,,vote,13,for,,0x56781388,,64799,1,,0xd8ead276c34f8f6f941ab021cf5c494a748079b867237e558b9375ab904705d1,67
2026-09-23T23-05-23-489Z_n-sweep_1-2-4-8-16-32-50,V0,,32,D-voto,,,vote,14,for,,0x56781388,,64799,1,,0xb7eff180eb40e58ab2c4b4aa622da2bb4e85580388ad4c81a9819e62e5597e4d,67
2026-09-23T23-05-23-489Z_n-sweep_1-2-4-8-16-32-50,V0,,32,D-voto,,,vote,15,for,,0x56781388,,64799,1,,0x2ee797aa25784a19ac6b451623787b5f283e4f54df05f74ab9bbfa01c2f9f8d9,67
2026-09-23T23-05-23-489Z_n-sweep_1-2-4-8-16-32-50,V0,,32,D-voto,,,vote,1,against,,0x56781388,,81847,1,,0xa1c4dde711cc1bf3c68061cdad69d2c42f03197566850c0667d24fb759aee0e2,67
2026-09-23T23-05-23-489Z_n-sweep_1-2-4-8-16-32-50,V0,,32,D-voto,,,vote,2,against,,0x56781388,,64747,1,,0xc7f27bdd072d2a079adcc0af9add5c81e4ecda94e5a2447c5a04257e730bb2e7,67
2026-09-23T23-05-23-489Z_n-sweep_1-2-4-8-16-32-50,V0,,32,D-voto,,,vote,3,against,,0x56781388,,64747,1,,0x4868baacc87e8743ae207fc736767f968f2cc87452a0d381ea90a70311b19297,67
2026-09-23T23-05-23-489Z_n-sweep_1-2-4-8-16-32-50,V0,,32,D-voto,,,vote,4,against,,0x56781388,,64747,1,,0x72ddba3345ca78ba27b343b248732cedc65a0397d5bc3f23da08550b07276ec7,67
2026-09-23T23-05-23-489Z_n-sweep_1-2-4-8-16-32-50,V0,,32,D-voto,,,vote,5,against,,0x56781388,,64747,1,,0xc37fed72dd05208df4cb13be63bdf9fd42ef5f7238f6736152de93ed76f32441,67
2026-09-23T23-05-23-489Z_n-sweep_1-2-4-8-16-32-50,V0,,32,D-voto,,,vote,6,against,,0x56781388,,64747,1,,0x4d11a7ff1f508de420ce10f94c88b737fe9f1ae412676e906c6bb602a264fda8,67
2026-09-23T23-05-23-489Z_n-sweep_1-2-4-8-16-32-50,V0,,32,D-voto,,,vote,7,against,,0x56781388,,64747,1,,0x01ffcb6988808c3b0743b0680300e40bdf7de9fa92cc314449242c474ff694a8,67
2026-09-23T23-05-23-489Z_n-sweep_1-2-4-8-16-32-50,V0,,32,D-voto,,,vote,8,against,,0x56781388,,64747,1,,0xb888241e0a8fb79e45e9f7b3881a6ede12958797b6e3c25bbd5e190a720a0556,67
2026-09-23T23-05-23-489Z_n-sweep_1-2-4-8-16-32-50,V0,,32,D-voto,,,vote,9,against,,0x56781388,,64747,1,,0x11c4c835c66a075b5a5291eb8d1fff50aa6dd38d9ca34afb82e55db7ddc39928,67
2026-09-23T23-05-23-489Z_n-sweep_1-2-4-8-16-32-50,V0,,32,D-voto,,,vote,10,against,,0x56781388,,64747,1,,0xc8fb196648bc287d6635e17aa2e4e5655ab7ec6bbeedb6125adaef2cdd4988dd,67
2026-09-23T23-05-23-489Z_n-sweep_1-2-4-8-16-32-50,V0,,32,D-voto,,,vote,11,against,,0x56781388,,64747,1,,0x89e80dd3b7ddc001fc880b4d42ecfac3c0e5fe4b184141631b0304557d844c2d,67
2026-09-23T23-05-23-489Z_n-sweep_1-2-4-8-16-32-50,V0,,32,D-voto,,,vote,12,against,,0x56781388,,64747,1,,0x108b3e291d28ed1fb67d0dcd0cf75777d101a3ad60a1e1534dfa0b5ca4558dd6,67
2026-09-23T23-05-23-489Z_n-sweep_1-2-4-8-16-32-50,V0,,32,D-voto,,,vote,13,against,,0x56781388,,64747,1,,0x7101f6d9ae896291b83c0c00e78f931afba8b5156fdc061badb021dacd16f75f,67
2026-09-23T23-05-23-489Z_n-sweep_1-2-4-8-16-32-50,V0,,32,D-voto,,,vote,14,against,,0x56781388,,64747,1,,0x5ea5f8e628d3f0e31eae5d2dffb0c479b00418e400da3b12b5d7f22e3b880d90,67
2026-09-23T23-05-23-489Z_n-sweep_1-2-4-8-16-32-50,V0,,32,D-voto,,,vote,15,against,,0x56781388,,64747,1,,0x814160989781e7efbb898a8652f96196056438b7639ef8642cadc985efbcd4f6,67
2026-09-23T23-05-23-489Z_n-sweep_1-2-4-8-16-32-50,V0,,32,D-voto,,,vote,16,against,,0x56781388,,64747,1,,0x79c647ea6cfe877e1680a36e064f31c5d4ffa4bfa98a9d27bc5311422ea41636,67
2026-09-23T23-05-23-489Z_n-sweep_1-2-4-8-16-32-50,V0,,32,D-voto,,,vote,17,against,,0x56781388,,64747,1,,0x378709ae7e9239d16f70ce641d6b0423a390a1fe0fa9b1e03e96868821b28420,67
2026-09-23T23-05-23-489Z_n-sweep_1-2-4-8-16-32-50,V0,,32,D-voto,,,execute_attempt,,,execute,0x2656227d,WasteCategoryRegistry.updateCredits,40382,0,"VM Exception while processing transaction: reverted with custom error 'GovernorUnexpectedProposalState(91736904433752698883212331244360646667296766920927006480505282794908193940836, 3, '0x0000000000000000000000000000000000000000000000000000000000000030')'",0x798df78670cce927ba368ae9671606cf0d1601654d060d2ce758214bd25168ae,67
2026-09-23T23-05-23-489Z_n-sweep_1-2-4-8-16-32-50,V1,T1,,,,,deploy_token_T1,,,constructor,0x61016060,,1621017,1,,0xece28f063ba256e8fc65152daf61fe745a7823e8ba387b1b661409f18f6dc4cc,68
2026-09-23T23-05-23-489Z_n-sweep_1-2-4-8-16-32-50,V1,,,,,,deploy_registry,,,constructor,0x60806040,,4590964,1,,0x9005486642112873086c0faf3a06ce7199e3377186a80eb6eea4235f5e1c6f56,68
2026-09-23T23-05-23-489Z_n-sweep_1-2-4-8-16-32-50,V1,,,,,,deploy_governor_V1,,,constructor,0x6101c080,,2141155,1,,0xcbf032b87647649d09648621f7d61fb312aee4174486ee6f404819243ac59ca9,68
2026-09-23T23-05-23-489Z_n-sweep_1-2-4-8-16-32-50,V1,,,,,,grant_admin_role,,,grantRole,0x2f2ff15d,,50799,1,,0xfdc9a3875129e16eb4a0e6527cfb2e5662449c13660398cf3b7c723db6d0e009,68
2026-09-23T23-05-23-489Z_n-sweep_1-2-4-8-16-32-50,V1,,,,,,revoke_deployer_admin_role,,,revokeRole,0xd547741f,,27116,1,,0xc189311656167d1c4c211ee1c4f5143a8df64ff72cb449ebf7ec77ff2fd0bcbb,68
2026-09-23T23-05-23-489Z_n-sweep_1-2-4-8-16-32-50,V1,,32,D-voto,,,delegate_admin,,,,0x5c19a95c,,95559,1,,0xd4695df7ceba86e36d8d32ccf756640823a0c1b729cf20e3a0b632c08e38ee6a,68
2026-09-23T23-05-23-489Z_n-sweep_1-2-4-8-16-32-50,V1,,32,D-voto,,,delegate,,,,0x5c19a95c,,48347,1,,0x81d5bf8e96fad9ce8b5230dc73abbeb313b25fcb2932728690f357e6b4e905b9,68
2026-09-23T23-05-23-489Z_n-sweep_1-2-4-8-16-32-50,V1,,32,D-voto,,,delegate,,,,0x5c19a95c,,48335,1,,0x92147b8c796bc2b0f21acc979799bbf4c5b5033d9d67806a8ad6842fe03d41df,68
2026-09-23T23-05-23-489Z_n-sweep_1-2-4-8-16-32-50,V1,,32,D-voto,,,delegate,,,,0x5c19a95c,,48347,1,,0xfff43b85310b182c6fdaa6a0b82056393aba2572b23e543b42f064dc4690e2fc,68
2026-09-23T23-05-23-489Z_n-sweep_1-2-4-8-16-32-50,V1,,32,D-voto,,,delegate,,,,0x5c19a95c,,48347,1,,0xd65054394087a126f7201b8caf565d34e4b8e2c37299a2eb2e8e1e169e8753b2,68
2026-09-23T23-05-23-489Z_n-sweep_1-2-4-8-16-32-50,V1,,32,D-voto,,,delegate,,,,0x5c19a95c,,48347,1,,0x0c6ee11e6f4f09c9119d3c03df89d743f104be74b800d0b47cbfa2e1629e917b,68
2026-09-23T23-05-23-489Z_n-sweep_1-2-4-8-16-32-50,V1,,32,D-voto,,,delegate,,,,0x5c19a95c,,48347,1,,0x9e4c58d93f5292a4566258e1c10f556eb9dc4074e322b7c357bf5ad65da50cae,68
2026-09-23T23-05-23-489Z_n-sweep_1-2-4-8-16-32-50,V1,,32,D-voto,,,delegate,,,,0x5c19a95c,,48347,1,,0x6ebf0fe5777b4feb07a84b604e7094e789e104c0aa39284dccf1b9da9c17904e,68
2026-09-23T23-05-23-489Z_n-sweep_1-2-4-8-16-32-50,V1,,32,D-voto,,,delegate,,,,0x5c19a95c,,48347,1,,0xfe42119cc5b68fbfd433dffe547dcf50b55480a011d31795da0f08ec660c70b3,68
2026-09-23T23-05-23-489Z_n-sweep_1-2-4-8-16-32-50,V1,,32,D-voto,,,delegate,,,,0x5c19a95c,,48347,1,,0x1cd5ec1a28c590b58fdf7467e7fffeb349eed4d261a6e6dd6bbe64d73d17bd59,68
2026-09-23T23-05-23-489Z_n-sweep_1-2-4-8-16-32-50,V1,,32,D-voto,,,delegate,,,,0x5c19a95c,,48335,1,,0x44f126ec5cf68cfd276b82e1245a8bb78ca6d635813f085d1a125f483e4d5924,68
2026-09-23T23-05-23-489Z_n-sweep_1-2-4-8-16-32-50,V1,,32,D-voto,,,delegate,,,,0x5c19a95c,,48347,1,,0xe3c56247fde6ff45e5ce391eac68170bdc36be578302a953ddcf8384ecd07aa8,68
2026-09-23T23-05-23-489Z_n-sweep_1-2-4-8-16-32-50,V1,,32,D-voto,,,delegate,,,,0x5c19a95c,,48347,1,,0x97563cc4398d7b02943ad3e3ef1bdae06351c02ad3fb2d2b948579fc1d32295f,68
2026-09-23T23-05-23-489Z_n-sweep_1-2-4-8-16-32-50,V1,,32,D-voto,,,delegate,,,,0x5c19a95c,,48347,1,,0x2254c00b60e2f0581478274e6123b6295b391cc3698f1951fb660335b3cd6c33,68
2026-09-23T23-05-23-489Z_n-sweep_1-2-4-8-16-32-50,V1,,32,D-voto,,,delegate,,,,0x5c19a95c,,48347,1,,0xc3e2689cb93afecc73f02fe2fc704ca424bfebf2840b02e15e94e2eacaca6d1c,68
2026-09-23T23-05-23-489Z_n-sweep_1-2-4-8-16-32-50,V1,,32,D-voto,,,delegate,,,,0x5c19a95c,,48347,1,,0xf481a9d9df12d0c5f7b29cc5bd284c8ca3e14873afc209155e790bf19f68d897,68
2026-09-23T23-05-23-489Z_n-sweep_1-2-4-8-16-32-50,V1,,32,D-voto,,,delegate,,,,0x5c19a95c,,48347,1,,0x8975637550f485546f85f8e6d9a6ed6447c7e76fff1ec5f6c9e76fb534393987,68
2026-09-23T23-05-23-489Z_n-sweep_1-2-4-8-16-32-50,V1,,32,D-voto,,,delegate,,,,0x5c19a95c,,48347,1,,0x923ae1f8d3d22d25940fc9eb75f6f6f16c191c6a236895f77670dcca6996d312,68
2026-09-23T23-05-23-489Z_n-sweep_1-2-4-8-16-32-50,V1,,32,D-voto,,,delegate,,,,0x5c19a95c,,48347,1,,0xfa31a6684a33a12042a314e8f53f866c316bd76cf3829f1b1bdf9c6709375faf,68
2026-09-23T23-05-23-489Z_n-sweep_1-2-4-8-16-32-50,V1,,32,D-voto,,,delegate,,,,0x5c19a95c,,48347,1,,0x85a35cc5c2fd484741123514532c6d193414e920845266674d577133f95aeb61,68
2026-09-23T23-05-23-489Z_n-sweep_1-2-4-8-16-32-50,V1,,32,D-voto,,,delegate,,,,0x5c19a95c,,48347,1,,0x2c0c0e3cf1f17f2dbd21478c48f6a01b7c3f80cdc9a8337eb22078304610831f,68
2026-09-23T23-05-23-489Z_n-sweep_1-2-4-8-16-32-50,V1,,32,D-voto,,,delegate,,,,0x5c19a95c,,48347,1,,0xa3ed7a1ccf1c20c61c0c5d590ac689d2c051d45201c4389538358e9b8bb285bc,68
2026-09-23T23-05-23-489Z_n-sweep_1-2-4-8-16-32-50,V1,,32,D-voto,,,delegate,,,,0x5c19a95c,,48347,1,,0x661c282cd9e0e8ae9af420543abc3bdc613c6cb387574718fba247544e2af8e9,68
2026-09-23T23-05-23-489Z_n-sweep_1-2-4-8-16-32-50,V1,,32,D-voto,,,delegate,,,,0x5c19a95c,,48347,1,,0xa25eec8de30d8f33b67249979cc372deee4340970acf515ed11237297c254db8,68
2026-09-23T23-05-23-489Z_n-sweep_1-2-4-8-16-32-50,V1,,32,D-voto,,,delegate,,,,0x5c19a95c,,48347,1,,0x4531944da7228710c401fe613cc835a5a2ab8911500c323b7a89206096a62c5e,68
2026-09-23T23-05-23-489Z_n-sweep_1-2-4-8-16-32-50,V1,,32,D-voto,,,delegate,,,,0x5c19a95c,,48335,1,,0x34fd858bbdd79805fe9ac14ac3496bc1581b8cd1fca415dd388ac92a1031b1a5,68
2026-09-23T23-05-23-489Z_n-sweep_1-2-4-8-16-32-50,V1,,32,D-voto,,,delegate,,,,0x5c19a95c,,48347,1,,0x3873a22f0d3bd864cb6adf03e490138f7a8c74e0367b46c72eb32ab59606fc50,68
2026-09-23T23-05-23-489Z_n-sweep_1-2-4-8-16-32-50,V1,,32,D-voto,,,delegate,,,,0x5c19a95c,,48347,1,,0x015c8107c64083620d33bd63ee4539fae6a634cbff1a7060ce0d9d7635a92667,68
2026-09-23T23-05-23-489Z_n-sweep_1-2-4-8-16-32-50,V1,,32,D-voto,,,delegate,,,,0x5c19a95c,,48347,1,,0x4d690799cd4e7de3c25a6216085b0327439b44872c331c8bdeed03412851c496,68
2026-09-23T23-05-23-489Z_n-sweep_1-2-4-8-16-32-50,V1,,32,D-voto,,,delegate,,,,0x5c19a95c,,48347,1,,0x4e2b6075a69f1a5defbf56244ed346d13180f658d70986f145e7afacf2a1769c,68
2026-09-23T23-05-23-489Z_n-sweep_1-2-4-8-16-32-50,V1,,32,D-voto,,,delegate,,,,0x5c19a95c,,48347,1,,0xdb953c4d33d8186e4e68b823485663114eed9632b4e6afebc927746da2cc5444,68
2026-09-23T23-05-23-489Z_n-sweep_1-2-4-8-16-32-50,V1,,32,D-voto,,,delegate,,,,0x5c19a95c,,48347,1,,0x6e11fc1a1f465bb514b7050fb921834e4af6a4c1f01678025fabce44812892fb,68
2026-09-23T23-05-23-489Z_n-sweep_1-2-4-8-16-32-50,V1,,32,D-voto,,,delegate,,,,0x5c19a95c,,48347,1,,0x02ed69ad44539ce394fe9de851cfc82976eaf863ce9b6bb6dbf7356c766b4e34,68
2026-09-23T23-05-23-489Z_n-sweep_1-2-4-8-16-32-50,V1,,32,D-voto,,,transfer,,,,0xa9059cbb,,135960,1,,0xb456269427e69b5e6ce8e76119fc7d322df6ec9289b99576d4a1afad4e375832,68
2026-09-23T23-05-23-489Z_n-sweep_1-2-4-8-16-32-50,V1,,32,D-voto,,,transfer,,,,0xa9059cbb,,135948,1,,0xb1ebdc3fafc8d37f132e1bcc9fa8242f9ac4ccbf686053a9c11fea1447d7954a,68
2026-09-23T23-05-23-489Z_n-sweep_1-2-4-8-16-32-50,V1,,32,D-voto,,,transfer,,,,0xa9059cbb,,135960,1,,0x0706982ce9ffc9a9a6049bdad109ccb7771a360862c1c67d4604b16e468e88b3,68
2026-09-23T23-05-23-489Z_n-sweep_1-2-4-8-16-32-50,V1,,32,D-voto,,,transfer,,,,0xa9059cbb,,135960,1,,0x2be7a2323568fcd1226a0c9609a47190689b94f2bfd0a447e2dd0b263421859f,68
2026-09-23T23-05-23-489Z_n-sweep_1-2-4-8-16-32-50,V1,,32,D-voto,,,transfer,,,,0xa9059cbb,,135960,1,,0x306101092df768e906c434b562ff9c882664cf533261e971ab14944111cc0b35,68
2026-09-23T23-05-23-489Z_n-sweep_1-2-4-8-16-32-50,V1,,32,D-voto,,,transfer,,,,0xa9059cbb,,135960,1,,0x5a32b538f96cee1fd52ee740d3498092b5ff7b800fe37d249516ce644ac4c638,68
2026-09-23T23-05-23-489Z_n-sweep_1-2-4-8-16-32-50,V1,,32,D-voto,,,transfer,,,,0xa9059cbb,,135960,1,,0x2b3c88dfa9086dedb70af73e2a72d41b372d8737896af7d9c24b888ba77809a8,68
2026-09-23T23-05-23-489Z_n-sweep_1-2-4-8-16-32-50,V1,,32,D-voto,,,transfer,,,,0xa9059cbb,,135960,1,,0xc6c3504257735cab1ebbf8e23b8dfa0891033d340b7faee41c7a4c8ffcaf2f05,68
2026-09-23T23-05-23-489Z_n-sweep_1-2-4-8-16-32-50,V1,,32,D-voto,,,transfer,,,,0xa9059cbb,,135960,1,,0x8c375b595de805e2c20ab49d5366ef38ae2405712a57898e36c42d7394dc7dea,68
2026-09-23T23-05-23-489Z_n-sweep_1-2-4-8-16-32-50,V1,,32,D-voto,,,transfer,,,,0xa9059cbb,,135948,1,,0x956797de8927bfe4fa4238f3c3d6225ec80fb5cb7f8988c10bcbf7507db7f433,68
2026-09-23T23-05-23-489Z_n-sweep_1-2-4-8-16-32-50,V1,,32,D-voto,,,transfer,,,,0xa9059cbb,,135960,1,,0x8419adca48826d94d148af9eb8c52743544499d0862d2c79fe217f13838d3f89,68
2026-09-23T23-05-23-489Z_n-sweep_1-2-4-8-16-32-50,V1,,32,D-voto,,,transfer,,,,0xa9059cbb,,135960,1,,0xa6a407b8151974f51fd3480ed2808e823a862b1a9fc3e4d58826cc40991de5ce,68
2026-09-23T23-05-23-489Z_n-sweep_1-2-4-8-16-32-50,V1,,32,D-voto,,,transfer,,,,0xa9059cbb,,135960,1,,0x7cb9b9759a154291125191612f5d3d9c005445ca3d44499b84df2cdf24196036,68
2026-09-23T23-05-23-489Z_n-sweep_1-2-4-8-16-32-50,V1,,32,D-voto,,,transfer,,,,0xa9059cbb,,135960,1,,0x37425c743b5169af4a191d2411ef9ec7a8ecfd4d3f9e18e9c74c8441e728227d,68
2026-09-23T23-05-23-489Z_n-sweep_1-2-4-8-16-32-50,V1,,32,D-voto,,,transfer,,,,0xa9059cbb,,135960,1,,0x30047ac0d2b376ce93122498326e833da05270630abef795f3659920af1f01f3,68
2026-09-23T23-05-23-489Z_n-sweep_1-2-4-8-16-32-50,V1,,32,D-voto,,,transfer,,,,0xa9059cbb,,135960,1,,0x25b05249a040061fc25c18be11522eaba7e4df163e9ce17f69863b5a67fccb76,68
2026-09-23T23-05-23-489Z_n-sweep_1-2-4-8-16-32-50,V1,,32,D-voto,,,transfer,,,,0xa9059cbb,,135960,1,,0x9f4ab1b66a7ab3047273f1a54d34b17dce9dff1c107a018ddfac1f8406fd791a,68
2026-09-23T23-05-23-489Z_n-sweep_1-2-4-8-16-32-50,V1,,32,D-voto,,,transfer,,,,0xa9059cbb,,135960,1,,0x1c23e5aa6a3e4e7eece03a43c7bee946db01ccd04cb4351c56313615169cd5f7,68
2026-09-23T23-05-23-489Z_n-sweep_1-2-4-8-16-32-50,V1,,32,D-voto,,,transfer,,,,0xa9059cbb,,135960,1,,0x808e0b1a1f83e43b1b0bbeebf1eaa49a2a0bd603dc033838a51dbc520100f07e,68
2026-09-23T23-05-23-489Z_n-sweep_1-2-4-8-16-32-50,V1,,32,D-voto,,,transfer,,,,0xa9059cbb,,135960,1,,0x5a9e739bf10cf83ed688f6b886c370f4149c627ecdb8e2f83acec9af0d1e9ad7,68
2026-09-23T23-05-23-489Z_n-sweep_1-2-4-8-16-32-50,V1,,32,D-voto,,,transfer,,,,0xa9059cbb,,135960,1,,0xd98acace08286d3e5bc862992a1feeb750161810d0f11fff091be1b9b2d82ec4,68
2026-09-23T23-05-23-489Z_n-sweep_1-2-4-8-16-32-50,V1,,32,D-voto,,,transfer,,,,0xa9059cbb,,135960,1,,0x02f3d6da6a616977f3c74d4af815dd50f18791ec5f826da90aa5ae9ef216be0b,68
2026-09-23T23-05-23-489Z_n-sweep_1-2-4-8-16-32-50,V1,,32,D-voto,,,transfer,,,,0xa9059cbb,,135960,1,,0xba289594f475d94893786718c7be70af369cd9d6fb44497a45822d97b6355a29,68
2026-09-23T23-05-23-489Z_n-sweep_1-2-4-8-16-32-50,V1,,32,D-voto,,,transfer,,,,0xa9059cbb,,135960,1,,0x08700732f89c0ba615bd8eeeeb0da4c103eba6f7d06c33eb6c01e53380f25dcd,68
2026-09-23T23-05-23-489Z_n-sweep_1-2-4-8-16-32-50,V1,,32,D-voto,,,transfer,,,,0xa9059cbb,,135948,1,,0xcfffabbbdd8e51d9435bb673210e62b7334b7d2df8e4a3d70c4461cd0fcf447a,68
2026-09-23T23-05-23-489Z_n-sweep_1-2-4-8-16-32-50,V1,,32,D-voto,,,transfer,,,,0xa9059cbb,,135960,1,,0x6a4069c122629b5e403a8e517573612f517cdc4223087adf4d4e46ecc1ee28fa,68
2026-09-23T23-05-23-489Z_n-sweep_1-2-4-8-16-32-50,V1,,32,D-voto,,,transfer,,,,0xa9059cbb,,135960,1,,0x43f7e058f78f5c7ce717c161d923cabe7762bcbb8972d7ee8fefca0222f2ac2e,68
2026-09-23T23-05-23-489Z_n-sweep_1-2-4-8-16-32-50,V1,,32,D-voto,,,transfer,,,,0xa9059cbb,,135960,1,,0xb91cdfd0d12560265c641a94d1861458541d1dae9f997abd1dfa9cd90d1da67f,68
2026-09-23T23-05-23-489Z_n-sweep_1-2-4-8-16-32-50,V1,,32,D-voto,,,transfer,,,,0xa9059cbb,,135960,1,,0x284b008bbeb87e89e13af70f36c3f6915fd65474aadd30470c0579190ecd68bd,68
2026-09-23T23-05-23-489Z_n-sweep_1-2-4-8-16-32-50,V1,,32,D-voto,,,transfer,,,,0xa9059cbb,,135960,1,,0x97b6c18b16e030e7b38ed387cb03f0c4d64c025ee39fe4e224cc6b950d321c35,68
2026-09-23T23-05-23-489Z_n-sweep_1-2-4-8-16-32-50,V1,,32,D-voto,,,transfer,,,,0xa9059cbb,,135960,1,,0xa345160eee559cdd8379b98b9e47ed1c8910297dd1a07ae65e92da3cd077a630,68
2026-09-23T23-05-23-489Z_n-sweep_1-2-4-8-16-32-50,V1,,32,D-voto,,,transfer,,,,0xa9059cbb,,135960,1,,0xd9fc574e08881af2698645cc1d7617b8e12462a5806467e1d7fe5ff479431a79,68
2026-09-23T23-05-23-489Z_n-sweep_1-2-4-8-16-32-50,V1,,32,D-voto,,,propose,,,propose,0x7d5e81e2,WasteCategoryRegistry.updateCredits,63315,1,,0xded1aed7a6649372d788ece8e62449826787a97953edf13726b37db4222d7ff0,68
2026-09-23T23-05-23-489Z_n-sweep_1-2-4-8-16-32-50,V1,,32,D-voto,,,vote,1,for,,0x56781388,,82468,1,,0xef49aac2b8f162458a4d069428fdc2267ed77a42f7641bd1c9a78fa0765993d5,68
2026-09-23T23-05-23-489Z_n-sweep_1-2-4-8-16-32-50,V1,,32,D-voto,,,vote,2,for,,0x56781388,,65368,1,,0x5abf8b19e12897bc31a8877cdb8d0d970579d46bc5abe96da4a1e2f0b0d90d4f,68
2026-09-23T23-05-23-489Z_n-sweep_1-2-4-8-16-32-50,V1,,32,D-voto,,,vote,3,for,,0x56781388,,65368,1,,0x0dd4f15224c2252f4936c2d4f17115079a749f8d10c3b0315279393f25f3a992,68
2026-09-23T23-05-23-489Z_n-sweep_1-2-4-8-16-32-50,V1,,32,D-voto,,,vote,4,for,,0x56781388,,65368,1,,0xa038f3d965941e118fd5b86f4ef3914fe8f7cc3fab08c476eb69505e045bab27,68
2026-09-23T23-05-23-489Z_n-sweep_1-2-4-8-16-32-50,V1,,32,D-voto,,,vote,5,for,,0x56781388,,65368,1,,0x3ba8be21fe100b7a9e601ceb92f4184d6d37911d9f79fcc56acf1385117da4b4,68
2026-09-23T23-05-23-489Z_n-sweep_1-2-4-8-16-32-50,V1,,32,D-voto,,,vote,6,for,,0x56781388,,65368,1,,0xf80a96c3e1f9f4c0151532a1f5782a9ba970d59215df042d2d8dfe93fe2571e4,68
2026-09-23T23-05-23-489Z_n-sweep_1-2-4-8-16-32-50,V1,,32,D-voto,,,vote,7,for,,0x56781388,,65368,1,,0x624b78553e6182367f216ac0655f57da6705376646222a94937ed307c0b9ee54,68
2026-09-23T23-05-23-489Z_n-sweep_1-2-4-8-16-32-50,V1,,32,D-voto,,,vote,8,for,,0x56781388,,65368,1,,0xf574ab4a14e72d22e99c982014dbdc1f85ef2452f5c432427d84cd515b864bda,68
2026-09-23T23-05-23-489Z_n-sweep_1-2-4-8-16-32-50,V1,,32,D-voto,,,vote,9,for,,0x56781388,,65368,1,,0x572883933a0e550f212a5637f30ad0653f05f7d836af1b6ba10d541e59325590,68
2026-09-23T23-05-23-489Z_n-sweep_1-2-4-8-16-32-50,V1,,32,D-voto,,,vote,10,for,,0x56781388,,65368,1,,0x4d75d76df200cb83dc85f4d45307b6bde561b57994365e7aff7e62384aa6fd67,68
2026-09-23T23-05-23-489Z_n-sweep_1-2-4-8-16-32-50,V1,,32,D-voto,,,vote,11,for,,0x56781388,,65368,1,,0x31cb800c069b3bfc4ed77ec26234036630204402cadc5c6b0c836d528f8ec342,68
2026-09-23T23-05-23-489Z_n-sweep_1-2-4-8-16-32-50,V1,,32,D-voto,,,vote,12,for,,0x56781388,,65368,1,,0xb93c283ea97280aaa39f5a3dde8283efcfea49bbd308ac93dd455d446c1e2df9,68
2026-09-23T23-05-23-489Z_n-sweep_1-2-4-8-16-32-50,V1,,32,D-voto,,,vote,13,for,,0x56781388,,65368,1,,0xd8ead276c34f8f6f941ab021cf5c494a748079b867237e558b9375ab904705d1,68
2026-09-23T23-05-23-489Z_n-sweep_1-2-4-8-16-32-50,V1,,32,D-voto,,,vote,14,for,,0x56781388,,65368,1,,0xb7eff180eb40e58ab2c4b4aa622da2bb4e85580388ad4c81a9819e62e5597e4d,68
2026-09-23T23-05-23-489Z_n-sweep_1-2-4-8-16-32-50,V1,,32,D-voto,,,vote,15,for,,0x56781388,,65368,1,,0x434ff34e2b8ab738bbdc6337f82c7164bce7399fdfe35cd9d5df16a6e12860a7,68
2026-09-23T23-05-23-489Z_n-sweep_1-2-4-8-16-32-50,V1,,32,D-voto,,,vote,1,against,,0x56781388,,82416,1,,0x32e3ab58cd482752fa25d5c1eb0abda202941d9075ac16fca2ec0b3fce0d97c5,68
2026-09-23T23-05-23-489Z_n-sweep_1-2-4-8-16-32-50,V1,,32,D-voto,,,vote,2,against,,0x56781388,,65316,1,,0x6eac9df329863afc5d7177dbd60a624b0aafaee2619fea47a3d99325eec06b72,68
2026-09-23T23-05-23-489Z_n-sweep_1-2-4-8-16-32-50,V1,,32,D-voto,,,vote,3,against,,0x56781388,,65316,1,,0x1f07c45fb659fb3438b233f9519c50c838ecc22fc78c979f3559dbc54d1519eb,68
2026-09-23T23-05-23-489Z_n-sweep_1-2-4-8-16-32-50,V1,,32,D-voto,,,vote,4,against,,0x56781388,,65316,1,,0xa482cc7f3a5bbfd0424dc0464ce75329a3e10aac6d11ae79bd2f30d267384cf9,68
2026-09-23T23-05-23-489Z_n-sweep_1-2-4-8-16-32-50,V1,,32,D-voto,,,vote,5,against,,0x56781388,,65316,1,,0x8305b19184825f940fdb2343034f75327cb4ff3d855ba9ba3330931e6f7d95a5,68
2026-09-23T23-05-23-489Z_n-sweep_1-2-4-8-16-32-50,V1,,32,D-voto,,,vote,6,against,,0x56781388,,65316,1,,0x4d11a7ff1f508de420ce10f94c88b737fe9f1ae412676e906c6bb602a264fda8,68
2026-09-23T23-05-23-489Z_n-sweep_1-2-4-8-16-32-50,V1,,32,D-voto,,,vote,7,against,,0x56781388,,65316,1,,0x01ffcb6988808c3b0743b0680300e40bdf7de9fa92cc314449242c474ff694a8,68
2026-09-23T23-05-23-489Z_n-sweep_1-2-4-8-16-32-50,V1,,32,D-voto,,,vote,8,against,,0x56781388,,65316,1,,0xb888241e0a8fb79e45e9f7b3881a6ede12958797b6e3c25bbd5e190a720a0556,68
2026-09-23T23-05-23-489Z_n-sweep_1-2-4-8-16-32-50,V1,,32,D-voto,,,vote,9,against,,0x56781388,,65316,1,,0x11c4c835c66a075b5a5291eb8d1fff50aa6dd38d9ca34afb82e55db7ddc39928,68
2026-09-23T23-05-23-489Z_n-sweep_1-2-4-8-16-32-50,V1,,32,D-voto,,,vote,10,against,,0x56781388,,65316,1,,0xc8fb196648bc287d6635e17aa2e4e5655ab7ec6bbeedb6125adaef2cdd4988dd,68
2026-09-23T23-05-23-489Z_n-sweep_1-2-4-8-16-32-50,V1,,32,D-voto,,,vote,11,against,,0x56781388,,65316,1,,0x89e80dd3b7ddc001fc880b4d42ecfac3c0e5fe4b184141631b0304557d844c2d,68
2026-09-23T23-05-23-489Z_n-sweep_1-2-4-8-16-32-50,V1,,32,D-voto,,,vote,12,against,,0x56781388,,65316,1,,0x108b3e291d28ed1fb67d0dcd0cf75777d101a3ad60a1e1534dfa0b5ca4558dd6,68
2026-09-23T23-05-23-489Z_n-sweep_1-2-4-8-16-32-50,V1,,32,D-voto,,,vote,13,against,,0x56781388,,65316,1,,0x7101f6d9ae896291b83c0c00e78f931afba8b5156fdc061badb021dacd16f75f,68
2026-09-23T23-05-23-489Z_n-sweep_1-2-4-8-16-32-50,V1,,32,D-voto,,,vote,14,against,,0x56781388,,65316,1,,0x5ea5f8e628d3f0e31eae5d2dffb0c479b00418e400da3b12b5d7f22e3b880d90,68
2026-09-23T23-05-23-489Z_n-sweep_1-2-4-8-16-32-50,V1,,32,D-voto,,,vote,15,against,,0x56781388,,65316,1,,0x814160989781e7efbb898a8652f96196056438b7639ef8642cadc985efbcd4f6,68
2026-09-23T23-05-23-489Z_n-sweep_1-2-4-8-16-32-50,V1,,32,D-voto,,,vote,16,against,,0x56781388,,65316,1,,0x79c647ea6cfe877e1680a36e064f31c5d4ffa4bfa98a9d27bc5311422ea41636,68
2026-09-23T23-05-23-489Z_n-sweep_1-2-4-8-16-32-50,V1,,32,D-voto,,,vote,17,against,,0x56781388,,65316,1,,0x378709ae7e9239d16f70ce641d6b0423a390a1fe0fa9b1e03e96868821b28420,68
2026-09-23T23-05-23-489Z_n-sweep_1-2-4-8-16-32-50,V1,,32,D-voto,,,execute_attempt,,,execute,0x2656227d,WasteCategoryRegistry.updateCredits,40382,0,"VM Exception while processing transaction: reverted with custom error 'GovernorUnexpectedProposalState(91736904433752698883212331244360646667296766920927006480505282794908193940836, 3, '0x0000000000000000000000000000000000000000000000000000000000000030')'",0x798df78670cce927ba368ae9671606cf0d1601654d060d2ce758214bd25168ae,68
2026-09-23T23-05-23-489Z_n-sweep_1-2-4-8-16-32-50,V2,T1,,,,,deploy_token_T1,,,constructor,0x61016060,,1621017,1,,0xece28f063ba256e8fc65152daf61fe745a7823e8ba387b1b661409f18f6dc4cc,69
2026-09-23T23-05-23-489Z_n-sweep_1-2-4-8-16-32-50,V2,,,,,,deploy_registry,,,constructor,0x60806040,,4590964,1,,0x9005486642112873086c0faf3a06ce7199e3377186a80eb6eea4235f5e1c6f56,69
2026-09-23T23-05-23-489Z_n-sweep_1-2-4-8-16-32-50,V2,,,,,,deploy_governor_V2,,,constructor,0x6101e080,,2178840,1,,0xa32c9f3d540c0ae9eee563ea02a53e3c1648afde51e09209202bc2912d9a8532,69
2026-09-23T23-05-23-489Z_n-sweep_1-2-4-8-16-32-50,V2,,,,,,grant_admin_role,,,grantRole,0x2f2ff15d,,50799,1,,0x0482dd737ad13e5cf9f342f77b7f4c8d4a60575e6613b501a7a433855227e65d,69
2026-09-23T23-05-23-489Z_n-sweep_1-2-4-8-16-32-50,V2,,,,,,revoke_deployer_admin_role,,,revokeRole,0xd547741f,,27116,1,,0xbf6c6756b6e885a31717a4b56f3c4fc35da4780ca84e075711ea97189f58ea3d,69
2026-09-23T23-05-23-489Z_n-sweep_1-2-4-8-16-32-50,V2,,32,D-voto,,,delegate_admin,,,,0x5c19a95c,,95559,1,,0xe4ed125ff7fcf34a784094393e69d7b32184f90f45a88cf0e398ac5fe2329d50,69
2026-09-23T23-05-23-489Z_n-sweep_1-2-4-8-16-32-50,V2,,32,D-voto,,,delegate,,,,0x5c19a95c,,48347,1,,0x8e5cf2e817455991c3f88244f29b95e3c5703efb253d16587c3e019ace8ed4aa,69
2026-09-23T23-05-23-489Z_n-sweep_1-2-4-8-16-32-50,V2,,32,D-voto,,,delegate,,,,0x5c19a95c,,48335,1,,0x3a4d0b938991cc6665fddf48aab742d27a2480134e4cb1cf5b844b9724575405,69
2026-09-23T23-05-23-489Z_n-sweep_1-2-4-8-16-32-50,V2,,32,D-voto,,,delegate,,,,0x5c19a95c,,48347,1,,0x8df16e2387da0d9fa03469e487a72815c7ad0f22d2e3631bfcd3e8532e84566f,69
2026-09-23T23-05-23-489Z_n-sweep_1-2-4-8-16-32-50,V2,,32,D-voto,,,delegate,,,,0x5c19a95c,,48347,1,,0x95612e3ccf4e98f664cb62c90a18fd3142e8f5668db18fb82a400652a6b96b06,69
2026-09-23T23-05-23-489Z_n-sweep_1-2-4-8-16-32-50,V2,,32,D-voto,,,delegate,,,,0x5c19a95c,,48347,1,,0x8cfbd9c8afd095297879c4ea5a6d41c276c3b770abd2f751b06ec63384df15d6,69
2026-09-23T23-05-23-489Z_n-sweep_1-2-4-8-16-32-50,V2,,32,D-voto,,,delegate,,,,0x5c19a95c,,48347,1,,0x96ff47bd12ed3260165a9b3c82bacf4a9f1cfd47a5f8548491ee35c1066f2e38,69
2026-09-23T23-05-23-489Z_n-sweep_1-2-4-8-16-32-50,V2,,32,D-voto,,,delegate,,,,0x5c19a95c,,48347,1,,0x3c7464a5135ef0630048da3b891f6f95d941c4b44dfb27d1230d6c7015af52d6,69
2026-09-23T23-05-23-489Z_n-sweep_1-2-4-8-16-32-50,V2,,32,D-voto,,,delegate,,,,0x5c19a95c,,48347,1,,0xcef7f0dbdf22e7ddd7612e11e8e4d04d07ff7ed50742fa593a04379c3fb4c79a,69
2026-09-23T23-05-23-489Z_n-sweep_1-2-4-8-16-32-50,V2,,32,D-voto,,,delegate,,,,0x5c19a95c,,48347,1,,0x2a05bf2175c5ddc1c903f568e1aef2d66314124f75bcf8379ba8adf2782fee08,69
2026-09-23T23-05-23-489Z_n-sweep_1-2-4-8-16-32-50,V2,,32,D-voto,,,delegate,,,,0x5c19a95c,,48335,1,,0xed076a3bb603efd5d8a71a2cc98ed4047b12d152a544a7d1d7a341433c9a4602,69
2026-09-23T23-05-23-489Z_n-sweep_1-2-4-8-16-32-50,V2,,32,D-voto,,,delegate,,,,0x5c19a95c,,48347,1,,0x10be283a8ec30b680dc3aca50b759e0cf9c8afc082d9e83402cea754eca72a1f,69
2026-09-23T23-05-23-489Z_n-sweep_1-2-4-8-16-32-50,V2,,32,D-voto,,,delegate,,,,0x5c19a95c,,48347,1,,0x2a30f5270f05f3f17e6177f9b77f58b934718ec7c2e872415fd5bb3af3d1a729,69
2026-09-23T23-05-23-489Z_n-sweep_1-2-4-8-16-32-50,V2,,32,D-voto,,,delegate,,,,0x5c19a95c,,48347,1,,0x8627a7ad29f66cec2d29399f287974e7802b96ce1c1094b9f03f71ebb4aee554,69
2026-09-23T23-05-23-489Z_n-sweep_1-2-4-8-16-32-50,V2,,32,D-voto,,,delegate,,,,0x5c19a95c,,48347,1,,0x09935171751aaaad6b28f8c0a6e1389d805ea4048b73d32206a0f9fb56fe6526,69
2026-09-23T23-05-23-489Z_n-sweep_1-2-4-8-16-32-50,V2,,32,D-voto,,,delegate,,,,0x5c19a95c,,48347,1,,0xcc0bb7cbd2d0f3f8fa2b739bbaa5db203755fbd70b3eefc00d112f1bb589ceaf,69
2026-09-23T23-05-23-489Z_n-sweep_1-2-4-8-16-32-50,V2,,32,D-voto,,,delegate,,,,0x5c19a95c,,48347,1,,0xc76339288f99a2e44a4485a1794ebb0cad6215adbb061dde8b472b5783d68437,69
2026-09-23T23-05-23-489Z_n-sweep_1-2-4-8-16-32-50,V2,,32,D-voto,,,delegate,,,,0x5c19a95c,,48347,1,,0x4eff498246ceed5814c564e65aad18449d9d8819517ba51d588d9cfdae3d4d2a,69
2026-09-23T23-05-23-489Z_n-sweep_1-2-4-8-16-32-50,V2,,32,D-voto,,,delegate,,,,0x5c19a95c,,48347,1,,0xa6ae49a326f302b9e71391f9415c0d930458ea03039ee9086f5687369d739f43,69
2026-09-23T23-05-23-489Z_n-sweep_1-2-4-8-16-32-50,V2,,32,D-voto,,,delegate,,,,0x5c19a95c,,48347,1,,0xf13688c59dca87eeaaf2b3d3ae625f01224e2d5b4954af7ddb9eacd7e8fca21e,69
2026-09-23T23-05-23-489Z_n-sweep_1-2-4-8-16-32-50,V2,,32,D-voto,,,delegate,,,,0x5c19a95c,,48347,1,,0xed760b7612d9a02f7ab38dcca54d7d989dd819b4bb98906db1dbcca059ac084f,69
2026-09-23T23-05-23-489Z_n-sweep_1-2-4-8-16-32-50,V2,,32,D-voto,,,delegate,,,,0x5c19a95c,,48347,1,,0x408a7ccbb0d6637960a2093204a5084a7c3370084f7061b277e04d5d1523ae58,69
2026-09-23T23-05-23-489Z_n-sweep_1-2-4-8-16-32-50,V2,,32,D-voto,,,delegate,,,,0x5c19a95c,,48347,1,,0x3152e0d13e4c1339d74b6b187ca12500a969817e0120fc16874758b89451705c,69
2026-09-23T23-05-23-489Z_n-sweep_1-2-4-8-16-32-50,V2,,32,D-voto,,,delegate,,,,0x5c19a95c,,48347,1,,0xa643950d224ced9bbf99ea95cbb9cecb86c028ad6a357741d9eed43fd1418124,69
2026-09-23T23-05-23-489Z_n-sweep_1-2-4-8-16-32-50,V2,,32,D-voto,,,delegate,,,,0x5c19a95c,,48347,1,,0x055e399c3cbfa6644dce91a7f3b36ea2bc185d80c647c0f1d04321e14c4b1361,69
2026-09-23T23-05-23-489Z_n-sweep_1-2-4-8-16-32-50,V2,,32,D-voto,,,delegate,,,,0x5c19a95c,,48335,1,,0xdbafa2287cf62155690c72d09b21b76ada56306bf24799e90a6ebd1fd470abc6,69
2026-09-23T23-05-23-489Z_n-sweep_1-2-4-8-16-32-50,V2,,32,D-voto,,,delegate,,,,0x5c19a95c,,48347,1,,0x5f3e39c0a04665565fe3ba089f22454588d4f688c9a7aef067e7ad9e116a759a,69
2026-09-23T23-05-23-489Z_n-sweep_1-2-4-8-16-32-50,V2,,32,D-voto,,,delegate,,,,0x5c19a95c,,48347,1,,0x7f968e30943d915d45decb0caea3281b5a4ce30a34416fbe354786d67369fd83,69
2026-09-23T23-05-23-489Z_n-sweep_1-2-4-8-16-32-50,V2,,32,D-voto,,,delegate,,,,0x5c19a95c,,48347,1,,0xacced85e76fc346ac6aeec9a7ad6b61324fa6705450ea8d9c6b571e609652ec6,69
2026-09-23T23-05-23-489Z_n-sweep_1-2-4-8-16-32-50,V2,,32,D-voto,,,delegate,,,,0x5c19a95c,,48347,1,,0xc354d6d794f1199566d0378cd1a05e9a5ef44036fa08971363ffdb3f0a83ac1f,69
2026-09-23T23-05-23-489Z_n-sweep_1-2-4-8-16-32-50,V2,,32,D-voto,,,delegate,,,,0x5c19a95c,,48347,1,,0x41430b21e85fff00baa6651f5e9419f14411e203e9c65cf045d70399e1f94f10,69
2026-09-23T23-05-23-489Z_n-sweep_1-2-4-8-16-32-50,V2,,32,D-voto,,,delegate,,,,0x5c19a95c,,48347,1,,0x0bedefd31dfd1911f1b821af9af59b2add8145ffa98e5dbae489249c34ba12b9,69
2026-09-23T23-05-23-489Z_n-sweep_1-2-4-8-16-32-50,V2,,32,D-voto,,,delegate,,,,0x5c19a95c,,48347,1,,0x56ad8c486cf180aa0b39b839e9aa8457bb432ce913afb5054ca9bcce3effbb92,69
2026-09-23T23-05-23-489Z_n-sweep_1-2-4-8-16-32-50,V2,,32,D-voto,,,transfer,,,,0xa9059cbb,,135960,1,,0xd0698b15d0a4158e25b6354447a9183a1c7e2709f2dc65467f1f8d003c028165,69
2026-09-23T23-05-23-489Z_n-sweep_1-2-4-8-16-32-50,V2,,32,D-voto,,,transfer,,,,0xa9059cbb,,135948,1,,0xc1d83b95bf805ba4371c2bb98c2893712e313bdae17608c8cca1a20cefcace3f,69
2026-09-23T23-05-23-489Z_n-sweep_1-2-4-8-16-32-50,V2,,32,D-voto,,,transfer,,,,0xa9059cbb,,135960,1,,0x5c9a2f524061f2cedfc3a23928ba3522a97347623158802a7574d89aac66c5e2,69
2026-09-23T23-05-23-489Z_n-sweep_1-2-4-8-16-32-50,V2,,32,D-voto,,,transfer,,,,0xa9059cbb,,135960,1,,0xd7a1d861a8ffae45389bf7b1e050a2ad6774adf1f26964e59f924d13efe16f93,69
2026-09-23T23-05-23-489Z_n-sweep_1-2-4-8-16-32-50,V2,,32,D-voto,,,transfer,,,,0xa9059cbb,,135960,1,,0x3ed47764d1b6dc2977a87f07c00932d7919f86a38d7fa6897797557fcaf8ddb2,69
2026-09-23T23-05-23-489Z_n-sweep_1-2-4-8-16-32-50,V2,,32,D-voto,,,transfer,,,,0xa9059cbb,,135960,1,,0xe38aeefc29cc229da8f80086faf7a65278385513d6000ae2998b9164c52a2ec0,69
2026-09-23T23-05-23-489Z_n-sweep_1-2-4-8-16-32-50,V2,,32,D-voto,,,transfer,,,,0xa9059cbb,,135960,1,,0x66cced5377a01cb01ced1557db51d3d576fa40d9f04be2db053b55b41fb5089e,69
2026-09-23T23-05-23-489Z_n-sweep_1-2-4-8-16-32-50,V2,,32,D-voto,,,transfer,,,,0xa9059cbb,,135960,1,,0xfe5aef131cc72a9ad79a1f5ffde1443d7f223ae84ed6a6626946d0308ab353a6,69
2026-09-23T23-05-23-489Z_n-sweep_1-2-4-8-16-32-50,V2,,32,D-voto,,,transfer,,,,0xa9059cbb,,135960,1,,0x2c714ceb4fe03bcf2c3d8630106ccb262af10d86fa7e1b83496bbb0c41f8f657,69
2026-09-23T23-05-23-489Z_n-sweep_1-2-4-8-16-32-50,V2,,32,D-voto,,,transfer,,,,0xa9059cbb,,135948,1,,0xd761f278e00234ae7bff4ba89185e7e3ecd0c332b003b4603918a2f13a1ab358,69
2026-09-23T23-05-23-489Z_n-sweep_1-2-4-8-16-32-50,V2,,32,D-voto,,,transfer,,,,0xa9059cbb,,135960,1,,0x031aa8f9222008ee539d955a400cef5a9aceb2377b58d9bdfb60366e2e5ec88d,69
2026-09-23T23-05-23-489Z_n-sweep_1-2-4-8-16-32-50,V2,,32,D-voto,,,transfer,,,,0xa9059cbb,,135960,1,,0x42cd908997f6996bc98d0e95639112ede936d48a3f26d5c3e2a8c7e95054854d,69
2026-09-23T23-05-23-489Z_n-sweep_1-2-4-8-16-32-50,V2,,32,D-voto,,,transfer,,,,0xa9059cbb,,135960,1,,0x719b6c90c96e3584e7554597250f36160d4f86bef73d716538651162072dc1a3,69
2026-09-23T23-05-23-489Z_n-sweep_1-2-4-8-16-32-50,V2,,32,D-voto,,,transfer,,,,0xa9059cbb,,135960,1,,0x964636b08302fb1a1aeb3ebfcb46761628f9689f5d7910980ca3e90d3ad72185,69
2026-09-23T23-05-23-489Z_n-sweep_1-2-4-8-16-32-50,V2,,32,D-voto,,,transfer,,,,0xa9059cbb,,135960,1,,0x42dca054fb5013aa31f156620dd3fdd731d2a22f0bd44862620f1e9366320d94,69
2026-09-23T23-05-23-489Z_n-sweep_1-2-4-8-16-32-50,V2,,32,D-voto,,,transfer,,,,0xa9059cbb,,135960,1,,0x6f8161bec26017fcea839ed5cf5aec77f0adc12b00fe597537d73b33c0d89ead,69
2026-09-23T23-05-23-489Z_n-sweep_1-2-4-8-16-32-50,V2,,32,D-voto,,,transfer,,,,0xa9059cbb,,135960,1,,0xcf984e4f2d4bd10afedd9acbd2d1940ac71703f84a09ab0031926511e28e2635,69
2026-09-23T23-05-23-489Z_n-sweep_1-2-4-8-16-32-50,V2,,32,D-voto,,,transfer,,,,0xa9059cbb,,135960,1,,0x9ce98ec599be9f522859383caa8c4fd89d812e3757dda9a4573341c20e0f2613,69
2026-09-23T23-05-23-489Z_n-sweep_1-2-4-8-16-32-50,V2,,32,D-voto,,,transfer,,,,0xa9059cbb,,135960,1,,0x578c45ba07da6aebe660bcaad7363e9c4cf3bef6fd87b78be2c9f7b1bb99e96d,69
2026-09-23T23-05-23-489Z_n-sweep_1-2-4-8-16-32-50,V2,,32,D-voto,,,transfer,,,,0xa9059cbb,,135960,1,,0x870d481b432dffcac70d460fc5462f566d3e5e210615efc5b22ba6a948560817,69
2026-09-23T23-05-23-489Z_n-sweep_1-2-4-8-16-32-50,V2,,32,D-voto,,,transfer,,,,0xa9059cbb,,135960,1,,0x7bf6c0061eb2f4e93af69e04140e29de63e118de26abe4b6171070162b2d402a,69
2026-09-23T23-05-23-489Z_n-sweep_1-2-4-8-16-32-50,V2,,32,D-voto,,,transfer,,,,0xa9059cbb,,135960,1,,0xa145b9fd5a9b7cc823bbd816c5ebb6f4a4e624107b23481a0f732956d4cf4a2a,69
2026-09-23T23-05-23-489Z_n-sweep_1-2-4-8-16-32-50,V2,,32,D-voto,,,transfer,,,,0xa9059cbb,,135960,1,,0x733583bfcddbe7384a5465c8d5867f76d65ba6745b91267e14d1ff485cfc70a6,69
2026-09-23T23-05-23-489Z_n-sweep_1-2-4-8-16-32-50,V2,,32,D-voto,,,transfer,,,,0xa9059cbb,,135960,1,,0x4a66f968338e1f313aca3afb2b02f5492b1059155b1945e1c21e14e3a325a61b,69
2026-09-23T23-05-23-489Z_n-sweep_1-2-4-8-16-32-50,V2,,32,D-voto,,,transfer,,,,0xa9059cbb,,135948,1,,0x31d3300ea2257060997f08297c579c9fd07c152fb88c10f797eeaa1ce1b5d8c1,69
2026-09-23T23-05-23-489Z_n-sweep_1-2-4-8-16-32-50,V2,,32,D-voto,,,transfer,,,,0xa9059cbb,,135960,1,,0x0c15552baf3e28feb479668eb96380f728a17e0b946d2c06f49aa57eb6a55216,69
2026-09-23T23-05-23-489Z_n-sweep_1-2-4-8-16-32-50,V2,,32,D-voto,,,transfer,,,,0xa9059cbb,,135960,1,,0xb5337b3b2747f7cf90d047e14df44ca40ddf66c56cac22f65df754a2a7477674,69
2026-09-23T23-05-23-489Z_n-sweep_1-2-4-8-16-32-50,V2,,32,D-voto,,,transfer,,,,0xa9059cbb,,135960,1,,0xd975c85cb79c51b1d0496e30fd86543301c9241eff30516f72f25cc09bcb27f8,69
2026-09-23T23-05-23-489Z_n-sweep_1-2-4-8-16-32-50,V2,,32,D-voto,,,transfer,,,,0xa9059cbb,,135960,1,,0xccb63e701c5fafcdff6e12e25d99046f8dca7b8b696a22e64faa06a60df2355d,69
2026-09-23T23-05-23-489Z_n-sweep_1-2-4-8-16-32-50,V2,,32,D-voto,,,transfer,,,,0xa9059cbb,,135960,1,,0xd39a246d199b5cb2fc9322eba7c3345d022e2a9a3f0302913750ebace68ebda0,69
2026-09-23T23-05-23-489Z_n-sweep_1-2-4-8-16-32-50,V2,,32,D-voto,,,transfer,,,,0xa9059cbb,,135960,1,,0x57e5a44adb6f3fbfa94b276517bacf362a9bf1ce37dbd7787bbfce9c429fc160,69
2026-09-23T23-05-23-489Z_n-sweep_1-2-4-8-16-32-50,V2,,32,D-voto,,,transfer,,,,0xa9059cbb,,135960,1,,0x5e033e0960901e629ef36ddfc933139c1162e979bbacabacf5504b8436e9a8f3,69
2026-09-23T23-05-23-489Z_n-sweep_1-2-4-8-16-32-50,V2,,32,D-voto,,,propose,,,propose,0x7d5e81e2,WasteCategoryRegistry.updateCredits,63315,1,,0x91ca2f8b7c821162637b84a9aad18ddd0fc534c07db99be51bed76b6c30b9edc,69
2026-09-23T23-05-23-489Z_n-sweep_1-2-4-8-16-32-50,V2,,32,D-voto,,,vote,1,for,,0x56781388,,82468,1,,0x286c321a9be49ee4a381fd96f3534067120d154acf52177d62253341eb1d7b1d,69
2026-09-23T23-05-23-489Z_n-sweep_1-2-4-8-16-32-50,V2,,32,D-voto,,,vote,2,for,,0x56781388,,65368,1,,0xe2906f1a8b2ff660344016d54b1d993230dde063911c081756e9f555430a5bc6,69
2026-09-23T23-05-23-489Z_n-sweep_1-2-4-8-16-32-50,V2,,32,D-voto,,,vote,3,for,,0x56781388,,65368,1,,0x0b00d1fb84e94518d4950d31e9384141a19efd656f129f7443aca43d5b6d6deb,69
2026-09-23T23-05-23-489Z_n-sweep_1-2-4-8-16-32-50,V2,,32,D-voto,,,vote,4,for,,0x56781388,,65368,1,,0xf38dee07edd94aad178dc55c06a58c027739068f990087a8aa270a502db1256b,69
2026-09-23T23-05-23-489Z_n-sweep_1-2-4-8-16-32-50,V2,,32,D-voto,,,vote,5,for,,0x56781388,,65368,1,,0xf444dd87f0203289ed2ac89ba532c5996c25c1148951e5671d2ad47cd00f1cec,69
2026-09-23T23-05-23-489Z_n-sweep_1-2-4-8-16-32-50,V2,,32,D-voto,,,vote,6,for,,0x56781388,,65368,1,,0x2cfe0fa0f16de14c56f3446e00484b956df1dac035a0006d1660b50bbe4de19b,69
2026-09-23T23-05-23-489Z_n-sweep_1-2-4-8-16-32-50,V2,,32,D-voto,,,vote,7,for,,0x56781388,,65368,1,,0xeae4e17167be7aec667d0170545c1abd799c167687336078548d57e8ea9cbf82,69
2026-09-23T23-05-23-489Z_n-sweep_1-2-4-8-16-32-50,V2,,32,D-voto,,,vote,8,for,,0x56781388,,65368,1,,0x0d6a3add85646028d5d865617b7a6e4efe1cb1e0377ec3b32f02c557df0e2904,69
2026-09-23T23-05-23-489Z_n-sweep_1-2-4-8-16-32-50,V2,,32,D-voto,,,vote,9,for,,0x56781388,,65368,1,,0x4d8da49637b66a8cf6aab7577d7362f854a74f8959ea0542b0743eb3128a70de,69
2026-09-23T23-05-23-489Z_n-sweep_1-2-4-8-16-32-50,V2,,32,D-voto,,,vote,10,for,,0x56781388,,65368,1,,0x0f4861abf562a536e17c67265bb8b9f8e2b0a56522311688ec845838c7a48450,69
2026-09-23T23-05-23-489Z_n-sweep_1-2-4-8-16-32-50,V2,,32,D-voto,,,vote,11,for,,0x56781388,,65368,1,,0xdb2c7ae79c14d2f4d80938ebc591bb65dc6e7608520a9915d862dbf60730be34,69
2026-09-23T23-05-23-489Z_n-sweep_1-2-4-8-16-32-50,V2,,32,D-voto,,,vote,12,for,,0x56781388,,65368,1,,0x4196c59753f107be2c18cf280f20f7615966381efdaae9951d5046802af3b400,69
2026-09-23T23-05-23-489Z_n-sweep_1-2-4-8-16-32-50,V2,,32,D-voto,,,vote,13,for,,0x56781388,,65368,1,,0x1018f2bd85fcfb884505bb70ef09f6bed782c65ce923699718cba361e41048d7,69
2026-09-23T23-05-23-489Z_n-sweep_1-2-4-8-16-32-50,V2,,32,D-voto,,,vote,14,for,,0x56781388,,65368,1,,0x29422df843906d0a24959d5f4148793cd6acadfe8c7a723a3af873ea233e02d8,69
2026-09-23T23-05-23-489Z_n-sweep_1-2-4-8-16-32-50,V2,,32,D-voto,,,vote,15,for,,0x56781388,,65368,1,,0x31e07da18057f22e194f2363e052180ad4dd3a2cc1f4b3563212054a4b76f9b2,69
2026-09-23T23-05-23-489Z_n-sweep_1-2-4-8-16-32-50,V2,,32,D-voto,,,vote,1,against,,0x56781388,,82416,1,,0xd5ddb5145d479e058857be94812a548c31ba6fe6a2dcc5d0d735a990d43957a0,69
2026-09-23T23-05-23-489Z_n-sweep_1-2-4-8-16-32-50,V2,,32,D-voto,,,vote,2,against,,0x56781388,,65316,1,,0x855e4ecf8870cb653078b314e54720d946b1274d341020512d058c7a41873c72,69
2026-09-23T23-05-23-489Z_n-sweep_1-2-4-8-16-32-50,V2,,32,D-voto,,,vote,3,against,,0x56781388,,65316,1,,0x1f07c45fb659fb3438b233f9519c50c838ecc22fc78c979f3559dbc54d1519eb,69
2026-09-23T23-05-23-489Z_n-sweep_1-2-4-8-16-32-50,V2,,32,D-voto,,,vote,4,against,,0x56781388,,65316,1,,0xa482cc7f3a5bbfd0424dc0464ce75329a3e10aac6d11ae79bd2f30d267384cf9,69
2026-09-23T23-05-23-489Z_n-sweep_1-2-4-8-16-32-50,V2,,32,D-voto,,,vote,5,against,,0x56781388,,65316,1,,0x8305b19184825f940fdb2343034f75327cb4ff3d855ba9ba3330931e6f7d95a5,69
2026-09-23T23-05-23-489Z_n-sweep_1-2-4-8-16-32-50,V2,,32,D-voto,,,vote,6,against,,0x56781388,,65316,1,,0x4d11a7ff1f508de420ce10f94c88b737fe9f1ae412676e906c6bb602a264fda8,69
2026-09-23T23-05-23-489Z_n-sweep_1-2-4-8-16-32-50,V2,,32,D-voto,,,vote,7,against,,0x56781388,,65316,1,,0x01ffcb6988808c3b0743b0680300e40bdf7de9fa92cc314449242c474ff694a8,69
2026-09-23T23-05-23-489Z_n-sweep_1-2-4-8-16-32-50,V2,,32,D-voto,,,vote,8,against,,0x56781388,,65316,1,,0xb888241e0a8fb79e45e9f7b3881a6ede12958797b6e3c25bbd5e190a720a0556,69
2026-09-23T23-05-23-489Z_n-sweep_1-2-4-8-16-32-50,V2,,32,D-voto,,,vote,9,against,,0x56781388,,65316,1,,0x11c4c835c66a075b5a5291eb8d1fff50aa6dd38d9ca34afb82e55db7ddc39928,69
2026-09-23T23-05-23-489Z_n-sweep_1-2-4-8-16-32-50,V2,,32,D-voto,,,vote,10,against,,0x56781388,,65316,1,,0xc8fb196648bc287d6635e17aa2e4e5655ab7ec6bbeedb6125adaef2cdd4988dd,69
2026-09-23T23-05-23-489Z_n-sweep_1-2-4-8-16-32-50,V2,,32,D-voto,,,vote,11,against,,0x56781388,,65316,1,,0x89e80dd3b7ddc001fc880b4d42ecfac3c0e5fe4b184141631b0304557d844c2d,69
2026-09-23T23-05-23-489Z_n-sweep_1-2-4-8-16-32-50,V2,,32,D-voto,,,vote,12,against,,0x56781388,,65316,1,,0x108b3e291d28ed1fb67d0dcd0cf75777d101a3ad60a1e1534dfa0b5ca4558dd6,69
2026-09-23T23-05-23-489Z_n-sweep_1-2-4-8-16-32-50,V2,,32,D-voto,,,vote,13,against,,0x56781388,,65316,1,,0x7101f6d9ae896291b83c0c00e78f931afba8b5156fdc061badb021dacd16f75f,69
2026-09-23T23-05-23-489Z_n-sweep_1-2-4-8-16-32-50,V2,,32,D-voto,,,vote,14,against,,0x56781388,,65316,1,,0x5ea5f8e628d3f0e31eae5d2dffb0c479b00418e400da3b12b5d7f22e3b880d90,69
2026-09-23T23-05-23-489Z_n-sweep_1-2-4-8-16-32-50,V2,,32,D-voto,,,vote,15,against,,0x56781388,,65316,1,,0x814160989781e7efbb898a8652f96196056438b7639ef8642cadc985efbcd4f6,69
2026-09-23T23-05-23-489Z_n-sweep_1-2-4-8-16-32-50,V2,,32,D-voto,,,vote,16,against,,0x56781388,,65316,1,,0x79c647ea6cfe877e1680a36e064f31c5d4ffa4bfa98a9d27bc5311422ea41636,69
2026-09-23T23-05-23-489Z_n-sweep_1-2-4-8-16-32-50,V2,,32,D-voto,,,vote,17,against,,0x56781388,,65316,1,,0x378709ae7e9239d16f70ce641d6b0423a390a1fe0fa9b1e03e96868821b28420,69
2026-09-23T23-05-23-489Z_n-sweep_1-2-4-8-16-32-50,V2,,32,D-voto,,,execute_attempt,,,execute,0x2656227d,WasteCategoryRegistry.updateCredits,40422,0,"VM Exception while processing transaction: reverted with custom error 'GovernorUnexpectedProposalState(91736904433752698883212331244360646667296766920927006480505282794908193940836, 3, '0x0000000000000000000000000000000000000000000000000000000000000030')'",0x798df78670cce927ba368ae9671606cf0d1601654d060d2ce758214bd25168ae,69
2026-09-23T23-05-23-489Z_n-sweep_1-2-4-8-16-32-50,V0,T1,,,,,deploy_token_T1,,,constructor,0x61016060,,1621017,1,,0xece28f063ba256e8fc65152daf61fe745a7823e8ba387b1b661409f18f6dc4cc,70
2026-09-23T23-05-23-489Z_n-sweep_1-2-4-8-16-32-50,V0,,,,,,deploy_registry,,,constructor,0x60806040,,4590964,1,,0x9005486642112873086c0faf3a06ce7199e3377186a80eb6eea4235f5e1c6f56,70
2026-09-23T23-05-23-489Z_n-sweep_1-2-4-8-16-32-50,V0,,,,,,deploy_governor_V0,,,constructor,0x6101c080,,2133394,1,,0x8b33a795df9df0e5a3cb812430955580d1fb4f654a6028dd161238e13d560524,70
2026-09-23T23-05-23-489Z_n-sweep_1-2-4-8-16-32-50,V0,,,,,,grant_admin_role,,,grantRole,0x2f2ff15d,,50799,1,,0xb518a3911be32f0a59dcaec3e43c7ec54010f07f3e473d550516b1aab1a18d6b,70
2026-09-23T23-05-23-489Z_n-sweep_1-2-4-8-16-32-50,V0,,,,,,revoke_deployer_admin_role,,,revokeRole,0xd547741f,,27116,1,,0x8cb08b8b6ca45600b76a431b4cd18aee2095374e00c890903bfaa28d83b5f82b,70
2026-09-23T23-05-23-489Z_n-sweep_1-2-4-8-16-32-50,V0,,32,E-empate,,,delegate_admin,,,,0x5c19a95c,,95559,1,,0xfa43c1f7a1a1658c8aeac58119b26e806face10fc63ae3e18099942309f4d395,70
2026-09-23T23-05-23-489Z_n-sweep_1-2-4-8-16-32-50,V0,,32,E-empate,,,delegate,,,,0x5c19a95c,,48347,1,,0xf96ae171d39b1290c248e3ee88c92c43e24751ff4aacf46bad404cad29a33e37,70
2026-09-23T23-05-23-489Z_n-sweep_1-2-4-8-16-32-50,V0,,32,E-empate,,,delegate,,,,0x5c19a95c,,48335,1,,0x65ff74d2610d5c80f16dc62aa4e01b339a9ecd8c95911ae092d678a9792cdcb8,70
2026-09-23T23-05-23-489Z_n-sweep_1-2-4-8-16-32-50,V0,,32,E-empate,,,delegate,,,,0x5c19a95c,,48347,1,,0xb06e4e18b389cc3c69848b844c44927f26087a909c0e4532a1ba892e8d7bac4c,70
2026-09-23T23-05-23-489Z_n-sweep_1-2-4-8-16-32-50,V0,,32,E-empate,,,delegate,,,,0x5c19a95c,,48347,1,,0xfdc5c4ae6e458adbd0780d18d4ef20dca6b7a02f3efff2f7c0eec7590e340a41,70
2026-09-23T23-05-23-489Z_n-sweep_1-2-4-8-16-32-50,V0,,32,E-empate,,,delegate,,,,0x5c19a95c,,48347,1,,0x5c4d4bc02e09949d860a2c409a26209335f7c4e4eca7ac13d0e60a5cf0d0f233,70
2026-09-23T23-05-23-489Z_n-sweep_1-2-4-8-16-32-50,V0,,32,E-empate,,,delegate,,,,0x5c19a95c,,48347,1,,0x8eb2597a239d7d5a9d780141fa850308f21a221b62b2f0b2cd01922a25b294b2,70
2026-09-23T23-05-23-489Z_n-sweep_1-2-4-8-16-32-50,V0,,32,E-empate,,,delegate,,,,0x5c19a95c,,48347,1,,0x61b0a2cbceae6ab3b47dbad41fbaa57485b4b4545814b177fb76f5e80989f4b6,70
2026-09-23T23-05-23-489Z_n-sweep_1-2-4-8-16-32-50,V0,,32,E-empate,,,delegate,,,,0x5c19a95c,,48347,1,,0x8e8293e79ce57e8b2bd6c914c167b0ec5858ded7d332cc962607075acbcc0b43,70
2026-09-23T23-05-23-489Z_n-sweep_1-2-4-8-16-32-50,V0,,32,E-empate,,,delegate,,,,0x5c19a95c,,48347,1,,0x700d26ece381a9328c0c0607c8015a890a8cc373fc0ec5e3e5957a9b1720c821,70
2026-09-23T23-05-23-489Z_n-sweep_1-2-4-8-16-32-50,V0,,32,E-empate,,,delegate,,,,0x5c19a95c,,48335,1,,0x827f347ed9162ee5aa31942cb2cd15f5b7940183deaee5d4a11b6efe87452173,70
2026-09-23T23-05-23-489Z_n-sweep_1-2-4-8-16-32-50,V0,,32,E-empate,,,delegate,,,,0x5c19a95c,,48347,1,,0x05e0616bb804c3cd4df19f7b0cf511dbcb6e9524c52bcfbf8b39223490cc0846,70
2026-09-23T23-05-23-489Z_n-sweep_1-2-4-8-16-32-50,V0,,32,E-empate,,,delegate,,,,0x5c19a95c,,48347,1,,0x7409a97667b08d9b70b0d678843340d442fad8337ae46944499977e000325f92,70
2026-09-23T23-05-23-489Z_n-sweep_1-2-4-8-16-32-50,V0,,32,E-empate,,,delegate,,,,0x5c19a95c,,48347,1,,0x06bc39c687cf89ca2626bc142b16cf4a83fd68b90155fd6344acd5c17148d8a6,70
2026-09-23T23-05-23-489Z_n-sweep_1-2-4-8-16-32-50,V0,,32,E-empate,,,delegate,,,,0x5c19a95c,,48347,1,,0xe5d3691fe9ffad366e158fc098b74dd6635f083c235a6588c23e1d5313889cc9,70
2026-09-23T23-05-23-489Z_n-sweep_1-2-4-8-16-32-50,V0,,32,E-empate,,,delegate,,,,0x5c19a95c,,48347,1,,0x75300fe9f7d70fbe306b3cefadf0423a64334a4470eee34e958b76b4418900c0,70
2026-09-23T23-05-23-489Z_n-sweep_1-2-4-8-16-32-50,V0,,32,E-empate,,,delegate,,,,0x5c19a95c,,48347,1,,0xef2cf8fae96fa4c95b9eb5fc78e668af4f5126a23f921c90e15afdcffccd9bf9,70
2026-09-23T23-05-23-489Z_n-sweep_1-2-4-8-16-32-50,V0,,32,E-empate,,,delegate,,,,0x5c19a95c,,48347,1,,0x75636b14aa58b1ee084fe99cfffb238b737ed57732e5f8ae341a0948974569ff,70
2026-09-23T23-05-23-489Z_n-sweep_1-2-4-8-16-32-50,V0,,32,E-empate,,,delegate,,,,0x5c19a95c,,48347,1,,0x65f4191d52cde8745142fbad7dab453ac77b84433334a064c65edeec324649be,70
2026-09-23T23-05-23-489Z_n-sweep_1-2-4-8-16-32-50,V0,,32,E-empate,,,delegate,,,,0x5c19a95c,,48347,1,,0x0015672d62ab0be7ad971272757786d6751bd437c259b6f784a5abb0f9f433e0,70
2026-09-23T23-05-23-489Z_n-sweep_1-2-4-8-16-32-50,V0,,32,E-empate,,,delegate,,,,0x5c19a95c,,48347,1,,0xf061e3370e552636294057b3e13f8e38e49eb9ccd954add59da578817c58a14b,70
2026-09-23T23-05-23-489Z_n-sweep_1-2-4-8-16-32-50,V0,,32,E-empate,,,delegate,,,,0x5c19a95c,,48347,1,,0x68475bd925d88da79400657a3df0347cc6be2f887e9fd5fcbf64f6c37d69bf4c,70
2026-09-23T23-05-23-489Z_n-sweep_1-2-4-8-16-32-50,V0,,32,E-empate,,,delegate,,,,0x5c19a95c,,48347,1,,0xd0da4d004b36ebb022f1b178255cff262f0f75fc2d5a7fda434ccc846c4f7499,70
2026-09-23T23-05-23-489Z_n-sweep_1-2-4-8-16-32-50,V0,,32,E-empate,,,delegate,,,,0x5c19a95c,,48347,1,,0xaae5636599004f1ba254fea80dbb33335f44a116db4d94090e99b80481406327,70
2026-09-23T23-05-23-489Z_n-sweep_1-2-4-8-16-32-50,V0,,32,E-empate,,,delegate,,,,0x5c19a95c,,48347,1,,0xfcd4c1dd668d5148e045ce4771c59bdb6f602ef49d2404bbfeb296fc6ce93753,70
2026-09-23T23-05-23-489Z_n-sweep_1-2-4-8-16-32-50,V0,,32,E-empate,,,delegate,,,,0x5c19a95c,,48335,1,,0x4ebfe89be7e94686ecfb217057d8b4fa5161bcce6d50adcc044a0aff6d4282af,70
2026-09-23T23-05-23-489Z_n-sweep_1-2-4-8-16-32-50,V0,,32,E-empate,,,delegate,,,,0x5c19a95c,,48347,1,,0xb3d77ed4f7a6d94080b6c775433f6c6f21a916c783059136f4572f52dc3a8874,70
2026-09-23T23-05-23-489Z_n-sweep_1-2-4-8-16-32-50,V0,,32,E-empate,,,delegate,,,,0x5c19a95c,,48347,1,,0x127f4971e3e590d8328bd74ed6096c37b20e6836b27cf90514b9a87cd503f413,70
2026-09-23T23-05-23-489Z_n-sweep_1-2-4-8-16-32-50,V0,,32,E-empate,,,delegate,,,,0x5c19a95c,,48347,1,,0xb67155a13ea706a326342e60462ed0ed7c4a680e0112e43260248751f2fe896b,70
2026-09-23T23-05-23-489Z_n-sweep_1-2-4-8-16-32-50,V0,,32,E-empate,,,delegate,,,,0x5c19a95c,,48347,1,,0xe2be7e7d00839d4fa7d3020666aa9dcf9efcdc40f9fa77a35592a87459c52b90,70
2026-09-23T23-05-23-489Z_n-sweep_1-2-4-8-16-32-50,V0,,32,E-empate,,,delegate,,,,0x5c19a95c,,48347,1,,0xb535243780f9c28da64ec7309760125fe2487568589114d83acf79e30a47d760,70
2026-09-23T23-05-23-489Z_n-sweep_1-2-4-8-16-32-50,V0,,32,E-empate,,,delegate,,,,0x5c19a95c,,48347,1,,0x293dda08d12cb640488f1dad6a8ab9d2c5b59be364ffe60275d52382b886183e,70
2026-09-23T23-05-23-489Z_n-sweep_1-2-4-8-16-32-50,V0,,32,E-empate,,,delegate,,,,0x5c19a95c,,48347,1,,0xacef40fd99317b96d80072941137339058a20720c237b0b3cc16b1e2fa83b630,70
2026-09-23T23-05-23-489Z_n-sweep_1-2-4-8-16-32-50,V0,,32,E-empate,,,transfer,,,,0xa9059cbb,,135960,1,,0x29f9412c2ffdb239cd38ad70ce5ff600bccbe9b453fde1a6c033626a6c646eba,70
2026-09-23T23-05-23-489Z_n-sweep_1-2-4-8-16-32-50,V0,,32,E-empate,,,transfer,,,,0xa9059cbb,,135948,1,,0x8f041ff9c5655d4daebf93c7047f302ad35f1ca24ab937021cdfaef9f1a6a756,70
2026-09-23T23-05-23-489Z_n-sweep_1-2-4-8-16-32-50,V0,,32,E-empate,,,transfer,,,,0xa9059cbb,,135960,1,,0x894cb225643f213ea48145224f017a92ba27a56c855d4e864be1cf03f553f4e4,70
2026-09-23T23-05-23-489Z_n-sweep_1-2-4-8-16-32-50,V0,,32,E-empate,,,transfer,,,,0xa9059cbb,,135960,1,,0x3669c5c62c9c04c0b63cd9e2ac0efe73efa33690cc7c083d0f722f4faf7f3deb,70
2026-09-23T23-05-23-489Z_n-sweep_1-2-4-8-16-32-50,V0,,32,E-empate,,,transfer,,,,0xa9059cbb,,135960,1,,0x1c6da41f1d7427474ac4a460fc9ab6ecebc43e28111a95210985017e1df19b0e,70
2026-09-23T23-05-23-489Z_n-sweep_1-2-4-8-16-32-50,V0,,32,E-empate,,,transfer,,,,0xa9059cbb,,135960,1,,0xc5f663a7a79d99e5243ccdf534e9568721965742239be272f3f09fa15d179d28,70
2026-09-23T23-05-23-489Z_n-sweep_1-2-4-8-16-32-50,V0,,32,E-empate,,,transfer,,,,0xa9059cbb,,135960,1,,0xe2291692adeb618776d98781636168333451130b8435b697ba7b7a0a14dad560,70
2026-09-23T23-05-23-489Z_n-sweep_1-2-4-8-16-32-50,V0,,32,E-empate,,,transfer,,,,0xa9059cbb,,135960,1,,0xf9506b0c1beff2bf33e7ef0c136749f5ac13cab6771da989a3e2fb148f3590fd,70
2026-09-23T23-05-23-489Z_n-sweep_1-2-4-8-16-32-50,V0,,32,E-empate,,,transfer,,,,0xa9059cbb,,135960,1,,0x1af83e41b3f45f8f3d1d590a022ee767ac4aa81951ba2005ee07c6b983c5ae3d,70
2026-09-23T23-05-23-489Z_n-sweep_1-2-4-8-16-32-50,V0,,32,E-empate,,,transfer,,,,0xa9059cbb,,135948,1,,0x81332d9b7f7537150d94378442ce4c1db2ae444318b30870687f0b9d9d59c7ff,70
2026-09-23T23-05-23-489Z_n-sweep_1-2-4-8-16-32-50,V0,,32,E-empate,,,transfer,,,,0xa9059cbb,,135960,1,,0x83112f8201f0c640c328f03974afb701b3c52488e26c4ce16f2126d7ff8a492c,70
2026-09-23T23-05-23-489Z_n-sweep_1-2-4-8-16-32-50,V0,,32,E-empate,,,transfer,,,,0xa9059cbb,,135960,1,,0xd7d0ebb80ee8277ef9fc42d27e0c679b8bd859df8440554c35cc1a996dc02c21,70
2026-09-23T23-05-23-489Z_n-sweep_1-2-4-8-16-32-50,V0,,32,E-empate,,,transfer,,,,0xa9059cbb,,135960,1,,0x4e991d25cd36c95cf9959fc7a6653525ae36cb4fbd796fbb9ba757016258bbb9,70
2026-09-23T23-05-23-489Z_n-sweep_1-2-4-8-16-32-50,V0,,32,E-empate,,,transfer,,,,0xa9059cbb,,135960,1,,0xbfb14ecb18d97c103bf85e2649d90cf38911c74dd5004a26deaa8825ea4c32a4,70
2026-09-23T23-05-23-489Z_n-sweep_1-2-4-8-16-32-50,V0,,32,E-empate,,,transfer,,,,0xa9059cbb,,135960,1,,0x3c7d501780724688ead8021f53dc00a7489d01e9bab616a55018637497b101f9,70
2026-09-23T23-05-23-489Z_n-sweep_1-2-4-8-16-32-50,V0,,32,E-empate,,,transfer,,,,0xa9059cbb,,135960,1,,0x4848334ed2c15d3209e587cbc01ded41ac3ae7959e01e3088414815d95fc5302,70
2026-09-23T23-05-23-489Z_n-sweep_1-2-4-8-16-32-50,V0,,32,E-empate,,,transfer,,,,0xa9059cbb,,135960,1,,0x5f2f463fd6ad6b09608be879823215fb0086144e80786aa3038baab71396069c,70
2026-09-23T23-05-23-489Z_n-sweep_1-2-4-8-16-32-50,V0,,32,E-empate,,,transfer,,,,0xa9059cbb,,135960,1,,0xf459250b562448f3f29aa124d5882799326b8b758c0ea42a1d12b4824cdfab1c,70
2026-09-23T23-05-23-489Z_n-sweep_1-2-4-8-16-32-50,V0,,32,E-empate,,,transfer,,,,0xa9059cbb,,135960,1,,0x7089aa37c55c94d5d7acc2178587f6883081bde5d780d769be725cac7e5fbe2f,70
2026-09-23T23-05-23-489Z_n-sweep_1-2-4-8-16-32-50,V0,,32,E-empate,,,transfer,,,,0xa9059cbb,,135960,1,,0xaf488783a3e4419bba44faa6aff56ddd7d64da2f8b4cf7ffeb304ce38d8b8721,70
2026-09-23T23-05-23-489Z_n-sweep_1-2-4-8-16-32-50,V0,,32,E-empate,,,transfer,,,,0xa9059cbb,,135960,1,,0x9866769fd009b00ae123d54396745d165237c883c885367f0e674f0ec147d65b,70
2026-09-23T23-05-23-489Z_n-sweep_1-2-4-8-16-32-50,V0,,32,E-empate,,,transfer,,,,0xa9059cbb,,135960,1,,0x9b11b2365648571eb08e85854e2ad5903cd2dc39371288a6c4499d5661306550,70
2026-09-23T23-05-23-489Z_n-sweep_1-2-4-8-16-32-50,V0,,32,E-empate,,,transfer,,,,0xa9059cbb,,135960,1,,0xfed884270499bcd3176a9f41559400dfc67e33cc85c9cf1e2b0c4f0300cf901c,70
2026-09-23T23-05-23-489Z_n-sweep_1-2-4-8-16-32-50,V0,,32,E-empate,,,transfer,,,,0xa9059cbb,,135960,1,,0x90196f63091268ec6f03e3e9ddf2d137561e730a9d2068e83e18df72495b9131,70
2026-09-23T23-05-23-489Z_n-sweep_1-2-4-8-16-32-50,V0,,32,E-empate,,,transfer,,,,0xa9059cbb,,135948,1,,0xf62e7d88596a4e9b4d817a01d6586dda1eb972d68851d850254c7350a6787d38,70
2026-09-23T23-05-23-489Z_n-sweep_1-2-4-8-16-32-50,V0,,32,E-empate,,,transfer,,,,0xa9059cbb,,135960,1,,0x219d104340144e3e3b7d963c3954f2ab9c5bbb3a95032d66b2248e20f2ad8415,70
2026-09-23T23-05-23-489Z_n-sweep_1-2-4-8-16-32-50,V0,,32,E-empate,,,transfer,,,,0xa9059cbb,,135960,1,,0xd7c4ae0a3058753c425b7d1146a5a547dea0c3fd6f8873007ba05ac840726440,70
2026-09-23T23-05-23-489Z_n-sweep_1-2-4-8-16-32-50,V0,,32,E-empate,,,transfer,,,,0xa9059cbb,,135960,1,,0x7d8ba84f56812a83c5a8a1f0841c117ae04a38ef1d1f6541c6706b9d410b82d6,70
2026-09-23T23-05-23-489Z_n-sweep_1-2-4-8-16-32-50,V0,,32,E-empate,,,transfer,,,,0xa9059cbb,,135960,1,,0xd05619fc8ee97b58203ac2a41fa73951547786737aee796dfa908b3464554172,70
2026-09-23T23-05-23-489Z_n-sweep_1-2-4-8-16-32-50,V0,,32,E-empate,,,transfer,,,,0xa9059cbb,,135960,1,,0x53e684e6a147858b71f1d1b69168181a8e311b1a5c3e32ed9089312a984860df,70
2026-09-23T23-05-23-489Z_n-sweep_1-2-4-8-16-32-50,V0,,32,E-empate,,,transfer,,,,0xa9059cbb,,135960,1,,0xcdebc9833856cef219be3f76cfb611e9b988c73c657911fbab9cb4dd4d47476e,70
2026-09-23T23-05-23-489Z_n-sweep_1-2-4-8-16-32-50,V0,,32,E-empate,,,transfer,,,,0xa9059cbb,,135960,1,,0x14ef011d0e8f8bec73e6333fe3ee405aec446d146c63cb7386bf63138b12b7d3,70
2026-09-23T23-05-23-489Z_n-sweep_1-2-4-8-16-32-50,V0,,32,E-empate,,,propose,,,propose,0x7d5e81e2,WasteCategoryRegistry.updateCredits,63339,1,,0xec1192c1091349417f7392a793e3d20fca1c2f2161046b493bf1963b7e7ed06a,70
2026-09-23T23-05-23-489Z_n-sweep_1-2-4-8-16-32-50,V0,,32,E-empate,,,vote,1,for,,0x56781388,,81899,1,,0xd85650937e2b02359074fc2339934fd5ec9ec568b3766be0fdb54a132316e7fb,70
2026-09-23T23-05-23-489Z_n-sweep_1-2-4-8-16-32-50,V0,,32,E-empate,,,vote,2,for,,0x56781388,,64799,1,,0x95f2bad092a551f97e438d754dbd354b2a9b8f140d4a78b0484fa938631d8265,70
2026-09-23T23-05-23-489Z_n-sweep_1-2-4-8-16-32-50,V0,,32,E-empate,,,vote,3,for,,0x56781388,,64799,1,,0x209e3c0e339e745dfa0a8d6f635e9f9c4f47d0ba5354f0b36d11b8657de629c0,70
2026-09-23T23-05-23-489Z_n-sweep_1-2-4-8-16-32-50,V0,,32,E-empate,,,vote,4,for,,0x56781388,,64799,1,,0x84006c1aa2540169f58a52fee5c5f3a465d4eec0b9770292321d4e6e2927e109,70
2026-09-23T23-05-23-489Z_n-sweep_1-2-4-8-16-32-50,V0,,32,E-empate,,,vote,5,for,,0x56781388,,64799,1,,0x19b86f98c391a82c084a97416e405774d5e4da889ccba264487e783c0800ad46,70
2026-09-23T23-05-23-489Z_n-sweep_1-2-4-8-16-32-50,V0,,32,E-empate,,,vote,6,for,,0x56781388,,64799,1,,0xd533d20e3b6446eb31fdbcec7eba8e41a30b4793188dcfee7c1a033be1a9a104,70
2026-09-23T23-05-23-489Z_n-sweep_1-2-4-8-16-32-50,V0,,32,E-empate,,,vote,7,for,,0x56781388,,64799,1,,0x25dcbb47d8d5297687e0c44bcd5fbc1ab193993931694569215e8bc7071b159a,70
2026-09-23T23-05-23-489Z_n-sweep_1-2-4-8-16-32-50,V0,,32,E-empate,,,vote,8,for,,0x56781388,,64799,1,,0x1356a4ae5295f13e8a251d8a5650a53ace81a7bd639be348b863de313bca3e1b,70
2026-09-23T23-05-23-489Z_n-sweep_1-2-4-8-16-32-50,V0,,32,E-empate,,,vote,9,for,,0x56781388,,64799,1,,0x53e8833532220b96042bc3d56e55fc46e89dd8427fdeff24ea9421763428406d,70
2026-09-23T23-05-23-489Z_n-sweep_1-2-4-8-16-32-50,V0,,32,E-empate,,,vote,10,for,,0x56781388,,64799,1,,0x771fc01dcce6d5e2788926b9d52eb558143b80c83c714420ce4779ac473aabdf,70
2026-09-23T23-05-23-489Z_n-sweep_1-2-4-8-16-32-50,V0,,32,E-empate,,,vote,11,for,,0x56781388,,64799,1,,0x151d4461f23153b31784728c832f44d982350cb4dfb1cb957538173e077728a7,70
2026-09-23T23-05-23-489Z_n-sweep_1-2-4-8-16-32-50,V0,,32,E-empate,,,vote,12,for,,0x56781388,,64799,1,,0x30e24aba025677803868fcb721c6c517e06766b401297898b9900eb09b5b7f05,70
2026-09-23T23-05-23-489Z_n-sweep_1-2-4-8-16-32-50,V0,,32,E-empate,,,vote,13,for,,0x56781388,,64799,1,,0xc92010a84a4257724b88781091fddfca6a4cf95904444aeec6a3c1ecd841bf11,70
2026-09-23T23-05-23-489Z_n-sweep_1-2-4-8-16-32-50,V0,,32,E-empate,,,vote,14,for,,0x56781388,,64799,1,,0x9d1f0f70a322c195466a30d7c0e6df829ee31e9c564fd402646e6921f61f41ac,70
2026-09-23T23-05-23-489Z_n-sweep_1-2-4-8-16-32-50,V0,,32,E-empate,,,vote,15,for,,0x56781388,,64799,1,,0x056b6552fc59583e14f99b072e0bdd9e3001825c65923bf430f0e607558cc048,70
2026-09-23T23-05-23-489Z_n-sweep_1-2-4-8-16-32-50,V0,,32,E-empate,,,vote,16,for,,0x56781388,,64799,1,,0x4c896d9f00fabf837c58ec13d3b162e20d9462f46404c9027a9f79bcfa98cdfe,70
2026-09-23T23-05-23-489Z_n-sweep_1-2-4-8-16-32-50,V0,,32,E-empate,,,vote,1,against,,0x56781388,,81847,1,,0xc601dd2beba6d2f7d6eb2bb604a4eb5f83c7c6acfb9409267bdf501a1a842719,70
2026-09-23T23-05-23-489Z_n-sweep_1-2-4-8-16-32-50,V0,,32,E-empate,,,vote,2,against,,0x56781388,,64747,1,,0x33b572d3cf7592bed9896325039ae805a21d61191df2dff4515301cc461fd090,70
2026-09-23T23-05-23-489Z_n-sweep_1-2-4-8-16-32-50,V0,,32,E-empate,,,vote,3,against,,0x56781388,,64747,1,,0xa331fef1977d4e0a077d28d8ca76be209cebe34f2bff71d372046335b8b659a0,70
2026-09-23T23-05-23-489Z_n-sweep_1-2-4-8-16-32-50,V0,,32,E-empate,,,vote,4,against,,0x56781388,,64747,1,,0xb36a44f14437b5e4360abe4888805cccbea3e781666b39152d8c31dde9a044cd,70
2026-09-23T23-05-23-489Z_n-sweep_1-2-4-8-16-32-50,V0,,32,E-empate,,,vote,5,against,,0x56781388,,64747,1,,0xc5a751bcc8cbe4d74eae411a2583dde0fa72584a9a97ee8f83ba3fa37abe46a4,70
2026-09-23T23-05-23-489Z_n-sweep_1-2-4-8-16-32-50,V0,,32,E-empate,,,vote,6,against,,0x56781388,,64747,1,,0xa081c69f1a4a60ffe2a5199e7b134711a475aed00bd4ec132d2264896cf66650,70
2026-09-23T23-05-23-489Z_n-sweep_1-2-4-8-16-32-50,V0,,32,E-empate,,,vote,7,against,,0x56781388,,64747,1,,0x107941a331ff877b4c60366c343becbaa6c798cf7ff8cb7d991484b55c45d021,70
2026-09-23T23-05-23-489Z_n-sweep_1-2-4-8-16-32-50,V0,,32,E-empate,,,vote,8,against,,0x56781388,,64747,1,,0xed51f53ec770f134a2c98e7c0aeba105122c24c4779d6a56e175acd3342c527e,70
2026-09-23T23-05-23-489Z_n-sweep_1-2-4-8-16-32-50,V0,,32,E-empate,,,vote,9,against,,0x56781388,,64747,1,,0x6fba08b30b7c07a645985c7752908ac1996c2f9fc01c6ca3c0a05f83c1eea96b,70
2026-09-23T23-05-23-489Z_n-sweep_1-2-4-8-16-32-50,V0,,32,E-empate,,,vote,10,against,,0x56781388,,64747,1,,0x9498357003bf6f0120ab371d5a39ac184c7a1b1b39d376439ebb10b42a4cbbf4,70
2026-09-23T23-05-23-489Z_n-sweep_1-2-4-8-16-32-50,V0,,32,E-empate,,,vote,11,against,,0x56781388,,64747,1,,0xfb855722d2ddde41e6f993e4e53a443b3d32602a6bb6c027c6c0422ea0d74177,70
2026-09-23T23-05-23-489Z_n-sweep_1-2-4-8-16-32-50,V0,,32,E-empate,,,vote,12,against,,0x56781388,,64747,1,,0x9ec0e7bb36a12975bd7334c0700e1e47d96788d94ae87c456f78fd5af831babf,70
2026-09-23T23-05-23-489Z_n-sweep_1-2-4-8-16-32-50,V0,,32,E-empate,,,vote,13,against,,0x56781388,,64747,1,,0x8143551732db497de1c844473a4090507e4f7b1426432f9bf47441fb260bf4e5,70
2026-09-23T23-05-23-489Z_n-sweep_1-2-4-8-16-32-50,V0,,32,E-empate,,,vote,14,against,,0x56781388,,64747,1,,0x41d8976f73759f59f09c44163d273217a34b299e8f2cb08cf87e515c8eb8691c,70
2026-09-23T23-05-23-489Z_n-sweep_1-2-4-8-16-32-50,V0,,32,E-empate,,,vote,15,against,,0x56781388,,64747,1,,0x774bc4703cb9c0906e68ee80eaf1fd049c234a7874d25deb93731c48ee628aa9,70
2026-09-23T23-05-23-489Z_n-sweep_1-2-4-8-16-32-50,V0,,32,E-empate,,,vote,16,against,,0x56781388,,64747,1,,0xccbcec136140648e9392b54a023f4908895b3870593071eca15c5404bec3889e,70
2026-09-23T23-05-23-489Z_n-sweep_1-2-4-8-16-32-50,V0,,32,E-empate,,,execute_attempt,,,execute,0x2656227d,WasteCategoryRegistry.updateCredits,40382,0,"VM Exception while processing transaction: reverted with custom error 'GovernorUnexpectedProposalState(17355890689614507981387531773906326984749177527150675161200920670587293013598, 3, '0x0000000000000000000000000000000000000000000000000000000000000030')'",0xb33083d03e602a521b8c0ce463f446af106c55341921a3b9a7348cfa0fbd067e,70
2026-09-23T23-05-23-489Z_n-sweep_1-2-4-8-16-32-50,V1,T1,,,,,deploy_token_T1,,,constructor,0x61016060,,1621017,1,,0xece28f063ba256e8fc65152daf61fe745a7823e8ba387b1b661409f18f6dc4cc,71
2026-09-23T23-05-23-489Z_n-sweep_1-2-4-8-16-32-50,V1,,,,,,deploy_registry,,,constructor,0x60806040,,4590964,1,,0x9005486642112873086c0faf3a06ce7199e3377186a80eb6eea4235f5e1c6f56,71
2026-09-23T23-05-23-489Z_n-sweep_1-2-4-8-16-32-50,V1,,,,,,deploy_governor_V1,,,constructor,0x6101c080,,2141155,1,,0xcbf032b87647649d09648621f7d61fb312aee4174486ee6f404819243ac59ca9,71
2026-09-23T23-05-23-489Z_n-sweep_1-2-4-8-16-32-50,V1,,,,,,grant_admin_role,,,grantRole,0x2f2ff15d,,50799,1,,0xfdc9a3875129e16eb4a0e6527cfb2e5662449c13660398cf3b7c723db6d0e009,71
2026-09-23T23-05-23-489Z_n-sweep_1-2-4-8-16-32-50,V1,,,,,,revoke_deployer_admin_role,,,revokeRole,0xd547741f,,27116,1,,0xc189311656167d1c4c211ee1c4f5143a8df64ff72cb449ebf7ec77ff2fd0bcbb,71
2026-09-23T23-05-23-489Z_n-sweep_1-2-4-8-16-32-50,V1,,32,E-empate,,,delegate_admin,,,,0x5c19a95c,,95559,1,,0xd4695df7ceba86e36d8d32ccf756640823a0c1b729cf20e3a0b632c08e38ee6a,71
2026-09-23T23-05-23-489Z_n-sweep_1-2-4-8-16-32-50,V1,,32,E-empate,,,delegate,,,,0x5c19a95c,,48347,1,,0x81d5bf8e96fad9ce8b5230dc73abbeb313b25fcb2932728690f357e6b4e905b9,71
2026-09-23T23-05-23-489Z_n-sweep_1-2-4-8-16-32-50,V1,,32,E-empate,,,delegate,,,,0x5c19a95c,,48335,1,,0x92147b8c796bc2b0f21acc979799bbf4c5b5033d9d67806a8ad6842fe03d41df,71
2026-09-23T23-05-23-489Z_n-sweep_1-2-4-8-16-32-50,V1,,32,E-empate,,,delegate,,,,0x5c19a95c,,48347,1,,0xfff43b85310b182c6fdaa6a0b82056393aba2572b23e543b42f064dc4690e2fc,71
2026-09-23T23-05-23-489Z_n-sweep_1-2-4-8-16-32-50,V1,,32,E-empate,,,delegate,,,,0x5c19a95c,,48347,1,,0xd65054394087a126f7201b8caf565d34e4b8e2c37299a2eb2e8e1e169e8753b2,71
2026-09-23T23-05-23-489Z_n-sweep_1-2-4-8-16-32-50,V1,,32,E-empate,,,delegate,,,,0x5c19a95c,,48347,1,,0x0c6ee11e6f4f09c9119d3c03df89d743f104be74b800d0b47cbfa2e1629e917b,71
2026-09-23T23-05-23-489Z_n-sweep_1-2-4-8-16-32-50,V1,,32,E-empate,,,delegate,,,,0x5c19a95c,,48347,1,,0x9e4c58d93f5292a4566258e1c10f556eb9dc4074e322b7c357bf5ad65da50cae,71
2026-09-23T23-05-23-489Z_n-sweep_1-2-4-8-16-32-50,V1,,32,E-empate,,,delegate,,,,0x5c19a95c,,48347,1,,0x6ebf0fe5777b4feb07a84b604e7094e789e104c0aa39284dccf1b9da9c17904e,71
2026-09-23T23-05-23-489Z_n-sweep_1-2-4-8-16-32-50,V1,,32,E-empate,,,delegate,,,,0x5c19a95c,,48347,1,,0xfe42119cc5b68fbfd433dffe547dcf50b55480a011d31795da0f08ec660c70b3,71
2026-09-23T23-05-23-489Z_n-sweep_1-2-4-8-16-32-50,V1,,32,E-empate,,,delegate,,,,0x5c19a95c,,48347,1,,0x1cd5ec1a28c590b58fdf7467e7fffeb349eed4d261a6e6dd6bbe64d73d17bd59,71
2026-09-23T23-05-23-489Z_n-sweep_1-2-4-8-16-32-50,V1,,32,E-empate,,,delegate,,,,0x5c19a95c,,48335,1,,0x44f126ec5cf68cfd276b82e1245a8bb78ca6d635813f085d1a125f483e4d5924,71
2026-09-23T23-05-23-489Z_n-sweep_1-2-4-8-16-32-50,V1,,32,E-empate,,,delegate,,,,0x5c19a95c,,48347,1,,0xe3c56247fde6ff45e5ce391eac68170bdc36be578302a953ddcf8384ecd07aa8,71
2026-09-23T23-05-23-489Z_n-sweep_1-2-4-8-16-32-50,V1,,32,E-empate,,,delegate,,,,0x5c19a95c,,48347,1,,0x97563cc4398d7b02943ad3e3ef1bdae06351c02ad3fb2d2b948579fc1d32295f,71
2026-09-23T23-05-23-489Z_n-sweep_1-2-4-8-16-32-50,V1,,32,E-empate,,,delegate,,,,0x5c19a95c,,48347,1,,0x2254c00b60e2f0581478274e6123b6295b391cc3698f1951fb660335b3cd6c33,71
2026-09-23T23-05-23-489Z_n-sweep_1-2-4-8-16-32-50,V1,,32,E-empate,,,delegate,,,,0x5c19a95c,,48347,1,,0xc3e2689cb93afecc73f02fe2fc704ca424bfebf2840b02e15e94e2eacaca6d1c,71
2026-09-23T23-05-23-489Z_n-sweep_1-2-4-8-16-32-50,V1,,32,E-empate,,,delegate,,,,0x5c19a95c,,48347,1,,0xf481a9d9df12d0c5f7b29cc5bd284c8ca3e14873afc209155e790bf19f68d897,71
2026-09-23T23-05-23-489Z_n-sweep_1-2-4-8-16-32-50,V1,,32,E-empate,,,delegate,,,,0x5c19a95c,,48347,1,,0x8975637550f485546f85f8e6d9a6ed6447c7e76fff1ec5f6c9e76fb534393987,71
2026-09-23T23-05-23-489Z_n-sweep_1-2-4-8-16-32-50,V1,,32,E-empate,,,delegate,,,,0x5c19a95c,,48347,1,,0x923ae1f8d3d22d25940fc9eb75f6f6f16c191c6a236895f77670dcca6996d312,71
2026-09-23T23-05-23-489Z_n-sweep_1-2-4-8-16-32-50,V1,,32,E-empate,,,delegate,,,,0x5c19a95c,,48347,1,,0xfa31a6684a33a12042a314e8f53f866c316bd76cf3829f1b1bdf9c6709375faf,71
2026-09-23T23-05-23-489Z_n-sweep_1-2-4-8-16-32-50,V1,,32,E-empate,,,delegate,,,,0x5c19a95c,,48347,1,,0x85a35cc5c2fd484741123514532c6d193414e920845266674d577133f95aeb61,71
2026-09-23T23-05-23-489Z_n-sweep_1-2-4-8-16-32-50,V1,,32,E-empate,,,delegate,,,,0x5c19a95c,,48347,1,,0x2c0c0e3cf1f17f2dbd21478c48f6a01b7c3f80cdc9a8337eb22078304610831f,71
2026-09-23T23-05-23-489Z_n-sweep_1-2-4-8-16-32-50,V1,,32,E-empate,,,delegate,,,,0x5c19a95c,,48347,1,,0xa3ed7a1ccf1c20c61c0c5d590ac689d2c051d45201c4389538358e9b8bb285bc,71
2026-09-23T23-05-23-489Z_n-sweep_1-2-4-8-16-32-50,V1,,32,E-empate,,,delegate,,,,0x5c19a95c,,48347,1,,0x661c282cd9e0e8ae9af420543abc3bdc613c6cb387574718fba247544e2af8e9,71
2026-09-23T23-05-23-489Z_n-sweep_1-2-4-8-16-32-50,V1,,32,E-empate,,,delegate,,,,0x5c19a95c,,48347,1,,0xa25eec8de30d8f33b67249979cc372deee4340970acf515ed11237297c254db8,71
2026-09-23T23-05-23-489Z_n-sweep_1-2-4-8-16-32-50,V1,,32,E-empate,,,delegate,,,,0x5c19a95c,,48347,1,,0x4531944da7228710c401fe613cc835a5a2ab8911500c323b7a89206096a62c5e,71
2026-09-23T23-05-23-489Z_n-sweep_1-2-4-8-16-32-50,V1,,32,E-empate,,,delegate,,,,0x5c19a95c,,48335,1,,0x34fd858bbdd79805fe9ac14ac3496bc1581b8cd1fca415dd388ac92a1031b1a5,71
2026-09-23T23-05-23-489Z_n-sweep_1-2-4-8-16-32-50,V1,,32,E-empate,,,delegate,,,,0x5c19a95c,,48347,1,,0x3873a22f0d3bd864cb6adf03e490138f7a8c74e0367b46c72eb32ab59606fc50,71
2026-09-23T23-05-23-489Z_n-sweep_1-2-4-8-16-32-50,V1,,32,E-empate,,,delegate,,,,0x5c19a95c,,48347,1,,0x015c8107c64083620d33bd63ee4539fae6a634cbff1a7060ce0d9d7635a92667,71
2026-09-23T23-05-23-489Z_n-sweep_1-2-4-8-16-32-50,V1,,32,E-empate,,,delegate,,,,0x5c19a95c,,48347,1,,0x4d690799cd4e7de3c25a6216085b0327439b44872c331c8bdeed03412851c496,71
2026-09-23T23-05-23-489Z_n-sweep_1-2-4-8-16-32-50,V1,,32,E-empate,,,delegate,,,,0x5c19a95c,,48347,1,,0x4e2b6075a69f1a5defbf56244ed346d13180f658d70986f145e7afacf2a1769c,71
2026-09-23T23-05-23-489Z_n-sweep_1-2-4-8-16-32-50,V1,,32,E-empate,,,delegate,,,,0x5c19a95c,,48347,1,,0xdb953c4d33d8186e4e68b823485663114eed9632b4e6afebc927746da2cc5444,71
2026-09-23T23-05-23-489Z_n-sweep_1-2-4-8-16-32-50,V1,,32,E-empate,,,delegate,,,,0x5c19a95c,,48347,1,,0x6e11fc1a1f465bb514b7050fb921834e4af6a4c1f01678025fabce44812892fb,71
2026-09-23T23-05-23-489Z_n-sweep_1-2-4-8-16-32-50,V1,,32,E-empate,,,delegate,,,,0x5c19a95c,,48347,1,,0x02ed69ad44539ce394fe9de851cfc82976eaf863ce9b6bb6dbf7356c766b4e34,71
2026-09-23T23-05-23-489Z_n-sweep_1-2-4-8-16-32-50,V1,,32,E-empate,,,transfer,,,,0xa9059cbb,,135960,1,,0xb456269427e69b5e6ce8e76119fc7d322df6ec9289b99576d4a1afad4e375832,71
2026-09-23T23-05-23-489Z_n-sweep_1-2-4-8-16-32-50,V1,,32,E-empate,,,transfer,,,,0xa9059cbb,,135948,1,,0xb1ebdc3fafc8d37f132e1bcc9fa8242f9ac4ccbf686053a9c11fea1447d7954a,71
2026-09-23T23-05-23-489Z_n-sweep_1-2-4-8-16-32-50,V1,,32,E-empate,,,transfer,,,,0xa9059cbb,,135960,1,,0x0706982ce9ffc9a9a6049bdad109ccb7771a360862c1c67d4604b16e468e88b3,71
2026-09-23T23-05-23-489Z_n-sweep_1-2-4-8-16-32-50,V1,,32,E-empate,,,transfer,,,,0xa9059cbb,,135960,1,,0x2be7a2323568fcd1226a0c9609a47190689b94f2bfd0a447e2dd0b263421859f,71
2026-09-23T23-05-23-489Z_n-sweep_1-2-4-8-16-32-50,V1,,32,E-empate,,,transfer,,,,0xa9059cbb,,135960,1,,0x306101092df768e906c434b562ff9c882664cf533261e971ab14944111cc0b35,71
2026-09-23T23-05-23-489Z_n-sweep_1-2-4-8-16-32-50,V1,,32,E-empate,,,transfer,,,,0xa9059cbb,,135960,1,,0x5a32b538f96cee1fd52ee740d3498092b5ff7b800fe37d249516ce644ac4c638,71
2026-09-23T23-05-23-489Z_n-sweep_1-2-4-8-16-32-50,V1,,32,E-empate,,,transfer,,,,0xa9059cbb,,135960,1,,0x2b3c88dfa9086dedb70af73e2a72d41b372d8737896af7d9c24b888ba77809a8,71
2026-09-23T23-05-23-489Z_n-sweep_1-2-4-8-16-32-50,V1,,32,E-empate,,,transfer,,,,0xa9059cbb,,135960,1,,0xc6c3504257735cab1ebbf8e23b8dfa0891033d340b7faee41c7a4c8ffcaf2f05,71
2026-09-23T23-05-23-489Z_n-sweep_1-2-4-8-16-32-50,V1,,32,E-empate,,,transfer,,,,0xa9059cbb,,135960,1,,0x8c375b595de805e2c20ab49d5366ef38ae2405712a57898e36c42d7394dc7dea,71
2026-09-23T23-05-23-489Z_n-sweep_1-2-4-8-16-32-50,V1,,32,E-empate,,,transfer,,,,0xa9059cbb,,135948,1,,0x956797de8927bfe4fa4238f3c3d6225ec80fb5cb7f8988c10bcbf7507db7f433,71
2026-09-23T23-05-23-489Z_n-sweep_1-2-4-8-16-32-50,V1,,32,E-empate,,,transfer,,,,0xa9059cbb,,135960,1,,0x8419adca48826d94d148af9eb8c52743544499d0862d2c79fe217f13838d3f89,71
2026-09-23T23-05-23-489Z_n-sweep_1-2-4-8-16-32-50,V1,,32,E-empate,,,transfer,,,,0xa9059cbb,,135960,1,,0xa6a407b8151974f51fd3480ed2808e823a862b1a9fc3e4d58826cc40991de5ce,71
2026-09-23T23-05-23-489Z_n-sweep_1-2-4-8-16-32-50,V1,,32,E-empate,,,transfer,,,,0xa9059cbb,,135960,1,,0x7cb9b9759a154291125191612f5d3d9c005445ca3d44499b84df2cdf24196036,71
2026-09-23T23-05-23-489Z_n-sweep_1-2-4-8-16-32-50,V1,,32,E-empate,,,transfer,,,,0xa9059cbb,,135960,1,,0x37425c743b5169af4a191d2411ef9ec7a8ecfd4d3f9e18e9c74c8441e728227d,71
2026-09-23T23-05-23-489Z_n-sweep_1-2-4-8-16-32-50,V1,,32,E-empate,,,transfer,,,,0xa9059cbb,,135960,1,,0x30047ac0d2b376ce93122498326e833da05270630abef795f3659920af1f01f3,71
2026-09-23T23-05-23-489Z_n-sweep_1-2-4-8-16-32-50,V1,,32,E-empate,,,transfer,,,,0xa9059cbb,,135960,1,,0x25b05249a040061fc25c18be11522eaba7e4df163e9ce17f69863b5a67fccb76,71
2026-09-23T23-05-23-489Z_n-sweep_1-2-4-8-16-32-50,V1,,32,E-empate,,,transfer,,,,0xa9059cbb,,135960,1,,0x9f4ab1b66a7ab3047273f1a54d34b17dce9dff1c107a018ddfac1f8406fd791a,71
2026-09-23T23-05-23-489Z_n-sweep_1-2-4-8-16-32-50,V1,,32,E-empate,,,transfer,,,,0xa9059cbb,,135960,1,,0x1c23e5aa6a3e4e7eece03a43c7bee946db01ccd04cb4351c56313615169cd5f7,71
2026-09-23T23-05-23-489Z_n-sweep_1-2-4-8-16-32-50,V1,,32,E-empate,,,transfer,,,,0xa9059cbb,,135960,1,,0x808e0b1a1f83e43b1b0bbeebf1eaa49a2a0bd603dc033838a51dbc520100f07e,71
2026-09-23T23-05-23-489Z_n-sweep_1-2-4-8-16-32-50,V1,,32,E-empate,,,transfer,,,,0xa9059cbb,,135960,1,,0x5a9e739bf10cf83ed688f6b886c370f4149c627ecdb8e2f83acec9af0d1e9ad7,71
2026-09-23T23-05-23-489Z_n-sweep_1-2-4-8-16-32-50,V1,,32,E-empate,,,transfer,,,,0xa9059cbb,,135960,1,,0xd98acace08286d3e5bc862992a1feeb750161810d0f11fff091be1b9b2d82ec4,71
2026-09-23T23-05-23-489Z_n-sweep_1-2-4-8-16-32-50,V1,,32,E-empate,,,transfer,,,,0xa9059cbb,,135960,1,,0x02f3d6da6a616977f3c74d4af815dd50f18791ec5f826da90aa5ae9ef216be0b,71
2026-09-23T23-05-23-489Z_n-sweep_1-2-4-8-16-32-50,V1,,32,E-empate,,,transfer,,,,0xa9059cbb,,135960,1,,0xba289594f475d94893786718c7be70af369cd9d6fb44497a45822d97b6355a29,71
2026-09-23T23-05-23-489Z_n-sweep_1-2-4-8-16-32-50,V1,,32,E-empate,,,transfer,,,,0xa9059cbb,,135960,1,,0x08700732f89c0ba615bd8eeeeb0da4c103eba6f7d06c33eb6c01e53380f25dcd,71
2026-09-23T23-05-23-489Z_n-sweep_1-2-4-8-16-32-50,V1,,32,E-empate,,,transfer,,,,0xa9059cbb,,135948,1,,0xcfffabbbdd8e51d9435bb673210e62b7334b7d2df8e4a3d70c4461cd0fcf447a,71
2026-09-23T23-05-23-489Z_n-sweep_1-2-4-8-16-32-50,V1,,32,E-empate,,,transfer,,,,0xa9059cbb,,135960,1,,0x6a4069c122629b5e403a8e517573612f517cdc4223087adf4d4e46ecc1ee28fa,71
2026-09-23T23-05-23-489Z_n-sweep_1-2-4-8-16-32-50,V1,,32,E-empate,,,transfer,,,,0xa9059cbb,,135960,1,,0x43f7e058f78f5c7ce717c161d923cabe7762bcbb8972d7ee8fefca0222f2ac2e,71
2026-09-23T23-05-23-489Z_n-sweep_1-2-4-8-16-32-50,V1,,32,E-empate,,,transfer,,,,0xa9059cbb,,135960,1,,0xb91cdfd0d12560265c641a94d1861458541d1dae9f997abd1dfa9cd90d1da67f,71
2026-09-23T23-05-23-489Z_n-sweep_1-2-4-8-16-32-50,V1,,32,E-empate,,,transfer,,,,0xa9059cbb,,135960,1,,0x284b008bbeb87e89e13af70f36c3f6915fd65474aadd30470c0579190ecd68bd,71
2026-09-23T23-05-23-489Z_n-sweep_1-2-4-8-16-32-50,V1,,32,E-empate,,,transfer,,,,0xa9059cbb,,135960,1,,0x97b6c18b16e030e7b38ed387cb03f0c4d64c025ee39fe4e224cc6b950d321c35,71
2026-09-23T23-05-23-489Z_n-sweep_1-2-4-8-16-32-50,V1,,32,E-empate,,,transfer,,,,0xa9059cbb,,135960,1,,0xa345160eee559cdd8379b98b9e47ed1c8910297dd1a07ae65e92da3cd077a630,71
2026-09-23T23-05-23-489Z_n-sweep_1-2-4-8-16-32-50,V1,,32,E-empate,,,transfer,,,,0xa9059cbb,,135960,1,,0xd9fc574e08881af2698645cc1d7617b8e12462a5806467e1d7fe5ff479431a79,71
2026-09-23T23-05-23-489Z_n-sweep_1-2-4-8-16-32-50,V1,,32,E-empate,,,propose,,,propose,0x7d5e81e2,WasteCategoryRegistry.updateCredits,63339,1,,0xdec7804a15df99488bac9b7481202019192b3d785c8d3a6ae1fe65fc4ec93ee8,71
2026-09-23T23-05-23-489Z_n-sweep_1-2-4-8-16-32-50,V1,,32,E-empate,,,vote,1,for,,0x56781388,,82468,1,,0x3ec251efc535a8124bef193a2437569068eab2d80765521af37052e2b6aef50f,71
2026-09-23T23-05-23-489Z_n-sweep_1-2-4-8-16-32-50,V1,,32,E-empate,,,vote,2,for,,0x56781388,,65368,1,,0x047af17ddcbcdd0a7f42e12049b02782e890475e85c23139cca09965d337046b,71
2026-09-23T23-05-23-489Z_n-sweep_1-2-4-8-16-32-50,V1,,32,E-empate,,,vote,3,for,,0x56781388,,65368,1,,0xb0e5ac8e7d752f3472d9d5666943ff28a7ae9b9342303e48c63da678b94d968d,71
2026-09-23T23-05-23-489Z_n-sweep_1-2-4-8-16-32-50,V1,,32,E-empate,,,vote,4,for,,0x56781388,,65368,1,,0x94e7011c55b0e9943cc2d3b55a549dc193f9ee88f11700f30f713097368d676e,71
2026-09-23T23-05-23-489Z_n-sweep_1-2-4-8-16-32-50,V1,,32,E-empate,,,vote,5,for,,0x56781388,,65368,1,,0x171246f4657764ad5d5a91526732452bb1a95c2e9dd58f1cfefdab10326e0572,71
2026-09-23T23-05-23-489Z_n-sweep_1-2-4-8-16-32-50,V1,,32,E-empate,,,vote,6,for,,0x56781388,,65368,1,,0xd47f2ffe98dcf6e1e49a721b04a7df6db690ec621db3b96669b81fef05cb9cd2,71
2026-09-23T23-05-23-489Z_n-sweep_1-2-4-8-16-32-50,V1,,32,E-empate,,,vote,7,for,,0x56781388,,65368,1,,0xca49360f870c5ac810eb08e619c35840b50183639ac3492c99bb2ba7b8529f1d,71
2026-09-23T23-05-23-489Z_n-sweep_1-2-4-8-16-32-50,V1,,32,E-empate,,,vote,8,for,,0x56781388,,65368,1,,0xb3013b2c98163b70e580dc251db8874bb94a0c7bb7087309b5241a7d3ff84d1a,71
2026-09-23T23-05-23-489Z_n-sweep_1-2-4-8-16-32-50,V1,,32,E-empate,,,vote,9,for,,0x56781388,,65368,1,,0x354ec80e089a8eed1ad34cb7ac385328626583508fdc5c42bb03c3b584982c01,71
2026-09-23T23-05-23-489Z_n-sweep_1-2-4-8-16-32-50,V1,,32,E-empate,,,vote,10,for,,0x56781388,,65368,1,,0x42dccaf5ee2b10a4ff9f5e24b8463ce5a30f08c15b985a7d142e0fac96437e7b,71
2026-09-23T23-05-23-489Z_n-sweep_1-2-4-8-16-32-50,V1,,32,E-empate,,,vote,11,for,,0x56781388,,65368,1,,0x6cacebe33519dd42d995de657b9b69a9b864a81e299aa44d62253f0a53a0f982,71
2026-09-23T23-05-23-489Z_n-sweep_1-2-4-8-16-32-50,V1,,32,E-empate,,,vote,12,for,,0x56781388,,65368,1,,0x07e12ece657dfaaf2f4aeea87440720ea4aa605f56e7007c449129005d28fce3,71
2026-09-23T23-05-23-489Z_n-sweep_1-2-4-8-16-32-50,V1,,32,E-empate,,,vote,13,for,,0x56781388,,65368,1,,0xc92010a84a4257724b88781091fddfca6a4cf95904444aeec6a3c1ecd841bf11,71
2026-09-23T23-05-23-489Z_n-sweep_1-2-4-8-16-32-50,V1,,32,E-empate,,,vote,14,for,,0x56781388,,65368,1,,0x9d1f0f70a322c195466a30d7c0e6df829ee31e9c564fd402646e6921f61f41ac,71
2026-09-23T23-05-23-489Z_n-sweep_1-2-4-8-16-32-50,V1,,32,E-empate,,,vote,15,for,,0x56781388,,65368,1,,0xe4b4038f9a12993f74e1dc939bdc181c145774e7824dc88099b49b876256436f,71
2026-09-23T23-05-23-489Z_n-sweep_1-2-4-8-16-32-50,V1,,32,E-empate,,,vote,16,for,,0x56781388,,65368,1,,0x5a818f2be826da1e4a077f98d500a5f01521bf134e225be469cfd71160b89541,71
2026-09-23T23-05-23-489Z_n-sweep_1-2-4-8-16-32-50,V1,,32,E-empate,,,vote,1,against,,0x56781388,,82416,1,,0xe32c2e755c5656b9e1608d9b9b78758c8181a3a2432d1ea291bd1eda1cee70a1,71
2026-09-23T23-05-23-489Z_n-sweep_1-2-4-8-16-32-50,V1,,32,E-empate,,,vote,2,against,,0x56781388,,65316,1,,0x5fdbfe270d248a8fd5bd3a59d8aab1272a1901fcc7fcbe466ca6134f69e2680d,71
2026-09-23T23-05-23-489Z_n-sweep_1-2-4-8-16-32-50,V1,,32,E-empate,,,vote,3,against,,0x56781388,,65316,1,,0x56082d019eff8c0fad6c5bf89861954df7842a921cd66791bf9ab163dfe93f66,71
2026-09-23T23-05-23-489Z_n-sweep_1-2-4-8-16-32-50,V1,,32,E-empate,,,vote,4,against,,0x56781388,,65316,1,,0xfe5a2b02959c025393bd122d04631724d458a1a66a69c1ff6b7164449fca2dc5,71
2026-09-23T23-05-23-489Z_n-sweep_1-2-4-8-16-32-50,V1,,32,E-empate,,,vote,5,against,,0x56781388,,65316,1,,0xa250750154716d3ab12ea27aa74408e9f68612b36d48bcf8b7c713ae426f0d35,71
2026-09-23T23-05-23-489Z_n-sweep_1-2-4-8-16-32-50,V1,,32,E-empate,,,vote,6,against,,0x56781388,,65316,1,,0x143eade998a09bfd3c4b4b96c929d7cd9f296ec4f7e575d691d4fd4c083d991e,71
2026-09-23T23-05-23-489Z_n-sweep_1-2-4-8-16-32-50,V1,,32,E-empate,,,vote,7,against,,0x56781388,,65316,1,,0x8b5fb60c58dcd5f9814a60a1224192df0a84c42f7c0414a0be4ac28daa77c903,71
2026-09-23T23-05-23-489Z_n-sweep_1-2-4-8-16-32-50,V1,,32,E-empate,,,vote,8,against,,0x56781388,,65316,1,,0x799edde0aec3927a536a46aa85411de8356b8c8c1fac0b81ce5b76199b4a89ed,71
2026-09-23T23-05-23-489Z_n-sweep_1-2-4-8-16-32-50,V1,,32,E-empate,,,vote,9,against,,0x56781388,,65316,1,,0x32ba735da120eae02a9ab0667b34331e0a8586c89ffcd00335b2b8b80cd0764a,71
2026-09-23T23-05-23-489Z_n-sweep_1-2-4-8-16-32-50,V1,,32,E-empate,,,vote,10,against,,0x56781388,,65316,1,,0x5b267bcbd893dcd594e8adaa92bc4a3a267225ca23fa8522bcc54c78544a560f,71
2026-09-23T23-05-23-489Z_n-sweep_1-2-4-8-16-32-50,V1,,32,E-empate,,,vote,11,against,,0x56781388,,65316,1,,0xfd2e127b424b5e8e31f47d1de918cc4b3eaa2d45b2684f5845e3fa92aea196ec,71
2026-09-23T23-05-23-489Z_n-sweep_1-2-4-8-16-32-50,V1,,32,E-empate,,,vote,12,against,,0x56781388,,65316,1,,0x6c3f0f83f01cabeb751db1f52ce3f993dc4a0cb0813b0ab7f772ab221b4c2b91,71
2026-09-23T23-05-23-489Z_n-sweep_1-2-4-8-16-32-50,V1,,32,E-empate,,,vote,13,against,,0x56781388,,65316,1,,0xa4c8901b89556ee313437f1ba0a841b59913f930ea7e852f923ffd7624b494e4,71
2026-09-23T23-05-23-489Z_n-sweep_1-2-4-8-16-32-50,V1,,32,E-empate,,,vote,14,against,,0x56781388,,65316,1,,0xa398974e4768ec96f7d3f0f7147afae473370224700e8a4832a3417bbca140b4,71
2026-09-23T23-05-23-489Z_n-sweep_1-2-4-8-16-32-50,V1,,32,E-empate,,,vote,15,against,,0x56781388,,65316,1,,0x774bc4703cb9c0906e68ee80eaf1fd049c234a7874d25deb93731c48ee628aa9,71
2026-09-23T23-05-23-489Z_n-sweep_1-2-4-8-16-32-50,V1,,32,E-empate,,,vote,16,against,,0x56781388,,65316,1,,0xccbcec136140648e9392b54a023f4908895b3870593071eca15c5404bec3889e,71
2026-09-23T23-05-23-489Z_n-sweep_1-2-4-8-16-32-50,V1,,32,E-empate,,,execute_attempt,,,execute,0x2656227d,WasteCategoryRegistry.updateCredits,40382,0,"VM Exception while processing transaction: reverted with custom error 'GovernorUnexpectedProposalState(17355890689614507981387531773906326984749177527150675161200920670587293013598, 3, '0x0000000000000000000000000000000000000000000000000000000000000030')'",0xb33083d03e602a521b8c0ce463f446af106c55341921a3b9a7348cfa0fbd067e,71
2026-09-23T23-05-23-489Z_n-sweep_1-2-4-8-16-32-50,V2,T1,,,,,deploy_token_T1,,,constructor,0x61016060,,1621017,1,,0xece28f063ba256e8fc65152daf61fe745a7823e8ba387b1b661409f18f6dc4cc,72
2026-09-23T23-05-23-489Z_n-sweep_1-2-4-8-16-32-50,V2,,,,,,deploy_registry,,,constructor,0x60806040,,4590964,1,,0x9005486642112873086c0faf3a06ce7199e3377186a80eb6eea4235f5e1c6f56,72
2026-09-23T23-05-23-489Z_n-sweep_1-2-4-8-16-32-50,V2,,,,,,deploy_governor_V2,,,constructor,0x6101e080,,2178840,1,,0xa32c9f3d540c0ae9eee563ea02a53e3c1648afde51e09209202bc2912d9a8532,72
2026-09-23T23-05-23-489Z_n-sweep_1-2-4-8-16-32-50,V2,,,,,,grant_admin_role,,,grantRole,0x2f2ff15d,,50799,1,,0x0482dd737ad13e5cf9f342f77b7f4c8d4a60575e6613b501a7a433855227e65d,72
2026-09-23T23-05-23-489Z_n-sweep_1-2-4-8-16-32-50,V2,,,,,,revoke_deployer_admin_role,,,revokeRole,0xd547741f,,27116,1,,0xbf6c6756b6e885a31717a4b56f3c4fc35da4780ca84e075711ea97189f58ea3d,72
2026-09-23T23-05-23-489Z_n-sweep_1-2-4-8-16-32-50,V2,,32,E-empate,,,delegate_admin,,,,0x5c19a95c,,95559,1,,0xe4ed125ff7fcf34a784094393e69d7b32184f90f45a88cf0e398ac5fe2329d50,72
2026-09-23T23-05-23-489Z_n-sweep_1-2-4-8-16-32-50,V2,,32,E-empate,,,delegate,,,,0x5c19a95c,,48347,1,,0x8e5cf2e817455991c3f88244f29b95e3c5703efb253d16587c3e019ace8ed4aa,72
2026-09-23T23-05-23-489Z_n-sweep_1-2-4-8-16-32-50,V2,,32,E-empate,,,delegate,,,,0x5c19a95c,,48335,1,,0x3a4d0b938991cc6665fddf48aab742d27a2480134e4cb1cf5b844b9724575405,72
2026-09-23T23-05-23-489Z_n-sweep_1-2-4-8-16-32-50,V2,,32,E-empate,,,delegate,,,,0x5c19a95c,,48347,1,,0x8df16e2387da0d9fa03469e487a72815c7ad0f22d2e3631bfcd3e8532e84566f,72
2026-09-23T23-05-23-489Z_n-sweep_1-2-4-8-16-32-50,V2,,32,E-empate,,,delegate,,,,0x5c19a95c,,48347,1,,0x95612e3ccf4e98f664cb62c90a18fd3142e8f5668db18fb82a400652a6b96b06,72
2026-09-23T23-05-23-489Z_n-sweep_1-2-4-8-16-32-50,V2,,32,E-empate,,,delegate,,,,0x5c19a95c,,48347,1,,0x8cfbd9c8afd095297879c4ea5a6d41c276c3b770abd2f751b06ec63384df15d6,72
2026-09-23T23-05-23-489Z_n-sweep_1-2-4-8-16-32-50,V2,,32,E-empate,,,delegate,,,,0x5c19a95c,,48347,1,,0x96ff47bd12ed3260165a9b3c82bacf4a9f1cfd47a5f8548491ee35c1066f2e38,72
2026-09-23T23-05-23-489Z_n-sweep_1-2-4-8-16-32-50,V2,,32,E-empate,,,delegate,,,,0x5c19a95c,,48347,1,,0x3c7464a5135ef0630048da3b891f6f95d941c4b44dfb27d1230d6c7015af52d6,72
2026-09-23T23-05-23-489Z_n-sweep_1-2-4-8-16-32-50,V2,,32,E-empate,,,delegate,,,,0x5c19a95c,,48347,1,,0xcef7f0dbdf22e7ddd7612e11e8e4d04d07ff7ed50742fa593a04379c3fb4c79a,72
2026-09-23T23-05-23-489Z_n-sweep_1-2-4-8-16-32-50,V2,,32,E-empate,,,delegate,,,,0x5c19a95c,,48347,1,,0x2a05bf2175c5ddc1c903f568e1aef2d66314124f75bcf8379ba8adf2782fee08,72
2026-09-23T23-05-23-489Z_n-sweep_1-2-4-8-16-32-50,V2,,32,E-empate,,,delegate,,,,0x5c19a95c,,48335,1,,0xed076a3bb603efd5d8a71a2cc98ed4047b12d152a544a7d1d7a341433c9a4602,72
2026-09-23T23-05-23-489Z_n-sweep_1-2-4-8-16-32-50,V2,,32,E-empate,,,delegate,,,,0x5c19a95c,,48347,1,,0x10be283a8ec30b680dc3aca50b759e0cf9c8afc082d9e83402cea754eca72a1f,72
2026-09-23T23-05-23-489Z_n-sweep_1-2-4-8-16-32-50,V2,,32,E-empate,,,delegate,,,,0x5c19a95c,,48347,1,,0x2a30f5270f05f3f17e6177f9b77f58b934718ec7c2e872415fd5bb3af3d1a729,72
2026-09-23T23-05-23-489Z_n-sweep_1-2-4-8-16-32-50,V2,,32,E-empate,,,delegate,,,,0x5c19a95c,,48347,1,,0x8627a7ad29f66cec2d29399f287974e7802b96ce1c1094b9f03f71ebb4aee554,72
2026-09-23T23-05-23-489Z_n-sweep_1-2-4-8-16-32-50,V2,,32,E-empate,,,delegate,,,,0x5c19a95c,,48347,1,,0x09935171751aaaad6b28f8c0a6e1389d805ea4048b73d32206a0f9fb56fe6526,72
2026-09-23T23-05-23-489Z_n-sweep_1-2-4-8-16-32-50,V2,,32,E-empate,,,delegate,,,,0x5c19a95c,,48347,1,,0xcc0bb7cbd2d0f3f8fa2b739bbaa5db203755fbd70b3eefc00d112f1bb589ceaf,72
2026-09-23T23-05-23-489Z_n-sweep_1-2-4-8-16-32-50,V2,,32,E-empate,,,delegate,,,,0x5c19a95c,,48347,1,,0xc76339288f99a2e44a4485a1794ebb0cad6215adbb061dde8b472b5783d68437,72
2026-09-23T23-05-23-489Z_n-sweep_1-2-4-8-16-32-50,V2,,32,E-empate,,,delegate,,,,0x5c19a95c,,48347,1,,0x4eff498246ceed5814c564e65aad18449d9d8819517ba51d588d9cfdae3d4d2a,72
2026-09-23T23-05-23-489Z_n-sweep_1-2-4-8-16-32-50,V2,,32,E-empate,,,delegate,,,,0x5c19a95c,,48347,1,,0xa6ae49a326f302b9e71391f9415c0d930458ea03039ee9086f5687369d739f43,72
2026-09-23T23-05-23-489Z_n-sweep_1-2-4-8-16-32-50,V2,,32,E-empate,,,delegate,,,,0x5c19a95c,,48347,1,,0xf13688c59dca87eeaaf2b3d3ae625f01224e2d5b4954af7ddb9eacd7e8fca21e,72
2026-09-23T23-05-23-489Z_n-sweep_1-2-4-8-16-32-50,V2,,32,E-empate,,,delegate,,,,0x5c19a95c,,48347,1,,0xed760b7612d9a02f7ab38dcca54d7d989dd819b4bb98906db1dbcca059ac084f,72
2026-09-23T23-05-23-489Z_n-sweep_1-2-4-8-16-32-50,V2,,32,E-empate,,,delegate,,,,0x5c19a95c,,48347,1,,0x408a7ccbb0d6637960a2093204a5084a7c3370084f7061b277e04d5d1523ae58,72
2026-09-23T23-05-23-489Z_n-sweep_1-2-4-8-16-32-50,V2,,32,E-empate,,,delegate,,,,0x5c19a95c,,48347,1,,0x3152e0d13e4c1339d74b6b187ca12500a969817e0120fc16874758b89451705c,72
2026-09-23T23-05-23-489Z_n-sweep_1-2-4-8-16-32-50,V2,,32,E-empate,,,delegate,,,,0x5c19a95c,,48347,1,,0xa643950d224ced9bbf99ea95cbb9cecb86c028ad6a357741d9eed43fd1418124,72
2026-09-23T23-05-23-489Z_n-sweep_1-2-4-8-16-32-50,V2,,32,E-empate,,,delegate,,,,0x5c19a95c,,48347,1,,0x055e399c3cbfa6644dce91a7f3b36ea2bc185d80c647c0f1d04321e14c4b1361,72
2026-09-23T23-05-23-489Z_n-sweep_1-2-4-8-16-32-50,V2,,32,E-empate,,,delegate,,,,0x5c19a95c,,48335,1,,0xdbafa2287cf62155690c72d09b21b76ada56306bf24799e90a6ebd1fd470abc6,72
2026-09-23T23-05-23-489Z_n-sweep_1-2-4-8-16-32-50,V2,,32,E-empate,,,delegate,,,,0x5c19a95c,,48347,1,,0x5f3e39c0a04665565fe3ba089f22454588d4f688c9a7aef067e7ad9e116a759a,72
2026-09-23T23-05-23-489Z_n-sweep_1-2-4-8-16-32-50,V2,,32,E-empate,,,delegate,,,,0x5c19a95c,,48347,1,,0x7f968e30943d915d45decb0caea3281b5a4ce30a34416fbe354786d67369fd83,72
2026-09-23T23-05-23-489Z_n-sweep_1-2-4-8-16-32-50,V2,,32,E-empate,,,delegate,,,,0x5c19a95c,,48347,1,,0xacced85e76fc346ac6aeec9a7ad6b61324fa6705450ea8d9c6b571e609652ec6,72
2026-09-23T23-05-23-489Z_n-sweep_1-2-4-8-16-32-50,V2,,32,E-empate,,,delegate,,,,0x5c19a95c,,48347,1,,0xc354d6d794f1199566d0378cd1a05e9a5ef44036fa08971363ffdb3f0a83ac1f,72
2026-09-23T23-05-23-489Z_n-sweep_1-2-4-8-16-32-50,V2,,32,E-empate,,,delegate,,,,0x5c19a95c,,48347,1,,0x41430b21e85fff00baa6651f5e9419f14411e203e9c65cf045d70399e1f94f10,72
2026-09-23T23-05-23-489Z_n-sweep_1-2-4-8-16-32-50,V2,,32,E-empate,,,delegate,,,,0x5c19a95c,,48347,1,,0x0bedefd31dfd1911f1b821af9af59b2add8145ffa98e5dbae489249c34ba12b9,72
2026-09-23T23-05-23-489Z_n-sweep_1-2-4-8-16-32-50,V2,,32,E-empate,,,delegate,,,,0x5c19a95c,,48347,1,,0x56ad8c486cf180aa0b39b839e9aa8457bb432ce913afb5054ca9bcce3effbb92,72
2026-09-23T23-05-23-489Z_n-sweep_1-2-4-8-16-32-50,V2,,32,E-empate,,,transfer,,,,0xa9059cbb,,135960,1,,0xd0698b15d0a4158e25b6354447a9183a1c7e2709f2dc65467f1f8d003c028165,72
2026-09-23T23-05-23-489Z_n-sweep_1-2-4-8-16-32-50,V2,,32,E-empate,,,transfer,,,,0xa9059cbb,,135948,1,,0xc1d83b95bf805ba4371c2bb98c2893712e313bdae17608c8cca1a20cefcace3f,72
2026-09-23T23-05-23-489Z_n-sweep_1-2-4-8-16-32-50,V2,,32,E-empate,,,transfer,,,,0xa9059cbb,,135960,1,,0x5c9a2f524061f2cedfc3a23928ba3522a97347623158802a7574d89aac66c5e2,72
2026-09-23T23-05-23-489Z_n-sweep_1-2-4-8-16-32-50,V2,,32,E-empate,,,transfer,,,,0xa9059cbb,,135960,1,,0xd7a1d861a8ffae45389bf7b1e050a2ad6774adf1f26964e59f924d13efe16f93,72
2026-09-23T23-05-23-489Z_n-sweep_1-2-4-8-16-32-50,V2,,32,E-empate,,,transfer,,,,0xa9059cbb,,135960,1,,0x3ed47764d1b6dc2977a87f07c00932d7919f86a38d7fa6897797557fcaf8ddb2,72
2026-09-23T23-05-23-489Z_n-sweep_1-2-4-8-16-32-50,V2,,32,E-empate,,,transfer,,,,0xa9059cbb,,135960,1,,0xe38aeefc29cc229da8f80086faf7a65278385513d6000ae2998b9164c52a2ec0,72
2026-09-23T23-05-23-489Z_n-sweep_1-2-4-8-16-32-50,V2,,32,E-empate,,,transfer,,,,0xa9059cbb,,135960,1,,0x66cced5377a01cb01ced1557db51d3d576fa40d9f04be2db053b55b41fb5089e,72
2026-09-23T23-05-23-489Z_n-sweep_1-2-4-8-16-32-50,V2,,32,E-empate,,,transfer,,,,0xa9059cbb,,135960,1,,0xfe5aef131cc72a9ad79a1f5ffde1443d7f223ae84ed6a6626946d0308ab353a6,72
2026-09-23T23-05-23-489Z_n-sweep_1-2-4-8-16-32-50,V2,,32,E-empate,,,transfer,,,,0xa9059cbb,,135960,1,,0x2c714ceb4fe03bcf2c3d8630106ccb262af10d86fa7e1b83496bbb0c41f8f657,72
2026-09-23T23-05-23-489Z_n-sweep_1-2-4-8-16-32-50,V2,,32,E-empate,,,transfer,,,,0xa9059cbb,,135948,1,,0xd761f278e00234ae7bff4ba89185e7e3ecd0c332b003b4603918a2f13a1ab358,72
2026-09-23T23-05-23-489Z_n-sweep_1-2-4-8-16-32-50,V2,,32,E-empate,,,transfer,,,,0xa9059cbb,,135960,1,,0x031aa8f9222008ee539d955a400cef5a9aceb2377b58d9bdfb60366e2e5ec88d,72
2026-09-23T23-05-23-489Z_n-sweep_1-2-4-8-16-32-50,V2,,32,E-empate,,,transfer,,,,0xa9059cbb,,135960,1,,0x42cd908997f6996bc98d0e95639112ede936d48a3f26d5c3e2a8c7e95054854d,72
2026-09-23T23-05-23-489Z_n-sweep_1-2-4-8-16-32-50,V2,,32,E-empate,,,transfer,,,,0xa9059cbb,,135960,1,,0x719b6c90c96e3584e7554597250f36160d4f86bef73d716538651162072dc1a3,72
2026-09-23T23-05-23-489Z_n-sweep_1-2-4-8-16-32-50,V2,,32,E-empate,,,transfer,,,,0xa9059cbb,,135960,1,,0x964636b08302fb1a1aeb3ebfcb46761628f9689f5d7910980ca3e90d3ad72185,72
2026-09-23T23-05-23-489Z_n-sweep_1-2-4-8-16-32-50,V2,,32,E-empate,,,transfer,,,,0xa9059cbb,,135960,1,,0x42dca054fb5013aa31f156620dd3fdd731d2a22f0bd44862620f1e9366320d94,72
2026-09-23T23-05-23-489Z_n-sweep_1-2-4-8-16-32-50,V2,,32,E-empate,,,transfer,,,,0xa9059cbb,,135960,1,,0x6f8161bec26017fcea839ed5cf5aec77f0adc12b00fe597537d73b33c0d89ead,72
2026-09-23T23-05-23-489Z_n-sweep_1-2-4-8-16-32-50,V2,,32,E-empate,,,transfer,,,,0xa9059cbb,,135960,1,,0xcf984e4f2d4bd10afedd9acbd2d1940ac71703f84a09ab0031926511e28e2635,72
2026-09-23T23-05-23-489Z_n-sweep_1-2-4-8-16-32-50,V2,,32,E-empate,,,transfer,,,,0xa9059cbb,,135960,1,,0x9ce98ec599be9f522859383caa8c4fd89d812e3757dda9a4573341c20e0f2613,72
2026-09-23T23-05-23-489Z_n-sweep_1-2-4-8-16-32-50,V2,,32,E-empate,,,transfer,,,,0xa9059cbb,,135960,1,,0x578c45ba07da6aebe660bcaad7363e9c4cf3bef6fd87b78be2c9f7b1bb99e96d,72
2026-09-23T23-05-23-489Z_n-sweep_1-2-4-8-16-32-50,V2,,32,E-empate,,,transfer,,,,0xa9059cbb,,135960,1,,0x870d481b432dffcac70d460fc5462f566d3e5e210615efc5b22ba6a948560817,72
2026-09-23T23-05-23-489Z_n-sweep_1-2-4-8-16-32-50,V2,,32,E-empate,,,transfer,,,,0xa9059cbb,,135960,1,,0x7bf6c0061eb2f4e93af69e04140e29de63e118de26abe4b6171070162b2d402a,72
2026-09-23T23-05-23-489Z_n-sweep_1-2-4-8-16-32-50,V2,,32,E-empate,,,transfer,,,,0xa9059cbb,,135960,1,,0xa145b9fd5a9b7cc823bbd816c5ebb6f4a4e624107b23481a0f732956d4cf4a2a,72
2026-09-23T23-05-23-489Z_n-sweep_1-2-4-8-16-32-50,V2,,32,E-empate,,,transfer,,,,0xa9059cbb,,135960,1,,0x733583bfcddbe7384a5465c8d5867f76d65ba6745b91267e14d1ff485cfc70a6,72
2026-09-23T23-05-23-489Z_n-sweep_1-2-4-8-16-32-50,V2,,32,E-empate,,,transfer,,,,0xa9059cbb,,135960,1,,0x4a66f968338e1f313aca3afb2b02f5492b1059155b1945e1c21e14e3a325a61b,72
2026-09-23T23-05-23-489Z_n-sweep_1-2-4-8-16-32-50,V2,,32,E-empate,,,transfer,,,,0xa9059cbb,,135948,1,,0x31d3300ea2257060997f08297c579c9fd07c152fb88c10f797eeaa1ce1b5d8c1,72
2026-09-23T23-05-23-489Z_n-sweep_1-2-4-8-16-32-50,V2,,32,E-empate,,,transfer,,,,0xa9059cbb,,135960,1,,0x0c15552baf3e28feb479668eb96380f728a17e0b946d2c06f49aa57eb6a55216,72
2026-09-23T23-05-23-489Z_n-sweep_1-2-4-8-16-32-50,V2,,32,E-empate,,,transfer,,,,0xa9059cbb,,135960,1,,0xb5337b3b2747f7cf90d047e14df44ca40ddf66c56cac22f65df754a2a7477674,72
2026-09-23T23-05-23-489Z_n-sweep_1-2-4-8-16-32-50,V2,,32,E-empate,,,transfer,,,,0xa9059cbb,,135960,1,,0xd975c85cb79c51b1d0496e30fd86543301c9241eff30516f72f25cc09bcb27f8,72
2026-09-23T23-05-23-489Z_n-sweep_1-2-4-8-16-32-50,V2,,32,E-empate,,,transfer,,,,0xa9059cbb,,135960,1,,0xccb63e701c5fafcdff6e12e25d99046f8dca7b8b696a22e64faa06a60df2355d,72
2026-09-23T23-05-23-489Z_n-sweep_1-2-4-8-16-32-50,V2,,32,E-empate,,,transfer,,,,0xa9059cbb,,135960,1,,0xd39a246d199b5cb2fc9322eba7c3345d022e2a9a3f0302913750ebace68ebda0,72
2026-09-23T23-05-23-489Z_n-sweep_1-2-4-8-16-32-50,V2,,32,E-empate,,,transfer,,,,0xa9059cbb,,135960,1,,0x57e5a44adb6f3fbfa94b276517bacf362a9bf1ce37dbd7787bbfce9c429fc160,72
2026-09-23T23-05-23-489Z_n-sweep_1-2-4-8-16-32-50,V2,,32,E-empate,,,transfer,,,,0xa9059cbb,,135960,1,,0x5e033e0960901e629ef36ddfc933139c1162e979bbacabacf5504b8436e9a8f3,72
2026-09-23T23-05-23-489Z_n-sweep_1-2-4-8-16-32-50,V2,,32,E-empate,,,propose,,,propose,0x7d5e81e2,WasteCategoryRegistry.updateCredits,63339,1,,0x6234e5a462496804fe1f711bc43580d17986ad66bc19072623f3378eee849fef,72
2026-09-23T23-05-23-489Z_n-sweep_1-2-4-8-16-32-50,V2,,32,E-empate,,,vote,1,for,,0x56781388,,82468,1,,0xe29149cdce136d6d554a0c7fad6c4b5e0853e6bfc51b1f7e353ac750fb9a26a4,72
2026-09-23T23-05-23-489Z_n-sweep_1-2-4-8-16-32-50,V2,,32,E-empate,,,vote,2,for,,0x56781388,,65368,1,,0x9e57c3137dadde52ca970a5c321f160d10c56255e14d509ec6c7229030f640bf,72
2026-09-23T23-05-23-489Z_n-sweep_1-2-4-8-16-32-50,V2,,32,E-empate,,,vote,3,for,,0x56781388,,65368,1,,0xc35b167e69295847347798ad790b953c65ada2f3e64fe1d3a2e0db73c799b2b4,72
2026-09-23T23-05-23-489Z_n-sweep_1-2-4-8-16-32-50,V2,,32,E-empate,,,vote,4,for,,0x56781388,,65368,1,,0x3df9908b17807793fb7973096d90c72f9080ec64f13b65b4f3c092f575170326,72
2026-09-23T23-05-23-489Z_n-sweep_1-2-4-8-16-32-50,V2,,32,E-empate,,,vote,5,for,,0x56781388,,65368,1,,0xc689c1d4ff2a99804c7b3389d7f5c701a3befd25ed1038c300a1282e97faeb68,72
2026-09-23T23-05-23-489Z_n-sweep_1-2-4-8-16-32-50,V2,,32,E-empate,,,vote,6,for,,0x56781388,,65368,1,,0xc8279694caf4de4c0ede1d7d6691c424dac63cd7d14e23cf8cabcbd311e5dc8d,72
2026-09-23T23-05-23-489Z_n-sweep_1-2-4-8-16-32-50,V2,,32,E-empate,,,vote,7,for,,0x56781388,,65368,1,,0x9a39daffb1547f8c3c27440a12c3989f87253bb7f99f31d9cfd904f2a8447382,72
2026-09-23T23-05-23-489Z_n-sweep_1-2-4-8-16-32-50,V2,,32,E-empate,,,vote,8,for,,0x56781388,,65368,1,,0x78fb32003d368c09c444b5c9fccea43de00c41429413de156380f9a10754555c,72
2026-09-23T23-05-23-489Z_n-sweep_1-2-4-8-16-32-50,V2,,32,E-empate,,,vote,9,for,,0x56781388,,65368,1,,0x0c06d9f6e5704f0a5e3d65ab59636dbad8d3205cf6c60db6a739ff8d4fc26b7e,72
2026-09-23T23-05-23-489Z_n-sweep_1-2-4-8-16-32-50,V2,,32,E-empate,,,vote,10,for,,0x56781388,,65368,1,,0x71441adb435f10b46bcb6fbe90a2a4a251acfec0ae463286472877f7796939b7,72
2026-09-23T23-05-23-489Z_n-sweep_1-2-4-8-16-32-50,V2,,32,E-empate,,,vote,11,for,,0x56781388,,65368,1,,0xef165dee25090ee64820163c15afdc037a2c0cb5f5bf72308729901486309cf2,72
2026-09-23T23-05-23-489Z_n-sweep_1-2-4-8-16-32-50,V2,,32,E-empate,,,vote,12,for,,0x56781388,,65368,1,,0x47f22af3dc88ef278ec6518fb7f604873bdbdf9fc5eb927183fdba75677e17a6,72
2026-09-23T23-05-23-489Z_n-sweep_1-2-4-8-16-32-50,V2,,32,E-empate,,,vote,13,for,,0x56781388,,65368,1,,0x36f3d84b0346aabc8257963ce81368ad32cbb675eda022e9f8ba02a9dbcb32ae,72
2026-09-23T23-05-23-489Z_n-sweep_1-2-4-8-16-32-50,V2,,32,E-empate,,,vote,14,for,,0x56781388,,65368,1,,0xb2c0a9b5d150ba8d03976da76964acbb4519bcac8789a1de30dfb90e699cd8bd,72
2026-09-23T23-05-23-489Z_n-sweep_1-2-4-8-16-32-50,V2,,32,E-empate,,,vote,15,for,,0x56781388,,65368,1,,0x49334e62c14325724637fc94143bef26b4e4983b716954b1dd718d57743554ae,72
2026-09-23T23-05-23-489Z_n-sweep_1-2-4-8-16-32-50,V2,,32,E-empate,,,vote,16,for,,0x56781388,,65368,1,,0x1b5b1ee65c89a93782601a6e52777500ba88c770ab6477e320a7075e025e7829,72
2026-09-23T23-05-23-489Z_n-sweep_1-2-4-8-16-32-50,V2,,32,E-empate,,,vote,1,against,,0x56781388,,82416,1,,0x66cbdd68162c48461d45d0d661e82c7b88c41279037c7d05c26ab1e02d805239,72
2026-09-23T23-05-23-489Z_n-sweep_1-2-4-8-16-32-50,V2,,32,E-empate,,,vote,2,against,,0x56781388,,65316,1,,0xda3c5d8b501af0e5b7e7626e67c194237974473994cc0b7cfcff7f620b97600a,72
2026-09-23T23-05-23-489Z_n-sweep_1-2-4-8-16-32-50,V2,,32,E-empate,,,vote,3,against,,0x56781388,,65316,1,,0x223fa0901bc6bfd20a8813223d4777701d924c8dcf871920a2e044e7f2d1a0b3,72
2026-09-23T23-05-23-489Z_n-sweep_1-2-4-8-16-32-50,V2,,32,E-empate,,,vote,4,against,,0x56781388,,65316,1,,0x8b9045c3f95616d2e588ab8b0166b9fd93eaf6068c1d729d7d6680ab406b0dc2,72
2026-09-23T23-05-23-489Z_n-sweep_1-2-4-8-16-32-50,V2,,32,E-empate,,,vote,5,against,,0x56781388,,65316,1,,0xa250750154716d3ab12ea27aa74408e9f68612b36d48bcf8b7c713ae426f0d35,72
2026-09-23T23-05-23-489Z_n-sweep_1-2-4-8-16-32-50,V2,,32,E-empate,,,vote,6,against,,0x56781388,,65316,1,,0x143eade998a09bfd3c4b4b96c929d7cd9f296ec4f7e575d691d4fd4c083d991e,72
2026-09-23T23-05-23-489Z_n-sweep_1-2-4-8-16-32-50,V2,,32,E-empate,,,vote,7,against,,0x56781388,,65316,1,,0x8b5fb60c58dcd5f9814a60a1224192df0a84c42f7c0414a0be4ac28daa77c903,72
2026-09-23T23-05-23-489Z_n-sweep_1-2-4-8-16-32-50,V2,,32,E-empate,,,vote,8,against,,0x56781388,,65316,1,,0x799edde0aec3927a536a46aa85411de8356b8c8c1fac0b81ce5b76199b4a89ed,72
2026-09-23T23-05-23-489Z_n-sweep_1-2-4-8-16-32-50,V2,,32,E-empate,,,vote,9,against,,0x56781388,,65316,1,,0x32ba735da120eae02a9ab0667b34331e0a8586c89ffcd00335b2b8b80cd0764a,72
2026-09-23T23-05-23-489Z_n-sweep_1-2-4-8-16-32-50,V2,,32,E-empate,,,vote,10,against,,0x56781388,,65316,1,,0x5b267bcbd893dcd594e8adaa92bc4a3a267225ca23fa8522bcc54c78544a560f,72
2026-09-23T23-05-23-489Z_n-sweep_1-2-4-8-16-32-50,V2,,32,E-empate,,,vote,11,against,,0x56781388,,65316,1,,0xfd2e127b424b5e8e31f47d1de918cc4b3eaa2d45b2684f5845e3fa92aea196ec,72
2026-09-23T23-05-23-489Z_n-sweep_1-2-4-8-16-32-50,V2,,32,E-empate,,,vote,12,against,,0x56781388,,65316,1,,0x6c3f0f83f01cabeb751db1f52ce3f993dc4a0cb0813b0ab7f772ab221b4c2b91,72
2026-09-23T23-05-23-489Z_n-sweep_1-2-4-8-16-32-50,V2,,32,E-empate,,,vote,13,against,,0x56781388,,65316,1,,0xa4c8901b89556ee313437f1ba0a841b59913f930ea7e852f923ffd7624b494e4,72
2026-09-23T23-05-23-489Z_n-sweep_1-2-4-8-16-32-50,V2,,32,E-empate,,,vote,14,against,,0x56781388,,65316,1,,0xa398974e4768ec96f7d3f0f7147afae473370224700e8a4832a3417bbca140b4,72
2026-09-23T23-05-23-489Z_n-sweep_1-2-4-8-16-32-50,V2,,32,E-empate,,,vote,15,against,,0x56781388,,65316,1,,0x774bc4703cb9c0906e68ee80eaf1fd049c234a7874d25deb93731c48ee628aa9,72
2026-09-23T23-05-23-489Z_n-sweep_1-2-4-8-16-32-50,V2,,32,E-empate,,,vote,16,against,,0x56781388,,65316,1,,0xccbcec136140648e9392b54a023f4908895b3870593071eca15c5404bec3889e,72
2026-09-23T23-05-23-489Z_n-sweep_1-2-4-8-16-32-50,V2,,32,E-empate,,,execute_attempt,,,execute,0x2656227d,WasteCategoryRegistry.updateCredits,40422,0,"VM Exception while processing transaction: reverted with custom error 'GovernorUnexpectedProposalState(17355890689614507981387531773906326984749177527150675161200920670587293013598, 3, '0x0000000000000000000000000000000000000000000000000000000000000030')'",0xb33083d03e602a521b8c0ce463f446af106c55341921a3b9a7348cfa0fbd067e,72
2026-09-23T23-05-23-489Z_n-sweep_1-2-4-8-16-32-50,V0,T1,,,,,deploy_token_T1,,,constructor,0x61016060,,1621017,1,,0xece28f063ba256e8fc65152daf61fe745a7823e8ba387b1b661409f18f6dc4cc,73
2026-09-23T23-05-23-489Z_n-sweep_1-2-4-8-16-32-50,V0,,,,,,deploy_registry,,,constructor,0x60806040,,4590964,1,,0x9005486642112873086c0faf3a06ce7199e3377186a80eb6eea4235f5e1c6f56,73
2026-09-23T23-05-23-489Z_n-sweep_1-2-4-8-16-32-50,V0,,,,,,deploy_governor_V0,,,constructor,0x6101c080,,2133394,1,,0x8b33a795df9df0e5a3cb812430955580d1fb4f654a6028dd161238e13d560524,73
2026-09-23T23-05-23-489Z_n-sweep_1-2-4-8-16-32-50,V0,,,,,,grant_admin_role,,,grantRole,0x2f2ff15d,,50799,1,,0xb518a3911be32f0a59dcaec3e43c7ec54010f07f3e473d550516b1aab1a18d6b,73
2026-09-23T23-05-23-489Z_n-sweep_1-2-4-8-16-32-50,V0,,,,,,revoke_deployer_admin_role,,,revokeRole,0xd547741f,,27116,1,,0x8cb08b8b6ca45600b76a431b4cd18aee2095374e00c890903bfaa28d83b5f82b,73
2026-09-23T23-05-23-489Z_n-sweep_1-2-4-8-16-32-50,V0,,50,A-unanime,,,delegate_admin,,,,0x5c19a95c,,95559,1,,0xfa43c1f7a1a1658c8aeac58119b26e806face10fc63ae3e18099942309f4d395,73
2026-09-23T23-05-23-489Z_n-sweep_1-2-4-8-16-32-50,V0,,50,A-unanime,,,delegate,,,,0x5c19a95c,,48347,1,,0xf96ae171d39b1290c248e3ee88c92c43e24751ff4aacf46bad404cad29a33e37,73
2026-09-23T23-05-23-489Z_n-sweep_1-2-4-8-16-32-50,V0,,50,A-unanime,,,delegate,,,,0x5c19a95c,,48335,1,,0x65ff74d2610d5c80f16dc62aa4e01b339a9ecd8c95911ae092d678a9792cdcb8,73
2026-09-23T23-05-23-489Z_n-sweep_1-2-4-8-16-32-50,V0,,50,A-unanime,,,delegate,,,,0x5c19a95c,,48347,1,,0xb06e4e18b389cc3c69848b844c44927f26087a909c0e4532a1ba892e8d7bac4c,73
2026-09-23T23-05-23-489Z_n-sweep_1-2-4-8-16-32-50,V0,,50,A-unanime,,,delegate,,,,0x5c19a95c,,48347,1,,0xfdc5c4ae6e458adbd0780d18d4ef20dca6b7a02f3efff2f7c0eec7590e340a41,73
2026-09-23T23-05-23-489Z_n-sweep_1-2-4-8-16-32-50,V0,,50,A-unanime,,,delegate,,,,0x5c19a95c,,48347,1,,0x5c4d4bc02e09949d860a2c409a26209335f7c4e4eca7ac13d0e60a5cf0d0f233,73
2026-09-23T23-05-23-489Z_n-sweep_1-2-4-8-16-32-50,V0,,50,A-unanime,,,delegate,,,,0x5c19a95c,,48347,1,,0x8eb2597a239d7d5a9d780141fa850308f21a221b62b2f0b2cd01922a25b294b2,73
2026-09-23T23-05-23-489Z_n-sweep_1-2-4-8-16-32-50,V0,,50,A-unanime,,,delegate,,,,0x5c19a95c,,48347,1,,0x61b0a2cbceae6ab3b47dbad41fbaa57485b4b4545814b177fb76f5e80989f4b6,73
2026-09-23T23-05-23-489Z_n-sweep_1-2-4-8-16-32-50,V0,,50,A-unanime,,,delegate,,,,0x5c19a95c,,48347,1,,0x8e8293e79ce57e8b2bd6c914c167b0ec5858ded7d332cc962607075acbcc0b43,73
2026-09-23T23-05-23-489Z_n-sweep_1-2-4-8-16-32-50,V0,,50,A-unanime,,,delegate,,,,0x5c19a95c,,48347,1,,0x700d26ece381a9328c0c0607c8015a890a8cc373fc0ec5e3e5957a9b1720c821,73
2026-09-23T23-05-23-489Z_n-sweep_1-2-4-8-16-32-50,V0,,50,A-unanime,,,delegate,,,,0x5c19a95c,,48335,1,,0x827f347ed9162ee5aa31942cb2cd15f5b7940183deaee5d4a11b6efe87452173,73
2026-09-23T23-05-23-489Z_n-sweep_1-2-4-8-16-32-50,V0,,50,A-unanime,,,delegate,,,,0x5c19a95c,,48347,1,,0x05e0616bb804c3cd4df19f7b0cf511dbcb6e9524c52bcfbf8b39223490cc0846,73
2026-09-23T23-05-23-489Z_n-sweep_1-2-4-8-16-32-50,V0,,50,A-unanime,,,delegate,,,,0x5c19a95c,,48347,1,,0x7409a97667b08d9b70b0d678843340d442fad8337ae46944499977e000325f92,73
2026-09-23T23-05-23-489Z_n-sweep_1-2-4-8-16-32-50,V0,,50,A-unanime,,,delegate,,,,0x5c19a95c,,48347,1,,0x06bc39c687cf89ca2626bc142b16cf4a83fd68b90155fd6344acd5c17148d8a6,73
2026-09-23T23-05-23-489Z_n-sweep_1-2-4-8-16-32-50,V0,,50,A-unanime,,,delegate,,,,0x5c19a95c,,48347,1,,0xe5d3691fe9ffad366e158fc098b74dd6635f083c235a6588c23e1d5313889cc9,73
2026-09-23T23-05-23-489Z_n-sweep_1-2-4-8-16-32-50,V0,,50,A-unanime,,,delegate,,,,0x5c19a95c,,48347,1,,0x75300fe9f7d70fbe306b3cefadf0423a64334a4470eee34e958b76b4418900c0,73
2026-09-23T23-05-23-489Z_n-sweep_1-2-4-8-16-32-50,V0,,50,A-unanime,,,delegate,,,,0x5c19a95c,,48347,1,,0xef2cf8fae96fa4c95b9eb5fc78e668af4f5126a23f921c90e15afdcffccd9bf9,73
2026-09-23T23-05-23-489Z_n-sweep_1-2-4-8-16-32-50,V0,,50,A-unanime,,,delegate,,,,0x5c19a95c,,48347,1,,0x75636b14aa58b1ee084fe99cfffb238b737ed57732e5f8ae341a0948974569ff,73
2026-09-23T23-05-23-489Z_n-sweep_1-2-4-8-16-32-50,V0,,50,A-unanime,,,delegate,,,,0x5c19a95c,,48347,1,,0x65f4191d52cde8745142fbad7dab453ac77b84433334a064c65edeec324649be,73
2026-09-23T23-05-23-489Z_n-sweep_1-2-4-8-16-32-50,V0,,50,A-unanime,,,delegate,,,,0x5c19a95c,,48347,1,,0x0015672d62ab0be7ad971272757786d6751bd437c259b6f784a5abb0f9f433e0,73
2026-09-23T23-05-23-489Z_n-sweep_1-2-4-8-16-32-50,V0,,50,A-unanime,,,delegate,,,,0x5c19a95c,,48347,1,,0xf061e3370e552636294057b3e13f8e38e49eb9ccd954add59da578817c58a14b,73
2026-09-23T23-05-23-489Z_n-sweep_1-2-4-8-16-32-50,V0,,50,A-unanime,,,delegate,,,,0x5c19a95c,,48347,1,,0x68475bd925d88da79400657a3df0347cc6be2f887e9fd5fcbf64f6c37d69bf4c,73
2026-09-23T23-05-23-489Z_n-sweep_1-2-4-8-16-32-50,V0,,50,A-unanime,,,delegate,,,,0x5c19a95c,,48347,1,,0xd0da4d004b36ebb022f1b178255cff262f0f75fc2d5a7fda434ccc846c4f7499,73
2026-09-23T23-05-23-489Z_n-sweep_1-2-4-8-16-32-50,V0,,50,A-unanime,,,delegate,,,,0x5c19a95c,,48347,1,,0xaae5636599004f1ba254fea80dbb33335f44a116db4d94090e99b80481406327,73
2026-09-23T23-05-23-489Z_n-sweep_1-2-4-8-16-32-50,V0,,50,A-unanime,,,delegate,,,,0x5c19a95c,,48347,1,,0xfcd4c1dd668d5148e045ce4771c59bdb6f602ef49d2404bbfeb296fc6ce93753,73
2026-09-23T23-05-23-489Z_n-sweep_1-2-4-8-16-32-50,V0,,50,A-unanime,,,delegate,,,,0x5c19a95c,,48335,1,,0x4ebfe89be7e94686ecfb217057d8b4fa5161bcce6d50adcc044a0aff6d4282af,73
2026-09-23T23-05-23-489Z_n-sweep_1-2-4-8-16-32-50,V0,,50,A-unanime,,,delegate,,,,0x5c19a95c,,48347,1,,0xb3d77ed4f7a6d94080b6c775433f6c6f21a916c783059136f4572f52dc3a8874,73
2026-09-23T23-05-23-489Z_n-sweep_1-2-4-8-16-32-50,V0,,50,A-unanime,,,delegate,,,,0x5c19a95c,,48347,1,,0x127f4971e3e590d8328bd74ed6096c37b20e6836b27cf90514b9a87cd503f413,73
2026-09-23T23-05-23-489Z_n-sweep_1-2-4-8-16-32-50,V0,,50,A-unanime,,,delegate,,,,0x5c19a95c,,48347,1,,0xb67155a13ea706a326342e60462ed0ed7c4a680e0112e43260248751f2fe896b,73
2026-09-23T23-05-23-489Z_n-sweep_1-2-4-8-16-32-50,V0,,50,A-unanime,,,delegate,,,,0x5c19a95c,,48347,1,,0xe2be7e7d00839d4fa7d3020666aa9dcf9efcdc40f9fa77a35592a87459c52b90,73
2026-09-23T23-05-23-489Z_n-sweep_1-2-4-8-16-32-50,V0,,50,A-unanime,,,delegate,,,,0x5c19a95c,,48347,1,,0xb535243780f9c28da64ec7309760125fe2487568589114d83acf79e30a47d760,73
2026-09-23T23-05-23-489Z_n-sweep_1-2-4-8-16-32-50,V0,,50,A-unanime,,,delegate,,,,0x5c19a95c,,48347,1,,0x293dda08d12cb640488f1dad6a8ab9d2c5b59be364ffe60275d52382b886183e,73
2026-09-23T23-05-23-489Z_n-sweep_1-2-4-8-16-32-50,V0,,50,A-unanime,,,delegate,,,,0x5c19a95c,,48347,1,,0xacef40fd99317b96d80072941137339058a20720c237b0b3cc16b1e2fa83b630,73
2026-09-23T23-05-23-489Z_n-sweep_1-2-4-8-16-32-50,V0,,50,A-unanime,,,delegate,,,,0x5c19a95c,,48347,1,,0x874e3bdbbb382b33fc802e762b8afaeb74890371f9e90e42b654398963d5450a,73
2026-09-23T23-05-23-489Z_n-sweep_1-2-4-8-16-32-50,V0,,50,A-unanime,,,delegate,,,,0x5c19a95c,,48347,1,,0xc4ce881a3229757ef0916b5b38f56fd71ea37dc4ce0c25657fe825333b1390a9,73
2026-09-23T23-05-23-489Z_n-sweep_1-2-4-8-16-32-50,V0,,50,A-unanime,,,delegate,,,,0x5c19a95c,,48347,1,,0x948aa1237a772b9ae7ceaf6a877c58a9eaee86be4b1632334a83eb32fc9c970e,73
2026-09-23T23-05-23-489Z_n-sweep_1-2-4-8-16-32-50,V0,,50,A-unanime,,,delegate,,,,0x5c19a95c,,48347,1,,0x724a0f6b2002a9186c36b165e7ecbbc7a40a76030969b40a2e2577eb54a1820f,73
2026-09-23T23-05-23-489Z_n-sweep_1-2-4-8-16-32-50,V0,,50,A-unanime,,,delegate,,,,0x5c19a95c,,48347,1,,0xe6bf6e8535c492cbc219ebcb66906e13fe0e8aba65db27b0ee807a9ce50159a6,73
2026-09-23T23-05-23-489Z_n-sweep_1-2-4-8-16-32-50,V0,,50,A-unanime,,,delegate,,,,0x5c19a95c,,48347,1,,0x99934c52da999bd333bf0bcb8dcb9052eb729ff6de129a19e7858a1114758b5f,73
2026-09-23T23-05-23-489Z_n-sweep_1-2-4-8-16-32-50,V0,,50,A-unanime,,,delegate,,,,0x5c19a95c,,48347,1,,0xae5a74f4a15509d401b33a9d2e0d0b103c7368bbda3092183fd7afec21fe1b38,73
2026-09-23T23-05-23-489Z_n-sweep_1-2-4-8-16-32-50,V0,,50,A-unanime,,,delegate,,,,0x5c19a95c,,48347,1,,0x4e03c40365e3f08445610173d8a5aab17c1a9985617b23002e99146989bde67b,73
2026-09-23T23-05-23-489Z_n-sweep_1-2-4-8-16-32-50,V0,,50,A-unanime,,,delegate,,,,0x5c19a95c,,48347,1,,0xbd7c7e71b663e95a1ebb4df4d571f63f55405d7c2a5a3b82f3bfd4bd2f4a4f3c,73
2026-09-23T23-05-23-489Z_n-sweep_1-2-4-8-16-32-50,V0,,50,A-unanime,,,delegate,,,,0x5c19a95c,,48347,1,,0x5710d169af4337148348bf7e90435b7ad2643c5cb5e68be237c055acf992bb1d,73
2026-09-23T23-05-23-489Z_n-sweep_1-2-4-8-16-32-50,V0,,50,A-unanime,,,delegate,,,,0x5c19a95c,,48347,1,,0x26ac86c5b4e952fd269d281f8f584bac9de144147fc74ac458b0892301875b65,73
2026-09-23T23-05-23-489Z_n-sweep_1-2-4-8-16-32-50,V0,,50,A-unanime,,,delegate,,,,0x5c19a95c,,48347,1,,0xdd18dda4f7d2f9d5017a5099fc65f2bde9900c2b7f7cd9142c85bc45302d997d,73
2026-09-23T23-05-23-489Z_n-sweep_1-2-4-8-16-32-50,V0,,50,A-unanime,,,delegate,,,,0x5c19a95c,,48347,1,,0x2526a88e7a9bc23abf7e291112eed1cf1dc580bc6f130dac24bd7d5944d87477,73
2026-09-23T23-05-23-489Z_n-sweep_1-2-4-8-16-32-50,V0,,50,A-unanime,,,delegate,,,,0x5c19a95c,,48347,1,,0x3075040da32eb21282662e62054f3e200a8446f2d4f403eef3fa94bb1635ff76,73
2026-09-23T23-05-23-489Z_n-sweep_1-2-4-8-16-32-50,V0,,50,A-unanime,,,delegate,,,,0x5c19a95c,,48347,1,,0x066952594f6e38e25be3e8a6a7f209366afa55abc166c93a8e224bb511c8494d,73
2026-09-23T23-05-23-489Z_n-sweep_1-2-4-8-16-32-50,V0,,50,A-unanime,,,delegate,,,,0x5c19a95c,,48335,1,,0x8bb8a33bff13c7144c1f418543083d6f94567244d79ea8f619a0c75a2f27fa4a,73
2026-09-23T23-05-23-489Z_n-sweep_1-2-4-8-16-32-50,V0,,50,A-unanime,,,delegate,,,,0x5c19a95c,,48347,1,,0x6c54c809c4f9534d5cba051c534c1e8766baef0a8a908131461d33d9128bbfcc,73
2026-09-23T23-05-23-489Z_n-sweep_1-2-4-8-16-32-50,V0,,50,A-unanime,,,delegate,,,,0x5c19a95c,,48347,1,,0x8adf4db6c4d4616dc2f62bf4dd64239a4831bcda025ec23ae708a17092102b68,73
2026-09-23T23-05-23-489Z_n-sweep_1-2-4-8-16-32-50,V0,,50,A-unanime,,,transfer,,,,0xa9059cbb,,135960,1,,0x4738f12ddbf16b15af30490182badd2176f325bdbab0b6478398bbec79b7dc28,73
2026-09-23T23-05-23-489Z_n-sweep_1-2-4-8-16-32-50,V0,,50,A-unanime,,,transfer,,,,0xa9059cbb,,135948,1,,0xdb5365bb2be3b7b8cc112f0213d633ade3c7e7bc7ad9aaecf62e64ed9e1a7caf,73
2026-09-23T23-05-23-489Z_n-sweep_1-2-4-8-16-32-50,V0,,50,A-unanime,,,transfer,,,,0xa9059cbb,,135960,1,,0xf98f425e5752485b25ef0ccd95a4c78376b83c881983a0bac773be47febfb65f,73
2026-09-23T23-05-23-489Z_n-sweep_1-2-4-8-16-32-50,V0,,50,A-unanime,,,transfer,,,,0xa9059cbb,,135960,1,,0x282473fb0ccbf3e1c08e1e9108475757ea33bdb7a1ec0fd7e9972935b8147ff9,73
2026-09-23T23-05-23-489Z_n-sweep_1-2-4-8-16-32-50,V0,,50,A-unanime,,,transfer,,,,0xa9059cbb,,135960,1,,0x3be689c6bafe86b1298a5cdf8208350cc4ed03f598caecb4ba939120ca95cbdc,73
2026-09-23T23-05-23-489Z_n-sweep_1-2-4-8-16-32-50,V0,,50,A-unanime,,,transfer,,,,0xa9059cbb,,135960,1,,0x9de6714ab89d8a5fd3f2597570bc143f3a1af9127378ed9af281e65fc3ec9fe3,73
2026-09-23T23-05-23-489Z_n-sweep_1-2-4-8-16-32-50,V0,,50,A-unanime,,,transfer,,,,0xa9059cbb,,135960,1,,0x7e80f334a1dee70982fdab945ebab57269fa1beb2d43e65f710360b0a2cd982e,73
2026-09-23T23-05-23-489Z_n-sweep_1-2-4-8-16-32-50,V0,,50,A-unanime,,,transfer,,,,0xa9059cbb,,135960,1,,0x27b1ae83c293848bd4c7ef8e83394180fe459102a982bdb0e0ae72172b47c354,73
2026-09-23T23-05-23-489Z_n-sweep_1-2-4-8-16-32-50,V0,,50,A-unanime,,,transfer,,,,0xa9059cbb,,135960,1,,0x96b0fdfd4af3aa894f947917a36b55e1ad07a60d97edb7750d413e9dee2381db,73
2026-09-23T23-05-23-489Z_n-sweep_1-2-4-8-16-32-50,V0,,50,A-unanime,,,transfer,,,,0xa9059cbb,,135948,1,,0x7453cb68c65eced2c1a8c0edc7d2e6fa2a15d17379d1524cccbce7273eb710e2,73
2026-09-23T23-05-23-489Z_n-sweep_1-2-4-8-16-32-50,V0,,50,A-unanime,,,transfer,,,,0xa9059cbb,,135960,1,,0xcfdfd9f8e74005133c4ec2fd8a45d7fa3c34b933659d0d018b7373909c364a3e,73
2026-09-23T23-05-23-489Z_n-sweep_1-2-4-8-16-32-50,V0,,50,A-unanime,,,transfer,,,,0xa9059cbb,,135960,1,,0x2e2a45a060e33ad6eba15323c3a182a7702afc84c27cee14937941973cb7195b,73
2026-09-23T23-05-23-489Z_n-sweep_1-2-4-8-16-32-50,V0,,50,A-unanime,,,transfer,,,,0xa9059cbb,,135960,1,,0x722861688ab8b9316c7799d53a4d244274fa5496db0445e9c2d2dfebf40d2897,73
2026-09-23T23-05-23-489Z_n-sweep_1-2-4-8-16-32-50,V0,,50,A-unanime,,,transfer,,,,0xa9059cbb,,135960,1,,0xf2376b0b632ee2352a46ae959e025cffa360b8a0b80fe50067621a998c1c43ad,73
2026-09-23T23-05-23-489Z_n-sweep_1-2-4-8-16-32-50,V0,,50,A-unanime,,,transfer,,,,0xa9059cbb,,135960,1,,0x156ccb35128f8673eab3be2c7c688727058a7508fbe508737eafc52903bd8a6c,73
2026-09-23T23-05-23-489Z_n-sweep_1-2-4-8-16-32-50,V0,,50,A-unanime,,,transfer,,,,0xa9059cbb,,135960,1,,0x434ff5731b4fe7cad4d5fae127a37979539dd00a9c81ff44d7f9952eaec35981,73
2026-09-23T23-05-23-489Z_n-sweep_1-2-4-8-16-32-50,V0,,50,A-unanime,,,transfer,,,,0xa9059cbb,,135960,1,,0xff53509b7ffa83e91a8d9f7308739cadef5de861d1ac9b010f8563630ddbb9e8,73
2026-09-23T23-05-23-489Z_n-sweep_1-2-4-8-16-32-50,V0,,50,A-unanime,,,transfer,,,,0xa9059cbb,,135960,1,,0x1481a6fac12abbfb5ae438615ae4c4890ac6c3f37e8bafd47abaebebb776710e,73
2026-09-23T23-05-23-489Z_n-sweep_1-2-4-8-16-32-50,V0,,50,A-unanime,,,transfer,,,,0xa9059cbb,,135960,1,,0x40d31992dad738e7161a566a97470f4f23d6224713e3a3a21f23a99f256113ad,73
2026-09-23T23-05-23-489Z_n-sweep_1-2-4-8-16-32-50,V0,,50,A-unanime,,,transfer,,,,0xa9059cbb,,135960,1,,0xd431457b152a5fbcd99e6a68f5e09c4ea8ddcc9957b99171d54a0ec35f2e2d5a,73
2026-09-23T23-05-23-489Z_n-sweep_1-2-4-8-16-32-50,V0,,50,A-unanime,,,transfer,,,,0xa9059cbb,,135960,1,,0xdaeea444fedb436c0f47827c738f564c1f0cd769f13db84099d2267a182c9da4,73
2026-09-23T23-05-23-489Z_n-sweep_1-2-4-8-16-32-50,V0,,50,A-unanime,,,transfer,,,,0xa9059cbb,,135960,1,,0xb6aac0f166fa785c1143df1ecc212bd14ea1f84c2b60f02bb9852740c6bd0b1f,73
2026-09-23T23-05-23-489Z_n-sweep_1-2-4-8-16-32-50,V0,,50,A-unanime,,,transfer,,,,0xa9059cbb,,135960,1,,0x789df9d95ad058b19bb121d61079bb7415b425edf0e895abea736359d155b086,73
2026-09-23T23-05-23-489Z_n-sweep_1-2-4-8-16-32-50,V0,,50,A-unanime,,,transfer,,,,0xa9059cbb,,135960,1,,0x01501a0527d8caa8394991f46f946df92ecc192ee6850c384c5525558f7eb592,73
2026-09-23T23-05-23-489Z_n-sweep_1-2-4-8-16-32-50,V0,,50,A-unanime,,,transfer,,,,0xa9059cbb,,135948,1,,0x3b06d60815284c0ce920efdf41b4432d07213c3928da5626c700316a2c40c2c0,73
2026-09-23T23-05-23-489Z_n-sweep_1-2-4-8-16-32-50,V0,,50,A-unanime,,,transfer,,,,0xa9059cbb,,135960,1,,0x6bb98515438640ac2e7fa535c7796ef27283be00a404038eba97c552161e6001,73
2026-09-23T23-05-23-489Z_n-sweep_1-2-4-8-16-32-50,V0,,50,A-unanime,,,transfer,,,,0xa9059cbb,,135960,1,,0x84de23390c0a8dcca680eb39469b10b60dbb26548279fad2329dd60c75502d0b,73
2026-09-23T23-05-23-489Z_n-sweep_1-2-4-8-16-32-50,V0,,50,A-unanime,,,transfer,,,,0xa9059cbb,,135960,1,,0x33f8412c15d4105b6d336a8b07bbfb7d530e5b10ef6319f32d920ebb838648ec,73
2026-09-23T23-05-23-489Z_n-sweep_1-2-4-8-16-32-50,V0,,50,A-unanime,,,transfer,,,,0xa9059cbb,,135960,1,,0xb0333deee0af7b78d7b4b5b86633676bdae519326d484603675db0f26c88b9df,73
2026-09-23T23-05-23-489Z_n-sweep_1-2-4-8-16-32-50,V0,,50,A-unanime,,,transfer,,,,0xa9059cbb,,135960,1,,0x91a6b5a93ddd89ffbf66ac0296cdf3b1d313cd0b2890835c17ba5adcaced8ec8,73
2026-09-23T23-05-23-489Z_n-sweep_1-2-4-8-16-32-50,V0,,50,A-unanime,,,transfer,,,,0xa9059cbb,,135960,1,,0x42ed8d1330be1065c1cc3e101c7a5a7e20cb148393a8d14d461f9b76c541d4e7,73
2026-09-23T23-05-23-489Z_n-sweep_1-2-4-8-16-32-50,V0,,50,A-unanime,,,transfer,,,,0xa9059cbb,,135960,1,,0xb87afa69226d6b02977149ca6957bfad332e6a77c1ad200e790fad912b0a8b1c,73
2026-09-23T23-05-23-489Z_n-sweep_1-2-4-8-16-32-50,V0,,50,A-unanime,,,transfer,,,,0xa9059cbb,,135960,1,,0xd31a5f77ec78cf0dcc46abd6824fc36e0343c70ec7558c5b8b8680a5179c3cee,73
2026-09-23T23-05-23-489Z_n-sweep_1-2-4-8-16-32-50,V0,,50,A-unanime,,,transfer,,,,0xa9059cbb,,135960,1,,0x3a1cd3ff214ca838bb1f0a7b8e05b8066c941dae934ff8ef5f7d24e51e218d9f,73
2026-09-23T23-05-23-489Z_n-sweep_1-2-4-8-16-32-50,V0,,50,A-unanime,,,transfer,,,,0xa9059cbb,,135960,1,,0x800f8dd0a0df31e55c4e4712a5972e0d1497dbb92fd85a7ee8c309306ae69f3e,73
2026-09-23T23-05-23-489Z_n-sweep_1-2-4-8-16-32-50,V0,,50,A-unanime,,,transfer,,,,0xa9059cbb,,135960,1,,0x9c84268ba43fd38465cfd4cbb6628f9f3f9664cc537e635196844f423439df36,73
2026-09-23T23-05-23-489Z_n-sweep_1-2-4-8-16-32-50,V0,,50,A-unanime,,,transfer,,,,0xa9059cbb,,135960,1,,0x5b82226f4b3968c0c11ff4245b77ddb5c737ac3d9384e7f0f5dacf91ae505b7c,73
2026-09-23T23-05-23-489Z_n-sweep_1-2-4-8-16-32-50,V0,,50,A-unanime,,,transfer,,,,0xa9059cbb,,135960,1,,0x6b5817c5a2f3233a1f4755f91eec5b61a72e50556aeb151d1df361f8dcacafea,73
2026-09-23T23-05-23-489Z_n-sweep_1-2-4-8-16-32-50,V0,,50,A-unanime,,,transfer,,,,0xa9059cbb,,135960,1,,0x00442dfd61843442f2f62e78bcf59b803dd8498b1bad260878d59e06f48aaf95,73
2026-09-23T23-05-23-489Z_n-sweep_1-2-4-8-16-32-50,V0,,50,A-unanime,,,transfer,,,,0xa9059cbb,,135960,1,,0xf5d2b3eeffb65a663d93b8d3c809b6e5121b8784e868e51af3bdba2deee35a8b,73
2026-09-23T23-05-23-489Z_n-sweep_1-2-4-8-16-32-50,V0,,50,A-unanime,,,transfer,,,,0xa9059cbb,,135960,1,,0xf3df28ed5d40b48f8919791b5b9ed50c0de598885569cd4cda2c88678140358b,73
2026-09-23T23-05-23-489Z_n-sweep_1-2-4-8-16-32-50,V0,,50,A-unanime,,,transfer,,,,0xa9059cbb,,135960,1,,0xae8265c953b3c6c844fd5e7f9c7464dcd5160d081bd3f12119dae553d5383d46,73
2026-09-23T23-05-23-489Z_n-sweep_1-2-4-8-16-32-50,V0,,50,A-unanime,,,transfer,,,,0xa9059cbb,,135960,1,,0x2bedec0ecd73ac805d76d0b0f124d689002219a8553658ae536e50df35c6d9db,73
2026-09-23T23-05-23-489Z_n-sweep_1-2-4-8-16-32-50,V0,,50,A-unanime,,,transfer,,,,0xa9059cbb,,135960,1,,0x7911352af92914fc012e9271fef77802aaf80cb03b085ac5b36a82617ef3d87f,73
2026-09-23T23-05-23-489Z_n-sweep_1-2-4-8-16-32-50,V0,,50,A-unanime,,,transfer,,,,0xa9059cbb,,135960,1,,0x527083c9aa09a186a9dfde1d6e11e56a88c23af4ff1df829641f565d467e9eb3,73
2026-09-23T23-05-23-489Z_n-sweep_1-2-4-8-16-32-50,V0,,50,A-unanime,,,transfer,,,,0xa9059cbb,,135960,1,,0x4fcb61575570970b077a3f0175ad61e8f9b670d214f189be9284c9e38d23ea97,73
2026-09-23T23-05-23-489Z_n-sweep_1-2-4-8-16-32-50,V0,,50,A-unanime,,,transfer,,,,0xa9059cbb,,135960,1,,0x4e542c0f00edf948e31ae0044ddc651c40f57f37ff7015611a62d6daf389f5c0,73
2026-09-23T23-05-23-489Z_n-sweep_1-2-4-8-16-32-50,V0,,50,A-unanime,,,transfer,,,,0xa9059cbb,,135948,1,,0x678ff5ad84e5f134b40dad86f148a340f9fbc604f5ec27a98b7c60856ee1e375,73
2026-09-23T23-05-23-489Z_n-sweep_1-2-4-8-16-32-50,V0,,50,A-unanime,,,transfer,,,,0xa9059cbb,,135960,1,,0x8c9fe884dc095bd2cb142ad2f4c3a32815bf358db82984445b1bebe0c495a13f,73
2026-09-23T23-05-23-489Z_n-sweep_1-2-4-8-16-32-50,V0,,50,A-unanime,,,transfer,,,,0xa9059cbb,,135960,1,,0xcae168b52d2afa75f1568ef6aadf2694b4b83c844b2cc07cfa891dbd891f714c,73
2026-09-23T23-05-23-489Z_n-sweep_1-2-4-8-16-32-50,V0,,50,A-unanime,,,propose,,,propose,0x7d5e81e2,WasteCategoryRegistry.updateCredits,63351,1,,0xf2455ec6bdcf3c2397b672344db3f717addd05600d2df32652f98d39c10098d7,73
2026-09-23T23-05-23-489Z_n-sweep_1-2-4-8-16-32-50,V0,,50,A-unanime,,,vote,1,for,,0x56781388,,81899,1,,0x79cf3aa5d408a48a2df3ddadf3f5fd457bc5902810020bf62bee96065b50fb7e,73
2026-09-23T23-05-23-489Z_n-sweep_1-2-4-8-16-32-50,V0,,50,A-unanime,,,vote,2,for,,0x56781388,,64799,1,,0x46147c1441061dccf9fa27ec41121ba5b726f066f09d87f33d80ec7c82f6f0c1,73
2026-09-23T23-05-23-489Z_n-sweep_1-2-4-8-16-32-50,V0,,50,A-unanime,,,vote,3,for,,0x56781388,,64799,1,,0x3ddeffe814ca425fca3e0b4b9afd418d47301d221bfa3da47e9ea346f4c3f741,73
2026-09-23T23-05-23-489Z_n-sweep_1-2-4-8-16-32-50,V0,,50,A-unanime,,,vote,4,for,,0x56781388,,64799,1,,0x57a43f7dc920f38a18dcac9e0e3062bac139a2f11e6c33f7c79bcfa274daea41,73
2026-09-23T23-05-23-489Z_n-sweep_1-2-4-8-16-32-50,V0,,50,A-unanime,,,vote,5,for,,0x56781388,,64799,1,,0x2b860b038556fbfe721ea10af17f04902a7437792fe39172919b78ec773e1a46,73
2026-09-23T23-05-23-489Z_n-sweep_1-2-4-8-16-32-50,V0,,50,A-unanime,,,vote,6,for,,0x56781388,,64799,1,,0x14bfdd3d9e6dfebeeca868a7e60879966ebaadd5af775b52ef407481646b7e41,73
2026-09-23T23-05-23-489Z_n-sweep_1-2-4-8-16-32-50,V0,,50,A-unanime,,,vote,7,for,,0x56781388,,64799,1,,0x988b984459e3c4b3373e7d442c7a2d318a49433cc520367bd50a3652e55ff63b,73
2026-09-23T23-05-23-489Z_n-sweep_1-2-4-8-16-32-50,V0,,50,A-unanime,,,vote,8,for,,0x56781388,,64799,1,,0x8dd30ab65f98a7c1b2f22262e34654db767e3b43db271bb0ce7ef83bd962bc4c,73
2026-09-23T23-05-23-489Z_n-sweep_1-2-4-8-16-32-50,V0,,50,A-unanime,,,vote,9,for,,0x56781388,,64799,1,,0x7305d78f04da1fc2c4615766b2a2dcd5cde0f855b140ed5be0a409e123042c20,73
2026-09-23T23-05-23-489Z_n-sweep_1-2-4-8-16-32-50,V0,,50,A-unanime,,,vote,10,for,,0x56781388,,64799,1,,0x24c71249334af0a947ba03b55a637a0bf1d1cb88fba2b9011145d6bd196002ba,73
2026-09-23T23-05-23-489Z_n-sweep_1-2-4-8-16-32-50,V0,,50,A-unanime,,,vote,11,for,,0x56781388,,64799,1,,0xe5a9467b109c46b7f0f781d8ffd4c6739e36c3bea5877bcf7e701260b788ec59,73
2026-09-23T23-05-23-489Z_n-sweep_1-2-4-8-16-32-50,V0,,50,A-unanime,,,vote,12,for,,0x56781388,,64799,1,,0x1f1f7a33c489d2415157445621eab8d3060c8afaf8fae15f724edcb30d5070f0,73
2026-09-23T23-05-23-489Z_n-sweep_1-2-4-8-16-32-50,V0,,50,A-unanime,,,vote,13,for,,0x56781388,,64799,1,,0x159701bc1759e6b9ebca7289b5071033829ff86ddd862ffa4dcb867acd634ced,73
2026-09-23T23-05-23-489Z_n-sweep_1-2-4-8-16-32-50,V0,,50,A-unanime,,,vote,14,for,,0x56781388,,64799,1,,0x7276e920866824fc35b00e68bb94b563554f5c8155cbf90d89792b0f8aa0dc21,73
2026-09-23T23-05-23-489Z_n-sweep_1-2-4-8-16-32-50,V0,,50,A-unanime,,,vote,15,for,,0x56781388,,64799,1,,0x5fd90d4b792d238836f4d28bd5f1d9fe47c41869011d4de37d84b45ff0979d13,73
2026-09-23T23-05-23-489Z_n-sweep_1-2-4-8-16-32-50,V0,,50,A-unanime,,,vote,16,for,,0x56781388,,64799,1,,0x7cf88470deebb95ef9a9904280da6c660171a3385bbc05b0d194eecae1e51970,73
2026-09-23T23-05-23-489Z_n-sweep_1-2-4-8-16-32-50,V0,,50,A-unanime,,,vote,17,for,,0x56781388,,64799,1,,0x0170c5d18eaf75f655369471076c783d505c41539baf3cafbdef259653c742cf,73
2026-09-23T23-05-23-489Z_n-sweep_1-2-4-8-16-32-50,V0,,50,A-unanime,,,vote,18,for,,0x56781388,,64799,1,,0x02fdc5df7697fd2dd31753043e34a4a3b45c76e2afe1d98f84300bdfee2851ea,73
2026-09-23T23-05-23-489Z_n-sweep_1-2-4-8-16-32-50,V0,,50,A-unanime,,,vote,19,for,,0x56781388,,64799,1,,0xc277bc2f4f48e9575b1fe77e78ceae48f965105c4473cf5a4a5aab5afdb86b42,73
2026-09-23T23-05-23-489Z_n-sweep_1-2-4-8-16-32-50,V0,,50,A-unanime,,,vote,20,for,,0x56781388,,64799,1,,0x8f82e430405d3951e34cca47794996ba898f3dbb6364371ead8baa93021739ab,73
2026-09-23T23-05-23-489Z_n-sweep_1-2-4-8-16-32-50,V0,,50,A-unanime,,,vote,21,for,,0x56781388,,64799,1,,0x80041eea3bbe8525227cfff984b46b8534ced69eb8b5957c0b5697eb84ffc007,73
2026-09-23T23-05-23-489Z_n-sweep_1-2-4-8-16-32-50,V0,,50,A-unanime,,,vote,22,for,,0x56781388,,64799,1,,0xc2c16e5bdeeae7efe8532c8af20e014c03a444340a33527bdfef124efef6b132,73
2026-09-23T23-05-23-489Z_n-sweep_1-2-4-8-16-32-50,V0,,50,A-unanime,,,vote,23,for,,0x56781388,,64799,1,,0x7e0aac315e359806ad37f371be34da3d850e4e7b142340ce78168920a496a7e7,73
2026-09-23T23-05-23-489Z_n-sweep_1-2-4-8-16-32-50,V0,,50,A-unanime,,,vote,24,for,,0x56781388,,64799,1,,0x4019c8211a8edb98e5d8c32bf4d175e65357bc512321688c6097a3dbc26973a8,73
2026-09-23T23-05-23-489Z_n-sweep_1-2-4-8-16-32-50,V0,,50,A-unanime,,,vote,25,for,,0x56781388,,64799,1,,0xbad9dc9eba4e695cdbead7c6802c3b5741899d67323ed887b620e8a4c1fccab1,73
2026-09-23T23-05-23-489Z_n-sweep_1-2-4-8-16-32-50,V0,,50,A-unanime,,,vote,26,for,,0x56781388,,64799,1,,0xf5be5d7f5f96e889928b4eed53f6c254bd62cc4d5b051ff21624ba009f11c8b4,73
2026-09-23T23-05-23-489Z_n-sweep_1-2-4-8-16-32-50,V0,,50,A-unanime,,,vote,27,for,,0x56781388,,64799,1,,0x4984b6bd24531358161256abdf16293a8651715dcbf45668cad18f414c923821,73
2026-09-23T23-05-23-489Z_n-sweep_1-2-4-8-16-32-50,V0,,50,A-unanime,,,vote,28,for,,0x56781388,,64799,1,,0x288450641bea17b0ec68990ea1ed9ec01a8d4a3c1ae58efc719611291a8f713b,73
2026-09-23T23-05-23-489Z_n-sweep_1-2-4-8-16-32-50,V0,,50,A-unanime,,,vote,29,for,,0x56781388,,64799,1,,0x798a6c9744d7c9eebaa78103dd1473224941b9fa2695ff74907dd1d58e530e81,73
2026-09-23T23-05-23-489Z_n-sweep_1-2-4-8-16-32-50,V0,,50,A-unanime,,,vote,30,for,,0x56781388,,64799,1,,0xf017d73a283dadad82487c015860f84144cbc955151c56889c403641f55af20d,73
2026-09-23T23-05-23-489Z_n-sweep_1-2-4-8-16-32-50,V0,,50,A-unanime,,,vote,31,for,,0x56781388,,64799,1,,0xd4ca0fdeb3ac4e8cc6855863677e616590419686461c257e9eea78f74ea2359c,73
2026-09-23T23-05-23-489Z_n-sweep_1-2-4-8-16-32-50,V0,,50,A-unanime,,,vote,32,for,,0x56781388,,64799,1,,0x227c9ea906b2189eb218e7f928d92f3ce81d276e3b836c66f4c59dcc20bb19cc,73
2026-09-23T23-05-23-489Z_n-sweep_1-2-4-8-16-32-50,V0,,50,A-unanime,,,vote,33,for,,0x56781388,,64799,1,,0x26d54b12e6162bd80b65430fcaa9acaeb2758a1d41ecfc98649d88be45dc9ea2,73
2026-09-23T23-05-23-489Z_n-sweep_1-2-4-8-16-32-50,V0,,50,A-unanime,,,vote,34,for,,0x56781388,,64799,1,,0x406d576a9664a8473d2ba1414fe80e2bafaa46147152bdd652f05e6c891cb51d,73
2026-09-23T23-05-23-489Z_n-sweep_1-2-4-8-16-32-50,V0,,50,A-unanime,,,vote,35,for,,0x56781388,,64799,1,,0xc00f7d18a5bd69ab360d8118338d8c0b6798d41829db59b281e9cc3ebb415a11,73
2026-09-23T23-05-23-489Z_n-sweep_1-2-4-8-16-32-50,V0,,50,A-unanime,,,vote,36,for,,0x56781388,,64799,1,,0xac2eff4fbe5049753f581c63cdca8ad37824920ec797a89ed8eb5866dead00b8,73
2026-09-23T23-05-23-489Z_n-sweep_1-2-4-8-16-32-50,V0,,50,A-unanime,,,vote,37,for,,0x56781388,,64799,1,,0xf38f4eb8db78781775c03ca80231f5260f14395d818e93306e8462758238f8f1,73
2026-09-23T23-05-23-489Z_n-sweep_1-2-4-8-16-32-50,V0,,50,A-unanime,,,vote,38,for,,0x56781388,,64799,1,,0x69d53b41d4ad442bd8940ca1542cda3abfb91b97dfc1b0a3780bf983ea5e01e3,73
2026-09-23T23-05-23-489Z_n-sweep_1-2-4-8-16-32-50,V0,,50,A-unanime,,,vote,39,for,,0x56781388,,64799,1,,0xbc85587c94e3b98e42cb4e4a750d4e2d38e60f47e416cf0d663d21fcc719f62f,73
2026-09-23T23-05-23-489Z_n-sweep_1-2-4-8-16-32-50,V0,,50,A-unanime,,,vote,40,for,,0x56781388,,64799,1,,0xc556a7dfabc539684a2146b051e18263ad729600d2b726ec9645033ef647b4e3,73
2026-09-23T23-05-23-489Z_n-sweep_1-2-4-8-16-32-50,V0,,50,A-unanime,,,vote,41,for,,0x56781388,,64799,1,,0x62e6a67393e9110a4b69f1fad301a3a990f3fc59be41b0a49988fadfdfdead10,73
2026-09-23T23-05-23-489Z_n-sweep_1-2-4-8-16-32-50,V0,,50,A-unanime,,,vote,42,for,,0x56781388,,64799,1,,0x5595f697fa39e15f5e1443444a44d0d4457b7631f23531cd5d7082392b9f87d4,73
2026-09-23T23-05-23-489Z_n-sweep_1-2-4-8-16-32-50,V0,,50,A-unanime,,,vote,43,for,,0x56781388,,64799,1,,0x8fd1cc9c44c9b429b6b32100204fdc527a88bd47ecf860183aa30a76d5d6442c,73
2026-09-23T23-05-23-489Z_n-sweep_1-2-4-8-16-32-50,V0,,50,A-unanime,,,vote,44,for,,0x56781388,,64799,1,,0x55ac7f8eac3380ff95389ed70b410b115c317e171521ad97ec1205b1ac966112,73
2026-09-23T23-05-23-489Z_n-sweep_1-2-4-8-16-32-50,V0,,50,A-unanime,,,vote,45,for,,0x56781388,,64799,1,,0xa95f8b08b01a1c77b0e89be396cca6f3fab7e1630e7ff8a735002cae845e88a7,73
2026-09-23T23-05-23-489Z_n-sweep_1-2-4-8-16-32-50,V0,,50,A-unanime,,,vote,46,for,,0x56781388,,64799,1,,0x8086ced5012e65d8dcf241a210d6d8904956fb2c95056d15cc5a12814089ab78,73
2026-09-23T23-05-23-489Z_n-sweep_1-2-4-8-16-32-50,V0,,50,A-unanime,,,vote,47,for,,0x56781388,,64799,1,,0xb0cb7f0f3437c78393252af5274ad8673538b1f5f9b38f7c45458befbb17dea4,73
2026-09-23T23-05-23-489Z_n-sweep_1-2-4-8-16-32-50,V0,,50,A-unanime,,,vote,48,for,,0x56781388,,64799,1,,0x767fd8853388f84dd6fca7c09364e4388570f508873d25d564fb6501d91ec45b,73
2026-09-23T23-05-23-489Z_n-sweep_1-2-4-8-16-32-50,V0,,50,A-unanime,,,vote,49,for,,0x56781388,,64799,1,,0xdb54d66edb0db99cd9fe8f67acaa5cfb685ae20532b1f44852d8878807096c7f,73
2026-09-23T23-05-23-489Z_n-sweep_1-2-4-8-16-32-50,V0,,50,A-unanime,,,vote,50,for,,0x56781388,,64799,1,,0xcee9ba086330cb5df31661364287234f1f6fddc4f1975634982f2237001b3d3c,73
2026-09-23T23-05-23-489Z_n-sweep_1-2-4-8-16-32-50,V0,,50,A-unanime,,,execute,,,execute,0x2656227d,WasteCategoryRegistry.updateCredits,60807,1,,0x072e1b4228e8b48efe8dbb4968c661b86cdd9694b735b84273c8952348a95abc,73
2026-09-23T23-05-23-489Z_n-sweep_1-2-4-8-16-32-50,V1,T1,,,,,deploy_token_T1,,,constructor,0x61016060,,1621017,1,,0xece28f063ba256e8fc65152daf61fe745a7823e8ba387b1b661409f18f6dc4cc,74
2026-09-23T23-05-23-489Z_n-sweep_1-2-4-8-16-32-50,V1,,,,,,deploy_registry,,,constructor,0x60806040,,4590964,1,,0x9005486642112873086c0faf3a06ce7199e3377186a80eb6eea4235f5e1c6f56,74
2026-09-23T23-05-23-489Z_n-sweep_1-2-4-8-16-32-50,V1,,,,,,deploy_governor_V1,,,constructor,0x6101c080,,2141155,1,,0xcbf032b87647649d09648621f7d61fb312aee4174486ee6f404819243ac59ca9,74
2026-09-23T23-05-23-489Z_n-sweep_1-2-4-8-16-32-50,V1,,,,,,grant_admin_role,,,grantRole,0x2f2ff15d,,50799,1,,0xfdc9a3875129e16eb4a0e6527cfb2e5662449c13660398cf3b7c723db6d0e009,74
2026-09-23T23-05-23-489Z_n-sweep_1-2-4-8-16-32-50,V1,,,,,,revoke_deployer_admin_role,,,revokeRole,0xd547741f,,27116,1,,0xc189311656167d1c4c211ee1c4f5143a8df64ff72cb449ebf7ec77ff2fd0bcbb,74
2026-09-23T23-05-23-489Z_n-sweep_1-2-4-8-16-32-50,V1,,50,A-unanime,,,delegate_admin,,,,0x5c19a95c,,95559,1,,0xd4695df7ceba86e36d8d32ccf756640823a0c1b729cf20e3a0b632c08e38ee6a,74
2026-09-23T23-05-23-489Z_n-sweep_1-2-4-8-16-32-50,V1,,50,A-unanime,,,delegate,,,,0x5c19a95c,,48347,1,,0x81d5bf8e96fad9ce8b5230dc73abbeb313b25fcb2932728690f357e6b4e905b9,74
2026-09-23T23-05-23-489Z_n-sweep_1-2-4-8-16-32-50,V1,,50,A-unanime,,,delegate,,,,0x5c19a95c,,48335,1,,0x92147b8c796bc2b0f21acc979799bbf4c5b5033d9d67806a8ad6842fe03d41df,74
2026-09-23T23-05-23-489Z_n-sweep_1-2-4-8-16-32-50,V1,,50,A-unanime,,,delegate,,,,0x5c19a95c,,48347,1,,0xfff43b85310b182c6fdaa6a0b82056393aba2572b23e543b42f064dc4690e2fc,74
2026-09-23T23-05-23-489Z_n-sweep_1-2-4-8-16-32-50,V1,,50,A-unanime,,,delegate,,,,0x5c19a95c,,48347,1,,0xd65054394087a126f7201b8caf565d34e4b8e2c37299a2eb2e8e1e169e8753b2,74
2026-09-23T23-05-23-489Z_n-sweep_1-2-4-8-16-32-50,V1,,50,A-unanime,,,delegate,,,,0x5c19a95c,,48347,1,,0x0c6ee11e6f4f09c9119d3c03df89d743f104be74b800d0b47cbfa2e1629e917b,74
2026-09-23T23-05-23-489Z_n-sweep_1-2-4-8-16-32-50,V1,,50,A-unanime,,,delegate,,,,0x5c19a95c,,48347,1,,0x9e4c58d93f5292a4566258e1c10f556eb9dc4074e322b7c357bf5ad65da50cae,74
2026-09-23T23-05-23-489Z_n-sweep_1-2-4-8-16-32-50,V1,,50,A-unanime,,,delegate,,,,0x5c19a95c,,48347,1,,0x6ebf0fe5777b4feb07a84b604e7094e789e104c0aa39284dccf1b9da9c17904e,74
2026-09-23T23-05-23-489Z_n-sweep_1-2-4-8-16-32-50,V1,,50,A-unanime,,,delegate,,,,0x5c19a95c,,48347,1,,0xfe42119cc5b68fbfd433dffe547dcf50b55480a011d31795da0f08ec660c70b3,74
2026-09-23T23-05-23-489Z_n-sweep_1-2-4-8-16-32-50,V1,,50,A-unanime,,,delegate,,,,0x5c19a95c,,48347,1,,0x1cd5ec1a28c590b58fdf7467e7fffeb349eed4d261a6e6dd6bbe64d73d17bd59,74
2026-09-23T23-05-23-489Z_n-sweep_1-2-4-8-16-32-50,V1,,50,A-unanime,,,delegate,,,,0x5c19a95c,,48335,1,,0x44f126ec5cf68cfd276b82e1245a8bb78ca6d635813f085d1a125f483e4d5924,74
2026-09-23T23-05-23-489Z_n-sweep_1-2-4-8-16-32-50,V1,,50,A-unanime,,,delegate,,,,0x5c19a95c,,48347,1,,0xe3c56247fde6ff45e5ce391eac68170bdc36be578302a953ddcf8384ecd07aa8,74
2026-09-23T23-05-23-489Z_n-sweep_1-2-4-8-16-32-50,V1,,50,A-unanime,,,delegate,,,,0x5c19a95c,,48347,1,,0x97563cc4398d7b02943ad3e3ef1bdae06351c02ad3fb2d2b948579fc1d32295f,74
2026-09-23T23-05-23-489Z_n-sweep_1-2-4-8-16-32-50,V1,,50,A-unanime,,,delegate,,,,0x5c19a95c,,48347,1,,0x2254c00b60e2f0581478274e6123b6295b391cc3698f1951fb660335b3cd6c33,74
2026-09-23T23-05-23-489Z_n-sweep_1-2-4-8-16-32-50,V1,,50,A-unanime,,,delegate,,,,0x5c19a95c,,48347,1,,0xc3e2689cb93afecc73f02fe2fc704ca424bfebf2840b02e15e94e2eacaca6d1c,74
2026-09-23T23-05-23-489Z_n-sweep_1-2-4-8-16-32-50,V1,,50,A-unanime,,,delegate,,,,0x5c19a95c,,48347,1,,0xf481a9d9df12d0c5f7b29cc5bd284c8ca3e14873afc209155e790bf19f68d897,74
2026-09-23T23-05-23-489Z_n-sweep_1-2-4-8-16-32-50,V1,,50,A-unanime,,,delegate,,,,0x5c19a95c,,48347,1,,0x8975637550f485546f85f8e6d9a6ed6447c7e76fff1ec5f6c9e76fb534393987,74
2026-09-23T23-05-23-489Z_n-sweep_1-2-4-8-16-32-50,V1,,50,A-unanime,,,delegate,,,,0x5c19a95c,,48347,1,,0x923ae1f8d3d22d25940fc9eb75f6f6f16c191c6a236895f77670dcca6996d312,74
2026-09-23T23-05-23-489Z_n-sweep_1-2-4-8-16-32-50,V1,,50,A-unanime,,,delegate,,,,0x5c19a95c,,48347,1,,0xfa31a6684a33a12042a314e8f53f866c316bd76cf3829f1b1bdf9c6709375faf,74
2026-09-23T23-05-23-489Z_n-sweep_1-2-4-8-16-32-50,V1,,50,A-unanime,,,delegate,,,,0x5c19a95c,,48347,1,,0x85a35cc5c2fd484741123514532c6d193414e920845266674d577133f95aeb61,74
2026-09-23T23-05-23-489Z_n-sweep_1-2-4-8-16-32-50,V1,,50,A-unanime,,,delegate,,,,0x5c19a95c,,48347,1,,0x2c0c0e3cf1f17f2dbd21478c48f6a01b7c3f80cdc9a8337eb22078304610831f,74
2026-09-23T23-05-23-489Z_n-sweep_1-2-4-8-16-32-50,V1,,50,A-unanime,,,delegate,,,,0x5c19a95c,,48347,1,,0xa3ed7a1ccf1c20c61c0c5d590ac689d2c051d45201c4389538358e9b8bb285bc,74
2026-09-23T23-05-23-489Z_n-sweep_1-2-4-8-16-32-50,V1,,50,A-unanime,,,delegate,,,,0x5c19a95c,,48347,1,,0x661c282cd9e0e8ae9af420543abc3bdc613c6cb387574718fba247544e2af8e9,74
2026-09-23T23-05-23-489Z_n-sweep_1-2-4-8-16-32-50,V1,,50,A-unanime,,,delegate,,,,0x5c19a95c,,48347,1,,0xa25eec8de30d8f33b67249979cc372deee4340970acf515ed11237297c254db8,74
2026-09-23T23-05-23-489Z_n-sweep_1-2-4-8-16-32-50,V1,,50,A-unanime,,,delegate,,,,0x5c19a95c,,48347,1,,0x4531944da7228710c401fe613cc835a5a2ab8911500c323b7a89206096a62c5e,74
2026-09-23T23-05-23-489Z_n-sweep_1-2-4-8-16-32-50,V1,,50,A-unanime,,,delegate,,,,0x5c19a95c,,48335,1,,0x34fd858bbdd79805fe9ac14ac3496bc1581b8cd1fca415dd388ac92a1031b1a5,74
2026-09-23T23-05-23-489Z_n-sweep_1-2-4-8-16-32-50,V1,,50,A-unanime,,,delegate,,,,0x5c19a95c,,48347,1,,0x3873a22f0d3bd864cb6adf03e490138f7a8c74e0367b46c72eb32ab59606fc50,74
2026-09-23T23-05-23-489Z_n-sweep_1-2-4-8-16-32-50,V1,,50,A-unanime,,,delegate,,,,0x5c19a95c,,48347,1,,0x015c8107c64083620d33bd63ee4539fae6a634cbff1a7060ce0d9d7635a92667,74
2026-09-23T23-05-23-489Z_n-sweep_1-2-4-8-16-32-50,V1,,50,A-unanime,,,delegate,,,,0x5c19a95c,,48347,1,,0x4d690799cd4e7de3c25a6216085b0327439b44872c331c8bdeed03412851c496,74
2026-09-23T23-05-23-489Z_n-sweep_1-2-4-8-16-32-50,V1,,50,A-unanime,,,delegate,,,,0x5c19a95c,,48347,1,,0x4e2b6075a69f1a5defbf56244ed346d13180f658d70986f145e7afacf2a1769c,74
2026-09-23T23-05-23-489Z_n-sweep_1-2-4-8-16-32-50,V1,,50,A-unanime,,,delegate,,,,0x5c19a95c,,48347,1,,0xdb953c4d33d8186e4e68b823485663114eed9632b4e6afebc927746da2cc5444,74
2026-09-23T23-05-23-489Z_n-sweep_1-2-4-8-16-32-50,V1,,50,A-unanime,,,delegate,,,,0x5c19a95c,,48347,1,,0x6e11fc1a1f465bb514b7050fb921834e4af6a4c1f01678025fabce44812892fb,74
2026-09-23T23-05-23-489Z_n-sweep_1-2-4-8-16-32-50,V1,,50,A-unanime,,,delegate,,,,0x5c19a95c,,48347,1,,0x02ed69ad44539ce394fe9de851cfc82976eaf863ce9b6bb6dbf7356c766b4e34,74
2026-09-23T23-05-23-489Z_n-sweep_1-2-4-8-16-32-50,V1,,50,A-unanime,,,delegate,,,,0x5c19a95c,,48347,1,,0x48831c39e8134756256883bee94ef57bd56548f150361c090cf8316d47c484f4,74
2026-09-23T23-05-23-489Z_n-sweep_1-2-4-8-16-32-50,V1,,50,A-unanime,,,delegate,,,,0x5c19a95c,,48347,1,,0x139bf1c2a5a53f598dabf2c70734fbdea006e57fa2d61abde0ab2327b4959d67,74
2026-09-23T23-05-23-489Z_n-sweep_1-2-4-8-16-32-50,V1,,50,A-unanime,,,delegate,,,,0x5c19a95c,,48347,1,,0x7253e5fec49078160a40e8379add1524941ccadba4e7d9f3bdd746f905340463,74
2026-09-23T23-05-23-489Z_n-sweep_1-2-4-8-16-32-50,V1,,50,A-unanime,,,delegate,,,,0x5c19a95c,,48347,1,,0xbe8fd855f7dddc740b71fa203b837e57dd20191f5e26b708460138a203b96a4a,74
2026-09-23T23-05-23-489Z_n-sweep_1-2-4-8-16-32-50,V1,,50,A-unanime,,,delegate,,,,0x5c19a95c,,48347,1,,0x47aa1c6067f58c4a2e373e2e5df4995a73794f26a82c080785ce7307c874522d,74
2026-09-23T23-05-23-489Z_n-sweep_1-2-4-8-16-32-50,V1,,50,A-unanime,,,delegate,,,,0x5c19a95c,,48347,1,,0x77d7f6ed87242997677781ffb97cb1d0c1b2765cd18aa0d3a3e6621f04ed4c16,74
2026-09-23T23-05-23-489Z_n-sweep_1-2-4-8-16-32-50,V1,,50,A-unanime,,,delegate,,,,0x5c19a95c,,48347,1,,0xac77a1d245d1b05d38b52b313cdb3a913ef073b1ff0163a70dab969fe9fef091,74
2026-09-23T23-05-23-489Z_n-sweep_1-2-4-8-16-32-50,V1,,50,A-unanime,,,delegate,,,,0x5c19a95c,,48347,1,,0x019cc6999109037f5dea40cb65f4f258ac059c4ce180427ba5c5d0fe7fa02e69,74
2026-09-23T23-05-23-489Z_n-sweep_1-2-4-8-16-32-50,V1,,50,A-unanime,,,delegate,,,,0x5c19a95c,,48347,1,,0x33abf7f586ca024ba5681842a58519c700557723a21452412946bc259f413dff,74
2026-09-23T23-05-23-489Z_n-sweep_1-2-4-8-16-32-50,V1,,50,A-unanime,,,delegate,,,,0x5c19a95c,,48347,1,,0x1207fe8601271fe0b5487a279faf12949bdc0ad4495c39b2109c87d7fdadc47d,74
2026-09-23T23-05-23-489Z_n-sweep_1-2-4-8-16-32-50,V1,,50,A-unanime,,,delegate,,,,0x5c19a95c,,48347,1,,0x2a4aed2f06d11367c8b0a4aec5f690179e6e8a7a0852a3be3363c356d2b96e3a,74
2026-09-23T23-05-23-489Z_n-sweep_1-2-4-8-16-32-50,V1,,50,A-unanime,,,delegate,,,,0x5c19a95c,,48347,1,,0xed996c904c444a34e69bb80148d6a10828392f76a63169cc7c34ef9123712ba1,74
2026-09-23T23-05-23-489Z_n-sweep_1-2-4-8-16-32-50,V1,,50,A-unanime,,,delegate,,,,0x5c19a95c,,48347,1,,0x38149aa90c24c90e209f966e0f1bff77efedbcfe38d261cd552873d1bdc3ebc5,74
2026-09-23T23-05-23-489Z_n-sweep_1-2-4-8-16-32-50,V1,,50,A-unanime,,,delegate,,,,0x5c19a95c,,48347,1,,0x80b55601ca774d4abcef268e52e9d6af337cf3103223b2406555e48c3d762bab,74
2026-09-23T23-05-23-489Z_n-sweep_1-2-4-8-16-32-50,V1,,50,A-unanime,,,delegate,,,,0x5c19a95c,,48347,1,,0x2fcb4545efd255b27911ce44fb2a5c94515c54dc02bab25b5081b878632986d7,74
2026-09-23T23-05-23-489Z_n-sweep_1-2-4-8-16-32-50,V1,,50,A-unanime,,,delegate,,,,0x5c19a95c,,48335,1,,0x54598c19dc2d95d70dff7fa9539e3e33d9cd81f20144e43273092a2002873303,74
2026-09-23T23-05-23-489Z_n-sweep_1-2-4-8-16-32-50,V1,,50,A-unanime,,,delegate,,,,0x5c19a95c,,48347,1,,0xedd545ad255ae281a86176d750d3775a786065a315d01e27f2878e52519b253e,74
2026-09-23T23-05-23-489Z_n-sweep_1-2-4-8-16-32-50,V1,,50,A-unanime,,,delegate,,,,0x5c19a95c,,48347,1,,0xa1d0b3e7b24a00685baccd412a4bcc1ce87addd4525c82c8e62cdd3daa7e291a,74
2026-09-23T23-05-23-489Z_n-sweep_1-2-4-8-16-32-50,V1,,50,A-unanime,,,transfer,,,,0xa9059cbb,,135960,1,,0x246ae9dbb3705bcf8caab599ddb094f9d36a71a6fddbd32e09cf25058ff79423,74
2026-09-23T23-05-23-489Z_n-sweep_1-2-4-8-16-32-50,V1,,50,A-unanime,,,transfer,,,,0xa9059cbb,,135948,1,,0xb8fcaeeed203b7eed0543991907d429bdccd4066201666ff9c480634d01c006c,74
2026-09-23T23-05-23-489Z_n-sweep_1-2-4-8-16-32-50,V1,,50,A-unanime,,,transfer,,,,0xa9059cbb,,135960,1,,0x8f68ceb5cb5672f7b11dda7fcf0b825cffe3ccf92d5ff6d6f4dd4ee4dd9a7112,74
2026-09-23T23-05-23-489Z_n-sweep_1-2-4-8-16-32-50,V1,,50,A-unanime,,,transfer,,,,0xa9059cbb,,135960,1,,0x6d7dd52faccd9ba960eecfaa0d18731aa9ff52a43c54ca983428173fba0a1542,74
2026-09-23T23-05-23-489Z_n-sweep_1-2-4-8-16-32-50,V1,,50,A-unanime,,,transfer,,,,0xa9059cbb,,135960,1,,0xa121f25519bfd6019aecce8af680afcb706219b91e74e2c91912af8f363879f0,74
2026-09-23T23-05-23-489Z_n-sweep_1-2-4-8-16-32-50,V1,,50,A-unanime,,,transfer,,,,0xa9059cbb,,135960,1,,0x76f1062e88ca6706dcea182cc70a3cb51b4c8d16c379956d1c5dbce0a5cc0e99,74
2026-09-23T23-05-23-489Z_n-sweep_1-2-4-8-16-32-50,V1,,50,A-unanime,,,transfer,,,,0xa9059cbb,,135960,1,,0xacbbec95fc7f64a7b6a9544ee78753f3ec9194dd4f3c9ca38e1268ceb53acb90,74
2026-09-23T23-05-23-489Z_n-sweep_1-2-4-8-16-32-50,V1,,50,A-unanime,,,transfer,,,,0xa9059cbb,,135960,1,,0x84b0653b2f42104427fe541d5713f2151ede783b5570d40855e4bf1d8522c087,74
2026-09-23T23-05-23-489Z_n-sweep_1-2-4-8-16-32-50,V1,,50,A-unanime,,,transfer,,,,0xa9059cbb,,135960,1,,0xdfcf57d46ed39b3ededc6eee7405605ee6834e3815162fc171e8851c03541ae0,74
2026-09-23T23-05-23-489Z_n-sweep_1-2-4-8-16-32-50,V1,,50,A-unanime,,,transfer,,,,0xa9059cbb,,135948,1,,0x8d64a76127e81848a5fe1ebeb2469570ae57a08cf798942f72ad26d0313cd40a,74
2026-09-23T23-05-23-489Z_n-sweep_1-2-4-8-16-32-50,V1,,50,A-unanime,,,transfer,,,,0xa9059cbb,,135960,1,,0x0d7e03138b4a28e969fa37eb7746cb5ffbed4c8e322ffa756a8980e1da7af365,74
2026-09-23T23-05-23-489Z_n-sweep_1-2-4-8-16-32-50,V1,,50,A-unanime,,,transfer,,,,0xa9059cbb,,135960,1,,0xb3cd0e36bf8a23a7268c69ad5613412b618c0d97eaf2e84e4ed2a2358616241c,74
2026-09-23T23-05-23-489Z_n-sweep_1-2-4-8-16-32-50,V1,,50,A-unanime,,,transfer,,,,0xa9059cbb,,135960,1,,0x2c3be7462a120f6f7d3ddb903f791ba5f8a8dff70b3d2fce412bc3d9c96090f2,74
2026-09-23T23-05-23-489Z_n-sweep_1-2-4-8-16-32-50,V1,,50,A-unanime,,,transfer,,,,0xa9059cbb,,135960,1,,0xa91896e75ebe291a14149c97e6ec3cd3878b7a57ae5efc49d7437ff775cc6d6f,74
2026-09-23T23-05-23-489Z_n-sweep_1-2-4-8-16-32-50,V1,,50,A-unanime,,,transfer,,,,0xa9059cbb,,135960,1,,0x97ddbf62fa645b51d887aef0923131c606f936331a08b4d180573aedf905cbd1,74
2026-09-23T23-05-23-489Z_n-sweep_1-2-4-8-16-32-50,V1,,50,A-unanime,,,transfer,,,,0xa9059cbb,,135960,1,,0xbbc7e588c74f5408c5294f754815ee8c2d05196aeb266a95ba79193cf1a3cd4e,74
2026-09-23T23-05-23-489Z_n-sweep_1-2-4-8-16-32-50,V1,,50,A-unanime,,,transfer,,,,0xa9059cbb,,135960,1,,0xc93f0fe78d0f253b48f6546ce6912425341be3fe3abb7b8d6c8b890afc280746,74
2026-09-23T23-05-23-489Z_n-sweep_1-2-4-8-16-32-50,V1,,50,A-unanime,,,transfer,,,,0xa9059cbb,,135960,1,,0x095274f7efd5fd91e0259f5aaa0d5d3f3d345e02896f172caf9af482ca0ecd6b,74
2026-09-23T23-05-23-489Z_n-sweep_1-2-4-8-16-32-50,V1,,50,A-unanime,,,transfer,,,,0xa9059cbb,,135960,1,,0x2f71f3337cfdd7bfe5adb89da0349bbc93812095f8706796bc6e25e0461574de,74
2026-09-23T23-05-23-489Z_n-sweep_1-2-4-8-16-32-50,V1,,50,A-unanime,,,transfer,,,,0xa9059cbb,,135960,1,,0xbb173ce2f0e08821737486bfce4a8891ea6bc16c53eef5183f23c35fa912acda,74
2026-09-23T23-05-23-489Z_n-sweep_1-2-4-8-16-32-50,V1,,50,A-unanime,,,transfer,,,,0xa9059cbb,,135960,1,,0x7179fb1c1b852a31eebf015ac4e0db4f8891784970a82e1275e2b2c95797dd8d,74
2026-09-23T23-05-23-489Z_n-sweep_1-2-4-8-16-32-50,V1,,50,A-unanime,,,transfer,,,,0xa9059cbb,,135960,1,,0x618508a1fffda4dd4799c8f4937ca7db27dc3c1a0a352dbb24eb2e717d7794fa,74
2026-09-23T23-05-23-489Z_n-sweep_1-2-4-8-16-32-50,V1,,50,A-unanime,,,transfer,,,,0xa9059cbb,,135960,1,,0x80e85afeeecc7ded093b4fca1ee04481c72308140308e350e712a637edf79a77,74
2026-09-23T23-05-23-489Z_n-sweep_1-2-4-8-16-32-50,V1,,50,A-unanime,,,transfer,,,,0xa9059cbb,,135960,1,,0xde2f59aa8da4ad0c12bad7c83e52b65661db007ebd8ed1e5ab2dd6b10bdbf7fe,74
2026-09-23T23-05-23-489Z_n-sweep_1-2-4-8-16-32-50,V1,,50,A-unanime,,,transfer,,,,0xa9059cbb,,135948,1,,0x251582621de6281280756db8cf9473cfeae525a492e1d7062a6d6fed1ad7dff9,74
2026-09-23T23-05-23-489Z_n-sweep_1-2-4-8-16-32-50,V1,,50,A-unanime,,,transfer,,,,0xa9059cbb,,135960,1,,0x7ea700d5019ed1d30c8096d4fef24f6555db72bfe8adf1e7c3e495ce67ed809f,74
2026-09-23T23-05-23-489Z_n-sweep_1-2-4-8-16-32-50,V1,,50,A-unanime,,,transfer,,,,0xa9059cbb,,135960,1,,0xd099cccecf6f1158f5ba243ca6088f8874d9146baec93a09aef1c985e823d634,74
2026-09-23T23-05-23-489Z_n-sweep_1-2-4-8-16-32-50,V1,,50,A-unanime,,,transfer,,,,0xa9059cbb,,135960,1,,0xd34db709f4f49d3311a9b6c928a74662fb0bde851655aa6fb02b0ad79e454733,74
2026-09-23T23-05-23-489Z_n-sweep_1-2-4-8-16-32-50,V1,,50,A-unanime,,,transfer,,,,0xa9059cbb,,135960,1,,0xb0333deee0af7b78d7b4b5b86633676bdae519326d484603675db0f26c88b9df,74
2026-09-23T23-05-23-489Z_n-sweep_1-2-4-8-16-32-50,V1,,50,A-unanime,,,transfer,,,,0xa9059cbb,,135960,1,,0x91a6b5a93ddd89ffbf66ac0296cdf3b1d313cd0b2890835c17ba5adcaced8ec8,74
2026-09-23T23-05-23-489Z_n-sweep_1-2-4-8-16-32-50,V1,,50,A-unanime,,,transfer,,,,0xa9059cbb,,135960,1,,0x42ed8d1330be1065c1cc3e101c7a5a7e20cb148393a8d14d461f9b76c541d4e7,74
2026-09-23T23-05-23-489Z_n-sweep_1-2-4-8-16-32-50,V1,,50,A-unanime,,,transfer,,,,0xa9059cbb,,135960,1,,0xb87afa69226d6b02977149ca6957bfad332e6a77c1ad200e790fad912b0a8b1c,74
2026-09-23T23-05-23-489Z_n-sweep_1-2-4-8-16-32-50,V1,,50,A-unanime,,,transfer,,,,0xa9059cbb,,135960,1,,0xd31a5f77ec78cf0dcc46abd6824fc36e0343c70ec7558c5b8b8680a5179c3cee,74
2026-09-23T23-05-23-489Z_n-sweep_1-2-4-8-16-32-50,V1,,50,A-unanime,,,transfer,,,,0xa9059cbb,,135960,1,,0x3a1cd3ff214ca838bb1f0a7b8e05b8066c941dae934ff8ef5f7d24e51e218d9f,74
2026-09-23T23-05-23-489Z_n-sweep_1-2-4-8-16-32-50,V1,,50,A-unanime,,,transfer,,,,0xa9059cbb,,135960,1,,0x800f8dd0a0df31e55c4e4712a5972e0d1497dbb92fd85a7ee8c309306ae69f3e,74
2026-09-23T23-05-23-489Z_n-sweep_1-2-4-8-16-32-50,V1,,50,A-unanime,,,transfer,,,,0xa9059cbb,,135960,1,,0x9c84268ba43fd38465cfd4cbb6628f9f3f9664cc537e635196844f423439df36,74
2026-09-23T23-05-23-489Z_n-sweep_1-2-4-8-16-32-50,V1,,50,A-unanime,,,transfer,,,,0xa9059cbb,,135960,1,,0x5b82226f4b3968c0c11ff4245b77ddb5c737ac3d9384e7f0f5dacf91ae505b7c,74
2026-09-23T23-05-23-489Z_n-sweep_1-2-4-8-16-32-50,V1,,50,A-unanime,,,transfer,,,,0xa9059cbb,,135960,1,,0x6b5817c5a2f3233a1f4755f91eec5b61a72e50556aeb151d1df361f8dcacafea,74
2026-09-23T23-05-23-489Z_n-sweep_1-2-4-8-16-32-50,V1,,50,A-unanime,,,transfer,,,,0xa9059cbb,,135960,1,,0x00442dfd61843442f2f62e78bcf59b803dd8498b1bad260878d59e06f48aaf95,74
2026-09-23T23-05-23-489Z_n-sweep_1-2-4-8-16-32-50,V1,,50,A-unanime,,,transfer,,,,0xa9059cbb,,135960,1,,0xf5d2b3eeffb65a663d93b8d3c809b6e5121b8784e868e51af3bdba2deee35a8b,74
2026-09-23T23-05-23-489Z_n-sweep_1-2-4-8-16-32-50,V1,,50,A-unanime,,,transfer,,,,0xa9059cbb,,135960,1,,0xf3df28ed5d40b48f8919791b5b9ed50c0de598885569cd4cda2c88678140358b,74
2026-09-23T23-05-23-489Z_n-sweep_1-2-4-8-16-32-50,V1,,50,A-unanime,,,transfer,,,,0xa9059cbb,,135960,1,,0xae8265c953b3c6c844fd5e7f9c7464dcd5160d081bd3f12119dae553d5383d46,74
2026-09-23T23-05-23-489Z_n-sweep_1-2-4-8-16-32-50,V1,,50,A-unanime,,,transfer,,,,0xa9059cbb,,135960,1,,0x2bedec0ecd73ac805d76d0b0f124d689002219a8553658ae536e50df35c6d9db,74
2026-09-23T23-05-23-489Z_n-sweep_1-2-4-8-16-32-50,V1,,50,A-unanime,,,transfer,,,,0xa9059cbb,,135960,1,,0x7911352af92914fc012e9271fef77802aaf80cb03b085ac5b36a82617ef3d87f,74
2026-09-23T23-05-23-489Z_n-sweep_1-2-4-8-16-32-50,V1,,50,A-unanime,,,transfer,,,,0xa9059cbb,,135960,1,,0x527083c9aa09a186a9dfde1d6e11e56a88c23af4ff1df829641f565d467e9eb3,74
2026-09-23T23-05-23-489Z_n-sweep_1-2-4-8-16-32-50,V1,,50,A-unanime,,,transfer,,,,0xa9059cbb,,135960,1,,0x4fcb61575570970b077a3f0175ad61e8f9b670d214f189be9284c9e38d23ea97,74
2026-09-23T23-05-23-489Z_n-sweep_1-2-4-8-16-32-50,V1,,50,A-unanime,,,transfer,,,,0xa9059cbb,,135960,1,,0x4e542c0f00edf948e31ae0044ddc651c40f57f37ff7015611a62d6daf389f5c0,74
2026-09-23T23-05-23-489Z_n-sweep_1-2-4-8-16-32-50,V1,,50,A-unanime,,,transfer,,,,0xa9059cbb,,135948,1,,0x678ff5ad84e5f134b40dad86f148a340f9fbc604f5ec27a98b7c60856ee1e375,74
2026-09-23T23-05-23-489Z_n-sweep_1-2-4-8-16-32-50,V1,,50,A-unanime,,,transfer,,,,0xa9059cbb,,135960,1,,0x8c9fe884dc095bd2cb142ad2f4c3a32815bf358db82984445b1bebe0c495a13f,74
2026-09-23T23-05-23-489Z_n-sweep_1-2-4-8-16-32-50,V1,,50,A-unanime,,,transfer,,,,0xa9059cbb,,135960,1,,0xcae168b52d2afa75f1568ef6aadf2694b4b83c844b2cc07cfa891dbd891f714c,74
2026-09-23T23-05-23-489Z_n-sweep_1-2-4-8-16-32-50,V1,,50,A-unanime,,,propose,,,propose,0x7d5e81e2,WasteCategoryRegistry.updateCredits,63351,1,,0xf2455ec6bdcf3c2397b672344db3f717addd05600d2df32652f98d39c10098d7,74
2026-09-23T23-05-23-489Z_n-sweep_1-2-4-8-16-32-50,V1,,50,A-unanime,,,vote,1,for,,0x56781388,,82468,1,,0x79cf3aa5d408a48a2df3ddadf3f5fd457bc5902810020bf62bee96065b50fb7e,74
2026-09-23T23-05-23-489Z_n-sweep_1-2-4-8-16-32-50,V1,,50,A-unanime,,,vote,2,for,,0x56781388,,65368,1,,0x46147c1441061dccf9fa27ec41121ba5b726f066f09d87f33d80ec7c82f6f0c1,74
2026-09-23T23-05-23-489Z_n-sweep_1-2-4-8-16-32-50,V1,,50,A-unanime,,,vote,3,for,,0x56781388,,65368,1,,0x3ddeffe814ca425fca3e0b4b9afd418d47301d221bfa3da47e9ea346f4c3f741,74
2026-09-23T23-05-23-489Z_n-sweep_1-2-4-8-16-32-50,V1,,50,A-unanime,,,vote,4,for,,0x56781388,,65368,1,,0x57a43f7dc920f38a18dcac9e0e3062bac139a2f11e6c33f7c79bcfa274daea41,74
2026-09-23T23-05-23-489Z_n-sweep_1-2-4-8-16-32-50,V1,,50,A-unanime,,,vote,5,for,,0x56781388,,65368,1,,0x2b860b038556fbfe721ea10af17f04902a7437792fe39172919b78ec773e1a46,74
2026-09-23T23-05-23-489Z_n-sweep_1-2-4-8-16-32-50,V1,,50,A-unanime,,,vote,6,for,,0x56781388,,65368,1,,0x14bfdd3d9e6dfebeeca868a7e60879966ebaadd5af775b52ef407481646b7e41,74
2026-09-23T23-05-23-489Z_n-sweep_1-2-4-8-16-32-50,V1,,50,A-unanime,,,vote,7,for,,0x56781388,,65368,1,,0x988b984459e3c4b3373e7d442c7a2d318a49433cc520367bd50a3652e55ff63b,74
2026-09-23T23-05-23-489Z_n-sweep_1-2-4-8-16-32-50,V1,,50,A-unanime,,,vote,8,for,,0x56781388,,65368,1,,0x8dd30ab65f98a7c1b2f22262e34654db767e3b43db271bb0ce7ef83bd962bc4c,74
2026-09-23T23-05-23-489Z_n-sweep_1-2-4-8-16-32-50,V1,,50,A-unanime,,,vote,9,for,,0x56781388,,65368,1,,0x7305d78f04da1fc2c4615766b2a2dcd5cde0f855b140ed5be0a409e123042c20,74
2026-09-23T23-05-23-489Z_n-sweep_1-2-4-8-16-32-50,V1,,50,A-unanime,,,vote,10,for,,0x56781388,,65368,1,,0x24c71249334af0a947ba03b55a637a0bf1d1cb88fba2b9011145d6bd196002ba,74
2026-09-23T23-05-23-489Z_n-sweep_1-2-4-8-16-32-50,V1,,50,A-unanime,,,vote,11,for,,0x56781388,,65368,1,,0xe5a9467b109c46b7f0f781d8ffd4c6739e36c3bea5877bcf7e701260b788ec59,74
2026-09-23T23-05-23-489Z_n-sweep_1-2-4-8-16-32-50,V1,,50,A-unanime,,,vote,12,for,,0x56781388,,65368,1,,0x1f1f7a33c489d2415157445621eab8d3060c8afaf8fae15f724edcb30d5070f0,74
2026-09-23T23-05-23-489Z_n-sweep_1-2-4-8-16-32-50,V1,,50,A-unanime,,,vote,13,for,,0x56781388,,65368,1,,0x159701bc1759e6b9ebca7289b5071033829ff86ddd862ffa4dcb867acd634ced,74
2026-09-23T23-05-23-489Z_n-sweep_1-2-4-8-16-32-50,V1,,50,A-unanime,,,vote,14,for,,0x56781388,,65368,1,,0x7276e920866824fc35b00e68bb94b563554f5c8155cbf90d89792b0f8aa0dc21,74
2026-09-23T23-05-23-489Z_n-sweep_1-2-4-8-16-32-50,V1,,50,A-unanime,,,vote,15,for,,0x56781388,,65368,1,,0x5fd90d4b792d238836f4d28bd5f1d9fe47c41869011d4de37d84b45ff0979d13,74
2026-09-23T23-05-23-489Z_n-sweep_1-2-4-8-16-32-50,V1,,50,A-unanime,,,vote,16,for,,0x56781388,,65368,1,,0x7cf88470deebb95ef9a9904280da6c660171a3385bbc05b0d194eecae1e51970,74
2026-09-23T23-05-23-489Z_n-sweep_1-2-4-8-16-32-50,V1,,50,A-unanime,,,vote,17,for,,0x56781388,,65368,1,,0x0170c5d18eaf75f655369471076c783d505c41539baf3cafbdef259653c742cf,74
2026-09-23T23-05-23-489Z_n-sweep_1-2-4-8-16-32-50,V1,,50,A-unanime,,,vote,18,for,,0x56781388,,65368,1,,0x02fdc5df7697fd2dd31753043e34a4a3b45c76e2afe1d98f84300bdfee2851ea,74
2026-09-23T23-05-23-489Z_n-sweep_1-2-4-8-16-32-50,V1,,50,A-unanime,,,vote,19,for,,0x56781388,,65368,1,,0xc277bc2f4f48e9575b1fe77e78ceae48f965105c4473cf5a4a5aab5afdb86b42,74
2026-09-23T23-05-23-489Z_n-sweep_1-2-4-8-16-32-50,V1,,50,A-unanime,,,vote,20,for,,0x56781388,,65368,1,,0x8f82e430405d3951e34cca47794996ba898f3dbb6364371ead8baa93021739ab,74
2026-09-23T23-05-23-489Z_n-sweep_1-2-4-8-16-32-50,V1,,50,A-unanime,,,vote,21,for,,0x56781388,,65368,1,,0x80041eea3bbe8525227cfff984b46b8534ced69eb8b5957c0b5697eb84ffc007,74
2026-09-23T23-05-23-489Z_n-sweep_1-2-4-8-16-32-50,V1,,50,A-unanime,,,vote,22,for,,0x56781388,,65368,1,,0xc2c16e5bdeeae7efe8532c8af20e014c03a444340a33527bdfef124efef6b132,74
2026-09-23T23-05-23-489Z_n-sweep_1-2-4-8-16-32-50,V1,,50,A-unanime,,,vote,23,for,,0x56781388,,65368,1,,0x7e0aac315e359806ad37f371be34da3d850e4e7b142340ce78168920a496a7e7,74
2026-09-23T23-05-23-489Z_n-sweep_1-2-4-8-16-32-50,V1,,50,A-unanime,,,vote,24,for,,0x56781388,,65368,1,,0x4019c8211a8edb98e5d8c32bf4d175e65357bc512321688c6097a3dbc26973a8,74
2026-09-23T23-05-23-489Z_n-sweep_1-2-4-8-16-32-50,V1,,50,A-unanime,,,vote,25,for,,0x56781388,,65368,1,,0xbad9dc9eba4e695cdbead7c6802c3b5741899d67323ed887b620e8a4c1fccab1,74
2026-09-23T23-05-23-489Z_n-sweep_1-2-4-8-16-32-50,V1,,50,A-unanime,,,vote,26,for,,0x56781388,,65368,1,,0xf5be5d7f5f96e889928b4eed53f6c254bd62cc4d5b051ff21624ba009f11c8b4,74
2026-09-23T23-05-23-489Z_n-sweep_1-2-4-8-16-32-50,V1,,50,A-unanime,,,vote,27,for,,0x56781388,,65368,1,,0x4984b6bd24531358161256abdf16293a8651715dcbf45668cad18f414c923821,74
2026-09-23T23-05-23-489Z_n-sweep_1-2-4-8-16-32-50,V1,,50,A-unanime,,,vote,28,for,,0x56781388,,65368,1,,0x288450641bea17b0ec68990ea1ed9ec01a8d4a3c1ae58efc719611291a8f713b,74
2026-09-23T23-05-23-489Z_n-sweep_1-2-4-8-16-32-50,V1,,50,A-unanime,,,vote,29,for,,0x56781388,,65368,1,,0x798a6c9744d7c9eebaa78103dd1473224941b9fa2695ff74907dd1d58e530e81,74
2026-09-23T23-05-23-489Z_n-sweep_1-2-4-8-16-32-50,V1,,50,A-unanime,,,vote,30,for,,0x56781388,,65368,1,,0xf017d73a283dadad82487c015860f84144cbc955151c56889c403641f55af20d,74
2026-09-23T23-05-23-489Z_n-sweep_1-2-4-8-16-32-50,V1,,50,A-unanime,,,vote,31,for,,0x56781388,,65368,1,,0xd4ca0fdeb3ac4e8cc6855863677e616590419686461c257e9eea78f74ea2359c,74
2026-09-23T23-05-23-489Z_n-sweep_1-2-4-8-16-32-50,V1,,50,A-unanime,,,vote,32,for,,0x56781388,,65368,1,,0x227c9ea906b2189eb218e7f928d92f3ce81d276e3b836c66f4c59dcc20bb19cc,74
2026-09-23T23-05-23-489Z_n-sweep_1-2-4-8-16-32-50,V1,,50,A-unanime,,,vote,33,for,,0x56781388,,65368,1,,0x26d54b12e6162bd80b65430fcaa9acaeb2758a1d41ecfc98649d88be45dc9ea2,74
2026-09-23T23-05-23-489Z_n-sweep_1-2-4-8-16-32-50,V1,,50,A-unanime,,,vote,34,for,,0x56781388,,65368,1,,0x406d576a9664a8473d2ba1414fe80e2bafaa46147152bdd652f05e6c891cb51d,74
2026-09-23T23-05-23-489Z_n-sweep_1-2-4-8-16-32-50,V1,,50,A-unanime,,,vote,35,for,,0x56781388,,65368,1,,0xc00f7d18a5bd69ab360d8118338d8c0b6798d41829db59b281e9cc3ebb415a11,74
2026-09-23T23-05-23-489Z_n-sweep_1-2-4-8-16-32-50,V1,,50,A-unanime,,,vote,36,for,,0x56781388,,65368,1,,0xac2eff4fbe5049753f581c63cdca8ad37824920ec797a89ed8eb5866dead00b8,74
2026-09-23T23-05-23-489Z_n-sweep_1-2-4-8-16-32-50,V1,,50,A-unanime,,,vote,37,for,,0x56781388,,65368,1,,0xf38f4eb8db78781775c03ca80231f5260f14395d818e93306e8462758238f8f1,74
2026-09-23T23-05-23-489Z_n-sweep_1-2-4-8-16-32-50,V1,,50,A-unanime,,,vote,38,for,,0x56781388,,65368,1,,0x69d53b41d4ad442bd8940ca1542cda3abfb91b97dfc1b0a3780bf983ea5e01e3,74
2026-09-23T23-05-23-489Z_n-sweep_1-2-4-8-16-32-50,V1,,50,A-unanime,,,vote,39,for,,0x56781388,,65368,1,,0xbc85587c94e3b98e42cb4e4a750d4e2d38e60f47e416cf0d663d21fcc719f62f,74
2026-09-23T23-05-23-489Z_n-sweep_1-2-4-8-16-32-50,V1,,50,A-unanime,,,vote,40,for,,0x56781388,,65368,1,,0xc556a7dfabc539684a2146b051e18263ad729600d2b726ec9645033ef647b4e3,74
2026-09-23T23-05-23-489Z_n-sweep_1-2-4-8-16-32-50,V1,,50,A-unanime,,,vote,41,for,,0x56781388,,65368,1,,0x62e6a67393e9110a4b69f1fad301a3a990f3fc59be41b0a49988fadfdfdead10,74
2026-09-23T23-05-23-489Z_n-sweep_1-2-4-8-16-32-50,V1,,50,A-unanime,,,vote,42,for,,0x56781388,,65368,1,,0x5595f697fa39e15f5e1443444a44d0d4457b7631f23531cd5d7082392b9f87d4,74
2026-09-23T23-05-23-489Z_n-sweep_1-2-4-8-16-32-50,V1,,50,A-unanime,,,vote,43,for,,0x56781388,,65368,1,,0x8fd1cc9c44c9b429b6b32100204fdc527a88bd47ecf860183aa30a76d5d6442c,74
2026-09-23T23-05-23-489Z_n-sweep_1-2-4-8-16-32-50,V1,,50,A-unanime,,,vote,44,for,,0x56781388,,65368,1,,0x55ac7f8eac3380ff95389ed70b410b115c317e171521ad97ec1205b1ac966112,74
2026-09-23T23-05-23-489Z_n-sweep_1-2-4-8-16-32-50,V1,,50,A-unanime,,,vote,45,for,,0x56781388,,65368,1,,0xa95f8b08b01a1c77b0e89be396cca6f3fab7e1630e7ff8a735002cae845e88a7,74
2026-09-23T23-05-23-489Z_n-sweep_1-2-4-8-16-32-50,V1,,50,A-unanime,,,vote,46,for,,0x56781388,,65368,1,,0x8086ced5012e65d8dcf241a210d6d8904956fb2c95056d15cc5a12814089ab78,74
2026-09-23T23-05-23-489Z_n-sweep_1-2-4-8-16-32-50,V1,,50,A-unanime,,,vote,47,for,,0x56781388,,65368,1,,0xb0cb7f0f3437c78393252af5274ad8673538b1f5f9b38f7c45458befbb17dea4,74
2026-09-23T23-05-23-489Z_n-sweep_1-2-4-8-16-32-50,V1,,50,A-unanime,,,vote,48,for,,0x56781388,,65368,1,,0x767fd8853388f84dd6fca7c09364e4388570f508873d25d564fb6501d91ec45b,74
2026-09-23T23-05-23-489Z_n-sweep_1-2-4-8-16-32-50,V1,,50,A-unanime,,,vote,49,for,,0x56781388,,65368,1,,0xdb54d66edb0db99cd9fe8f67acaa5cfb685ae20532b1f44852d8878807096c7f,74
2026-09-23T23-05-23-489Z_n-sweep_1-2-4-8-16-32-50,V1,,50,A-unanime,,,vote,50,for,,0x56781388,,65368,1,,0xcee9ba086330cb5df31661364287234f1f6fddc4f1975634982f2237001b3d3c,74
2026-09-23T23-05-23-489Z_n-sweep_1-2-4-8-16-32-50,V1,,50,A-unanime,,,execute,,,execute,0x2656227d,WasteCategoryRegistry.updateCredits,60807,1,,0x072e1b4228e8b48efe8dbb4968c661b86cdd9694b735b84273c8952348a95abc,74
2026-09-23T23-05-23-489Z_n-sweep_1-2-4-8-16-32-50,V2,T1,,,,,deploy_token_T1,,,constructor,0x61016060,,1621017,1,,0xece28f063ba256e8fc65152daf61fe745a7823e8ba387b1b661409f18f6dc4cc,75
2026-09-23T23-05-23-489Z_n-sweep_1-2-4-8-16-32-50,V2,,,,,,deploy_registry,,,constructor,0x60806040,,4590964,1,,0x9005486642112873086c0faf3a06ce7199e3377186a80eb6eea4235f5e1c6f56,75
2026-09-23T23-05-23-489Z_n-sweep_1-2-4-8-16-32-50,V2,,,,,,deploy_governor_V2,,,constructor,0x6101e080,,2178840,1,,0xa32c9f3d540c0ae9eee563ea02a53e3c1648afde51e09209202bc2912d9a8532,75
2026-09-23T23-05-23-489Z_n-sweep_1-2-4-8-16-32-50,V2,,,,,,grant_admin_role,,,grantRole,0x2f2ff15d,,50799,1,,0x0482dd737ad13e5cf9f342f77b7f4c8d4a60575e6613b501a7a433855227e65d,75
2026-09-23T23-05-23-489Z_n-sweep_1-2-4-8-16-32-50,V2,,,,,,revoke_deployer_admin_role,,,revokeRole,0xd547741f,,27116,1,,0xbf6c6756b6e885a31717a4b56f3c4fc35da4780ca84e075711ea97189f58ea3d,75
2026-09-23T23-05-23-489Z_n-sweep_1-2-4-8-16-32-50,V2,,50,A-unanime,,,delegate_admin,,,,0x5c19a95c,,95559,1,,0xe4ed125ff7fcf34a784094393e69d7b32184f90f45a88cf0e398ac5fe2329d50,75
2026-09-23T23-05-23-489Z_n-sweep_1-2-4-8-16-32-50,V2,,50,A-unanime,,,delegate,,,,0x5c19a95c,,48347,1,,0x8e5cf2e817455991c3f88244f29b95e3c5703efb253d16587c3e019ace8ed4aa,75
2026-09-23T23-05-23-489Z_n-sweep_1-2-4-8-16-32-50,V2,,50,A-unanime,,,delegate,,,,0x5c19a95c,,48335,1,,0x3a4d0b938991cc6665fddf48aab742d27a2480134e4cb1cf5b844b9724575405,75
2026-09-23T23-05-23-489Z_n-sweep_1-2-4-8-16-32-50,V2,,50,A-unanime,,,delegate,,,,0x5c19a95c,,48347,1,,0x8df16e2387da0d9fa03469e487a72815c7ad0f22d2e3631bfcd3e8532e84566f,75
2026-09-23T23-05-23-489Z_n-sweep_1-2-4-8-16-32-50,V2,,50,A-unanime,,,delegate,,,,0x5c19a95c,,48347,1,,0x95612e3ccf4e98f664cb62c90a18fd3142e8f5668db18fb82a400652a6b96b06,75
2026-09-23T23-05-23-489Z_n-sweep_1-2-4-8-16-32-50,V2,,50,A-unanime,,,delegate,,,,0x5c19a95c,,48347,1,,0x8cfbd9c8afd095297879c4ea5a6d41c276c3b770abd2f751b06ec63384df15d6,75
2026-09-23T23-05-23-489Z_n-sweep_1-2-4-8-16-32-50,V2,,50,A-unanime,,,delegate,,,,0x5c19a95c,,48347,1,,0x96ff47bd12ed3260165a9b3c82bacf4a9f1cfd47a5f8548491ee35c1066f2e38,75
2026-09-23T23-05-23-489Z_n-sweep_1-2-4-8-16-32-50,V2,,50,A-unanime,,,delegate,,,,0x5c19a95c,,48347,1,,0x3c7464a5135ef0630048da3b891f6f95d941c4b44dfb27d1230d6c7015af52d6,75
2026-09-23T23-05-23-489Z_n-sweep_1-2-4-8-16-32-50,V2,,50,A-unanime,,,delegate,,,,0x5c19a95c,,48347,1,,0xcef7f0dbdf22e7ddd7612e11e8e4d04d07ff7ed50742fa593a04379c3fb4c79a,75
2026-09-23T23-05-23-489Z_n-sweep_1-2-4-8-16-32-50,V2,,50,A-unanime,,,delegate,,,,0x5c19a95c,,48347,1,,0x2a05bf2175c5ddc1c903f568e1aef2d66314124f75bcf8379ba8adf2782fee08,75
2026-09-23T23-05-23-489Z_n-sweep_1-2-4-8-16-32-50,V2,,50,A-unanime,,,delegate,,,,0x5c19a95c,,48335,1,,0xed076a3bb603efd5d8a71a2cc98ed4047b12d152a544a7d1d7a341433c9a4602,75
2026-09-23T23-05-23-489Z_n-sweep_1-2-4-8-16-32-50,V2,,50,A-unanime,,,delegate,,,,0x5c19a95c,,48347,1,,0x10be283a8ec30b680dc3aca50b759e0cf9c8afc082d9e83402cea754eca72a1f,75
2026-09-23T23-05-23-489Z_n-sweep_1-2-4-8-16-32-50,V2,,50,A-unanime,,,delegate,,,,0x5c19a95c,,48347,1,,0x2a30f5270f05f3f17e6177f9b77f58b934718ec7c2e872415fd5bb3af3d1a729,75
2026-09-23T23-05-23-489Z_n-sweep_1-2-4-8-16-32-50,V2,,50,A-unanime,,,delegate,,,,0x5c19a95c,,48347,1,,0x8627a7ad29f66cec2d29399f287974e7802b96ce1c1094b9f03f71ebb4aee554,75
2026-09-23T23-05-23-489Z_n-sweep_1-2-4-8-16-32-50,V2,,50,A-unanime,,,delegate,,,,0x5c19a95c,,48347,1,,0x09935171751aaaad6b28f8c0a6e1389d805ea4048b73d32206a0f9fb56fe6526,75
2026-09-23T23-05-23-489Z_n-sweep_1-2-4-8-16-32-50,V2,,50,A-unanime,,,delegate,,,,0x5c19a95c,,48347,1,,0xcc0bb7cbd2d0f3f8fa2b739bbaa5db203755fbd70b3eefc00d112f1bb589ceaf,75
2026-09-23T23-05-23-489Z_n-sweep_1-2-4-8-16-32-50,V2,,50,A-unanime,,,delegate,,,,0x5c19a95c,,48347,1,,0xc76339288f99a2e44a4485a1794ebb0cad6215adbb061dde8b472b5783d68437,75
2026-09-23T23-05-23-489Z_n-sweep_1-2-4-8-16-32-50,V2,,50,A-unanime,,,delegate,,,,0x5c19a95c,,48347,1,,0x4eff498246ceed5814c564e65aad18449d9d8819517ba51d588d9cfdae3d4d2a,75
2026-09-23T23-05-23-489Z_n-sweep_1-2-4-8-16-32-50,V2,,50,A-unanime,,,delegate,,,,0x5c19a95c,,48347,1,,0xa6ae49a326f302b9e71391f9415c0d930458ea03039ee9086f5687369d739f43,75
2026-09-23T23-05-23-489Z_n-sweep_1-2-4-8-16-32-50,V2,,50,A-unanime,,,delegate,,,,0x5c19a95c,,48347,1,,0xf13688c59dca87eeaaf2b3d3ae625f01224e2d5b4954af7ddb9eacd7e8fca21e,75
2026-09-23T23-05-23-489Z_n-sweep_1-2-4-8-16-32-50,V2,,50,A-unanime,,,delegate,,,,0x5c19a95c,,48347,1,,0xed760b7612d9a02f7ab38dcca54d7d989dd819b4bb98906db1dbcca059ac084f,75
2026-09-23T23-05-23-489Z_n-sweep_1-2-4-8-16-32-50,V2,,50,A-unanime,,,delegate,,,,0x5c19a95c,,48347,1,,0x408a7ccbb0d6637960a2093204a5084a7c3370084f7061b277e04d5d1523ae58,75
2026-09-23T23-05-23-489Z_n-sweep_1-2-4-8-16-32-50,V2,,50,A-unanime,,,delegate,,,,0x5c19a95c,,48347,1,,0x3152e0d13e4c1339d74b6b187ca12500a969817e0120fc16874758b89451705c,75
2026-09-23T23-05-23-489Z_n-sweep_1-2-4-8-16-32-50,V2,,50,A-unanime,,,delegate,,,,0x5c19a95c,,48347,1,,0xa643950d224ced9bbf99ea95cbb9cecb86c028ad6a357741d9eed43fd1418124,75
2026-09-23T23-05-23-489Z_n-sweep_1-2-4-8-16-32-50,V2,,50,A-unanime,,,delegate,,,,0x5c19a95c,,48347,1,,0x055e399c3cbfa6644dce91a7f3b36ea2bc185d80c647c0f1d04321e14c4b1361,75
2026-09-23T23-05-23-489Z_n-sweep_1-2-4-8-16-32-50,V2,,50,A-unanime,,,delegate,,,,0x5c19a95c,,48335,1,,0xdbafa2287cf62155690c72d09b21b76ada56306bf24799e90a6ebd1fd470abc6,75
2026-09-23T23-05-23-489Z_n-sweep_1-2-4-8-16-32-50,V2,,50,A-unanime,,,delegate,,,,0x5c19a95c,,48347,1,,0x5f3e39c0a04665565fe3ba089f22454588d4f688c9a7aef067e7ad9e116a759a,75
2026-09-23T23-05-23-489Z_n-sweep_1-2-4-8-16-32-50,V2,,50,A-unanime,,,delegate,,,,0x5c19a95c,,48347,1,,0x7f968e30943d915d45decb0caea3281b5a4ce30a34416fbe354786d67369fd83,75
2026-09-23T23-05-23-489Z_n-sweep_1-2-4-8-16-32-50,V2,,50,A-unanime,,,delegate,,,,0x5c19a95c,,48347,1,,0xacced85e76fc346ac6aeec9a7ad6b61324fa6705450ea8d9c6b571e609652ec6,75
2026-09-23T23-05-23-489Z_n-sweep_1-2-4-8-16-32-50,V2,,50,A-unanime,,,delegate,,,,0x5c19a95c,,48347,1,,0xc354d6d794f1199566d0378cd1a05e9a5ef44036fa08971363ffdb3f0a83ac1f,75
2026-09-23T23-05-23-489Z_n-sweep_1-2-4-8-16-32-50,V2,,50,A-unanime,,,delegate,,,,0x5c19a95c,,48347,1,,0x41430b21e85fff00baa6651f5e9419f14411e203e9c65cf045d70399e1f94f10,75
2026-09-23T23-05-23-489Z_n-sweep_1-2-4-8-16-32-50,V2,,50,A-unanime,,,delegate,,,,0x5c19a95c,,48347,1,,0x0bedefd31dfd1911f1b821af9af59b2add8145ffa98e5dbae489249c34ba12b9,75
2026-09-23T23-05-23-489Z_n-sweep_1-2-4-8-16-32-50,V2,,50,A-unanime,,,delegate,,,,0x5c19a95c,,48347,1,,0x56ad8c486cf180aa0b39b839e9aa8457bb432ce913afb5054ca9bcce3effbb92,75
2026-09-23T23-05-23-489Z_n-sweep_1-2-4-8-16-32-50,V2,,50,A-unanime,,,delegate,,,,0x5c19a95c,,48347,1,,0x889ffacd513472f47703d03e4eb91f2565e857d0c007bd0d90101601ecbd4461,75
2026-09-23T23-05-23-489Z_n-sweep_1-2-4-8-16-32-50,V2,,50,A-unanime,,,delegate,,,,0x5c19a95c,,48347,1,,0x300cffcbe8eda0567de301008cf1f50514fdf7ef82e382d9507bbf31fffcabc4,75
2026-09-23T23-05-23-489Z_n-sweep_1-2-4-8-16-32-50,V2,,50,A-unanime,,,delegate,,,,0x5c19a95c,,48347,1,,0xb26cc341ef34517b33cf6cd048c8a54704753c40e4e38bdf9dc80c483ec06148,75
2026-09-23T23-05-23-489Z_n-sweep_1-2-4-8-16-32-50,V2,,50,A-unanime,,,delegate,,,,0x5c19a95c,,48347,1,,0x58d7882e8df8d9a84dda04828e62e55811e2fc55bbdf72e420a219528a50c760,75
2026-09-23T23-05-23-489Z_n-sweep_1-2-4-8-16-32-50,V2,,50,A-unanime,,,delegate,,,,0x5c19a95c,,48347,1,,0xa165579965f85981a3065c1e2b2a0995c5caac5df658402f7efd8b0d0b1c2bce,75
2026-09-23T23-05-23-489Z_n-sweep_1-2-4-8-16-32-50,V2,,50,A-unanime,,,delegate,,,,0x5c19a95c,,48347,1,,0xf0592e48b13df8d29c4f13d4da023052f542ca40ddd14d6babaf7ef698f07dbb,75
2026-09-23T23-05-23-489Z_n-sweep_1-2-4-8-16-32-50,V2,,50,A-unanime,,,delegate,,,,0x5c19a95c,,48347,1,,0x03d0dbabc01e5d0af5eca4495d4c548d2c41bb5b473d7d98c49d5385061260b8,75
2026-09-23T23-05-23-489Z_n-sweep_1-2-4-8-16-32-50,V2,,50,A-unanime,,,delegate,,,,0x5c19a95c,,48347,1,,0x9c249c81d873ecf8e9768db83eb14821c2c218d032b11cd7fe5d12088d668fda,75
2026-09-23T23-05-23-489Z_n-sweep_1-2-4-8-16-32-50,V2,,50,A-unanime,,,delegate,,,,0x5c19a95c,,48347,1,,0xcd63dbf8f1f09a2f6a5ff14decca32fb72ad0f1cae7e574b2fc586f13d025bb2,75
2026-09-23T23-05-23-489Z_n-sweep_1-2-4-8-16-32-50,V2,,50,A-unanime,,,delegate,,,,0x5c19a95c,,48347,1,,0x046e21685e512200b52e31db93043af7459b5a989dc0808269126d53721ac8f8,75
2026-09-23T23-05-23-489Z_n-sweep_1-2-4-8-16-32-50,V2,,50,A-unanime,,,delegate,,,,0x5c19a95c,,48347,1,,0x335f1c45ad548204528f7cadd4671e561c20c9c4fe29b91189feade09701c5a9,75
2026-09-23T23-05-23-489Z_n-sweep_1-2-4-8-16-32-50,V2,,50,A-unanime,,,delegate,,,,0x5c19a95c,,48347,1,,0x9f8ade3454be88805b03b02375f2774d72e2d3169cc94a4166c39604e063955f,75
2026-09-23T23-05-23-489Z_n-sweep_1-2-4-8-16-32-50,V2,,50,A-unanime,,,delegate,,,,0x5c19a95c,,48347,1,,0xbc2920c9ad77b324c8f64daabfc2a1431c80f30edb3c65e0a07700b98891b56c,75
2026-09-23T23-05-23-489Z_n-sweep_1-2-4-8-16-32-50,V2,,50,A-unanime,,,delegate,,,,0x5c19a95c,,48347,1,,0x1ff3b9a6966187a5cd8d575d153f2487b31b83e6d2c103a885d102e6de760040,75
2026-09-23T23-05-23-489Z_n-sweep_1-2-4-8-16-32-50,V2,,50,A-unanime,,,delegate,,,,0x5c19a95c,,48347,1,,0x3007abbd2ca5d8a8c5f340a2614ce189759242bb494aab56e592970fe25a61c4,75
2026-09-23T23-05-23-489Z_n-sweep_1-2-4-8-16-32-50,V2,,50,A-unanime,,,delegate,,,,0x5c19a95c,,48335,1,,0x1ef3932edbce7e10293b79c0f2bdd68ba9963feeb60783550b8048fadd7093b1,75
2026-09-23T23-05-23-489Z_n-sweep_1-2-4-8-16-32-50,V2,,50,A-unanime,,,delegate,,,,0x5c19a95c,,48347,1,,0xc1ed614da0f39e829d43e2c73649b3d798068befc640a8a27a6dfe3b86205651,75
2026-09-23T23-05-23-489Z_n-sweep_1-2-4-8-16-32-50,V2,,50,A-unanime,,,delegate,,,,0x5c19a95c,,48347,1,,0x644c69711f4cf1c5519b2b689791a02de2c659aa2334fad7b76f3e0b8ddc92c8,75
2026-09-23T23-05-23-489Z_n-sweep_1-2-4-8-16-32-50,V2,,50,A-unanime,,,transfer,,,,0xa9059cbb,,135960,1,,0x988aab2b52dd044a179325bd4967d9ae7237c72920f39685c1b68a865d8bc061,75
2026-09-23T23-05-23-489Z_n-sweep_1-2-4-8-16-32-50,V2,,50,A-unanime,,,transfer,,,,0xa9059cbb,,135948,1,,0x1740ec9063dfd663705ab00d6d861409d180c9ad70adc6d28480537016214f76,75
2026-09-23T23-05-23-489Z_n-sweep_1-2-4-8-16-32-50,V2,,50,A-unanime,,,transfer,,,,0xa9059cbb,,135960,1,,0xf56fcef6e6bf4bee12e48c2b9df7dbc660058df2a1fb870619e66bc918f52484,75
2026-09-23T23-05-23-489Z_n-sweep_1-2-4-8-16-32-50,V2,,50,A-unanime,,,transfer,,,,0xa9059cbb,,135960,1,,0x233ed19ebf1226e5fc37f5fd473c8962d4660a56079a5d6c60cad7337c5b7af9,75
2026-09-23T23-05-23-489Z_n-sweep_1-2-4-8-16-32-50,V2,,50,A-unanime,,,transfer,,,,0xa9059cbb,,135960,1,,0xcc782b233f1590adef175cd9036af19be976f253c0218163c06331281c553efe,75
2026-09-23T23-05-23-489Z_n-sweep_1-2-4-8-16-32-50,V2,,50,A-unanime,,,transfer,,,,0xa9059cbb,,135960,1,,0xbea6e584f326824c66cd6b2c4015b7b890bfe3cd9eab172363c69ca2e07fc6c2,75
2026-09-23T23-05-23-489Z_n-sweep_1-2-4-8-16-32-50,V2,,50,A-unanime,,,transfer,,,,0xa9059cbb,,135960,1,,0x465ed0f194e88c72adeb55b13c9b38160cb85e4cc722e7a5af85df8387d76996,75
2026-09-23T23-05-23-489Z_n-sweep_1-2-4-8-16-32-50,V2,,50,A-unanime,,,transfer,,,,0xa9059cbb,,135960,1,,0xd1689b874f589c86d72d375fae0451c938fd231cd4095f970e1dd1b81f8676b7,75
2026-09-23T23-05-23-489Z_n-sweep_1-2-4-8-16-32-50,V2,,50,A-unanime,,,transfer,,,,0xa9059cbb,,135960,1,,0xcf893e779208ade49ba3073a23cde3543874fa081e203c8b7d248491c6588cd6,75
2026-09-23T23-05-23-489Z_n-sweep_1-2-4-8-16-32-50,V2,,50,A-unanime,,,transfer,,,,0xa9059cbb,,135948,1,,0x55f9f4c5cbe216e8c28f62779d8fa7e3844908ecfb57361604a2d8e371d49fca,75
2026-09-23T23-05-23-489Z_n-sweep_1-2-4-8-16-32-50,V2,,50,A-unanime,,,transfer,,,,0xa9059cbb,,135960,1,,0x8dbb2d08f54ac53f17e18a86d078179bdcf4aecc630828e698d239a5cb1f6f8e,75
2026-09-23T23-05-23-489Z_n-sweep_1-2-4-8-16-32-50,V2,,50,A-unanime,,,transfer,,,,0xa9059cbb,,135960,1,,0xed649c0db846b2bff19da4f11088b84071c73ddd4ce7d3749ae53eea75ac41db,75
2026-09-23T23-05-23-489Z_n-sweep_1-2-4-8-16-32-50,V2,,50,A-unanime,,,transfer,,,,0xa9059cbb,,135960,1,,0xdf2cf31e73eb13bd09dd1afb5bb13ebc7ce5e2763b7e9b9cf73e62e8ef5d4e22,75
2026-09-23T23-05-23-489Z_n-sweep_1-2-4-8-16-32-50,V2,,50,A-unanime,,,transfer,,,,0xa9059cbb,,135960,1,,0x3c1627a4e1cac6bb0416fd3e398372366c09d1a68ecfeb6747b79ec38aedf91c,75
2026-09-23T23-05-23-489Z_n-sweep_1-2-4-8-16-32-50,V2,,50,A-unanime,,,transfer,,,,0xa9059cbb,,135960,1,,0xc56ae9e1eaa29c1b61ad02ffd529d88ca71dc67f8df801cf2e6338e0c93601c0,75
2026-09-23T23-05-23-489Z_n-sweep_1-2-4-8-16-32-50,V2,,50,A-unanime,,,transfer,,,,0xa9059cbb,,135960,1,,0x0d0753aecd5c03f9a033b2f46b7f5cd0425998608ec65fe4e251758640f116cc,75
2026-09-23T23-05-23-489Z_n-sweep_1-2-4-8-16-32-50,V2,,50,A-unanime,,,transfer,,,,0xa9059cbb,,135960,1,,0xefbd39c3f9ebfa93ac80f360ffd8980bec4b7e10908c53b00b1e61e174e14477,75
2026-09-23T23-05-23-489Z_n-sweep_1-2-4-8-16-32-50,V2,,50,A-unanime,,,transfer,,,,0xa9059cbb,,135960,1,,0x3a2f642f292c833077cfed053ba476469661e3d952ab0f9708e81024e8a131f0,75
2026-09-23T23-05-23-489Z_n-sweep_1-2-4-8-16-32-50,V2,,50,A-unanime,,,transfer,,,,0xa9059cbb,,135960,1,,0x92f057c6ea61052e657e17ca72c92f5b41686fa9098dc43c6670fd435baeb520,75
2026-09-23T23-05-23-489Z_n-sweep_1-2-4-8-16-32-50,V2,,50,A-unanime,,,transfer,,,,0xa9059cbb,,135960,1,,0x401daf28f880e62370c01be106e283ab587a6a396d0ac9a4c1790b877d11cee7,75
2026-09-23T23-05-23-489Z_n-sweep_1-2-4-8-16-32-50,V2,,50,A-unanime,,,transfer,,,,0xa9059cbb,,135960,1,,0x9fcb64d9dee02b77c33a03d55d294baa22cebf6f3fc60761a8ce82a27b27c4ac,75
2026-09-23T23-05-23-489Z_n-sweep_1-2-4-8-16-32-50,V2,,50,A-unanime,,,transfer,,,,0xa9059cbb,,135960,1,,0xb12735ad54fd91cf7224ef0aead270b7e5bf6415a1835ea5a76292fff1415cfb,75
2026-09-23T23-05-23-489Z_n-sweep_1-2-4-8-16-32-50,V2,,50,A-unanime,,,transfer,,,,0xa9059cbb,,135960,1,,0xfe37646fb15fa8302c991c97cf1f7c1a4a0f2b6acd720ebca26aca50888cda23,75
2026-09-23T23-05-23-489Z_n-sweep_1-2-4-8-16-32-50,V2,,50,A-unanime,,,transfer,,,,0xa9059cbb,,135960,1,,0xd60240538b26e59a2163ed3a22c43b9ab1484704bd0b0f3cdefabb88cb5b257e,75
2026-09-23T23-05-23-489Z_n-sweep_1-2-4-8-16-32-50,V2,,50,A-unanime,,,transfer,,,,0xa9059cbb,,135948,1,,0xb22c513b7fe482f54292a9bfeef77c21aacef9c17483d515bdfda6c1cf1f42bb,75
2026-09-23T23-05-23-489Z_n-sweep_1-2-4-8-16-32-50,V2,,50,A-unanime,,,transfer,,,,0xa9059cbb,,135960,1,,0x88644017f1f3ae21daa385d29aee8d731cf7ba0c9b61e24399db19697919acb2,75
2026-09-23T23-05-23-489Z_n-sweep_1-2-4-8-16-32-50,V2,,50,A-unanime,,,transfer,,,,0xa9059cbb,,135960,1,,0xad4486b295fc1a15477c5d8ebe8706f1ed097c809410e10005b1685953c2a2bb,75
2026-09-23T23-05-23-489Z_n-sweep_1-2-4-8-16-32-50,V2,,50,A-unanime,,,transfer,,,,0xa9059cbb,,135960,1,,0xc857927978b7fca420d8dfdcf1a08458352c71bd35216ca7bdaabdcf6a420eab,75
2026-09-23T23-05-23-489Z_n-sweep_1-2-4-8-16-32-50,V2,,50,A-unanime,,,transfer,,,,0xa9059cbb,,135960,1,,0x19da029d75fd0d87dc7a4f9beb9559a212c97f4650b20bec708183e96523aaba,75
2026-09-23T23-05-23-489Z_n-sweep_1-2-4-8-16-32-50,V2,,50,A-unanime,,,transfer,,,,0xa9059cbb,,135960,1,,0xe39ed1dd6a0f306a57d3c39746352501a07bde119ca084d195183aa8257d544c,75
2026-09-23T23-05-23-489Z_n-sweep_1-2-4-8-16-32-50,V2,,50,A-unanime,,,transfer,,,,0xa9059cbb,,135960,1,,0x686f042e46d0bb971f2dc7311a4b70e71aa32e852ea51402ab89ee3a2117a475,75
2026-09-23T23-05-23-489Z_n-sweep_1-2-4-8-16-32-50,V2,,50,A-unanime,,,transfer,,,,0xa9059cbb,,135960,1,,0xf9e0d46378d7c47514f285080aa1c0ba30ccb144fd11142fd8a0965281717e14,75
2026-09-23T23-05-23-489Z_n-sweep_1-2-4-8-16-32-50,V2,,50,A-unanime,,,transfer,,,,0xa9059cbb,,135960,1,,0x403d5ee904eb62cf03710c0775795d94da962bdd3fc2a81d2c0ef4752ac1fe71,75
2026-09-23T23-05-23-489Z_n-sweep_1-2-4-8-16-32-50,V2,,50,A-unanime,,,transfer,,,,0xa9059cbb,,135960,1,,0xfdde6c45dcc56940d6e78753c17a5c3fb5be608e7dbf8994340a63db872a194f,75
2026-09-23T23-05-23-489Z_n-sweep_1-2-4-8-16-32-50,V2,,50,A-unanime,,,transfer,,,,0xa9059cbb,,135960,1,,0x0ab3489848781558a75a336d69aeae715379240b5a6bd11ad38ea8bd2a829107,75
2026-09-23T23-05-23-489Z_n-sweep_1-2-4-8-16-32-50,V2,,50,A-unanime,,,transfer,,,,0xa9059cbb,,135960,1,,0x1682e6d0d561bf9f64b682c350f3b78d5c3a2bd231295f8d74b4c92182f6cc07,75
2026-09-23T23-05-23-489Z_n-sweep_1-2-4-8-16-32-50,V2,,50,A-unanime,,,transfer,,,,0xa9059cbb,,135960,1,,0x5b82226f4b3968c0c11ff4245b77ddb5c737ac3d9384e7f0f5dacf91ae505b7c,75
2026-09-23T23-05-23-489Z_n-sweep_1-2-4-8-16-32-50,V2,,50,A-unanime,,,transfer,,,,0xa9059cbb,,135960,1,,0x6b5817c5a2f3233a1f4755f91eec5b61a72e50556aeb151d1df361f8dcacafea,75
2026-09-23T23-05-23-489Z_n-sweep_1-2-4-8-16-32-50,V2,,50,A-unanime,,,transfer,,,,0xa9059cbb,,135960,1,,0x00442dfd61843442f2f62e78bcf59b803dd8498b1bad260878d59e06f48aaf95,75
2026-09-23T23-05-23-489Z_n-sweep_1-2-4-8-16-32-50,V2,,50,A-unanime,,,transfer,,,,0xa9059cbb,,135960,1,,0xf5d2b3eeffb65a663d93b8d3c809b6e5121b8784e868e51af3bdba2deee35a8b,75
2026-09-23T23-05-23-489Z_n-sweep_1-2-4-8-16-32-50,V2,,50,A-unanime,,,transfer,,,,0xa9059cbb,,135960,1,,0xf3df28ed5d40b48f8919791b5b9ed50c0de598885569cd4cda2c88678140358b,75
2026-09-23T23-05-23-489Z_n-sweep_1-2-4-8-16-32-50,V2,,50,A-unanime,,,transfer,,,,0xa9059cbb,,135960,1,,0xae8265c953b3c6c844fd5e7f9c7464dcd5160d081bd3f12119dae553d5383d46,75
2026-09-23T23-05-23-489Z_n-sweep_1-2-4-8-16-32-50,V2,,50,A-unanime,,,transfer,,,,0xa9059cbb,,135960,1,,0x2bedec0ecd73ac805d76d0b0f124d689002219a8553658ae536e50df35c6d9db,75
2026-09-23T23-05-23-489Z_n-sweep_1-2-4-8-16-32-50,V2,,50,A-unanime,,,transfer,,,,0xa9059cbb,,135960,1,,0x7911352af92914fc012e9271fef77802aaf80cb03b085ac5b36a82617ef3d87f,75
2026-09-23T23-05-23-489Z_n-sweep_1-2-4-8-16-32-50,V2,,50,A-unanime,,,transfer,,,,0xa9059cbb,,135960,1,,0x527083c9aa09a186a9dfde1d6e11e56a88c23af4ff1df829641f565d467e9eb3,75
2026-09-23T23-05-23-489Z_n-sweep_1-2-4-8-16-32-50,V2,,50,A-unanime,,,transfer,,,,0xa9059cbb,,135960,1,,0x4fcb61575570970b077a3f0175ad61e8f9b670d214f189be9284c9e38d23ea97,75
2026-09-23T23-05-23-489Z_n-sweep_1-2-4-8-16-32-50,V2,,50,A-unanime,,,transfer,,,,0xa9059cbb,,135960,1,,0x4e542c0f00edf948e31ae0044ddc651c40f57f37ff7015611a62d6daf389f5c0,75
2026-09-23T23-05-23-489Z_n-sweep_1-2-4-8-16-32-50,V2,,50,A-unanime,,,transfer,,,,0xa9059cbb,,135948,1,,0x678ff5ad84e5f134b40dad86f148a340f9fbc604f5ec27a98b7c60856ee1e375,75
2026-09-23T23-05-23-489Z_n-sweep_1-2-4-8-16-32-50,V2,,50,A-unanime,,,transfer,,,,0xa9059cbb,,135960,1,,0x8c9fe884dc095bd2cb142ad2f4c3a32815bf358db82984445b1bebe0c495a13f,75
2026-09-23T23-05-23-489Z_n-sweep_1-2-4-8-16-32-50,V2,,50,A-unanime,,,transfer,,,,0xa9059cbb,,135960,1,,0xcae168b52d2afa75f1568ef6aadf2694b4b83c844b2cc07cfa891dbd891f714c,75
2026-09-23T23-05-23-489Z_n-sweep_1-2-4-8-16-32-50,V2,,50,A-unanime,,,propose,,,propose,0x7d5e81e2,WasteCategoryRegistry.updateCredits,63351,1,,0xf2455ec6bdcf3c2397b672344db3f717addd05600d2df32652f98d39c10098d7,75
2026-09-23T23-05-23-489Z_n-sweep_1-2-4-8-16-32-50,V2,,50,A-unanime,,,vote,1,for,,0x56781388,,82468,1,,0x79cf3aa5d408a48a2df3ddadf3f5fd457bc5902810020bf62bee96065b50fb7e,75
2026-09-23T23-05-23-489Z_n-sweep_1-2-4-8-16-32-50,V2,,50,A-unanime,,,vote,2,for,,0x56781388,,65368,1,,0x46147c1441061dccf9fa27ec41121ba5b726f066f09d87f33d80ec7c82f6f0c1,75
2026-09-23T23-05-23-489Z_n-sweep_1-2-4-8-16-32-50,V2,,50,A-unanime,,,vote,3,for,,0x56781388,,65368,1,,0x3ddeffe814ca425fca3e0b4b9afd418d47301d221bfa3da47e9ea346f4c3f741,75
2026-09-23T23-05-23-489Z_n-sweep_1-2-4-8-16-32-50,V2,,50,A-unanime,,,vote,4,for,,0x56781388,,65368,1,,0x57a43f7dc920f38a18dcac9e0e3062bac139a2f11e6c33f7c79bcfa274daea41,75
2026-09-23T23-05-23-489Z_n-sweep_1-2-4-8-16-32-50,V2,,50,A-unanime,,,vote,5,for,,0x56781388,,65368,1,,0x2b860b038556fbfe721ea10af17f04902a7437792fe39172919b78ec773e1a46,75
2026-09-23T23-05-23-489Z_n-sweep_1-2-4-8-16-32-50,V2,,50,A-unanime,,,vote,6,for,,0x56781388,,65368,1,,0x14bfdd3d9e6dfebeeca868a7e60879966ebaadd5af775b52ef407481646b7e41,75
2026-09-23T23-05-23-489Z_n-sweep_1-2-4-8-16-32-50,V2,,50,A-unanime,,,vote,7,for,,0x56781388,,65368,1,,0x988b984459e3c4b3373e7d442c7a2d318a49433cc520367bd50a3652e55ff63b,75
2026-09-23T23-05-23-489Z_n-sweep_1-2-4-8-16-32-50,V2,,50,A-unanime,,,vote,8,for,,0x56781388,,65368,1,,0x8dd30ab65f98a7c1b2f22262e34654db767e3b43db271bb0ce7ef83bd962bc4c,75
2026-09-23T23-05-23-489Z_n-sweep_1-2-4-8-16-32-50,V2,,50,A-unanime,,,vote,9,for,,0x56781388,,65368,1,,0x7305d78f04da1fc2c4615766b2a2dcd5cde0f855b140ed5be0a409e123042c20,75
2026-09-23T23-05-23-489Z_n-sweep_1-2-4-8-16-32-50,V2,,50,A-unanime,,,vote,10,for,,0x56781388,,65368,1,,0x24c71249334af0a947ba03b55a637a0bf1d1cb88fba2b9011145d6bd196002ba,75
2026-09-23T23-05-23-489Z_n-sweep_1-2-4-8-16-32-50,V2,,50,A-unanime,,,vote,11,for,,0x56781388,,65368,1,,0xe5a9467b109c46b7f0f781d8ffd4c6739e36c3bea5877bcf7e701260b788ec59,75
2026-09-23T23-05-23-489Z_n-sweep_1-2-4-8-16-32-50,V2,,50,A-unanime,,,vote,12,for,,0x56781388,,65368,1,,0x1f1f7a33c489d2415157445621eab8d3060c8afaf8fae15f724edcb30d5070f0,75
2026-09-23T23-05-23-489Z_n-sweep_1-2-4-8-16-32-50,V2,,50,A-unanime,,,vote,13,for,,0x56781388,,65368,1,,0x159701bc1759e6b9ebca7289b5071033829ff86ddd862ffa4dcb867acd634ced,75
2026-09-23T23-05-23-489Z_n-sweep_1-2-4-8-16-32-50,V2,,50,A-unanime,,,vote,14,for,,0x56781388,,65368,1,,0x7276e920866824fc35b00e68bb94b563554f5c8155cbf90d89792b0f8aa0dc21,75
2026-09-23T23-05-23-489Z_n-sweep_1-2-4-8-16-32-50,V2,,50,A-unanime,,,vote,15,for,,0x56781388,,65368,1,,0x5fd90d4b792d238836f4d28bd5f1d9fe47c41869011d4de37d84b45ff0979d13,75
2026-09-23T23-05-23-489Z_n-sweep_1-2-4-8-16-32-50,V2,,50,A-unanime,,,vote,16,for,,0x56781388,,65368,1,,0x7cf88470deebb95ef9a9904280da6c660171a3385bbc05b0d194eecae1e51970,75
2026-09-23T23-05-23-489Z_n-sweep_1-2-4-8-16-32-50,V2,,50,A-unanime,,,vote,17,for,,0x56781388,,65368,1,,0x0170c5d18eaf75f655369471076c783d505c41539baf3cafbdef259653c742cf,75
2026-09-23T23-05-23-489Z_n-sweep_1-2-4-8-16-32-50,V2,,50,A-unanime,,,vote,18,for,,0x56781388,,65368,1,,0x02fdc5df7697fd2dd31753043e34a4a3b45c76e2afe1d98f84300bdfee2851ea,75
2026-09-23T23-05-23-489Z_n-sweep_1-2-4-8-16-32-50,V2,,50,A-unanime,,,vote,19,for,,0x56781388,,65368,1,,0xc277bc2f4f48e9575b1fe77e78ceae48f965105c4473cf5a4a5aab5afdb86b42,75
2026-09-23T23-05-23-489Z_n-sweep_1-2-4-8-16-32-50,V2,,50,A-unanime,,,vote,20,for,,0x56781388,,65368,1,,0x8f82e430405d3951e34cca47794996ba898f3dbb6364371ead8baa93021739ab,75
2026-09-23T23-05-23-489Z_n-sweep_1-2-4-8-16-32-50,V2,,50,A-unanime,,,vote,21,for,,0x56781388,,65368,1,,0x80041eea3bbe8525227cfff984b46b8534ced69eb8b5957c0b5697eb84ffc007,75
2026-09-23T23-05-23-489Z_n-sweep_1-2-4-8-16-32-50,V2,,50,A-unanime,,,vote,22,for,,0x56781388,,65368,1,,0xc2c16e5bdeeae7efe8532c8af20e014c03a444340a33527bdfef124efef6b132,75
2026-09-23T23-05-23-489Z_n-sweep_1-2-4-8-16-32-50,V2,,50,A-unanime,,,vote,23,for,,0x56781388,,65368,1,,0x7e0aac315e359806ad37f371be34da3d850e4e7b142340ce78168920a496a7e7,75
2026-09-23T23-05-23-489Z_n-sweep_1-2-4-8-16-32-50,V2,,50,A-unanime,,,vote,24,for,,0x56781388,,65368,1,,0x4019c8211a8edb98e5d8c32bf4d175e65357bc512321688c6097a3dbc26973a8,75
2026-09-23T23-05-23-489Z_n-sweep_1-2-4-8-16-32-50,V2,,50,A-unanime,,,vote,25,for,,0x56781388,,65368,1,,0xbad9dc9eba4e695cdbead7c6802c3b5741899d67323ed887b620e8a4c1fccab1,75
2026-09-23T23-05-23-489Z_n-sweep_1-2-4-8-16-32-50,V2,,50,A-unanime,,,vote,26,for,,0x56781388,,65368,1,,0xf5be5d7f5f96e889928b4eed53f6c254bd62cc4d5b051ff21624ba009f11c8b4,75
2026-09-23T23-05-23-489Z_n-sweep_1-2-4-8-16-32-50,V2,,50,A-unanime,,,vote,27,for,,0x56781388,,65368,1,,0x4984b6bd24531358161256abdf16293a8651715dcbf45668cad18f414c923821,75
2026-09-23T23-05-23-489Z_n-sweep_1-2-4-8-16-32-50,V2,,50,A-unanime,,,vote,28,for,,0x56781388,,65368,1,,0x288450641bea17b0ec68990ea1ed9ec01a8d4a3c1ae58efc719611291a8f713b,75
2026-09-23T23-05-23-489Z_n-sweep_1-2-4-8-16-32-50,V2,,50,A-unanime,,,vote,29,for,,0x56781388,,65368,1,,0x798a6c9744d7c9eebaa78103dd1473224941b9fa2695ff74907dd1d58e530e81,75
2026-09-23T23-05-23-489Z_n-sweep_1-2-4-8-16-32-50,V2,,50,A-unanime,,,vote,30,for,,0x56781388,,65368,1,,0xf017d73a283dadad82487c015860f84144cbc955151c56889c403641f55af20d,75
2026-09-23T23-05-23-489Z_n-sweep_1-2-4-8-16-32-50,V2,,50,A-unanime,,,vote,31,for,,0x56781388,,65368,1,,0xd4ca0fdeb3ac4e8cc6855863677e616590419686461c257e9eea78f74ea2359c,75
2026-09-23T23-05-23-489Z_n-sweep_1-2-4-8-16-32-50,V2,,50,A-unanime,,,vote,32,for,,0x56781388,,65368,1,,0x227c9ea906b2189eb218e7f928d92f3ce81d276e3b836c66f4c59dcc20bb19cc,75
2026-09-23T23-05-23-489Z_n-sweep_1-2-4-8-16-32-50,V2,,50,A-unanime,,,vote,33,for,,0x56781388,,65368,1,,0x26d54b12e6162bd80b65430fcaa9acaeb2758a1d41ecfc98649d88be45dc9ea2,75
2026-09-23T23-05-23-489Z_n-sweep_1-2-4-8-16-32-50,V2,,50,A-unanime,,,vote,34,for,,0x56781388,,65368,1,,0x406d576a9664a8473d2ba1414fe80e2bafaa46147152bdd652f05e6c891cb51d,75
2026-09-23T23-05-23-489Z_n-sweep_1-2-4-8-16-32-50,V2,,50,A-unanime,,,vote,35,for,,0x56781388,,65368,1,,0xc00f7d18a5bd69ab360d8118338d8c0b6798d41829db59b281e9cc3ebb415a11,75
2026-09-23T23-05-23-489Z_n-sweep_1-2-4-8-16-32-50,V2,,50,A-unanime,,,vote,36,for,,0x56781388,,65368,1,,0xac2eff4fbe5049753f581c63cdca8ad37824920ec797a89ed8eb5866dead00b8,75
2026-09-23T23-05-23-489Z_n-sweep_1-2-4-8-16-32-50,V2,,50,A-unanime,,,vote,37,for,,0x56781388,,65368,1,,0xf38f4eb8db78781775c03ca80231f5260f14395d818e93306e8462758238f8f1,75
2026-09-23T23-05-23-489Z_n-sweep_1-2-4-8-16-32-50,V2,,50,A-unanime,,,vote,38,for,,0x56781388,,65368,1,,0x69d53b41d4ad442bd8940ca1542cda3abfb91b97dfc1b0a3780bf983ea5e01e3,75
2026-09-23T23-05-23-489Z_n-sweep_1-2-4-8-16-32-50,V2,,50,A-unanime,,,vote,39,for,,0x56781388,,65368,1,,0xbc85587c94e3b98e42cb4e4a750d4e2d38e60f47e416cf0d663d21fcc719f62f,75
2026-09-23T23-05-23-489Z_n-sweep_1-2-4-8-16-32-50,V2,,50,A-unanime,,,vote,40,for,,0x56781388,,65368,1,,0xc556a7dfabc539684a2146b051e18263ad729600d2b726ec9645033ef647b4e3,75
2026-09-23T23-05-23-489Z_n-sweep_1-2-4-8-16-32-50,V2,,50,A-unanime,,,vote,41,for,,0x56781388,,65368,1,,0x62e6a67393e9110a4b69f1fad301a3a990f3fc59be41b0a49988fadfdfdead10,75
2026-09-23T23-05-23-489Z_n-sweep_1-2-4-8-16-32-50,V2,,50,A-unanime,,,vote,42,for,,0x56781388,,65368,1,,0x5595f697fa39e15f5e1443444a44d0d4457b7631f23531cd5d7082392b9f87d4,75
2026-09-23T23-05-23-489Z_n-sweep_1-2-4-8-16-32-50,V2,,50,A-unanime,,,vote,43,for,,0x56781388,,65368,1,,0x8fd1cc9c44c9b429b6b32100204fdc527a88bd47ecf860183aa30a76d5d6442c,75
2026-09-23T23-05-23-489Z_n-sweep_1-2-4-8-16-32-50,V2,,50,A-unanime,,,vote,44,for,,0x56781388,,65368,1,,0x55ac7f8eac3380ff95389ed70b410b115c317e171521ad97ec1205b1ac966112,75
2026-09-23T23-05-23-489Z_n-sweep_1-2-4-8-16-32-50,V2,,50,A-unanime,,,vote,45,for,,0x56781388,,65368,1,,0xa95f8b08b01a1c77b0e89be396cca6f3fab7e1630e7ff8a735002cae845e88a7,75
2026-09-23T23-05-23-489Z_n-sweep_1-2-4-8-16-32-50,V2,,50,A-unanime,,,vote,46,for,,0x56781388,,65368,1,,0x8086ced5012e65d8dcf241a210d6d8904956fb2c95056d15cc5a12814089ab78,75
2026-09-23T23-05-23-489Z_n-sweep_1-2-4-8-16-32-50,V2,,50,A-unanime,,,vote,47,for,,0x56781388,,65368,1,,0xb0cb7f0f3437c78393252af5274ad8673538b1f5f9b38f7c45458befbb17dea4,75
2026-09-23T23-05-23-489Z_n-sweep_1-2-4-8-16-32-50,V2,,50,A-unanime,,,vote,48,for,,0x56781388,,65368,1,,0x767fd8853388f84dd6fca7c09364e4388570f508873d25d564fb6501d91ec45b,75
2026-09-23T23-05-23-489Z_n-sweep_1-2-4-8-16-32-50,V2,,50,A-unanime,,,vote,49,for,,0x56781388,,65368,1,,0xdb54d66edb0db99cd9fe8f67acaa5cfb685ae20532b1f44852d8878807096c7f,75
2026-09-23T23-05-23-489Z_n-sweep_1-2-4-8-16-32-50,V2,,50,A-unanime,,,vote,50,for,,0x56781388,,65368,1,,0xcee9ba086330cb5df31661364287234f1f6fddc4f1975634982f2237001b3d3c,75
2026-09-23T23-05-23-489Z_n-sweep_1-2-4-8-16-32-50,V2,,50,A-unanime,,,execute,,,execute,0x2656227d,WasteCategoryRegistry.updateCredits,60847,1,,0x072e1b4228e8b48efe8dbb4968c661b86cdd9694b735b84273c8952348a95abc,75
2026-09-23T23-05-23-489Z_n-sweep_1-2-4-8-16-32-50,V0,T1,,,,,deploy_token_T1,,,constructor,0x61016060,,1621017,1,,0xece28f063ba256e8fc65152daf61fe745a7823e8ba387b1b661409f18f6dc4cc,76
2026-09-23T23-05-23-489Z_n-sweep_1-2-4-8-16-32-50,V0,,,,,,deploy_registry,,,constructor,0x60806040,,4590964,1,,0x9005486642112873086c0faf3a06ce7199e3377186a80eb6eea4235f5e1c6f56,76
2026-09-23T23-05-23-489Z_n-sweep_1-2-4-8-16-32-50,V0,,,,,,deploy_governor_V0,,,constructor,0x6101c080,,2133394,1,,0x8b33a795df9df0e5a3cb812430955580d1fb4f654a6028dd161238e13d560524,76
2026-09-23T23-05-23-489Z_n-sweep_1-2-4-8-16-32-50,V0,,,,,,grant_admin_role,,,grantRole,0x2f2ff15d,,50799,1,,0xb518a3911be32f0a59dcaec3e43c7ec54010f07f3e473d550516b1aab1a18d6b,76
2026-09-23T23-05-23-489Z_n-sweep_1-2-4-8-16-32-50,V0,,,,,,revoke_deployer_admin_role,,,revokeRole,0xd547741f,,27116,1,,0x8cb08b8b6ca45600b76a431b4cd18aee2095374e00c890903bfaa28d83b5f82b,76
2026-09-23T23-05-23-489Z_n-sweep_1-2-4-8-16-32-50,V0,,50,A-maioria,,,delegate_admin,,,,0x5c19a95c,,95559,1,,0xfa43c1f7a1a1658c8aeac58119b26e806face10fc63ae3e18099942309f4d395,76
2026-09-23T23-05-23-489Z_n-sweep_1-2-4-8-16-32-50,V0,,50,A-maioria,,,delegate,,,,0x5c19a95c,,48347,1,,0xf96ae171d39b1290c248e3ee88c92c43e24751ff4aacf46bad404cad29a33e37,76
2026-09-23T23-05-23-489Z_n-sweep_1-2-4-8-16-32-50,V0,,50,A-maioria,,,delegate,,,,0x5c19a95c,,48335,1,,0x65ff74d2610d5c80f16dc62aa4e01b339a9ecd8c95911ae092d678a9792cdcb8,76
2026-09-23T23-05-23-489Z_n-sweep_1-2-4-8-16-32-50,V0,,50,A-maioria,,,delegate,,,,0x5c19a95c,,48347,1,,0xb06e4e18b389cc3c69848b844c44927f26087a909c0e4532a1ba892e8d7bac4c,76
2026-09-23T23-05-23-489Z_n-sweep_1-2-4-8-16-32-50,V0,,50,A-maioria,,,delegate,,,,0x5c19a95c,,48347,1,,0xfdc5c4ae6e458adbd0780d18d4ef20dca6b7a02f3efff2f7c0eec7590e340a41,76
2026-09-23T23-05-23-489Z_n-sweep_1-2-4-8-16-32-50,V0,,50,A-maioria,,,delegate,,,,0x5c19a95c,,48347,1,,0x5c4d4bc02e09949d860a2c409a26209335f7c4e4eca7ac13d0e60a5cf0d0f233,76
2026-09-23T23-05-23-489Z_n-sweep_1-2-4-8-16-32-50,V0,,50,A-maioria,,,delegate,,,,0x5c19a95c,,48347,1,,0x8eb2597a239d7d5a9d780141fa850308f21a221b62b2f0b2cd01922a25b294b2,76
2026-09-23T23-05-23-489Z_n-sweep_1-2-4-8-16-32-50,V0,,50,A-maioria,,,delegate,,,,0x5c19a95c,,48347,1,,0x61b0a2cbceae6ab3b47dbad41fbaa57485b4b4545814b177fb76f5e80989f4b6,76
2026-09-23T23-05-23-489Z_n-sweep_1-2-4-8-16-32-50,V0,,50,A-maioria,,,delegate,,,,0x5c19a95c,,48347,1,,0x8e8293e79ce57e8b2bd6c914c167b0ec5858ded7d332cc962607075acbcc0b43,76
2026-09-23T23-05-23-489Z_n-sweep_1-2-4-8-16-32-50,V0,,50,A-maioria,,,delegate,,,,0x5c19a95c,,48347,1,,0x700d26ece381a9328c0c0607c8015a890a8cc373fc0ec5e3e5957a9b1720c821,76
2026-09-23T23-05-23-489Z_n-sweep_1-2-4-8-16-32-50,V0,,50,A-maioria,,,delegate,,,,0x5c19a95c,,48335,1,,0x827f347ed9162ee5aa31942cb2cd15f5b7940183deaee5d4a11b6efe87452173,76
2026-09-23T23-05-23-489Z_n-sweep_1-2-4-8-16-32-50,V0,,50,A-maioria,,,delegate,,,,0x5c19a95c,,48347,1,,0x05e0616bb804c3cd4df19f7b0cf511dbcb6e9524c52bcfbf8b39223490cc0846,76
2026-09-23T23-05-23-489Z_n-sweep_1-2-4-8-16-32-50,V0,,50,A-maioria,,,delegate,,,,0x5c19a95c,,48347,1,,0x7409a97667b08d9b70b0d678843340d442fad8337ae46944499977e000325f92,76
2026-09-23T23-05-23-489Z_n-sweep_1-2-4-8-16-32-50,V0,,50,A-maioria,,,delegate,,,,0x5c19a95c,,48347,1,,0x06bc39c687cf89ca2626bc142b16cf4a83fd68b90155fd6344acd5c17148d8a6,76
2026-09-23T23-05-23-489Z_n-sweep_1-2-4-8-16-32-50,V0,,50,A-maioria,,,delegate,,,,0x5c19a95c,,48347,1,,0xe5d3691fe9ffad366e158fc098b74dd6635f083c235a6588c23e1d5313889cc9,76
2026-09-23T23-05-23-489Z_n-sweep_1-2-4-8-16-32-50,V0,,50,A-maioria,,,delegate,,,,0x5c19a95c,,48347,1,,0x75300fe9f7d70fbe306b3cefadf0423a64334a4470eee34e958b76b4418900c0,76
2026-09-23T23-05-23-489Z_n-sweep_1-2-4-8-16-32-50,V0,,50,A-maioria,,,delegate,,,,0x5c19a95c,,48347,1,,0xef2cf8fae96fa4c95b9eb5fc78e668af4f5126a23f921c90e15afdcffccd9bf9,76
2026-09-23T23-05-23-489Z_n-sweep_1-2-4-8-16-32-50,V0,,50,A-maioria,,,delegate,,,,0x5c19a95c,,48347,1,,0x75636b14aa58b1ee084fe99cfffb238b737ed57732e5f8ae341a0948974569ff,76
2026-09-23T23-05-23-489Z_n-sweep_1-2-4-8-16-32-50,V0,,50,A-maioria,,,delegate,,,,0x5c19a95c,,48347,1,,0x65f4191d52cde8745142fbad7dab453ac77b84433334a064c65edeec324649be,76
2026-09-23T23-05-23-489Z_n-sweep_1-2-4-8-16-32-50,V0,,50,A-maioria,,,delegate,,,,0x5c19a95c,,48347,1,,0x0015672d62ab0be7ad971272757786d6751bd437c259b6f784a5abb0f9f433e0,76
2026-09-23T23-05-23-489Z_n-sweep_1-2-4-8-16-32-50,V0,,50,A-maioria,,,delegate,,,,0x5c19a95c,,48347,1,,0xf061e3370e552636294057b3e13f8e38e49eb9ccd954add59da578817c58a14b,76
2026-09-23T23-05-23-489Z_n-sweep_1-2-4-8-16-32-50,V0,,50,A-maioria,,,delegate,,,,0x5c19a95c,,48347,1,,0x68475bd925d88da79400657a3df0347cc6be2f887e9fd5fcbf64f6c37d69bf4c,76
2026-09-23T23-05-23-489Z_n-sweep_1-2-4-8-16-32-50,V0,,50,A-maioria,,,delegate,,,,0x5c19a95c,,48347,1,,0xd0da4d004b36ebb022f1b178255cff262f0f75fc2d5a7fda434ccc846c4f7499,76
2026-09-23T23-05-23-489Z_n-sweep_1-2-4-8-16-32-50,V0,,50,A-maioria,,,delegate,,,,0x5c19a95c,,48347,1,,0xaae5636599004f1ba254fea80dbb33335f44a116db4d94090e99b80481406327,76
2026-09-23T23-05-23-489Z_n-sweep_1-2-4-8-16-32-50,V0,,50,A-maioria,,,delegate,,,,0x5c19a95c,,48347,1,,0xfcd4c1dd668d5148e045ce4771c59bdb6f602ef49d2404bbfeb296fc6ce93753,76
2026-09-23T23-05-23-489Z_n-sweep_1-2-4-8-16-32-50,V0,,50,A-maioria,,,delegate,,,,0x5c19a95c,,48335,1,,0x4ebfe89be7e94686ecfb217057d8b4fa5161bcce6d50adcc044a0aff6d4282af,76
2026-09-23T23-05-23-489Z_n-sweep_1-2-4-8-16-32-50,V0,,50,A-maioria,,,delegate,,,,0x5c19a95c,,48347,1,,0xb3d77ed4f7a6d94080b6c775433f6c6f21a916c783059136f4572f52dc3a8874,76
2026-09-23T23-05-23-489Z_n-sweep_1-2-4-8-16-32-50,V0,,50,A-maioria,,,delegate,,,,0x5c19a95c,,48347,1,,0x127f4971e3e590d8328bd74ed6096c37b20e6836b27cf90514b9a87cd503f413,76
2026-09-23T23-05-23-489Z_n-sweep_1-2-4-8-16-32-50,V0,,50,A-maioria,,,delegate,,,,0x5c19a95c,,48347,1,,0xb67155a13ea706a326342e60462ed0ed7c4a680e0112e43260248751f2fe896b,76
2026-09-23T23-05-23-489Z_n-sweep_1-2-4-8-16-32-50,V0,,50,A-maioria,,,delegate,,,,0x5c19a95c,,48347,1,,0xe2be7e7d00839d4fa7d3020666aa9dcf9efcdc40f9fa77a35592a87459c52b90,76
2026-09-23T23-05-23-489Z_n-sweep_1-2-4-8-16-32-50,V0,,50,A-maioria,,,delegate,,,,0x5c19a95c,,48347,1,,0xb535243780f9c28da64ec7309760125fe2487568589114d83acf79e30a47d760,76
2026-09-23T23-05-23-489Z_n-sweep_1-2-4-8-16-32-50,V0,,50,A-maioria,,,delegate,,,,0x5c19a95c,,48347,1,,0x293dda08d12cb640488f1dad6a8ab9d2c5b59be364ffe60275d52382b886183e,76
2026-09-23T23-05-23-489Z_n-sweep_1-2-4-8-16-32-50,V0,,50,A-maioria,,,delegate,,,,0x5c19a95c,,48347,1,,0xacef40fd99317b96d80072941137339058a20720c237b0b3cc16b1e2fa83b630,76
2026-09-23T23-05-23-489Z_n-sweep_1-2-4-8-16-32-50,V0,,50,A-maioria,,,delegate,,,,0x5c19a95c,,48347,1,,0x874e3bdbbb382b33fc802e762b8afaeb74890371f9e90e42b654398963d5450a,76
2026-09-23T23-05-23-489Z_n-sweep_1-2-4-8-16-32-50,V0,,50,A-maioria,,,delegate,,,,0x5c19a95c,,48347,1,,0xc4ce881a3229757ef0916b5b38f56fd71ea37dc4ce0c25657fe825333b1390a9,76
2026-09-23T23-05-23-489Z_n-sweep_1-2-4-8-16-32-50,V0,,50,A-maioria,,,delegate,,,,0x5c19a95c,,48347,1,,0x948aa1237a772b9ae7ceaf6a877c58a9eaee86be4b1632334a83eb32fc9c970e,76
2026-09-23T23-05-23-489Z_n-sweep_1-2-4-8-16-32-50,V0,,50,A-maioria,,,delegate,,,,0x5c19a95c,,48347,1,,0x724a0f6b2002a9186c36b165e7ecbbc7a40a76030969b40a2e2577eb54a1820f,76
2026-09-23T23-05-23-489Z_n-sweep_1-2-4-8-16-32-50,V0,,50,A-maioria,,,delegate,,,,0x5c19a95c,,48347,1,,0xe6bf6e8535c492cbc219ebcb66906e13fe0e8aba65db27b0ee807a9ce50159a6,76
2026-09-23T23-05-23-489Z_n-sweep_1-2-4-8-16-32-50,V0,,50,A-maioria,,,delegate,,,,0x5c19a95c,,48347,1,,0x99934c52da999bd333bf0bcb8dcb9052eb729ff6de129a19e7858a1114758b5f,76
2026-09-23T23-05-23-489Z_n-sweep_1-2-4-8-16-32-50,V0,,50,A-maioria,,,delegate,,,,0x5c19a95c,,48347,1,,0xae5a74f4a15509d401b33a9d2e0d0b103c7368bbda3092183fd7afec21fe1b38,76
2026-09-23T23-05-23-489Z_n-sweep_1-2-4-8-16-32-50,V0,,50,A-maioria,,,delegate,,,,0x5c19a95c,,48347,1,,0x4e03c40365e3f08445610173d8a5aab17c1a9985617b23002e99146989bde67b,76
2026-09-23T23-05-23-489Z_n-sweep_1-2-4-8-16-32-50,V0,,50,A-maioria,,,delegate,,,,0x5c19a95c,,48347,1,,0xbd7c7e71b663e95a1ebb4df4d571f63f55405d7c2a5a3b82f3bfd4bd2f4a4f3c,76
2026-09-23T23-05-23-489Z_n-sweep_1-2-4-8-16-32-50,V0,,50,A-maioria,,,delegate,,,,0x5c19a95c,,48347,1,,0x5710d169af4337148348bf7e90435b7ad2643c5cb5e68be237c055acf992bb1d,76
2026-09-23T23-05-23-489Z_n-sweep_1-2-4-8-16-32-50,V0,,50,A-maioria,,,delegate,,,,0x5c19a95c,,48347,1,,0x26ac86c5b4e952fd269d281f8f584bac9de144147fc74ac458b0892301875b65,76
2026-09-23T23-05-23-489Z_n-sweep_1-2-4-8-16-32-50,V0,,50,A-maioria,,,delegate,,,,0x5c19a95c,,48347,1,,0xdd18dda4f7d2f9d5017a5099fc65f2bde9900c2b7f7cd9142c85bc45302d997d,76
2026-09-23T23-05-23-489Z_n-sweep_1-2-4-8-16-32-50,V0,,50,A-maioria,,,delegate,,,,0x5c19a95c,,48347,1,,0x2526a88e7a9bc23abf7e291112eed1cf1dc580bc6f130dac24bd7d5944d87477,76
2026-09-23T23-05-23-489Z_n-sweep_1-2-4-8-16-32-50,V0,,50,A-maioria,,,delegate,,,,0x5c19a95c,,48347,1,,0x3075040da32eb21282662e62054f3e200a8446f2d4f403eef3fa94bb1635ff76,76
2026-09-23T23-05-23-489Z_n-sweep_1-2-4-8-16-32-50,V0,,50,A-maioria,,,delegate,,,,0x5c19a95c,,48347,1,,0x066952594f6e38e25be3e8a6a7f209366afa55abc166c93a8e224bb511c8494d,76
2026-09-23T23-05-23-489Z_n-sweep_1-2-4-8-16-32-50,V0,,50,A-maioria,,,delegate,,,,0x5c19a95c,,48335,1,,0x8bb8a33bff13c7144c1f418543083d6f94567244d79ea8f619a0c75a2f27fa4a,76
2026-09-23T23-05-23-489Z_n-sweep_1-2-4-8-16-32-50,V0,,50,A-maioria,,,delegate,,,,0x5c19a95c,,48347,1,,0x6c54c809c4f9534d5cba051c534c1e8766baef0a8a908131461d33d9128bbfcc,76
2026-09-23T23-05-23-489Z_n-sweep_1-2-4-8-16-32-50,V0,,50,A-maioria,,,delegate,,,,0x5c19a95c,,48347,1,,0x8adf4db6c4d4616dc2f62bf4dd64239a4831bcda025ec23ae708a17092102b68,76
2026-09-23T23-05-23-489Z_n-sweep_1-2-4-8-16-32-50,V0,,50,A-maioria,,,transfer,,,,0xa9059cbb,,135960,1,,0x4738f12ddbf16b15af30490182badd2176f325bdbab0b6478398bbec79b7dc28,76
2026-09-23T23-05-23-489Z_n-sweep_1-2-4-8-16-32-50,V0,,50,A-maioria,,,transfer,,,,0xa9059cbb,,135948,1,,0xdb5365bb2be3b7b8cc112f0213d633ade3c7e7bc7ad9aaecf62e64ed9e1a7caf,76
2026-09-23T23-05-23-489Z_n-sweep_1-2-4-8-16-32-50,V0,,50,A-maioria,,,transfer,,,,0xa9059cbb,,135960,1,,0xf98f425e5752485b25ef0ccd95a4c78376b83c881983a0bac773be47febfb65f,76
2026-09-23T23-05-23-489Z_n-sweep_1-2-4-8-16-32-50,V0,,50,A-maioria,,,transfer,,,,0xa9059cbb,,135960,1,,0x282473fb0ccbf3e1c08e1e9108475757ea33bdb7a1ec0fd7e9972935b8147ff9,76
2026-09-23T23-05-23-489Z_n-sweep_1-2-4-8-16-32-50,V0,,50,A-maioria,,,transfer,,,,0xa9059cbb,,135960,1,,0x3be689c6bafe86b1298a5cdf8208350cc4ed03f598caecb4ba939120ca95cbdc,76
2026-09-23T23-05-23-489Z_n-sweep_1-2-4-8-16-32-50,V0,,50,A-maioria,,,transfer,,,,0xa9059cbb,,135960,1,,0x9de6714ab89d8a5fd3f2597570bc143f3a1af9127378ed9af281e65fc3ec9fe3,76
2026-09-23T23-05-23-489Z_n-sweep_1-2-4-8-16-32-50,V0,,50,A-maioria,,,transfer,,,,0xa9059cbb,,135960,1,,0x7e80f334a1dee70982fdab945ebab57269fa1beb2d43e65f710360b0a2cd982e,76
2026-09-23T23-05-23-489Z_n-sweep_1-2-4-8-16-32-50,V0,,50,A-maioria,,,transfer,,,,0xa9059cbb,,135960,1,,0x27b1ae83c293848bd4c7ef8e83394180fe459102a982bdb0e0ae72172b47c354,76
2026-09-23T23-05-23-489Z_n-sweep_1-2-4-8-16-32-50,V0,,50,A-maioria,,,transfer,,,,0xa9059cbb,,135960,1,,0x96b0fdfd4af3aa894f947917a36b55e1ad07a60d97edb7750d413e9dee2381db,76
2026-09-23T23-05-23-489Z_n-sweep_1-2-4-8-16-32-50,V0,,50,A-maioria,,,transfer,,,,0xa9059cbb,,135948,1,,0x7453cb68c65eced2c1a8c0edc7d2e6fa2a15d17379d1524cccbce7273eb710e2,76
2026-09-23T23-05-23-489Z_n-sweep_1-2-4-8-16-32-50,V0,,50,A-maioria,,,transfer,,,,0xa9059cbb,,135960,1,,0xcfdfd9f8e74005133c4ec2fd8a45d7fa3c34b933659d0d018b7373909c364a3e,76
2026-09-23T23-05-23-489Z_n-sweep_1-2-4-8-16-32-50,V0,,50,A-maioria,,,transfer,,,,0xa9059cbb,,135960,1,,0x2e2a45a060e33ad6eba15323c3a182a7702afc84c27cee14937941973cb7195b,76
2026-09-23T23-05-23-489Z_n-sweep_1-2-4-8-16-32-50,V0,,50,A-maioria,,,transfer,,,,0xa9059cbb,,135960,1,,0x722861688ab8b9316c7799d53a4d244274fa5496db0445e9c2d2dfebf40d2897,76
2026-09-23T23-05-23-489Z_n-sweep_1-2-4-8-16-32-50,V0,,50,A-maioria,,,transfer,,,,0xa9059cbb,,135960,1,,0xf2376b0b632ee2352a46ae959e025cffa360b8a0b80fe50067621a998c1c43ad,76
2026-09-23T23-05-23-489Z_n-sweep_1-2-4-8-16-32-50,V0,,50,A-maioria,,,transfer,,,,0xa9059cbb,,135960,1,,0x156ccb35128f8673eab3be2c7c688727058a7508fbe508737eafc52903bd8a6c,76
2026-09-23T23-05-23-489Z_n-sweep_1-2-4-8-16-32-50,V0,,50,A-maioria,,,transfer,,,,0xa9059cbb,,135960,1,,0x434ff5731b4fe7cad4d5fae127a37979539dd00a9c81ff44d7f9952eaec35981,76
2026-09-23T23-05-23-489Z_n-sweep_1-2-4-8-16-32-50,V0,,50,A-maioria,,,transfer,,,,0xa9059cbb,,135960,1,,0xff53509b7ffa83e91a8d9f7308739cadef5de861d1ac9b010f8563630ddbb9e8,76
2026-09-23T23-05-23-489Z_n-sweep_1-2-4-8-16-32-50,V0,,50,A-maioria,,,transfer,,,,0xa9059cbb,,135960,1,,0x1481a6fac12abbfb5ae438615ae4c4890ac6c3f37e8bafd47abaebebb776710e,76
2026-09-23T23-05-23-489Z_n-sweep_1-2-4-8-16-32-50,V0,,50,A-maioria,,,transfer,,,,0xa9059cbb,,135960,1,,0x40d31992dad738e7161a566a97470f4f23d6224713e3a3a21f23a99f256113ad,76
2026-09-23T23-05-23-489Z_n-sweep_1-2-4-8-16-32-50,V0,,50,A-maioria,,,transfer,,,,0xa9059cbb,,135960,1,,0xd431457b152a5fbcd99e6a68f5e09c4ea8ddcc9957b99171d54a0ec35f2e2d5a,76
2026-09-23T23-05-23-489Z_n-sweep_1-2-4-8-16-32-50,V0,,50,A-maioria,,,transfer,,,,0xa9059cbb,,135960,1,,0xdaeea444fedb436c0f47827c738f564c1f0cd769f13db84099d2267a182c9da4,76
2026-09-23T23-05-23-489Z_n-sweep_1-2-4-8-16-32-50,V0,,50,A-maioria,,,transfer,,,,0xa9059cbb,,135960,1,,0xb6aac0f166fa785c1143df1ecc212bd14ea1f84c2b60f02bb9852740c6bd0b1f,76
2026-09-23T23-05-23-489Z_n-sweep_1-2-4-8-16-32-50,V0,,50,A-maioria,,,transfer,,,,0xa9059cbb,,135960,1,,0x789df9d95ad058b19bb121d61079bb7415b425edf0e895abea736359d155b086,76
2026-09-23T23-05-23-489Z_n-sweep_1-2-4-8-16-32-50,V0,,50,A-maioria,,,transfer,,,,0xa9059cbb,,135960,1,,0x01501a0527d8caa8394991f46f946df92ecc192ee6850c384c5525558f7eb592,76
2026-09-23T23-05-23-489Z_n-sweep_1-2-4-8-16-32-50,V0,,50,A-maioria,,,transfer,,,,0xa9059cbb,,135948,1,,0x3b06d60815284c0ce920efdf41b4432d07213c3928da5626c700316a2c40c2c0,76
2026-09-23T23-05-23-489Z_n-sweep_1-2-4-8-16-32-50,V0,,50,A-maioria,,,transfer,,,,0xa9059cbb,,135960,1,,0x6bb98515438640ac2e7fa535c7796ef27283be00a404038eba97c552161e6001,76
2026-09-23T23-05-23-489Z_n-sweep_1-2-4-8-16-32-50,V0,,50,A-maioria,,,transfer,,,,0xa9059cbb,,135960,1,,0x84de23390c0a8dcca680eb39469b10b60dbb26548279fad2329dd60c75502d0b,76
2026-09-23T23-05-23-489Z_n-sweep_1-2-4-8-16-32-50,V0,,50,A-maioria,,,transfer,,,,0xa9059cbb,,135960,1,,0x33f8412c15d4105b6d336a8b07bbfb7d530e5b10ef6319f32d920ebb838648ec,76
2026-09-23T23-05-23-489Z_n-sweep_1-2-4-8-16-32-50,V0,,50,A-maioria,,,transfer,,,,0xa9059cbb,,135960,1,,0xb0333deee0af7b78d7b4b5b86633676bdae519326d484603675db0f26c88b9df,76
2026-09-23T23-05-23-489Z_n-sweep_1-2-4-8-16-32-50,V0,,50,A-maioria,,,transfer,,,,0xa9059cbb,,135960,1,,0x91a6b5a93ddd89ffbf66ac0296cdf3b1d313cd0b2890835c17ba5adcaced8ec8,76
2026-09-23T23-05-23-489Z_n-sweep_1-2-4-8-16-32-50,V0,,50,A-maioria,,,transfer,,,,0xa9059cbb,,135960,1,,0x42ed8d1330be1065c1cc3e101c7a5a7e20cb148393a8d14d461f9b76c541d4e7,76
2026-09-23T23-05-23-489Z_n-sweep_1-2-4-8-16-32-50,V0,,50,A-maioria,,,transfer,,,,0xa9059cbb,,135960,1,,0xb87afa69226d6b02977149ca6957bfad332e6a77c1ad200e790fad912b0a8b1c,76
2026-09-23T23-05-23-489Z_n-sweep_1-2-4-8-16-32-50,V0,,50,A-maioria,,,transfer,,,,0xa9059cbb,,135960,1,,0xd31a5f77ec78cf0dcc46abd6824fc36e0343c70ec7558c5b8b8680a5179c3cee,76
2026-09-23T23-05-23-489Z_n-sweep_1-2-4-8-16-32-50,V0,,50,A-maioria,,,transfer,,,,0xa9059cbb,,135960,1,,0x3a1cd3ff214ca838bb1f0a7b8e05b8066c941dae934ff8ef5f7d24e51e218d9f,76
2026-09-23T23-05-23-489Z_n-sweep_1-2-4-8-16-32-50,V0,,50,A-maioria,,,transfer,,,,0xa9059cbb,,135960,1,,0x800f8dd0a0df31e55c4e4712a5972e0d1497dbb92fd85a7ee8c309306ae69f3e,76
2026-09-23T23-05-23-489Z_n-sweep_1-2-4-8-16-32-50,V0,,50,A-maioria,,,transfer,,,,0xa9059cbb,,135960,1,,0x9c84268ba43fd38465cfd4cbb6628f9f3f9664cc537e635196844f423439df36,76
2026-09-23T23-05-23-489Z_n-sweep_1-2-4-8-16-32-50,V0,,50,A-maioria,,,transfer,,,,0xa9059cbb,,135960,1,,0x5b82226f4b3968c0c11ff4245b77ddb5c737ac3d9384e7f0f5dacf91ae505b7c,76
2026-09-23T23-05-23-489Z_n-sweep_1-2-4-8-16-32-50,V0,,50,A-maioria,,,transfer,,,,0xa9059cbb,,135960,1,,0x6b5817c5a2f3233a1f4755f91eec5b61a72e50556aeb151d1df361f8dcacafea,76
2026-09-23T23-05-23-489Z_n-sweep_1-2-4-8-16-32-50,V0,,50,A-maioria,,,transfer,,,,0xa9059cbb,,135960,1,,0x00442dfd61843442f2f62e78bcf59b803dd8498b1bad260878d59e06f48aaf95,76
2026-09-23T23-05-23-489Z_n-sweep_1-2-4-8-16-32-50,V0,,50,A-maioria,,,transfer,,,,0xa9059cbb,,135960,1,,0xf5d2b3eeffb65a663d93b8d3c809b6e5121b8784e868e51af3bdba2deee35a8b,76
2026-09-23T23-05-23-489Z_n-sweep_1-2-4-8-16-32-50,V0,,50,A-maioria,,,transfer,,,,0xa9059cbb,,135960,1,,0xf3df28ed5d40b48f8919791b5b9ed50c0de598885569cd4cda2c88678140358b,76
2026-09-23T23-05-23-489Z_n-sweep_1-2-4-8-16-32-50,V0,,50,A-maioria,,,transfer,,,,0xa9059cbb,,135960,1,,0xae8265c953b3c6c844fd5e7f9c7464dcd5160d081bd3f12119dae553d5383d46,76
2026-09-23T23-05-23-489Z_n-sweep_1-2-4-8-16-32-50,V0,,50,A-maioria,,,transfer,,,,0xa9059cbb,,135960,1,,0x2bedec0ecd73ac805d76d0b0f124d689002219a8553658ae536e50df35c6d9db,76
2026-09-23T23-05-23-489Z_n-sweep_1-2-4-8-16-32-50,V0,,50,A-maioria,,,transfer,,,,0xa9059cbb,,135960,1,,0x7911352af92914fc012e9271fef77802aaf80cb03b085ac5b36a82617ef3d87f,76
2026-09-23T23-05-23-489Z_n-sweep_1-2-4-8-16-32-50,V0,,50,A-maioria,,,transfer,,,,0xa9059cbb,,135960,1,,0x527083c9aa09a186a9dfde1d6e11e56a88c23af4ff1df829641f565d467e9eb3,76
2026-09-23T23-05-23-489Z_n-sweep_1-2-4-8-16-32-50,V0,,50,A-maioria,,,transfer,,,,0xa9059cbb,,135960,1,,0x4fcb61575570970b077a3f0175ad61e8f9b670d214f189be9284c9e38d23ea97,76
2026-09-23T23-05-23-489Z_n-sweep_1-2-4-8-16-32-50,V0,,50,A-maioria,,,transfer,,,,0xa9059cbb,,135960,1,,0x4e542c0f00edf948e31ae0044ddc651c40f57f37ff7015611a62d6daf389f5c0,76
2026-09-23T23-05-23-489Z_n-sweep_1-2-4-8-16-32-50,V0,,50,A-maioria,,,transfer,,,,0xa9059cbb,,135948,1,,0x678ff5ad84e5f134b40dad86f148a340f9fbc604f5ec27a98b7c60856ee1e375,76
2026-09-23T23-05-23-489Z_n-sweep_1-2-4-8-16-32-50,V0,,50,A-maioria,,,transfer,,,,0xa9059cbb,,135960,1,,0x8c9fe884dc095bd2cb142ad2f4c3a32815bf358db82984445b1bebe0c495a13f,76
2026-09-23T23-05-23-489Z_n-sweep_1-2-4-8-16-32-50,V0,,50,A-maioria,,,transfer,,,,0xa9059cbb,,135960,1,,0xcae168b52d2afa75f1568ef6aadf2694b4b83c844b2cc07cfa891dbd891f714c,76
2026-09-23T23-05-23-489Z_n-sweep_1-2-4-8-16-32-50,V0,,50,A-maioria,,,propose,,,propose,0x7d5e81e2,WasteCategoryRegistry.updateCredits,63351,1,,0x7f268caa1cc65e95339310b682a6473053c2c4cc3b0da974f59678c72410307f,76
2026-09-23T23-05-23-489Z_n-sweep_1-2-4-8-16-32-50,V0,,50,A-maioria,,,vote,1,for,,0x56781388,,81899,1,,0x2616678b4a6e8f6a62fc7d87d8106e7172d6b6d068ee88682ad06ca6d297b16f,76
2026-09-23T23-05-23-489Z_n-sweep_1-2-4-8-16-32-50,V0,,50,A-maioria,,,vote,2,for,,0x56781388,,64799,1,,0xbfde326bd8b47b5d5fdb06e255e1f8f97290ac2ebb2350c2a6891e83a82df39a,76
2026-09-23T23-05-23-489Z_n-sweep_1-2-4-8-16-32-50,V0,,50,A-maioria,,,vote,3,for,,0x56781388,,64799,1,,0xe52eaa9d1219ba850ea02c83b64daef7739c0e6a9427ee73b65758d9e055df1f,76
2026-09-23T23-05-23-489Z_n-sweep_1-2-4-8-16-32-50,V0,,50,A-maioria,,,vote,4,for,,0x56781388,,64799,1,,0xa56746713b6f87185e65e331583ceea2efa6368e5179024fe98eed38a8ddfae3,76
2026-09-23T23-05-23-489Z_n-sweep_1-2-4-8-16-32-50,V0,,50,A-maioria,,,vote,5,for,,0x56781388,,64799,1,,0x80e4adc27ddb5f5a4d6a22e75404677d1d31598b52b00ed45ddea85053435a69,76
2026-09-23T23-05-23-489Z_n-sweep_1-2-4-8-16-32-50,V0,,50,A-maioria,,,vote,6,for,,0x56781388,,64799,1,,0x9e2d1b206cf0d1a76e42e0e3451d264f267f5faf7c1e58648d393107b958ae7a,76
2026-09-23T23-05-23-489Z_n-sweep_1-2-4-8-16-32-50,V0,,50,A-maioria,,,vote,7,for,,0x56781388,,64799,1,,0x3785fb45eedd1d5ad6c0db2b1fc0c4989bbc285ed52a7d3214d6afe74cefc3cb,76
2026-09-23T23-05-23-489Z_n-sweep_1-2-4-8-16-32-50,V0,,50,A-maioria,,,vote,8,for,,0x56781388,,64799,1,,0xdd633f7c31fdabc904394c337fe74ad7e16403d2140cae531c666d26427661a6,76
2026-09-23T23-05-23-489Z_n-sweep_1-2-4-8-16-32-50,V0,,50,A-maioria,,,vote,9,for,,0x56781388,,64799,1,,0x0512e8843f385d266b3285587a529fa494d4fde109b1913ac3c41c2836c78f78,76
2026-09-23T23-05-23-489Z_n-sweep_1-2-4-8-16-32-50,V0,,50,A-maioria,,,vote,10,for,,0x56781388,,64799,1,,0x14840035ea5ff2ee805ae538a906c75ba4fc681cbdf273748552ea4863f32f2e,76
2026-09-23T23-05-23-489Z_n-sweep_1-2-4-8-16-32-50,V0,,50,A-maioria,,,vote,11,for,,0x56781388,,64799,1,,0xd1cf29c39ecf807db6243e365b2da2da1842653f05ff2712d60404d88d54bd02,76
2026-09-23T23-05-23-489Z_n-sweep_1-2-4-8-16-32-50,V0,,50,A-maioria,,,vote,12,for,,0x56781388,,64799,1,,0x9a05aacc8910e163c02a429ec76be0e0dbab6ae592604edf350977ed5c03c405,76
2026-09-23T23-05-23-489Z_n-sweep_1-2-4-8-16-32-50,V0,,50,A-maioria,,,vote,13,for,,0x56781388,,64799,1,,0x32359520062cf8b7998635cce73325df819f43caa9ac0f0170418f7eb72849f8,76
2026-09-23T23-05-23-489Z_n-sweep_1-2-4-8-16-32-50,V0,,50,A-maioria,,,vote,14,for,,0x56781388,,64799,1,,0xd2ead26213a28937c697c17a7aea366b167dfe6eb1b94c241b1f7da41e4a138b,76
2026-09-23T23-05-23-489Z_n-sweep_1-2-4-8-16-32-50,V0,,50,A-maioria,,,vote,15,for,,0x56781388,,64799,1,,0xa0908c57d9d291ba558599910544aff2ff851dd8583f19db95e2f646396859b1,76
2026-09-23T23-05-23-489Z_n-sweep_1-2-4-8-16-32-50,V0,,50,A-maioria,,,vote,16,for,,0x56781388,,64799,1,,0xac3b56371a867b007d589bab8286f768a38047154cc8a68734b15042cf57d78e,76
2026-09-23T23-05-23-489Z_n-sweep_1-2-4-8-16-32-50,V0,,50,A-maioria,,,vote,17,for,,0x56781388,,64799,1,,0x0edd55e668580ef47328f71d94d1b00601446d63657970c6479c6ae6fde9bdd0,76
2026-09-23T23-05-23-489Z_n-sweep_1-2-4-8-16-32-50,V0,,50,A-maioria,,,vote,18,for,,0x56781388,,64799,1,,0xa2e127af76a716ab1c7b25f84237e95f9ce4d0e1f960c308d6ab0be6f833c973,76
2026-09-23T23-05-23-489Z_n-sweep_1-2-4-8-16-32-50,V0,,50,A-maioria,,,vote,19,for,,0x56781388,,64799,1,,0xf83206c094307c2b2a5bd581e98e1505fd15b97f2b4b8a0e5d94e69e603d23d5,76
2026-09-23T23-05-23-489Z_n-sweep_1-2-4-8-16-32-50,V0,,50,A-maioria,,,vote,20,for,,0x56781388,,64799,1,,0xd611254ee1fe8bad67d78e9b867330f3ea1c12965d853f571951c671273e5e7e,76
2026-09-23T23-05-23-489Z_n-sweep_1-2-4-8-16-32-50,V0,,50,A-maioria,,,vote,21,for,,0x56781388,,64799,1,,0xd61bce64d92c8f98182f877144765127bf58e1e1c9b0d795ca8a6d099b908529,76
2026-09-23T23-05-23-489Z_n-sweep_1-2-4-8-16-32-50,V0,,50,A-maioria,,,vote,22,for,,0x56781388,,64799,1,,0x54e8eab2c8c6930dde6dc79ccd9576df698b7f3dab390d6def945d35be885edc,76
2026-09-23T23-05-23-489Z_n-sweep_1-2-4-8-16-32-50,V0,,50,A-maioria,,,vote,23,for,,0x56781388,,64799,1,,0xdc21495da40b877fa8d200bfd42b93b94bdbcc50c2f9908f9bb47ea79bd135e1,76
2026-09-23T23-05-23-489Z_n-sweep_1-2-4-8-16-32-50,V0,,50,A-maioria,,,vote,24,for,,0x56781388,,64799,1,,0x4710d206b717fca4f32f21915740dc332db0d1d8e39a200cf3b20b5ef1251d79,76
2026-09-23T23-05-23-489Z_n-sweep_1-2-4-8-16-32-50,V0,,50,A-maioria,,,vote,25,for,,0x56781388,,64799,1,,0x8351fd679fab87efb622c1c9a2f94b3a8e0d0772432808a478c744e7f93b8800,76
2026-09-23T23-05-23-489Z_n-sweep_1-2-4-8-16-32-50,V0,,50,A-maioria,,,vote,26,for,,0x56781388,,64799,1,,0xab1eccda073427d1e2d59d9a6d570afbd5cf676e3c885188bce3cd0ab23724ac,76
2026-09-23T23-05-23-489Z_n-sweep_1-2-4-8-16-32-50,V0,,50,A-maioria,,,vote,1,against,,0x56781388,,81847,1,,0x1577e7fe73ef569a3143c16f114f030e761f00a81207e73447b39ad36fad0500,76
2026-09-23T23-05-23-489Z_n-sweep_1-2-4-8-16-32-50,V0,,50,A-maioria,,,vote,2,against,,0x56781388,,64747,1,,0x946f7090f3762f44537c42de9a6bdddac156cbe097004eaa1eeefe848cd5a706,76
2026-09-23T23-05-23-489Z_n-sweep_1-2-4-8-16-32-50,V0,,50,A-maioria,,,vote,3,against,,0x56781388,,64747,1,,0xfd536d1abbe832bfa463a88cb844050468441cee948e1734183764d765292815,76
2026-09-23T23-05-23-489Z_n-sweep_1-2-4-8-16-32-50,V0,,50,A-maioria,,,vote,4,against,,0x56781388,,64747,1,,0x6d3a0165bab8ef5ec8b3e7daed1ddad8a2f942798ff010f0dc9bb0c9ca40f371,76
2026-09-23T23-05-23-489Z_n-sweep_1-2-4-8-16-32-50,V0,,50,A-maioria,,,vote,5,against,,0x56781388,,64747,1,,0xddc4b5cdade63107ae644e85904bbe13701412fdc9c4b7d4eca6469bade23771,76
2026-09-23T23-05-23-489Z_n-sweep_1-2-4-8-16-32-50,V0,,50,A-maioria,,,vote,6,against,,0x56781388,,64747,1,,0x2e313bddeeb92a6d6526b444720aab93d946bcd4145fb8324b36783e9daf3f6a,76
2026-09-23T23-05-23-489Z_n-sweep_1-2-4-8-16-32-50,V0,,50,A-maioria,,,vote,7,against,,0x56781388,,64747,1,,0x85361fe0d5b0fac6d7e09b2aa35d62b71dd3476e40a411dd9f12dd0c196e2967,76
2026-09-23T23-05-23-489Z_n-sweep_1-2-4-8-16-32-50,V0,,50,A-maioria,,,vote,8,against,,0x56781388,,64747,1,,0xf6fe086a39a13659484ee39afacd98c5872a8b93edee9d413d2159eedac7a2b1,76
2026-09-23T23-05-23-489Z_n-sweep_1-2-4-8-16-32-50,V0,,50,A-maioria,,,vote,9,against,,0x56781388,,64747,1,,0x8aeb2e2cd5a11354691574fac5138963ac652a42c37c154a3b940c349b9213b4,76
2026-09-23T23-05-23-489Z_n-sweep_1-2-4-8-16-32-50,V0,,50,A-maioria,,,vote,10,against,,0x56781388,,64747,1,,0x967ce5f08862f7014156b01345a23f6a91363292faeb1efa712ec93c93ec50bf,76
2026-09-23T23-05-23-489Z_n-sweep_1-2-4-8-16-32-50,V0,,50,A-maioria,,,vote,11,against,,0x56781388,,64747,1,,0xee1c6e1c9bbbc6785b9a112e940132a77f6bca8d547675bc3eb2937d35de9105,76
2026-09-23T23-05-23-489Z_n-sweep_1-2-4-8-16-32-50,V0,,50,A-maioria,,,vote,12,against,,0x56781388,,64747,1,,0x0ca5da81751e314b16554a438607c1405e445a73e65c7e84f1cccdd25b944733,76
2026-09-23T23-05-23-489Z_n-sweep_1-2-4-8-16-32-50,V0,,50,A-maioria,,,vote,13,against,,0x56781388,,64747,1,,0x3f23a4127e4a53ca5a03119d1df3659a2d5b8881556552846d1fdcc6367ba15a,76
2026-09-23T23-05-23-489Z_n-sweep_1-2-4-8-16-32-50,V0,,50,A-maioria,,,vote,14,against,,0x56781388,,64747,1,,0x3c1db3a1cb855162d1f9e9fe10d47d4ce083ef21e6510d48436f86480ccf8404,76
2026-09-23T23-05-23-489Z_n-sweep_1-2-4-8-16-32-50,V0,,50,A-maioria,,,vote,15,against,,0x56781388,,64747,1,,0xfadaca93d95af044bb25d08be407cb207e67a424744fe514d465c56acb8b9e62,76
2026-09-23T23-05-23-489Z_n-sweep_1-2-4-8-16-32-50,V0,,50,A-maioria,,,vote,16,against,,0x56781388,,64747,1,,0x766abb836680f38a59f9bec18c66d6d7c4e53df845bd104b24c0bde6b810acf8,76
2026-09-23T23-05-23-489Z_n-sweep_1-2-4-8-16-32-50,V0,,50,A-maioria,,,vote,17,against,,0x56781388,,64747,1,,0x4c7d9804c28bd3363d56d810c4fe90a351d64783ee16aa56595bf9a47a55d575,76
2026-09-23T23-05-23-489Z_n-sweep_1-2-4-8-16-32-50,V0,,50,A-maioria,,,vote,18,against,,0x56781388,,64747,1,,0xa55a12be740133dd58769d648dcf81e9aa3f7d7415490918ab30f70630f76841,76
2026-09-23T23-05-23-489Z_n-sweep_1-2-4-8-16-32-50,V0,,50,A-maioria,,,vote,19,against,,0x56781388,,64747,1,,0x63e7328db95e911649a7785b7dad6cffa4a17d587f79f7e8292c8910b411b4de,76
2026-09-23T23-05-23-489Z_n-sweep_1-2-4-8-16-32-50,V0,,50,A-maioria,,,vote,20,against,,0x56781388,,64747,1,,0x8cd6a890e14216f73f3b00a274725da3ee79af428ef6bd9e2e13599ff1b6d3e8,76
2026-09-23T23-05-23-489Z_n-sweep_1-2-4-8-16-32-50,V0,,50,A-maioria,,,vote,21,against,,0x56781388,,64747,1,,0x5084215dd845766e5113d29e5b32f4ea6b5d538e47090ee1b1bda6d1a6dcb5fe,76
2026-09-23T23-05-23-489Z_n-sweep_1-2-4-8-16-32-50,V0,,50,A-maioria,,,vote,22,against,,0x56781388,,64747,1,,0x62dd1f9cf238e1c6fd44bc77b46496201632c3a85bec4b1307c82c7a5451820a,76
2026-09-23T23-05-23-489Z_n-sweep_1-2-4-8-16-32-50,V0,,50,A-maioria,,,vote,23,against,,0x56781388,,64747,1,,0xb7dbed62e35084a5ba8799005d03d97ab482711d0101e84d58decb7149036914,76
2026-09-23T23-05-23-489Z_n-sweep_1-2-4-8-16-32-50,V0,,50,A-maioria,,,vote,24,against,,0x56781388,,64747,1,,0xd46f06c1736eb57f53b29fd275abffd56903a3e7e5e8e30d62d1f73078caecb3,76
2026-09-23T23-05-23-489Z_n-sweep_1-2-4-8-16-32-50,V0,,50,A-maioria,,,execute,,,execute,0x2656227d,WasteCategoryRegistry.updateCredits,60807,1,,0xa544ae0992ae2f6dce4e56094c57b0c127c4167dcdc8dc049f1aaa68939d1583,76
2026-09-23T23-05-23-489Z_n-sweep_1-2-4-8-16-32-50,V1,T1,,,,,deploy_token_T1,,,constructor,0x61016060,,1621017,1,,0xece28f063ba256e8fc65152daf61fe745a7823e8ba387b1b661409f18f6dc4cc,77
2026-09-23T23-05-23-489Z_n-sweep_1-2-4-8-16-32-50,V1,,,,,,deploy_registry,,,constructor,0x60806040,,4590964,1,,0x9005486642112873086c0faf3a06ce7199e3377186a80eb6eea4235f5e1c6f56,77
2026-09-23T23-05-23-489Z_n-sweep_1-2-4-8-16-32-50,V1,,,,,,deploy_governor_V1,,,constructor,0x6101c080,,2141155,1,,0xcbf032b87647649d09648621f7d61fb312aee4174486ee6f404819243ac59ca9,77
2026-09-23T23-05-23-489Z_n-sweep_1-2-4-8-16-32-50,V1,,,,,,grant_admin_role,,,grantRole,0x2f2ff15d,,50799,1,,0xfdc9a3875129e16eb4a0e6527cfb2e5662449c13660398cf3b7c723db6d0e009,77
2026-09-23T23-05-23-489Z_n-sweep_1-2-4-8-16-32-50,V1,,,,,,revoke_deployer_admin_role,,,revokeRole,0xd547741f,,27116,1,,0xc189311656167d1c4c211ee1c4f5143a8df64ff72cb449ebf7ec77ff2fd0bcbb,77
2026-09-23T23-05-23-489Z_n-sweep_1-2-4-8-16-32-50,V1,,50,A-maioria,,,delegate_admin,,,,0x5c19a95c,,95559,1,,0xd4695df7ceba86e36d8d32ccf756640823a0c1b729cf20e3a0b632c08e38ee6a,77
2026-09-23T23-05-23-489Z_n-sweep_1-2-4-8-16-32-50,V1,,50,A-maioria,,,delegate,,,,0x5c19a95c,,48347,1,,0x81d5bf8e96fad9ce8b5230dc73abbeb313b25fcb2932728690f357e6b4e905b9,77
2026-09-23T23-05-23-489Z_n-sweep_1-2-4-8-16-32-50,V1,,50,A-maioria,,,delegate,,,,0x5c19a95c,,48335,1,,0x92147b8c796bc2b0f21acc979799bbf4c5b5033d9d67806a8ad6842fe03d41df,77
2026-09-23T23-05-23-489Z_n-sweep_1-2-4-8-16-32-50,V1,,50,A-maioria,,,delegate,,,,0x5c19a95c,,48347,1,,0xfff43b85310b182c6fdaa6a0b82056393aba2572b23e543b42f064dc4690e2fc,77
2026-09-23T23-05-23-489Z_n-sweep_1-2-4-8-16-32-50,V1,,50,A-maioria,,,delegate,,,,0x5c19a95c,,48347,1,,0xd65054394087a126f7201b8caf565d34e4b8e2c37299a2eb2e8e1e169e8753b2,77
2026-09-23T23-05-23-489Z_n-sweep_1-2-4-8-16-32-50,V1,,50,A-maioria,,,delegate,,,,0x5c19a95c,,48347,1,,0x0c6ee11e6f4f09c9119d3c03df89d743f104be74b800d0b47cbfa2e1629e917b,77
2026-09-23T23-05-23-489Z_n-sweep_1-2-4-8-16-32-50,V1,,50,A-maioria,,,delegate,,,,0x5c19a95c,,48347,1,,0x9e4c58d93f5292a4566258e1c10f556eb9dc4074e322b7c357bf5ad65da50cae,77
2026-09-23T23-05-23-489Z_n-sweep_1-2-4-8-16-32-50,V1,,50,A-maioria,,,delegate,,,,0x5c19a95c,,48347,1,,0x6ebf0fe5777b4feb07a84b604e7094e789e104c0aa39284dccf1b9da9c17904e,77
2026-09-23T23-05-23-489Z_n-sweep_1-2-4-8-16-32-50,V1,,50,A-maioria,,,delegate,,,,0x5c19a95c,,48347,1,,0xfe42119cc5b68fbfd433dffe547dcf50b55480a011d31795da0f08ec660c70b3,77
2026-09-23T23-05-23-489Z_n-sweep_1-2-4-8-16-32-50,V1,,50,A-maioria,,,delegate,,,,0x5c19a95c,,48347,1,,0x1cd5ec1a28c590b58fdf7467e7fffeb349eed4d261a6e6dd6bbe64d73d17bd59,77
2026-09-23T23-05-23-489Z_n-sweep_1-2-4-8-16-32-50,V1,,50,A-maioria,,,delegate,,,,0x5c19a95c,,48335,1,,0x44f126ec5cf68cfd276b82e1245a8bb78ca6d635813f085d1a125f483e4d5924,77
2026-09-23T23-05-23-489Z_n-sweep_1-2-4-8-16-32-50,V1,,50,A-maioria,,,delegate,,,,0x5c19a95c,,48347,1,,0xe3c56247fde6ff45e5ce391eac68170bdc36be578302a953ddcf8384ecd07aa8,77
2026-09-23T23-05-23-489Z_n-sweep_1-2-4-8-16-32-50,V1,,50,A-maioria,,,delegate,,,,0x5c19a95c,,48347,1,,0x97563cc4398d7b02943ad3e3ef1bdae06351c02ad3fb2d2b948579fc1d32295f,77
2026-09-23T23-05-23-489Z_n-sweep_1-2-4-8-16-32-50,V1,,50,A-maioria,,,delegate,,,,0x5c19a95c,,48347,1,,0x2254c00b60e2f0581478274e6123b6295b391cc3698f1951fb660335b3cd6c33,77
2026-09-23T23-05-23-489Z_n-sweep_1-2-4-8-16-32-50,V1,,50,A-maioria,,,delegate,,,,0x5c19a95c,,48347,1,,0xc3e2689cb93afecc73f02fe2fc704ca424bfebf2840b02e15e94e2eacaca6d1c,77
2026-09-23T23-05-23-489Z_n-sweep_1-2-4-8-16-32-50,V1,,50,A-maioria,,,delegate,,,,0x5c19a95c,,48347,1,,0xf481a9d9df12d0c5f7b29cc5bd284c8ca3e14873afc209155e790bf19f68d897,77
2026-09-23T23-05-23-489Z_n-sweep_1-2-4-8-16-32-50,V1,,50,A-maioria,,,delegate,,,,0x5c19a95c,,48347,1,,0x8975637550f485546f85f8e6d9a6ed6447c7e76fff1ec5f6c9e76fb534393987,77
2026-09-23T23-05-23-489Z_n-sweep_1-2-4-8-16-32-50,V1,,50,A-maioria,,,delegate,,,,0x5c19a95c,,48347,1,,0x923ae1f8d3d22d25940fc9eb75f6f6f16c191c6a236895f77670dcca6996d312,77
2026-09-23T23-05-23-489Z_n-sweep_1-2-4-8-16-32-50,V1,,50,A-maioria,,,delegate,,,,0x5c19a95c,,48347,1,,0xfa31a6684a33a12042a314e8f53f866c316bd76cf3829f1b1bdf9c6709375faf,77
2026-09-23T23-05-23-489Z_n-sweep_1-2-4-8-16-32-50,V1,,50,A-maioria,,,delegate,,,,0x5c19a95c,,48347,1,,0x85a35cc5c2fd484741123514532c6d193414e920845266674d577133f95aeb61,77
2026-09-23T23-05-23-489Z_n-sweep_1-2-4-8-16-32-50,V1,,50,A-maioria,,,delegate,,,,0x5c19a95c,,48347,1,,0x2c0c0e3cf1f17f2dbd21478c48f6a01b7c3f80cdc9a8337eb22078304610831f,77
2026-09-23T23-05-23-489Z_n-sweep_1-2-4-8-16-32-50,V1,,50,A-maioria,,,delegate,,,,0x5c19a95c,,48347,1,,0xa3ed7a1ccf1c20c61c0c5d590ac689d2c051d45201c4389538358e9b8bb285bc,77
2026-09-23T23-05-23-489Z_n-sweep_1-2-4-8-16-32-50,V1,,50,A-maioria,,,delegate,,,,0x5c19a95c,,48347,1,,0x661c282cd9e0e8ae9af420543abc3bdc613c6cb387574718fba247544e2af8e9,77
2026-09-23T23-05-23-489Z_n-sweep_1-2-4-8-16-32-50,V1,,50,A-maioria,,,delegate,,,,0x5c19a95c,,48347,1,,0xa25eec8de30d8f33b67249979cc372deee4340970acf515ed11237297c254db8,77
2026-09-23T23-05-23-489Z_n-sweep_1-2-4-8-16-32-50,V1,,50,A-maioria,,,delegate,,,,0x5c19a95c,,48347,1,,0x4531944da7228710c401fe613cc835a5a2ab8911500c323b7a89206096a62c5e,77
2026-09-23T23-05-23-489Z_n-sweep_1-2-4-8-16-32-50,V1,,50,A-maioria,,,delegate,,,,0x5c19a95c,,48335,1,,0x34fd858bbdd79805fe9ac14ac3496bc1581b8cd1fca415dd388ac92a1031b1a5,77
2026-09-23T23-05-23-489Z_n-sweep_1-2-4-8-16-32-50,V1,,50,A-maioria,,,delegate,,,,0x5c19a95c,,48347,1,,0x3873a22f0d3bd864cb6adf03e490138f7a8c74e0367b46c72eb32ab59606fc50,77
2026-09-23T23-05-23-489Z_n-sweep_1-2-4-8-16-32-50,V1,,50,A-maioria,,,delegate,,,,0x5c19a95c,,48347,1,,0x015c8107c64083620d33bd63ee4539fae6a634cbff1a7060ce0d9d7635a92667,77
2026-09-23T23-05-23-489Z_n-sweep_1-2-4-8-16-32-50,V1,,50,A-maioria,,,delegate,,,,0x5c19a95c,,48347,1,,0x4d690799cd4e7de3c25a6216085b0327439b44872c331c8bdeed03412851c496,77
2026-09-23T23-05-23-489Z_n-sweep_1-2-4-8-16-32-50,V1,,50,A-maioria,,,delegate,,,,0x5c19a95c,,48347,1,,0x4e2b6075a69f1a5defbf56244ed346d13180f658d70986f145e7afacf2a1769c,77
2026-09-23T23-05-23-489Z_n-sweep_1-2-4-8-16-32-50,V1,,50,A-maioria,,,delegate,,,,0x5c19a95c,,48347,1,,0xdb953c4d33d8186e4e68b823485663114eed9632b4e6afebc927746da2cc5444,77
2026-09-23T23-05-23-489Z_n-sweep_1-2-4-8-16-32-50,V1,,50,A-maioria,,,delegate,,,,0x5c19a95c,,48347,1,,0x6e11fc1a1f465bb514b7050fb921834e4af6a4c1f01678025fabce44812892fb,77
2026-09-23T23-05-23-489Z_n-sweep_1-2-4-8-16-32-50,V1,,50,A-maioria,,,delegate,,,,0x5c19a95c,,48347,1,,0x02ed69ad44539ce394fe9de851cfc82976eaf863ce9b6bb6dbf7356c766b4e34,77
2026-09-23T23-05-23-489Z_n-sweep_1-2-4-8-16-32-50,V1,,50,A-maioria,,,delegate,,,,0x5c19a95c,,48347,1,,0x48831c39e8134756256883bee94ef57bd56548f150361c090cf8316d47c484f4,77
2026-09-23T23-05-23-489Z_n-sweep_1-2-4-8-16-32-50,V1,,50,A-maioria,,,delegate,,,,0x5c19a95c,,48347,1,,0x139bf1c2a5a53f598dabf2c70734fbdea006e57fa2d61abde0ab2327b4959d67,77
2026-09-23T23-05-23-489Z_n-sweep_1-2-4-8-16-32-50,V1,,50,A-maioria,,,delegate,,,,0x5c19a95c,,48347,1,,0x7253e5fec49078160a40e8379add1524941ccadba4e7d9f3bdd746f905340463,77
2026-09-23T23-05-23-489Z_n-sweep_1-2-4-8-16-32-50,V1,,50,A-maioria,,,delegate,,,,0x5c19a95c,,48347,1,,0xbe8fd855f7dddc740b71fa203b837e57dd20191f5e26b708460138a203b96a4a,77
2026-09-23T23-05-23-489Z_n-sweep_1-2-4-8-16-32-50,V1,,50,A-maioria,,,delegate,,,,0x5c19a95c,,48347,1,,0x47aa1c6067f58c4a2e373e2e5df4995a73794f26a82c080785ce7307c874522d,77
2026-09-23T23-05-23-489Z_n-sweep_1-2-4-8-16-32-50,V1,,50,A-maioria,,,delegate,,,,0x5c19a95c,,48347,1,,0x77d7f6ed87242997677781ffb97cb1d0c1b2765cd18aa0d3a3e6621f04ed4c16,77
2026-09-23T23-05-23-489Z_n-sweep_1-2-4-8-16-32-50,V1,,50,A-maioria,,,delegate,,,,0x5c19a95c,,48347,1,,0xac77a1d245d1b05d38b52b313cdb3a913ef073b1ff0163a70dab969fe9fef091,77
2026-09-23T23-05-23-489Z_n-sweep_1-2-4-8-16-32-50,V1,,50,A-maioria,,,delegate,,,,0x5c19a95c,,48347,1,,0x019cc6999109037f5dea40cb65f4f258ac059c4ce180427ba5c5d0fe7fa02e69,77
2026-09-23T23-05-23-489Z_n-sweep_1-2-4-8-16-32-50,V1,,50,A-maioria,,,delegate,,,,0x5c19a95c,,48347,1,,0x33abf7f586ca024ba5681842a58519c700557723a21452412946bc259f413dff,77
2026-09-23T23-05-23-489Z_n-sweep_1-2-4-8-16-32-50,V1,,50,A-maioria,,,delegate,,,,0x5c19a95c,,48347,1,,0x1207fe8601271fe0b5487a279faf12949bdc0ad4495c39b2109c87d7fdadc47d,77
2026-09-23T23-05-23-489Z_n-sweep_1-2-4-8-16-32-50,V1,,50,A-maioria,,,delegate,,,,0x5c19a95c,,48347,1,,0x2a4aed2f06d11367c8b0a4aec5f690179e6e8a7a0852a3be3363c356d2b96e3a,77
2026-09-23T23-05-23-489Z_n-sweep_1-2-4-8-16-32-50,V1,,50,A-maioria,,,delegate,,,,0x5c19a95c,,48347,1,,0xed996c904c444a34e69bb80148d6a10828392f76a63169cc7c34ef9123712ba1,77
2026-09-23T23-05-23-489Z_n-sweep_1-2-4-8-16-32-50,V1,,50,A-maioria,,,delegate,,,,0x5c19a95c,,48347,1,,0x38149aa90c24c90e209f966e0f1bff77efedbcfe38d261cd552873d1bdc3ebc5,77
2026-09-23T23-05-23-489Z_n-sweep_1-2-4-8-16-32-50,V1,,50,A-maioria,,,delegate,,,,0x5c19a95c,,48347,1,,0x80b55601ca774d4abcef268e52e9d6af337cf3103223b2406555e48c3d762bab,77
2026-09-23T23-05-23-489Z_n-sweep_1-2-4-8-16-32-50,V1,,50,A-maioria,,,delegate,,,,0x5c19a95c,,48347,1,,0x2fcb4545efd255b27911ce44fb2a5c94515c54dc02bab25b5081b878632986d7,77
2026-09-23T23-05-23-489Z_n-sweep_1-2-4-8-16-32-50,V1,,50,A-maioria,,,delegate,,,,0x5c19a95c,,48335,1,,0x54598c19dc2d95d70dff7fa9539e3e33d9cd81f20144e43273092a2002873303,77
2026-09-23T23-05-23-489Z_n-sweep_1-2-4-8-16-32-50,V1,,50,A-maioria,,,delegate,,,,0x5c19a95c,,48347,1,,0xedd545ad255ae281a86176d750d3775a786065a315d01e27f2878e52519b253e,77
2026-09-23T23-05-23-489Z_n-sweep_1-2-4-8-16-32-50,V1,,50,A-maioria,,,delegate,,,,0x5c19a95c,,48347,1,,0xa1d0b3e7b24a00685baccd412a4bcc1ce87addd4525c82c8e62cdd3daa7e291a,77
2026-09-23T23-05-23-489Z_n-sweep_1-2-4-8-16-32-50,V1,,50,A-maioria,,,transfer,,,,0xa9059cbb,,135960,1,,0x246ae9dbb3705bcf8caab599ddb094f9d36a71a6fddbd32e09cf25058ff79423,77
2026-09-23T23-05-23-489Z_n-sweep_1-2-4-8-16-32-50,V1,,50,A-maioria,,,transfer,,,,0xa9059cbb,,135948,1,,0xb8fcaeeed203b7eed0543991907d429bdccd4066201666ff9c480634d01c006c,77
2026-09-23T23-05-23-489Z_n-sweep_1-2-4-8-16-32-50,V1,,50,A-maioria,,,transfer,,,,0xa9059cbb,,135960,1,,0x8f68ceb5cb5672f7b11dda7fcf0b825cffe3ccf92d5ff6d6f4dd4ee4dd9a7112,77
2026-09-23T23-05-23-489Z_n-sweep_1-2-4-8-16-32-50,V1,,50,A-maioria,,,transfer,,,,0xa9059cbb,,135960,1,,0x6d7dd52faccd9ba960eecfaa0d18731aa9ff52a43c54ca983428173fba0a1542,77
2026-09-23T23-05-23-489Z_n-sweep_1-2-4-8-16-32-50,V1,,50,A-maioria,,,transfer,,,,0xa9059cbb,,135960,1,,0xa121f25519bfd6019aecce8af680afcb706219b91e74e2c91912af8f363879f0,77
2026-09-23T23-05-23-489Z_n-sweep_1-2-4-8-16-32-50,V1,,50,A-maioria,,,transfer,,,,0xa9059cbb,,135960,1,,0x76f1062e88ca6706dcea182cc70a3cb51b4c8d16c379956d1c5dbce0a5cc0e99,77
2026-09-23T23-05-23-489Z_n-sweep_1-2-4-8-16-32-50,V1,,50,A-maioria,,,transfer,,,,0xa9059cbb,,135960,1,,0xacbbec95fc7f64a7b6a9544ee78753f3ec9194dd4f3c9ca38e1268ceb53acb90,77
2026-09-23T23-05-23-489Z_n-sweep_1-2-4-8-16-32-50,V1,,50,A-maioria,,,transfer,,,,0xa9059cbb,,135960,1,,0x84b0653b2f42104427fe541d5713f2151ede783b5570d40855e4bf1d8522c087,77
2026-09-23T23-05-23-489Z_n-sweep_1-2-4-8-16-32-50,V1,,50,A-maioria,,,transfer,,,,0xa9059cbb,,135960,1,,0xdfcf57d46ed39b3ededc6eee7405605ee6834e3815162fc171e8851c03541ae0,77
2026-09-23T23-05-23-489Z_n-sweep_1-2-4-8-16-32-50,V1,,50,A-maioria,,,transfer,,,,0xa9059cbb,,135948,1,,0x8d64a76127e81848a5fe1ebeb2469570ae57a08cf798942f72ad26d0313cd40a,77
2026-09-23T23-05-23-489Z_n-sweep_1-2-4-8-16-32-50,V1,,50,A-maioria,,,transfer,,,,0xa9059cbb,,135960,1,,0x0d7e03138b4a28e969fa37eb7746cb5ffbed4c8e322ffa756a8980e1da7af365,77
2026-09-23T23-05-23-489Z_n-sweep_1-2-4-8-16-32-50,V1,,50,A-maioria,,,transfer,,,,0xa9059cbb,,135960,1,,0xb3cd0e36bf8a23a7268c69ad5613412b618c0d97eaf2e84e4ed2a2358616241c,77
2026-09-23T23-05-23-489Z_n-sweep_1-2-4-8-16-32-50,V1,,50,A-maioria,,,transfer,,,,0xa9059cbb,,135960,1,,0x2c3be7462a120f6f7d3ddb903f791ba5f8a8dff70b3d2fce412bc3d9c96090f2,77
2026-09-23T23-05-23-489Z_n-sweep_1-2-4-8-16-32-50,V1,,50,A-maioria,,,transfer,,,,0xa9059cbb,,135960,1,,0xa91896e75ebe291a14149c97e6ec3cd3878b7a57ae5efc49d7437ff775cc6d6f,77
2026-09-23T23-05-23-489Z_n-sweep_1-2-4-8-16-32-50,V1,,50,A-maioria,,,transfer,,,,0xa9059cbb,,135960,1,,0x97ddbf62fa645b51d887aef0923131c606f936331a08b4d180573aedf905cbd1,77
2026-09-23T23-05-23-489Z_n-sweep_1-2-4-8-16-32-50,V1,,50,A-maioria,,,transfer,,,,0xa9059cbb,,135960,1,,0xbbc7e588c74f5408c5294f754815ee8c2d05196aeb266a95ba79193cf1a3cd4e,77
2026-09-23T23-05-23-489Z_n-sweep_1-2-4-8-16-32-50,V1,,50,A-maioria,,,transfer,,,,0xa9059cbb,,135960,1,,0xc93f0fe78d0f253b48f6546ce6912425341be3fe3abb7b8d6c8b890afc280746,77
2026-09-23T23-05-23-489Z_n-sweep_1-2-4-8-16-32-50,V1,,50,A-maioria,,,transfer,,,,0xa9059cbb,,135960,1,,0x095274f7efd5fd91e0259f5aaa0d5d3f3d345e02896f172caf9af482ca0ecd6b,77
2026-09-23T23-05-23-489Z_n-sweep_1-2-4-8-16-32-50,V1,,50,A-maioria,,,transfer,,,,0xa9059cbb,,135960,1,,0x2f71f3337cfdd7bfe5adb89da0349bbc93812095f8706796bc6e25e0461574de,77
2026-09-23T23-05-23-489Z_n-sweep_1-2-4-8-16-32-50,V1,,50,A-maioria,,,transfer,,,,0xa9059cbb,,135960,1,,0xbb173ce2f0e08821737486bfce4a8891ea6bc16c53eef5183f23c35fa912acda,77
2026-09-23T23-05-23-489Z_n-sweep_1-2-4-8-16-32-50,V1,,50,A-maioria,,,transfer,,,,0xa9059cbb,,135960,1,,0x7179fb1c1b852a31eebf015ac4e0db4f8891784970a82e1275e2b2c95797dd8d,77
2026-09-23T23-05-23-489Z_n-sweep_1-2-4-8-16-32-50,V1,,50,A-maioria,,,transfer,,,,0xa9059cbb,,135960,1,,0x618508a1fffda4dd4799c8f4937ca7db27dc3c1a0a352dbb24eb2e717d7794fa,77
2026-09-23T23-05-23-489Z_n-sweep_1-2-4-8-16-32-50,V1,,50,A-maioria,,,transfer,,,,0xa9059cbb,,135960,1,,0x80e85afeeecc7ded093b4fca1ee04481c72308140308e350e712a637edf79a77,77
2026-09-23T23-05-23-489Z_n-sweep_1-2-4-8-16-32-50,V1,,50,A-maioria,,,transfer,,,,0xa9059cbb,,135960,1,,0xde2f59aa8da4ad0c12bad7c83e52b65661db007ebd8ed1e5ab2dd6b10bdbf7fe,77
2026-09-23T23-05-23-489Z_n-sweep_1-2-4-8-16-32-50,V1,,50,A-maioria,,,transfer,,,,0xa9059cbb,,135948,1,,0x251582621de6281280756db8cf9473cfeae525a492e1d7062a6d6fed1ad7dff9,77
2026-09-23T23-05-23-489Z_n-sweep_1-2-4-8-16-32-50,V1,,50,A-maioria,,,transfer,,,,0xa9059cbb,,135960,1,,0x7ea700d5019ed1d30c8096d4fef24f6555db72bfe8adf1e7c3e495ce67ed809f,77
2026-09-23T23-05-23-489Z_n-sweep_1-2-4-8-16-32-50,V1,,50,A-maioria,,,transfer,,,,0xa9059cbb,,135960,1,,0xd099cccecf6f1158f5ba243ca6088f8874d9146baec93a09aef1c985e823d634,77
2026-09-23T23-05-23-489Z_n-sweep_1-2-4-8-16-32-50,V1,,50,A-maioria,,,transfer,,,,0xa9059cbb,,135960,1,,0xd34db709f4f49d3311a9b6c928a74662fb0bde851655aa6fb02b0ad79e454733,77
2026-09-23T23-05-23-489Z_n-sweep_1-2-4-8-16-32-50,V1,,50,A-maioria,,,transfer,,,,0xa9059cbb,,135960,1,,0xb0333deee0af7b78d7b4b5b86633676bdae519326d484603675db0f26c88b9df,77
2026-09-23T23-05-23-489Z_n-sweep_1-2-4-8-16-32-50,V1,,50,A-maioria,,,transfer,,,,0xa9059cbb,,135960,1,,0x91a6b5a93ddd89ffbf66ac0296cdf3b1d313cd0b2890835c17ba5adcaced8ec8,77
2026-09-23T23-05-23-489Z_n-sweep_1-2-4-8-16-32-50,V1,,50,A-maioria,,,transfer,,,,0xa9059cbb,,135960,1,,0x42ed8d1330be1065c1cc3e101c7a5a7e20cb148393a8d14d461f9b76c541d4e7,77
2026-09-23T23-05-23-489Z_n-sweep_1-2-4-8-16-32-50,V1,,50,A-maioria,,,transfer,,,,0xa9059cbb,,135960,1,,0xb87afa69226d6b02977149ca6957bfad332e6a77c1ad200e790fad912b0a8b1c,77
2026-09-23T23-05-23-489Z_n-sweep_1-2-4-8-16-32-50,V1,,50,A-maioria,,,transfer,,,,0xa9059cbb,,135960,1,,0xd31a5f77ec78cf0dcc46abd6824fc36e0343c70ec7558c5b8b8680a5179c3cee,77
2026-09-23T23-05-23-489Z_n-sweep_1-2-4-8-16-32-50,V1,,50,A-maioria,,,transfer,,,,0xa9059cbb,,135960,1,,0x3a1cd3ff214ca838bb1f0a7b8e05b8066c941dae934ff8ef5f7d24e51e218d9f,77
2026-09-23T23-05-23-489Z_n-sweep_1-2-4-8-16-32-50,V1,,50,A-maioria,,,transfer,,,,0xa9059cbb,,135960,1,,0x800f8dd0a0df31e55c4e4712a5972e0d1497dbb92fd85a7ee8c309306ae69f3e,77
2026-09-23T23-05-23-489Z_n-sweep_1-2-4-8-16-32-50,V1,,50,A-maioria,,,transfer,,,,0xa9059cbb,,135960,1,,0x9c84268ba43fd38465cfd4cbb6628f9f3f9664cc537e635196844f423439df36,77
2026-09-23T23-05-23-489Z_n-sweep_1-2-4-8-16-32-50,V1,,50,A-maioria,,,transfer,,,,0xa9059cbb,,135960,1,,0x5b82226f4b3968c0c11ff4245b77ddb5c737ac3d9384e7f0f5dacf91ae505b7c,77
2026-09-23T23-05-23-489Z_n-sweep_1-2-4-8-16-32-50,V1,,50,A-maioria,,,transfer,,,,0xa9059cbb,,135960,1,,0x6b5817c5a2f3233a1f4755f91eec5b61a72e50556aeb151d1df361f8dcacafea,77
2026-09-23T23-05-23-489Z_n-sweep_1-2-4-8-16-32-50,V1,,50,A-maioria,,,transfer,,,,0xa9059cbb,,135960,1,,0x00442dfd61843442f2f62e78bcf59b803dd8498b1bad260878d59e06f48aaf95,77
2026-09-23T23-05-23-489Z_n-sweep_1-2-4-8-16-32-50,V1,,50,A-maioria,,,transfer,,,,0xa9059cbb,,135960,1,,0xf5d2b3eeffb65a663d93b8d3c809b6e5121b8784e868e51af3bdba2deee35a8b,77
2026-09-23T23-05-23-489Z_n-sweep_1-2-4-8-16-32-50,V1,,50,A-maioria,,,transfer,,,,0xa9059cbb,,135960,1,,0xf3df28ed5d40b48f8919791b5b9ed50c0de598885569cd4cda2c88678140358b,77
2026-09-23T23-05-23-489Z_n-sweep_1-2-4-8-16-32-50,V1,,50,A-maioria,,,transfer,,,,0xa9059cbb,,135960,1,,0xae8265c953b3c6c844fd5e7f9c7464dcd5160d081bd3f12119dae553d5383d46,77
2026-09-23T23-05-23-489Z_n-sweep_1-2-4-8-16-32-50,V1,,50,A-maioria,,,transfer,,,,0xa9059cbb,,135960,1,,0x2bedec0ecd73ac805d76d0b0f124d689002219a8553658ae536e50df35c6d9db,77
2026-09-23T23-05-23-489Z_n-sweep_1-2-4-8-16-32-50,V1,,50,A-maioria,,,transfer,,,,0xa9059cbb,,135960,1,,0x7911352af92914fc012e9271fef77802aaf80cb03b085ac5b36a82617ef3d87f,77
2026-09-23T23-05-23-489Z_n-sweep_1-2-4-8-16-32-50,V1,,50,A-maioria,,,transfer,,,,0xa9059cbb,,135960,1,,0x527083c9aa09a186a9dfde1d6e11e56a88c23af4ff1df829641f565d467e9eb3,77
2026-09-23T23-05-23-489Z_n-sweep_1-2-4-8-16-32-50,V1,,50,A-maioria,,,transfer,,,,0xa9059cbb,,135960,1,,0x4fcb61575570970b077a3f0175ad61e8f9b670d214f189be9284c9e38d23ea97,77
2026-09-23T23-05-23-489Z_n-sweep_1-2-4-8-16-32-50,V1,,50,A-maioria,,,transfer,,,,0xa9059cbb,,135960,1,,0x4e542c0f00edf948e31ae0044ddc651c40f57f37ff7015611a62d6daf389f5c0,77
2026-09-23T23-05-23-489Z_n-sweep_1-2-4-8-16-32-50,V1,,50,A-maioria,,,transfer,,,,0xa9059cbb,,135948,1,,0x678ff5ad84e5f134b40dad86f148a340f9fbc604f5ec27a98b7c60856ee1e375,77
2026-09-23T23-05-23-489Z_n-sweep_1-2-4-8-16-32-50,V1,,50,A-maioria,,,transfer,,,,0xa9059cbb,,135960,1,,0x8c9fe884dc095bd2cb142ad2f4c3a32815bf358db82984445b1bebe0c495a13f,77
2026-09-23T23-05-23-489Z_n-sweep_1-2-4-8-16-32-50,V1,,50,A-maioria,,,transfer,,,,0xa9059cbb,,135960,1,,0xcae168b52d2afa75f1568ef6aadf2694b4b83c844b2cc07cfa891dbd891f714c,77
2026-09-23T23-05-23-489Z_n-sweep_1-2-4-8-16-32-50,V1,,50,A-maioria,,,propose,,,propose,0x7d5e81e2,WasteCategoryRegistry.updateCredits,63351,1,,0x7f268caa1cc65e95339310b682a6473053c2c4cc3b0da974f59678c72410307f,77
2026-09-23T23-05-23-489Z_n-sweep_1-2-4-8-16-32-50,V1,,50,A-maioria,,,vote,1,for,,0x56781388,,82468,1,,0x2616678b4a6e8f6a62fc7d87d8106e7172d6b6d068ee88682ad06ca6d297b16f,77
2026-09-23T23-05-23-489Z_n-sweep_1-2-4-8-16-32-50,V1,,50,A-maioria,,,vote,2,for,,0x56781388,,65368,1,,0xbfde326bd8b47b5d5fdb06e255e1f8f97290ac2ebb2350c2a6891e83a82df39a,77
2026-09-23T23-05-23-489Z_n-sweep_1-2-4-8-16-32-50,V1,,50,A-maioria,,,vote,3,for,,0x56781388,,65368,1,,0xe52eaa9d1219ba850ea02c83b64daef7739c0e6a9427ee73b65758d9e055df1f,77
2026-09-23T23-05-23-489Z_n-sweep_1-2-4-8-16-32-50,V1,,50,A-maioria,,,vote,4,for,,0x56781388,,65368,1,,0xa56746713b6f87185e65e331583ceea2efa6368e5179024fe98eed38a8ddfae3,77
2026-09-23T23-05-23-489Z_n-sweep_1-2-4-8-16-32-50,V1,,50,A-maioria,,,vote,5,for,,0x56781388,,65368,1,,0x80e4adc27ddb5f5a4d6a22e75404677d1d31598b52b00ed45ddea85053435a69,77
2026-09-23T23-05-23-489Z_n-sweep_1-2-4-8-16-32-50,V1,,50,A-maioria,,,vote,6,for,,0x56781388,,65368,1,,0x9e2d1b206cf0d1a76e42e0e3451d264f267f5faf7c1e58648d393107b958ae7a,77
2026-09-23T23-05-23-489Z_n-sweep_1-2-4-8-16-32-50,V1,,50,A-maioria,,,vote,7,for,,0x56781388,,65368,1,,0x3785fb45eedd1d5ad6c0db2b1fc0c4989bbc285ed52a7d3214d6afe74cefc3cb,77
2026-09-23T23-05-23-489Z_n-sweep_1-2-4-8-16-32-50,V1,,50,A-maioria,,,vote,8,for,,0x56781388,,65368,1,,0xdd633f7c31fdabc904394c337fe74ad7e16403d2140cae531c666d26427661a6,77
2026-09-23T23-05-23-489Z_n-sweep_1-2-4-8-16-32-50,V1,,50,A-maioria,,,vote,9,for,,0x56781388,,65368,1,,0x0512e8843f385d266b3285587a529fa494d4fde109b1913ac3c41c2836c78f78,77
2026-09-23T23-05-23-489Z_n-sweep_1-2-4-8-16-32-50,V1,,50,A-maioria,,,vote,10,for,,0x56781388,,65368,1,,0x14840035ea5ff2ee805ae538a906c75ba4fc681cbdf273748552ea4863f32f2e,77
2026-09-23T23-05-23-489Z_n-sweep_1-2-4-8-16-32-50,V1,,50,A-maioria,,,vote,11,for,,0x56781388,,65368,1,,0xd1cf29c39ecf807db6243e365b2da2da1842653f05ff2712d60404d88d54bd02,77
2026-09-23T23-05-23-489Z_n-sweep_1-2-4-8-16-32-50,V1,,50,A-maioria,,,vote,12,for,,0x56781388,,65368,1,,0x9a05aacc8910e163c02a429ec76be0e0dbab6ae592604edf350977ed5c03c405,77
2026-09-23T23-05-23-489Z_n-sweep_1-2-4-8-16-32-50,V1,,50,A-maioria,,,vote,13,for,,0x56781388,,65368,1,,0x32359520062cf8b7998635cce73325df819f43caa9ac0f0170418f7eb72849f8,77
2026-09-23T23-05-23-489Z_n-sweep_1-2-4-8-16-32-50,V1,,50,A-maioria,,,vote,14,for,,0x56781388,,65368,1,,0xd2ead26213a28937c697c17a7aea366b167dfe6eb1b94c241b1f7da41e4a138b,77
2026-09-23T23-05-23-489Z_n-sweep_1-2-4-8-16-32-50,V1,,50,A-maioria,,,vote,15,for,,0x56781388,,65368,1,,0xa0908c57d9d291ba558599910544aff2ff851dd8583f19db95e2f646396859b1,77
2026-09-23T23-05-23-489Z_n-sweep_1-2-4-8-16-32-50,V1,,50,A-maioria,,,vote,16,for,,0x56781388,,65368,1,,0xac3b56371a867b007d589bab8286f768a38047154cc8a68734b15042cf57d78e,77
2026-09-23T23-05-23-489Z_n-sweep_1-2-4-8-16-32-50,V1,,50,A-maioria,,,vote,17,for,,0x56781388,,65368,1,,0x0edd55e668580ef47328f71d94d1b00601446d63657970c6479c6ae6fde9bdd0,77
2026-09-23T23-05-23-489Z_n-sweep_1-2-4-8-16-32-50,V1,,50,A-maioria,,,vote,18,for,,0x56781388,,65368,1,,0xa2e127af76a716ab1c7b25f84237e95f9ce4d0e1f960c308d6ab0be6f833c973,77
2026-09-23T23-05-23-489Z_n-sweep_1-2-4-8-16-32-50,V1,,50,A-maioria,,,vote,19,for,,0x56781388,,65368,1,,0xf83206c094307c2b2a5bd581e98e1505fd15b97f2b4b8a0e5d94e69e603d23d5,77
2026-09-23T23-05-23-489Z_n-sweep_1-2-4-8-16-32-50,V1,,50,A-maioria,,,vote,20,for,,0x56781388,,65368,1,,0xd611254ee1fe8bad67d78e9b867330f3ea1c12965d853f571951c671273e5e7e,77
2026-09-23T23-05-23-489Z_n-sweep_1-2-4-8-16-32-50,V1,,50,A-maioria,,,vote,21,for,,0x56781388,,65368,1,,0xd61bce64d92c8f98182f877144765127bf58e1e1c9b0d795ca8a6d099b908529,77
2026-09-23T23-05-23-489Z_n-sweep_1-2-4-8-16-32-50,V1,,50,A-maioria,,,vote,22,for,,0x56781388,,65368,1,,0x54e8eab2c8c6930dde6dc79ccd9576df698b7f3dab390d6def945d35be885edc,77
2026-09-23T23-05-23-489Z_n-sweep_1-2-4-8-16-32-50,V1,,50,A-maioria,,,vote,23,for,,0x56781388,,65368,1,,0xdc21495da40b877fa8d200bfd42b93b94bdbcc50c2f9908f9bb47ea79bd135e1,77
2026-09-23T23-05-23-489Z_n-sweep_1-2-4-8-16-32-50,V1,,50,A-maioria,,,vote,24,for,,0x56781388,,65368,1,,0x4710d206b717fca4f32f21915740dc332db0d1d8e39a200cf3b20b5ef1251d79,77
2026-09-23T23-05-23-489Z_n-sweep_1-2-4-8-16-32-50,V1,,50,A-maioria,,,vote,25,for,,0x56781388,,65368,1,,0x8351fd679fab87efb622c1c9a2f94b3a8e0d0772432808a478c744e7f93b8800,77
2026-09-23T23-05-23-489Z_n-sweep_1-2-4-8-16-32-50,V1,,50,A-maioria,,,vote,26,for,,0x56781388,,65368,1,,0xab1eccda073427d1e2d59d9a6d570afbd5cf676e3c885188bce3cd0ab23724ac,77
2026-09-23T23-05-23-489Z_n-sweep_1-2-4-8-16-32-50,V1,,50,A-maioria,,,vote,1,against,,0x56781388,,82416,1,,0x1577e7fe73ef569a3143c16f114f030e761f00a81207e73447b39ad36fad0500,77
2026-09-23T23-05-23-489Z_n-sweep_1-2-4-8-16-32-50,V1,,50,A-maioria,,,vote,2,against,,0x56781388,,65316,1,,0x946f7090f3762f44537c42de9a6bdddac156cbe097004eaa1eeefe848cd5a706,77
2026-09-23T23-05-23-489Z_n-sweep_1-2-4-8-16-32-50,V1,,50,A-maioria,,,vote,3,against,,0x56781388,,65316,1,,0xfd536d1abbe832bfa463a88cb844050468441cee948e1734183764d765292815,77
2026-09-23T23-05-23-489Z_n-sweep_1-2-4-8-16-32-50,V1,,50,A-maioria,,,vote,4,against,,0x56781388,,65316,1,,0x6d3a0165bab8ef5ec8b3e7daed1ddad8a2f942798ff010f0dc9bb0c9ca40f371,77
2026-09-23T23-05-23-489Z_n-sweep_1-2-4-8-16-32-50,V1,,50,A-maioria,,,vote,5,against,,0x56781388,,65316,1,,0xddc4b5cdade63107ae644e85904bbe13701412fdc9c4b7d4eca6469bade23771,77
2026-09-23T23-05-23-489Z_n-sweep_1-2-4-8-16-32-50,V1,,50,A-maioria,,,vote,6,against,,0x56781388,,65316,1,,0x2e313bddeeb92a6d6526b444720aab93d946bcd4145fb8324b36783e9daf3f6a,77
2026-09-23T23-05-23-489Z_n-sweep_1-2-4-8-16-32-50,V1,,50,A-maioria,,,vote,7,against,,0x56781388,,65316,1,,0x85361fe0d5b0fac6d7e09b2aa35d62b71dd3476e40a411dd9f12dd0c196e2967,77
2026-09-23T23-05-23-489Z_n-sweep_1-2-4-8-16-32-50,V1,,50,A-maioria,,,vote,8,against,,0x56781388,,65316,1,,0xf6fe086a39a13659484ee39afacd98c5872a8b93edee9d413d2159eedac7a2b1,77
2026-09-23T23-05-23-489Z_n-sweep_1-2-4-8-16-32-50,V1,,50,A-maioria,,,vote,9,against,,0x56781388,,65316,1,,0x8aeb2e2cd5a11354691574fac5138963ac652a42c37c154a3b940c349b9213b4,77
2026-09-23T23-05-23-489Z_n-sweep_1-2-4-8-16-32-50,V1,,50,A-maioria,,,vote,10,against,,0x56781388,,65316,1,,0x967ce5f08862f7014156b01345a23f6a91363292faeb1efa712ec93c93ec50bf,77
2026-09-23T23-05-23-489Z_n-sweep_1-2-4-8-16-32-50,V1,,50,A-maioria,,,vote,11,against,,0x56781388,,65316,1,,0xee1c6e1c9bbbc6785b9a112e940132a77f6bca8d547675bc3eb2937d35de9105,77
2026-09-23T23-05-23-489Z_n-sweep_1-2-4-8-16-32-50,V1,,50,A-maioria,,,vote,12,against,,0x56781388,,65316,1,,0x0ca5da81751e314b16554a438607c1405e445a73e65c7e84f1cccdd25b944733,77
2026-09-23T23-05-23-489Z_n-sweep_1-2-4-8-16-32-50,V1,,50,A-maioria,,,vote,13,against,,0x56781388,,65316,1,,0x3f23a4127e4a53ca5a03119d1df3659a2d5b8881556552846d1fdcc6367ba15a,77
2026-09-23T23-05-23-489Z_n-sweep_1-2-4-8-16-32-50,V1,,50,A-maioria,,,vote,14,against,,0x56781388,,65316,1,,0x3c1db3a1cb855162d1f9e9fe10d47d4ce083ef21e6510d48436f86480ccf8404,77
2026-09-23T23-05-23-489Z_n-sweep_1-2-4-8-16-32-50,V1,,50,A-maioria,,,vote,15,against,,0x56781388,,65316,1,,0xfadaca93d95af044bb25d08be407cb207e67a424744fe514d465c56acb8b9e62,77
2026-09-23T23-05-23-489Z_n-sweep_1-2-4-8-16-32-50,V1,,50,A-maioria,,,vote,16,against,,0x56781388,,65316,1,,0x766abb836680f38a59f9bec18c66d6d7c4e53df845bd104b24c0bde6b810acf8,77
2026-09-23T23-05-23-489Z_n-sweep_1-2-4-8-16-32-50,V1,,50,A-maioria,,,vote,17,against,,0x56781388,,65316,1,,0x4c7d9804c28bd3363d56d810c4fe90a351d64783ee16aa56595bf9a47a55d575,77
2026-09-23T23-05-23-489Z_n-sweep_1-2-4-8-16-32-50,V1,,50,A-maioria,,,vote,18,against,,0x56781388,,65316,1,,0xa55a12be740133dd58769d648dcf81e9aa3f7d7415490918ab30f70630f76841,77
2026-09-23T23-05-23-489Z_n-sweep_1-2-4-8-16-32-50,V1,,50,A-maioria,,,vote,19,against,,0x56781388,,65316,1,,0x63e7328db95e911649a7785b7dad6cffa4a17d587f79f7e8292c8910b411b4de,77
2026-09-23T23-05-23-489Z_n-sweep_1-2-4-8-16-32-50,V1,,50,A-maioria,,,vote,20,against,,0x56781388,,65316,1,,0x8cd6a890e14216f73f3b00a274725da3ee79af428ef6bd9e2e13599ff1b6d3e8,77
2026-09-23T23-05-23-489Z_n-sweep_1-2-4-8-16-32-50,V1,,50,A-maioria,,,vote,21,against,,0x56781388,,65316,1,,0x5084215dd845766e5113d29e5b32f4ea6b5d538e47090ee1b1bda6d1a6dcb5fe,77
2026-09-23T23-05-23-489Z_n-sweep_1-2-4-8-16-32-50,V1,,50,A-maioria,,,vote,22,against,,0x56781388,,65316,1,,0x62dd1f9cf238e1c6fd44bc77b46496201632c3a85bec4b1307c82c7a5451820a,77
2026-09-23T23-05-23-489Z_n-sweep_1-2-4-8-16-32-50,V1,,50,A-maioria,,,vote,23,against,,0x56781388,,65316,1,,0xb7dbed62e35084a5ba8799005d03d97ab482711d0101e84d58decb7149036914,77
2026-09-23T23-05-23-489Z_n-sweep_1-2-4-8-16-32-50,V1,,50,A-maioria,,,vote,24,against,,0x56781388,,65316,1,,0xd46f06c1736eb57f53b29fd275abffd56903a3e7e5e8e30d62d1f73078caecb3,77
2026-09-23T23-05-23-489Z_n-sweep_1-2-4-8-16-32-50,V1,,50,A-maioria,,,execute,,,execute,0x2656227d,WasteCategoryRegistry.updateCredits,60807,1,,0xa544ae0992ae2f6dce4e56094c57b0c127c4167dcdc8dc049f1aaa68939d1583,77
2026-09-23T23-05-23-489Z_n-sweep_1-2-4-8-16-32-50,V2,T1,,,,,deploy_token_T1,,,constructor,0x61016060,,1621017,1,,0xece28f063ba256e8fc65152daf61fe745a7823e8ba387b1b661409f18f6dc4cc,78
2026-09-23T23-05-23-489Z_n-sweep_1-2-4-8-16-32-50,V2,,,,,,deploy_registry,,,constructor,0x60806040,,4590964,1,,0x9005486642112873086c0faf3a06ce7199e3377186a80eb6eea4235f5e1c6f56,78
2026-09-23T23-05-23-489Z_n-sweep_1-2-4-8-16-32-50,V2,,,,,,deploy_governor_V2,,,constructor,0x6101e080,,2178840,1,,0xa32c9f3d540c0ae9eee563ea02a53e3c1648afde51e09209202bc2912d9a8532,78
2026-09-23T23-05-23-489Z_n-sweep_1-2-4-8-16-32-50,V2,,,,,,grant_admin_role,,,grantRole,0x2f2ff15d,,50799,1,,0x0482dd737ad13e5cf9f342f77b7f4c8d4a60575e6613b501a7a433855227e65d,78
2026-09-23T23-05-23-489Z_n-sweep_1-2-4-8-16-32-50,V2,,,,,,revoke_deployer_admin_role,,,revokeRole,0xd547741f,,27116,1,,0xbf6c6756b6e885a31717a4b56f3c4fc35da4780ca84e075711ea97189f58ea3d,78
2026-09-23T23-05-23-489Z_n-sweep_1-2-4-8-16-32-50,V2,,50,A-maioria,,,delegate_admin,,,,0x5c19a95c,,95559,1,,0xe4ed125ff7fcf34a784094393e69d7b32184f90f45a88cf0e398ac5fe2329d50,78
2026-09-23T23-05-23-489Z_n-sweep_1-2-4-8-16-32-50,V2,,50,A-maioria,,,delegate,,,,0x5c19a95c,,48347,1,,0x8e5cf2e817455991c3f88244f29b95e3c5703efb253d16587c3e019ace8ed4aa,78
2026-09-23T23-05-23-489Z_n-sweep_1-2-4-8-16-32-50,V2,,50,A-maioria,,,delegate,,,,0x5c19a95c,,48335,1,,0x3a4d0b938991cc6665fddf48aab742d27a2480134e4cb1cf5b844b9724575405,78
2026-09-23T23-05-23-489Z_n-sweep_1-2-4-8-16-32-50,V2,,50,A-maioria,,,delegate,,,,0x5c19a95c,,48347,1,,0x8df16e2387da0d9fa03469e487a72815c7ad0f22d2e3631bfcd3e8532e84566f,78
2026-09-23T23-05-23-489Z_n-sweep_1-2-4-8-16-32-50,V2,,50,A-maioria,,,delegate,,,,0x5c19a95c,,48347,1,,0x95612e3ccf4e98f664cb62c90a18fd3142e8f5668db18fb82a400652a6b96b06,78
2026-09-23T23-05-23-489Z_n-sweep_1-2-4-8-16-32-50,V2,,50,A-maioria,,,delegate,,,,0x5c19a95c,,48347,1,,0x8cfbd9c8afd095297879c4ea5a6d41c276c3b770abd2f751b06ec63384df15d6,78
2026-09-23T23-05-23-489Z_n-sweep_1-2-4-8-16-32-50,V2,,50,A-maioria,,,delegate,,,,0x5c19a95c,,48347,1,,0x96ff47bd12ed3260165a9b3c82bacf4a9f1cfd47a5f8548491ee35c1066f2e38,78
2026-09-23T23-05-23-489Z_n-sweep_1-2-4-8-16-32-50,V2,,50,A-maioria,,,delegate,,,,0x5c19a95c,,48347,1,,0x3c7464a5135ef0630048da3b891f6f95d941c4b44dfb27d1230d6c7015af52d6,78
2026-09-23T23-05-23-489Z_n-sweep_1-2-4-8-16-32-50,V2,,50,A-maioria,,,delegate,,,,0x5c19a95c,,48347,1,,0xcef7f0dbdf22e7ddd7612e11e8e4d04d07ff7ed50742fa593a04379c3fb4c79a,78
2026-09-23T23-05-23-489Z_n-sweep_1-2-4-8-16-32-50,V2,,50,A-maioria,,,delegate,,,,0x5c19a95c,,48347,1,,0x2a05bf2175c5ddc1c903f568e1aef2d66314124f75bcf8379ba8adf2782fee08,78
2026-09-23T23-05-23-489Z_n-sweep_1-2-4-8-16-32-50,V2,,50,A-maioria,,,delegate,,,,0x5c19a95c,,48335,1,,0xed076a3bb603efd5d8a71a2cc98ed4047b12d152a544a7d1d7a341433c9a4602,78
2026-09-23T23-05-23-489Z_n-sweep_1-2-4-8-16-32-50,V2,,50,A-maioria,,,delegate,,,,0x5c19a95c,,48347,1,,0x10be283a8ec30b680dc3aca50b759e0cf9c8afc082d9e83402cea754eca72a1f,78
2026-09-23T23-05-23-489Z_n-sweep_1-2-4-8-16-32-50,V2,,50,A-maioria,,,delegate,,,,0x5c19a95c,,48347,1,,0x2a30f5270f05f3f17e6177f9b77f58b934718ec7c2e872415fd5bb3af3d1a729,78
2026-09-23T23-05-23-489Z_n-sweep_1-2-4-8-16-32-50,V2,,50,A-maioria,,,delegate,,,,0x5c19a95c,,48347,1,,0x8627a7ad29f66cec2d29399f287974e7802b96ce1c1094b9f03f71ebb4aee554,78
2026-09-23T23-05-23-489Z_n-sweep_1-2-4-8-16-32-50,V2,,50,A-maioria,,,delegate,,,,0x5c19a95c,,48347,1,,0x09935171751aaaad6b28f8c0a6e1389d805ea4048b73d32206a0f9fb56fe6526,78
2026-09-23T23-05-23-489Z_n-sweep_1-2-4-8-16-32-50,V2,,50,A-maioria,,,delegate,,,,0x5c19a95c,,48347,1,,0xcc0bb7cbd2d0f3f8fa2b739bbaa5db203755fbd70b3eefc00d112f1bb589ceaf,78
2026-09-23T23-05-23-489Z_n-sweep_1-2-4-8-16-32-50,V2,,50,A-maioria,,,delegate,,,,0x5c19a95c,,48347,1,,0xc76339288f99a2e44a4485a1794ebb0cad6215adbb061dde8b472b5783d68437,78
2026-09-23T23-05-23-489Z_n-sweep_1-2-4-8-16-32-50,V2,,50,A-maioria,,,delegate,,,,0x5c19a95c,,48347,1,,0x4eff498246ceed5814c564e65aad18449d9d8819517ba51d588d9cfdae3d4d2a,78
2026-09-23T23-05-23-489Z_n-sweep_1-2-4-8-16-32-50,V2,,50,A-maioria,,,delegate,,,,0x5c19a95c,,48347,1,,0xa6ae49a326f302b9e71391f9415c0d930458ea03039ee9086f5687369d739f43,78
2026-09-23T23-05-23-489Z_n-sweep_1-2-4-8-16-32-50,V2,,50,A-maioria,,,delegate,,,,0x5c19a95c,,48347,1,,0xf13688c59dca87eeaaf2b3d3ae625f01224e2d5b4954af7ddb9eacd7e8fca21e,78
2026-09-23T23-05-23-489Z_n-sweep_1-2-4-8-16-32-50,V2,,50,A-maioria,,,delegate,,,,0x5c19a95c,,48347,1,,0xed760b7612d9a02f7ab38dcca54d7d989dd819b4bb98906db1dbcca059ac084f,78
2026-09-23T23-05-23-489Z_n-sweep_1-2-4-8-16-32-50,V2,,50,A-maioria,,,delegate,,,,0x5c19a95c,,48347,1,,0x408a7ccbb0d6637960a2093204a5084a7c3370084f7061b277e04d5d1523ae58,78
2026-09-23T23-05-23-489Z_n-sweep_1-2-4-8-16-32-50,V2,,50,A-maioria,,,delegate,,,,0x5c19a95c,,48347,1,,0x3152e0d13e4c1339d74b6b187ca12500a969817e0120fc16874758b89451705c,78
2026-09-23T23-05-23-489Z_n-sweep_1-2-4-8-16-32-50,V2,,50,A-maioria,,,delegate,,,,0x5c19a95c,,48347,1,,0xa643950d224ced9bbf99ea95cbb9cecb86c028ad6a357741d9eed43fd1418124,78
2026-09-23T23-05-23-489Z_n-sweep_1-2-4-8-16-32-50,V2,,50,A-maioria,,,delegate,,,,0x5c19a95c,,48347,1,,0x055e399c3cbfa6644dce91a7f3b36ea2bc185d80c647c0f1d04321e14c4b1361,78
2026-09-23T23-05-23-489Z_n-sweep_1-2-4-8-16-32-50,V2,,50,A-maioria,,,delegate,,,,0x5c19a95c,,48335,1,,0xdbafa2287cf62155690c72d09b21b76ada56306bf24799e90a6ebd1fd470abc6,78
2026-09-23T23-05-23-489Z_n-sweep_1-2-4-8-16-32-50,V2,,50,A-maioria,,,delegate,,,,0x5c19a95c,,48347,1,,0x5f3e39c0a04665565fe3ba089f22454588d4f688c9a7aef067e7ad9e116a759a,78
2026-09-23T23-05-23-489Z_n-sweep_1-2-4-8-16-32-50,V2,,50,A-maioria,,,delegate,,,,0x5c19a95c,,48347,1,,0x7f968e30943d915d45decb0caea3281b5a4ce30a34416fbe354786d67369fd83,78
2026-09-23T23-05-23-489Z_n-sweep_1-2-4-8-16-32-50,V2,,50,A-maioria,,,delegate,,,,0x5c19a95c,,48347,1,,0xacced85e76fc346ac6aeec9a7ad6b61324fa6705450ea8d9c6b571e609652ec6,78
2026-09-23T23-05-23-489Z_n-sweep_1-2-4-8-16-32-50,V2,,50,A-maioria,,,delegate,,,,0x5c19a95c,,48347,1,,0xc354d6d794f1199566d0378cd1a05e9a5ef44036fa08971363ffdb3f0a83ac1f,78
2026-09-23T23-05-23-489Z_n-sweep_1-2-4-8-16-32-50,V2,,50,A-maioria,,,delegate,,,,0x5c19a95c,,48347,1,,0x41430b21e85fff00baa6651f5e9419f14411e203e9c65cf045d70399e1f94f10,78
2026-09-23T23-05-23-489Z_n-sweep_1-2-4-8-16-32-50,V2,,50,A-maioria,,,delegate,,,,0x5c19a95c,,48347,1,,0x0bedefd31dfd1911f1b821af9af59b2add8145ffa98e5dbae489249c34ba12b9,78
2026-09-23T23-05-23-489Z_n-sweep_1-2-4-8-16-32-50,V2,,50,A-maioria,,,delegate,,,,0x5c19a95c,,48347,1,,0x56ad8c486cf180aa0b39b839e9aa8457bb432ce913afb5054ca9bcce3effbb92,78
2026-09-23T23-05-23-489Z_n-sweep_1-2-4-8-16-32-50,V2,,50,A-maioria,,,delegate,,,,0x5c19a95c,,48347,1,,0x889ffacd513472f47703d03e4eb91f2565e857d0c007bd0d90101601ecbd4461,78
2026-09-23T23-05-23-489Z_n-sweep_1-2-4-8-16-32-50,V2,,50,A-maioria,,,delegate,,,,0x5c19a95c,,48347,1,,0x300cffcbe8eda0567de301008cf1f50514fdf7ef82e382d9507bbf31fffcabc4,78
2026-09-23T23-05-23-489Z_n-sweep_1-2-4-8-16-32-50,V2,,50,A-maioria,,,delegate,,,,0x5c19a95c,,48347,1,,0xb26cc341ef34517b33cf6cd048c8a54704753c40e4e38bdf9dc80c483ec06148,78
2026-09-23T23-05-23-489Z_n-sweep_1-2-4-8-16-32-50,V2,,50,A-maioria,,,delegate,,,,0x5c19a95c,,48347,1,,0x58d7882e8df8d9a84dda04828e62e55811e2fc55bbdf72e420a219528a50c760,78
2026-09-23T23-05-23-489Z_n-sweep_1-2-4-8-16-32-50,V2,,50,A-maioria,,,delegate,,,,0x5c19a95c,,48347,1,,0xa165579965f85981a3065c1e2b2a0995c5caac5df658402f7efd8b0d0b1c2bce,78
2026-09-23T23-05-23-489Z_n-sweep_1-2-4-8-16-32-50,V2,,50,A-maioria,,,delegate,,,,0x5c19a95c,,48347,1,,0xf0592e48b13df8d29c4f13d4da023052f542ca40ddd14d6babaf7ef698f07dbb,78
2026-09-23T23-05-23-489Z_n-sweep_1-2-4-8-16-32-50,V2,,50,A-maioria,,,delegate,,,,0x5c19a95c,,48347,1,,0x03d0dbabc01e5d0af5eca4495d4c548d2c41bb5b473d7d98c49d5385061260b8,78
2026-09-23T23-05-23-489Z_n-sweep_1-2-4-8-16-32-50,V2,,50,A-maioria,,,delegate,,,,0x5c19a95c,,48347,1,,0x9c249c81d873ecf8e9768db83eb14821c2c218d032b11cd7fe5d12088d668fda,78
2026-09-23T23-05-23-489Z_n-sweep_1-2-4-8-16-32-50,V2,,50,A-maioria,,,delegate,,,,0x5c19a95c,,48347,1,,0xcd63dbf8f1f09a2f6a5ff14decca32fb72ad0f1cae7e574b2fc586f13d025bb2,78
2026-09-23T23-05-23-489Z_n-sweep_1-2-4-8-16-32-50,V2,,50,A-maioria,,,delegate,,,,0x5c19a95c,,48347,1,,0x046e21685e512200b52e31db93043af7459b5a989dc0808269126d53721ac8f8,78
2026-09-23T23-05-23-489Z_n-sweep_1-2-4-8-16-32-50,V2,,50,A-maioria,,,delegate,,,,0x5c19a95c,,48347,1,,0x335f1c45ad548204528f7cadd4671e561c20c9c4fe29b91189feade09701c5a9,78
2026-09-23T23-05-23-489Z_n-sweep_1-2-4-8-16-32-50,V2,,50,A-maioria,,,delegate,,,,0x5c19a95c,,48347,1,,0x9f8ade3454be88805b03b02375f2774d72e2d3169cc94a4166c39604e063955f,78
2026-09-23T23-05-23-489Z_n-sweep_1-2-4-8-16-32-50,V2,,50,A-maioria,,,delegate,,,,0x5c19a95c,,48347,1,,0xbc2920c9ad77b324c8f64daabfc2a1431c80f30edb3c65e0a07700b98891b56c,78
2026-09-23T23-05-23-489Z_n-sweep_1-2-4-8-16-32-50,V2,,50,A-maioria,,,delegate,,,,0x5c19a95c,,48347,1,,0x1ff3b9a6966187a5cd8d575d153f2487b31b83e6d2c103a885d102e6de760040,78
2026-09-23T23-05-23-489Z_n-sweep_1-2-4-8-16-32-50,V2,,50,A-maioria,,,delegate,,,,0x5c19a95c,,48347,1,,0x3007abbd2ca5d8a8c5f340a2614ce189759242bb494aab56e592970fe25a61c4,78
2026-09-23T23-05-23-489Z_n-sweep_1-2-4-8-16-32-50,V2,,50,A-maioria,,,delegate,,,,0x5c19a95c,,48335,1,,0x1ef3932edbce7e10293b79c0f2bdd68ba9963feeb60783550b8048fadd7093b1,78
2026-09-23T23-05-23-489Z_n-sweep_1-2-4-8-16-32-50,V2,,50,A-maioria,,,delegate,,,,0x5c19a95c,,48347,1,,0xc1ed614da0f39e829d43e2c73649b3d798068befc640a8a27a6dfe3b86205651,78
2026-09-23T23-05-23-489Z_n-sweep_1-2-4-8-16-32-50,V2,,50,A-maioria,,,delegate,,,,0x5c19a95c,,48347,1,,0x644c69711f4cf1c5519b2b689791a02de2c659aa2334fad7b76f3e0b8ddc92c8,78
2026-09-23T23-05-23-489Z_n-sweep_1-2-4-8-16-32-50,V2,,50,A-maioria,,,transfer,,,,0xa9059cbb,,135960,1,,0x988aab2b52dd044a179325bd4967d9ae7237c72920f39685c1b68a865d8bc061,78
2026-09-23T23-05-23-489Z_n-sweep_1-2-4-8-16-32-50,V2,,50,A-maioria,,,transfer,,,,0xa9059cbb,,135948,1,,0x1740ec9063dfd663705ab00d6d861409d180c9ad70adc6d28480537016214f76,78
2026-09-23T23-05-23-489Z_n-sweep_1-2-4-8-16-32-50,V2,,50,A-maioria,,,transfer,,,,0xa9059cbb,,135960,1,,0xf56fcef6e6bf4bee12e48c2b9df7dbc660058df2a1fb870619e66bc918f52484,78
2026-09-23T23-05-23-489Z_n-sweep_1-2-4-8-16-32-50,V2,,50,A-maioria,,,transfer,,,,0xa9059cbb,,135960,1,,0x233ed19ebf1226e5fc37f5fd473c8962d4660a56079a5d6c60cad7337c5b7af9,78
2026-09-23T23-05-23-489Z_n-sweep_1-2-4-8-16-32-50,V2,,50,A-maioria,,,transfer,,,,0xa9059cbb,,135960,1,,0xcc782b233f1590adef175cd9036af19be976f253c0218163c06331281c553efe,78
2026-09-23T23-05-23-489Z_n-sweep_1-2-4-8-16-32-50,V2,,50,A-maioria,,,transfer,,,,0xa9059cbb,,135960,1,,0xbea6e584f326824c66cd6b2c4015b7b890bfe3cd9eab172363c69ca2e07fc6c2,78
2026-09-23T23-05-23-489Z_n-sweep_1-2-4-8-16-32-50,V2,,50,A-maioria,,,transfer,,,,0xa9059cbb,,135960,1,,0x465ed0f194e88c72adeb55b13c9b38160cb85e4cc722e7a5af85df8387d76996,78
2026-09-23T23-05-23-489Z_n-sweep_1-2-4-8-16-32-50,V2,,50,A-maioria,,,transfer,,,,0xa9059cbb,,135960,1,,0xd1689b874f589c86d72d375fae0451c938fd231cd4095f970e1dd1b81f8676b7,78
2026-09-23T23-05-23-489Z_n-sweep_1-2-4-8-16-32-50,V2,,50,A-maioria,,,transfer,,,,0xa9059cbb,,135960,1,,0xcf893e779208ade49ba3073a23cde3543874fa081e203c8b7d248491c6588cd6,78
2026-09-23T23-05-23-489Z_n-sweep_1-2-4-8-16-32-50,V2,,50,A-maioria,,,transfer,,,,0xa9059cbb,,135948,1,,0x55f9f4c5cbe216e8c28f62779d8fa7e3844908ecfb57361604a2d8e371d49fca,78
2026-09-23T23-05-23-489Z_n-sweep_1-2-4-8-16-32-50,V2,,50,A-maioria,,,transfer,,,,0xa9059cbb,,135960,1,,0x8dbb2d08f54ac53f17e18a86d078179bdcf4aecc630828e698d239a5cb1f6f8e,78
2026-09-23T23-05-23-489Z_n-sweep_1-2-4-8-16-32-50,V2,,50,A-maioria,,,transfer,,,,0xa9059cbb,,135960,1,,0xed649c0db846b2bff19da4f11088b84071c73ddd4ce7d3749ae53eea75ac41db,78
2026-09-23T23-05-23-489Z_n-sweep_1-2-4-8-16-32-50,V2,,50,A-maioria,,,transfer,,,,0xa9059cbb,,135960,1,,0xdf2cf31e73eb13bd09dd1afb5bb13ebc7ce5e2763b7e9b9cf73e62e8ef5d4e22,78
2026-09-23T23-05-23-489Z_n-sweep_1-2-4-8-16-32-50,V2,,50,A-maioria,,,transfer,,,,0xa9059cbb,,135960,1,,0x3c1627a4e1cac6bb0416fd3e398372366c09d1a68ecfeb6747b79ec38aedf91c,78
2026-09-23T23-05-23-489Z_n-sweep_1-2-4-8-16-32-50,V2,,50,A-maioria,,,transfer,,,,0xa9059cbb,,135960,1,,0xc56ae9e1eaa29c1b61ad02ffd529d88ca71dc67f8df801cf2e6338e0c93601c0,78
2026-09-23T23-05-23-489Z_n-sweep_1-2-4-8-16-32-50,V2,,50,A-maioria,,,transfer,,,,0xa9059cbb,,135960,1,,0x0d0753aecd5c03f9a033b2f46b7f5cd0425998608ec65fe4e251758640f116cc,78
2026-09-23T23-05-23-489Z_n-sweep_1-2-4-8-16-32-50,V2,,50,A-maioria,,,transfer,,,,0xa9059cbb,,135960,1,,0xefbd39c3f9ebfa93ac80f360ffd8980bec4b7e10908c53b00b1e61e174e14477,78
2026-09-23T23-05-23-489Z_n-sweep_1-2-4-8-16-32-50,V2,,50,A-maioria,,,transfer,,,,0xa9059cbb,,135960,1,,0x3a2f642f292c833077cfed053ba476469661e3d952ab0f9708e81024e8a131f0,78
2026-09-23T23-05-23-489Z_n-sweep_1-2-4-8-16-32-50,V2,,50,A-maioria,,,transfer,,,,0xa9059cbb,,135960,1,,0x92f057c6ea61052e657e17ca72c92f5b41686fa9098dc43c6670fd435baeb520,78
2026-09-23T23-05-23-489Z_n-sweep_1-2-4-8-16-32-50,V2,,50,A-maioria,,,transfer,,,,0xa9059cbb,,135960,1,,0x401daf28f880e62370c01be106e283ab587a6a396d0ac9a4c1790b877d11cee7,78
2026-09-23T23-05-23-489Z_n-sweep_1-2-4-8-16-32-50,V2,,50,A-maioria,,,transfer,,,,0xa9059cbb,,135960,1,,0x9fcb64d9dee02b77c33a03d55d294baa22cebf6f3fc60761a8ce82a27b27c4ac,78
2026-09-23T23-05-23-489Z_n-sweep_1-2-4-8-16-32-50,V2,,50,A-maioria,,,transfer,,,,0xa9059cbb,,135960,1,,0xb12735ad54fd91cf7224ef0aead270b7e5bf6415a1835ea5a76292fff1415cfb,78
2026-09-23T23-05-23-489Z_n-sweep_1-2-4-8-16-32-50,V2,,50,A-maioria,,,transfer,,,,0xa9059cbb,,135960,1,,0xfe37646fb15fa8302c991c97cf1f7c1a4a0f2b6acd720ebca26aca50888cda23,78
2026-09-23T23-05-23-489Z_n-sweep_1-2-4-8-16-32-50,V2,,50,A-maioria,,,transfer,,,,0xa9059cbb,,135960,1,,0xd60240538b26e59a2163ed3a22c43b9ab1484704bd0b0f3cdefabb88cb5b257e,78
2026-09-23T23-05-23-489Z_n-sweep_1-2-4-8-16-32-50,V2,,50,A-maioria,,,transfer,,,,0xa9059cbb,,135948,1,,0xb22c513b7fe482f54292a9bfeef77c21aacef9c17483d515bdfda6c1cf1f42bb,78
2026-09-23T23-05-23-489Z_n-sweep_1-2-4-8-16-32-50,V2,,50,A-maioria,,,transfer,,,,0xa9059cbb,,135960,1,,0x88644017f1f3ae21daa385d29aee8d731cf7ba0c9b61e24399db19697919acb2,78
2026-09-23T23-05-23-489Z_n-sweep_1-2-4-8-16-32-50,V2,,50,A-maioria,,,transfer,,,,0xa9059cbb,,135960,1,,0xad4486b295fc1a15477c5d8ebe8706f1ed097c809410e10005b1685953c2a2bb,78
2026-09-23T23-05-23-489Z_n-sweep_1-2-4-8-16-32-50,V2,,50,A-maioria,,,transfer,,,,0xa9059cbb,,135960,1,,0xc857927978b7fca420d8dfdcf1a08458352c71bd35216ca7bdaabdcf6a420eab,78
2026-09-23T23-05-23-489Z_n-sweep_1-2-4-8-16-32-50,V2,,50,A-maioria,,,transfer,,,,0xa9059cbb,,135960,1,,0x19da029d75fd0d87dc7a4f9beb9559a212c97f4650b20bec708183e96523aaba,78
2026-09-23T23-05-23-489Z_n-sweep_1-2-4-8-16-32-50,V2,,50,A-maioria,,,transfer,,,,0xa9059cbb,,135960,1,,0xe39ed1dd6a0f306a57d3c39746352501a07bde119ca084d195183aa8257d544c,78
2026-09-23T23-05-23-489Z_n-sweep_1-2-4-8-16-32-50,V2,,50,A-maioria,,,transfer,,,,0xa9059cbb,,135960,1,,0x686f042e46d0bb971f2dc7311a4b70e71aa32e852ea51402ab89ee3a2117a475,78
2026-09-23T23-05-23-489Z_n-sweep_1-2-4-8-16-32-50,V2,,50,A-maioria,,,transfer,,,,0xa9059cbb,,135960,1,,0xf9e0d46378d7c47514f285080aa1c0ba30ccb144fd11142fd8a0965281717e14,78
2026-09-23T23-05-23-489Z_n-sweep_1-2-4-8-16-32-50,V2,,50,A-maioria,,,transfer,,,,0xa9059cbb,,135960,1,,0x403d5ee904eb62cf03710c0775795d94da962bdd3fc2a81d2c0ef4752ac1fe71,78
2026-09-23T23-05-23-489Z_n-sweep_1-2-4-8-16-32-50,V2,,50,A-maioria,,,transfer,,,,0xa9059cbb,,135960,1,,0xfdde6c45dcc56940d6e78753c17a5c3fb5be608e7dbf8994340a63db872a194f,78
2026-09-23T23-05-23-489Z_n-sweep_1-2-4-8-16-32-50,V2,,50,A-maioria,,,transfer,,,,0xa9059cbb,,135960,1,,0x0ab3489848781558a75a336d69aeae715379240b5a6bd11ad38ea8bd2a829107,78
2026-09-23T23-05-23-489Z_n-sweep_1-2-4-8-16-32-50,V2,,50,A-maioria,,,transfer,,,,0xa9059cbb,,135960,1,,0x1682e6d0d561bf9f64b682c350f3b78d5c3a2bd231295f8d74b4c92182f6cc07,78
2026-09-23T23-05-23-489Z_n-sweep_1-2-4-8-16-32-50,V2,,50,A-maioria,,,transfer,,,,0xa9059cbb,,135960,1,,0x5b82226f4b3968c0c11ff4245b77ddb5c737ac3d9384e7f0f5dacf91ae505b7c,78
2026-09-23T23-05-23-489Z_n-sweep_1-2-4-8-16-32-50,V2,,50,A-maioria,,,transfer,,,,0xa9059cbb,,135960,1,,0x6b5817c5a2f3233a1f4755f91eec5b61a72e50556aeb151d1df361f8dcacafea,78
2026-09-23T23-05-23-489Z_n-sweep_1-2-4-8-16-32-50,V2,,50,A-maioria,,,transfer,,,,0xa9059cbb,,135960,1,,0x00442dfd61843442f2f62e78bcf59b803dd8498b1bad260878d59e06f48aaf95,78
2026-09-23T23-05-23-489Z_n-sweep_1-2-4-8-16-32-50,V2,,50,A-maioria,,,transfer,,,,0xa9059cbb,,135960,1,,0xf5d2b3eeffb65a663d93b8d3c809b6e5121b8784e868e51af3bdba2deee35a8b,78
2026-09-23T23-05-23-489Z_n-sweep_1-2-4-8-16-32-50,V2,,50,A-maioria,,,transfer,,,,0xa9059cbb,,135960,1,,0xf3df28ed5d40b48f8919791b5b9ed50c0de598885569cd4cda2c88678140358b,78
2026-09-23T23-05-23-489Z_n-sweep_1-2-4-8-16-32-50,V2,,50,A-maioria,,,transfer,,,,0xa9059cbb,,135960,1,,0xae8265c953b3c6c844fd5e7f9c7464dcd5160d081bd3f12119dae553d5383d46,78
2026-09-23T23-05-23-489Z_n-sweep_1-2-4-8-16-32-50,V2,,50,A-maioria,,,transfer,,,,0xa9059cbb,,135960,1,,0x2bedec0ecd73ac805d76d0b0f124d689002219a8553658ae536e50df35c6d9db,78
2026-09-23T23-05-23-489Z_n-sweep_1-2-4-8-16-32-50,V2,,50,A-maioria,,,transfer,,,,0xa9059cbb,,135960,1,,0x7911352af92914fc012e9271fef77802aaf80cb03b085ac5b36a82617ef3d87f,78
2026-09-23T23-05-23-489Z_n-sweep_1-2-4-8-16-32-50,V2,,50,A-maioria,,,transfer,,,,0xa9059cbb,,135960,1,,0x527083c9aa09a186a9dfde1d6e11e56a88c23af4ff1df829641f565d467e9eb3,78
2026-09-23T23-05-23-489Z_n-sweep_1-2-4-8-16-32-50,V2,,50,A-maioria,,,transfer,,,,0xa9059cbb,,135960,1,,0x4fcb61575570970b077a3f0175ad61e8f9b670d214f189be9284c9e38d23ea97,78
2026-09-23T23-05-23-489Z_n-sweep_1-2-4-8-16-32-50,V2,,50,A-maioria,,,transfer,,,,0xa9059cbb,,135960,1,,0x4e542c0f00edf948e31ae0044ddc651c40f57f37ff7015611a62d6daf389f5c0,78
2026-09-23T23-05-23-489Z_n-sweep_1-2-4-8-16-32-50,V2,,50,A-maioria,,,transfer,,,,0xa9059cbb,,135948,1,,0x678ff5ad84e5f134b40dad86f148a340f9fbc604f5ec27a98b7c60856ee1e375,78
2026-09-23T23-05-23-489Z_n-sweep_1-2-4-8-16-32-50,V2,,50,A-maioria,,,transfer,,,,0xa9059cbb,,135960,1,,0x8c9fe884dc095bd2cb142ad2f4c3a32815bf358db82984445b1bebe0c495a13f,78
2026-09-23T23-05-23-489Z_n-sweep_1-2-4-8-16-32-50,V2,,50,A-maioria,,,transfer,,,,0xa9059cbb,,135960,1,,0xcae168b52d2afa75f1568ef6aadf2694b4b83c844b2cc07cfa891dbd891f714c,78
2026-09-23T23-05-23-489Z_n-sweep_1-2-4-8-16-32-50,V2,,50,A-maioria,,,propose,,,propose,0x7d5e81e2,WasteCategoryRegistry.updateCredits,63351,1,,0x7f268caa1cc65e95339310b682a6473053c2c4cc3b0da974f59678c72410307f,78
2026-09-23T23-05-23-489Z_n-sweep_1-2-4-8-16-32-50,V2,,50,A-maioria,,,vote,1,for,,0x56781388,,82468,1,,0x2616678b4a6e8f6a62fc7d87d8106e7172d6b6d068ee88682ad06ca6d297b16f,78
2026-09-23T23-05-23-489Z_n-sweep_1-2-4-8-16-32-50,V2,,50,A-maioria,,,vote,2,for,,0x56781388,,65368,1,,0xbfde326bd8b47b5d5fdb06e255e1f8f97290ac2ebb2350c2a6891e83a82df39a,78
2026-09-23T23-05-23-489Z_n-sweep_1-2-4-8-16-32-50,V2,,50,A-maioria,,,vote,3,for,,0x56781388,,65368,1,,0xe52eaa9d1219ba850ea02c83b64daef7739c0e6a9427ee73b65758d9e055df1f,78
2026-09-23T23-05-23-489Z_n-sweep_1-2-4-8-16-32-50,V2,,50,A-maioria,,,vote,4,for,,0x56781388,,65368,1,,0xa56746713b6f87185e65e331583ceea2efa6368e5179024fe98eed38a8ddfae3,78
2026-09-23T23-05-23-489Z_n-sweep_1-2-4-8-16-32-50,V2,,50,A-maioria,,,vote,5,for,,0x56781388,,65368,1,,0x80e4adc27ddb5f5a4d6a22e75404677d1d31598b52b00ed45ddea85053435a69,78
2026-09-23T23-05-23-489Z_n-sweep_1-2-4-8-16-32-50,V2,,50,A-maioria,,,vote,6,for,,0x56781388,,65368,1,,0x9e2d1b206cf0d1a76e42e0e3451d264f267f5faf7c1e58648d393107b958ae7a,78
2026-09-23T23-05-23-489Z_n-sweep_1-2-4-8-16-32-50,V2,,50,A-maioria,,,vote,7,for,,0x56781388,,65368,1,,0x3785fb45eedd1d5ad6c0db2b1fc0c4989bbc285ed52a7d3214d6afe74cefc3cb,78
2026-09-23T23-05-23-489Z_n-sweep_1-2-4-8-16-32-50,V2,,50,A-maioria,,,vote,8,for,,0x56781388,,65368,1,,0xdd633f7c31fdabc904394c337fe74ad7e16403d2140cae531c666d26427661a6,78
2026-09-23T23-05-23-489Z_n-sweep_1-2-4-8-16-32-50,V2,,50,A-maioria,,,vote,9,for,,0x56781388,,65368,1,,0x0512e8843f385d266b3285587a529fa494d4fde109b1913ac3c41c2836c78f78,78
2026-09-23T23-05-23-489Z_n-sweep_1-2-4-8-16-32-50,V2,,50,A-maioria,,,vote,10,for,,0x56781388,,65368,1,,0x14840035ea5ff2ee805ae538a906c75ba4fc681cbdf273748552ea4863f32f2e,78
2026-09-23T23-05-23-489Z_n-sweep_1-2-4-8-16-32-50,V2,,50,A-maioria,,,vote,11,for,,0x56781388,,65368,1,,0xd1cf29c39ecf807db6243e365b2da2da1842653f05ff2712d60404d88d54bd02,78
2026-09-23T23-05-23-489Z_n-sweep_1-2-4-8-16-32-50,V2,,50,A-maioria,,,vote,12,for,,0x56781388,,65368,1,,0x9a05aacc8910e163c02a429ec76be0e0dbab6ae592604edf350977ed5c03c405,78
2026-09-23T23-05-23-489Z_n-sweep_1-2-4-8-16-32-50,V2,,50,A-maioria,,,vote,13,for,,0x56781388,,65368,1,,0x32359520062cf8b7998635cce73325df819f43caa9ac0f0170418f7eb72849f8,78
2026-09-23T23-05-23-489Z_n-sweep_1-2-4-8-16-32-50,V2,,50,A-maioria,,,vote,14,for,,0x56781388,,65368,1,,0xd2ead26213a28937c697c17a7aea366b167dfe6eb1b94c241b1f7da41e4a138b,78
2026-09-23T23-05-23-489Z_n-sweep_1-2-4-8-16-32-50,V2,,50,A-maioria,,,vote,15,for,,0x56781388,,65368,1,,0xa0908c57d9d291ba558599910544aff2ff851dd8583f19db95e2f646396859b1,78
2026-09-23T23-05-23-489Z_n-sweep_1-2-4-8-16-32-50,V2,,50,A-maioria,,,vote,16,for,,0x56781388,,65368,1,,0xac3b56371a867b007d589bab8286f768a38047154cc8a68734b15042cf57d78e,78
2026-09-23T23-05-23-489Z_n-sweep_1-2-4-8-16-32-50,V2,,50,A-maioria,,,vote,17,for,,0x56781388,,65368,1,,0x0edd55e668580ef47328f71d94d1b00601446d63657970c6479c6ae6fde9bdd0,78
2026-09-23T23-05-23-489Z_n-sweep_1-2-4-8-16-32-50,V2,,50,A-maioria,,,vote,18,for,,0x56781388,,65368,1,,0xa2e127af76a716ab1c7b25f84237e95f9ce4d0e1f960c308d6ab0be6f833c973,78
2026-09-23T23-05-23-489Z_n-sweep_1-2-4-8-16-32-50,V2,,50,A-maioria,,,vote,19,for,,0x56781388,,65368,1,,0xf83206c094307c2b2a5bd581e98e1505fd15b97f2b4b8a0e5d94e69e603d23d5,78
2026-09-23T23-05-23-489Z_n-sweep_1-2-4-8-16-32-50,V2,,50,A-maioria,,,vote,20,for,,0x56781388,,65368,1,,0xd611254ee1fe8bad67d78e9b867330f3ea1c12965d853f571951c671273e5e7e,78
2026-09-23T23-05-23-489Z_n-sweep_1-2-4-8-16-32-50,V2,,50,A-maioria,,,vote,21,for,,0x56781388,,65368,1,,0xd61bce64d92c8f98182f877144765127bf58e1e1c9b0d795ca8a6d099b908529,78
2026-09-23T23-05-23-489Z_n-sweep_1-2-4-8-16-32-50,V2,,50,A-maioria,,,vote,22,for,,0x56781388,,65368,1,,0x54e8eab2c8c6930dde6dc79ccd9576df698b7f3dab390d6def945d35be885edc,78
2026-09-23T23-05-23-489Z_n-sweep_1-2-4-8-16-32-50,V2,,50,A-maioria,,,vote,23,for,,0x56781388,,65368,1,,0xdc21495da40b877fa8d200bfd42b93b94bdbcc50c2f9908f9bb47ea79bd135e1,78
2026-09-23T23-05-23-489Z_n-sweep_1-2-4-8-16-32-50,V2,,50,A-maioria,,,vote,24,for,,0x56781388,,65368,1,,0x4710d206b717fca4f32f21915740dc332db0d1d8e39a200cf3b20b5ef1251d79,78
2026-09-23T23-05-23-489Z_n-sweep_1-2-4-8-16-32-50,V2,,50,A-maioria,,,vote,25,for,,0x56781388,,65368,1,,0x8351fd679fab87efb622c1c9a2f94b3a8e0d0772432808a478c744e7f93b8800,78
2026-09-23T23-05-23-489Z_n-sweep_1-2-4-8-16-32-50,V2,,50,A-maioria,,,vote,26,for,,0x56781388,,65368,1,,0xab1eccda073427d1e2d59d9a6d570afbd5cf676e3c885188bce3cd0ab23724ac,78
2026-09-23T23-05-23-489Z_n-sweep_1-2-4-8-16-32-50,V2,,50,A-maioria,,,vote,1,against,,0x56781388,,82416,1,,0x1577e7fe73ef569a3143c16f114f030e761f00a81207e73447b39ad36fad0500,78
2026-09-23T23-05-23-489Z_n-sweep_1-2-4-8-16-32-50,V2,,50,A-maioria,,,vote,2,against,,0x56781388,,65316,1,,0x946f7090f3762f44537c42de9a6bdddac156cbe097004eaa1eeefe848cd5a706,78
2026-09-23T23-05-23-489Z_n-sweep_1-2-4-8-16-32-50,V2,,50,A-maioria,,,vote,3,against,,0x56781388,,65316,1,,0xfd536d1abbe832bfa463a88cb844050468441cee948e1734183764d765292815,78
2026-09-23T23-05-23-489Z_n-sweep_1-2-4-8-16-32-50,V2,,50,A-maioria,,,vote,4,against,,0x56781388,,65316,1,,0x6d3a0165bab8ef5ec8b3e7daed1ddad8a2f942798ff010f0dc9bb0c9ca40f371,78
2026-09-23T23-05-23-489Z_n-sweep_1-2-4-8-16-32-50,V2,,50,A-maioria,,,vote,5,against,,0x56781388,,65316,1,,0xddc4b5cdade63107ae644e85904bbe13701412fdc9c4b7d4eca6469bade23771,78
2026-09-23T23-05-23-489Z_n-sweep_1-2-4-8-16-32-50,V2,,50,A-maioria,,,vote,6,against,,0x56781388,,65316,1,,0x2e313bddeeb92a6d6526b444720aab93d946bcd4145fb8324b36783e9daf3f6a,78
2026-09-23T23-05-23-489Z_n-sweep_1-2-4-8-16-32-50,V2,,50,A-maioria,,,vote,7,against,,0x56781388,,65316,1,,0x85361fe0d5b0fac6d7e09b2aa35d62b71dd3476e40a411dd9f12dd0c196e2967,78
2026-09-23T23-05-23-489Z_n-sweep_1-2-4-8-16-32-50,V2,,50,A-maioria,,,vote,8,against,,0x56781388,,65316,1,,0xf6fe086a39a13659484ee39afacd98c5872a8b93edee9d413d2159eedac7a2b1,78
2026-09-23T23-05-23-489Z_n-sweep_1-2-4-8-16-32-50,V2,,50,A-maioria,,,vote,9,against,,0x56781388,,65316,1,,0x8aeb2e2cd5a11354691574fac5138963ac652a42c37c154a3b940c349b9213b4,78
2026-09-23T23-05-23-489Z_n-sweep_1-2-4-8-16-32-50,V2,,50,A-maioria,,,vote,10,against,,0x56781388,,65316,1,,0x967ce5f08862f7014156b01345a23f6a91363292faeb1efa712ec93c93ec50bf,78
2026-09-23T23-05-23-489Z_n-sweep_1-2-4-8-16-32-50,V2,,50,A-maioria,,,vote,11,against,,0x56781388,,65316,1,,0xee1c6e1c9bbbc6785b9a112e940132a77f6bca8d547675bc3eb2937d35de9105,78
2026-09-23T23-05-23-489Z_n-sweep_1-2-4-8-16-32-50,V2,,50,A-maioria,,,vote,12,against,,0x56781388,,65316,1,,0x0ca5da81751e314b16554a438607c1405e445a73e65c7e84f1cccdd25b944733,78
2026-09-23T23-05-23-489Z_n-sweep_1-2-4-8-16-32-50,V2,,50,A-maioria,,,vote,13,against,,0x56781388,,65316,1,,0x3f23a4127e4a53ca5a03119d1df3659a2d5b8881556552846d1fdcc6367ba15a,78
2026-09-23T23-05-23-489Z_n-sweep_1-2-4-8-16-32-50,V2,,50,A-maioria,,,vote,14,against,,0x56781388,,65316,1,,0x3c1db3a1cb855162d1f9e9fe10d47d4ce083ef21e6510d48436f86480ccf8404,78
2026-09-23T23-05-23-489Z_n-sweep_1-2-4-8-16-32-50,V2,,50,A-maioria,,,vote,15,against,,0x56781388,,65316,1,,0xfadaca93d95af044bb25d08be407cb207e67a424744fe514d465c56acb8b9e62,78
2026-09-23T23-05-23-489Z_n-sweep_1-2-4-8-16-32-50,V2,,50,A-maioria,,,vote,16,against,,0x56781388,,65316,1,,0x766abb836680f38a59f9bec18c66d6d7c4e53df845bd104b24c0bde6b810acf8,78
2026-09-23T23-05-23-489Z_n-sweep_1-2-4-8-16-32-50,V2,,50,A-maioria,,,vote,17,against,,0x56781388,,65316,1,,0x4c7d9804c28bd3363d56d810c4fe90a351d64783ee16aa56595bf9a47a55d575,78
2026-09-23T23-05-23-489Z_n-sweep_1-2-4-8-16-32-50,V2,,50,A-maioria,,,vote,18,against,,0x56781388,,65316,1,,0xa55a12be740133dd58769d648dcf81e9aa3f7d7415490918ab30f70630f76841,78
2026-09-23T23-05-23-489Z_n-sweep_1-2-4-8-16-32-50,V2,,50,A-maioria,,,vote,19,against,,0x56781388,,65316,1,,0x63e7328db95e911649a7785b7dad6cffa4a17d587f79f7e8292c8910b411b4de,78
2026-09-23T23-05-23-489Z_n-sweep_1-2-4-8-16-32-50,V2,,50,A-maioria,,,vote,20,against,,0x56781388,,65316,1,,0x8cd6a890e14216f73f3b00a274725da3ee79af428ef6bd9e2e13599ff1b6d3e8,78
2026-09-23T23-05-23-489Z_n-sweep_1-2-4-8-16-32-50,V2,,50,A-maioria,,,vote,21,against,,0x56781388,,65316,1,,0x5084215dd845766e5113d29e5b32f4ea6b5d538e47090ee1b1bda6d1a6dcb5fe,78
2026-09-23T23-05-23-489Z_n-sweep_1-2-4-8-16-32-50,V2,,50,A-maioria,,,vote,22,against,,0x56781388,,65316,1,,0x62dd1f9cf238e1c6fd44bc77b46496201632c3a85bec4b1307c82c7a5451820a,78
2026-09-23T23-05-23-489Z_n-sweep_1-2-4-8-16-32-50,V2,,50,A-maioria,,,vote,23,against,,0x56781388,,65316,1,,0xb7dbed62e35084a5ba8799005d03d97ab482711d0101e84d58decb7149036914,78
2026-09-23T23-05-23-489Z_n-sweep_1-2-4-8-16-32-50,V2,,50,A-maioria,,,vote,24,against,,0x56781388,,65316,1,,0xd46f06c1736eb57f53b29fd275abffd56903a3e7e5e8e30d62d1f73078caecb3,78
2026-09-23T23-05-23-489Z_n-sweep_1-2-4-8-16-32-50,V2,,50,A-maioria,,,execute,,,execute,0x2656227d,WasteCategoryRegistry.updateCredits,60847,1,,0xa544ae0992ae2f6dce4e56094c57b0c127c4167dcdc8dc049f1aaa68939d1583,78
2026-09-23T23-05-23-489Z_n-sweep_1-2-4-8-16-32-50,V0,T1,,,,,deploy_token_T1,,,constructor,0x61016060,,1621017,1,,0xece28f063ba256e8fc65152daf61fe745a7823e8ba387b1b661409f18f6dc4cc,79
2026-09-23T23-05-23-489Z_n-sweep_1-2-4-8-16-32-50,V0,,,,,,deploy_registry,,,constructor,0x60806040,,4590964,1,,0x9005486642112873086c0faf3a06ce7199e3377186a80eb6eea4235f5e1c6f56,79
2026-09-23T23-05-23-489Z_n-sweep_1-2-4-8-16-32-50,V0,,,,,,deploy_governor_V0,,,constructor,0x6101c080,,2133394,1,,0x8b33a795df9df0e5a3cb812430955580d1fb4f654a6028dd161238e13d560524,79
2026-09-23T23-05-23-489Z_n-sweep_1-2-4-8-16-32-50,V0,,,,,,grant_admin_role,,,grantRole,0x2f2ff15d,,50799,1,,0xb518a3911be32f0a59dcaec3e43c7ec54010f07f3e473d550516b1aab1a18d6b,79
2026-09-23T23-05-23-489Z_n-sweep_1-2-4-8-16-32-50,V0,,,,,,revoke_deployer_admin_role,,,revokeRole,0xd547741f,,27116,1,,0x8cb08b8b6ca45600b76a431b4cd18aee2095374e00c890903bfaa28d83b5f82b,79
2026-09-23T23-05-23-489Z_n-sweep_1-2-4-8-16-32-50,V0,,50,D-voto,,,delegate_admin,,,,0x5c19a95c,,95559,1,,0xfa43c1f7a1a1658c8aeac58119b26e806face10fc63ae3e18099942309f4d395,79
2026-09-23T23-05-23-489Z_n-sweep_1-2-4-8-16-32-50,V0,,50,D-voto,,,delegate,,,,0x5c19a95c,,48347,1,,0xf96ae171d39b1290c248e3ee88c92c43e24751ff4aacf46bad404cad29a33e37,79
2026-09-23T23-05-23-489Z_n-sweep_1-2-4-8-16-32-50,V0,,50,D-voto,,,delegate,,,,0x5c19a95c,,48335,1,,0x65ff74d2610d5c80f16dc62aa4e01b339a9ecd8c95911ae092d678a9792cdcb8,79
2026-09-23T23-05-23-489Z_n-sweep_1-2-4-8-16-32-50,V0,,50,D-voto,,,delegate,,,,0x5c19a95c,,48347,1,,0xb06e4e18b389cc3c69848b844c44927f26087a909c0e4532a1ba892e8d7bac4c,79
2026-09-23T23-05-23-489Z_n-sweep_1-2-4-8-16-32-50,V0,,50,D-voto,,,delegate,,,,0x5c19a95c,,48347,1,,0xfdc5c4ae6e458adbd0780d18d4ef20dca6b7a02f3efff2f7c0eec7590e340a41,79
2026-09-23T23-05-23-489Z_n-sweep_1-2-4-8-16-32-50,V0,,50,D-voto,,,delegate,,,,0x5c19a95c,,48347,1,,0x5c4d4bc02e09949d860a2c409a26209335f7c4e4eca7ac13d0e60a5cf0d0f233,79
2026-09-23T23-05-23-489Z_n-sweep_1-2-4-8-16-32-50,V0,,50,D-voto,,,delegate,,,,0x5c19a95c,,48347,1,,0x8eb2597a239d7d5a9d780141fa850308f21a221b62b2f0b2cd01922a25b294b2,79
2026-09-23T23-05-23-489Z_n-sweep_1-2-4-8-16-32-50,V0,,50,D-voto,,,delegate,,,,0x5c19a95c,,48347,1,,0x61b0a2cbceae6ab3b47dbad41fbaa57485b4b4545814b177fb76f5e80989f4b6,79
2026-09-23T23-05-23-489Z_n-sweep_1-2-4-8-16-32-50,V0,,50,D-voto,,,delegate,,,,0x5c19a95c,,48347,1,,0x8e8293e79ce57e8b2bd6c914c167b0ec5858ded7d332cc962607075acbcc0b43,79
2026-09-23T23-05-23-489Z_n-sweep_1-2-4-8-16-32-50,V0,,50,D-voto,,,delegate,,,,0x5c19a95c,,48347,1,,0x700d26ece381a9328c0c0607c8015a890a8cc373fc0ec5e3e5957a9b1720c821,79
2026-09-23T23-05-23-489Z_n-sweep_1-2-4-8-16-32-50,V0,,50,D-voto,,,delegate,,,,0x5c19a95c,,48335,1,,0x827f347ed9162ee5aa31942cb2cd15f5b7940183deaee5d4a11b6efe87452173,79
2026-09-23T23-05-23-489Z_n-sweep_1-2-4-8-16-32-50,V0,,50,D-voto,,,delegate,,,,0x5c19a95c,,48347,1,,0x05e0616bb804c3cd4df19f7b0cf511dbcb6e9524c52bcfbf8b39223490cc0846,79
2026-09-23T23-05-23-489Z_n-sweep_1-2-4-8-16-32-50,V0,,50,D-voto,,,delegate,,,,0x5c19a95c,,48347,1,,0x7409a97667b08d9b70b0d678843340d442fad8337ae46944499977e000325f92,79
2026-09-23T23-05-23-489Z_n-sweep_1-2-4-8-16-32-50,V0,,50,D-voto,,,delegate,,,,0x5c19a95c,,48347,1,,0x06bc39c687cf89ca2626bc142b16cf4a83fd68b90155fd6344acd5c17148d8a6,79
2026-09-23T23-05-23-489Z_n-sweep_1-2-4-8-16-32-50,V0,,50,D-voto,,,delegate,,,,0x5c19a95c,,48347,1,,0xe5d3691fe9ffad366e158fc098b74dd6635f083c235a6588c23e1d5313889cc9,79
2026-09-23T23-05-23-489Z_n-sweep_1-2-4-8-16-32-50,V0,,50,D-voto,,,delegate,,,,0x5c19a95c,,48347,1,,0x75300fe9f7d70fbe306b3cefadf0423a64334a4470eee34e958b76b4418900c0,79
2026-09-23T23-05-23-489Z_n-sweep_1-2-4-8-16-32-50,V0,,50,D-voto,,,delegate,,,,0x5c19a95c,,48347,1,,0xef2cf8fae96fa4c95b9eb5fc78e668af4f5126a23f921c90e15afdcffccd9bf9,79
2026-09-23T23-05-23-489Z_n-sweep_1-2-4-8-16-32-50,V0,,50,D-voto,,,delegate,,,,0x5c19a95c,,48347,1,,0x75636b14aa58b1ee084fe99cfffb238b737ed57732e5f8ae341a0948974569ff,79
2026-09-23T23-05-23-489Z_n-sweep_1-2-4-8-16-32-50,V0,,50,D-voto,,,delegate,,,,0x5c19a95c,,48347,1,,0x65f4191d52cde8745142fbad7dab453ac77b84433334a064c65edeec324649be,79
2026-09-23T23-05-23-489Z_n-sweep_1-2-4-8-16-32-50,V0,,50,D-voto,,,delegate,,,,0x5c19a95c,,48347,1,,0x0015672d62ab0be7ad971272757786d6751bd437c259b6f784a5abb0f9f433e0,79
2026-09-23T23-05-23-489Z_n-sweep_1-2-4-8-16-32-50,V0,,50,D-voto,,,delegate,,,,0x5c19a95c,,48347,1,,0xf061e3370e552636294057b3e13f8e38e49eb9ccd954add59da578817c58a14b,79
2026-09-23T23-05-23-489Z_n-sweep_1-2-4-8-16-32-50,V0,,50,D-voto,,,delegate,,,,0x5c19a95c,,48347,1,,0x68475bd925d88da79400657a3df0347cc6be2f887e9fd5fcbf64f6c37d69bf4c,79
2026-09-23T23-05-23-489Z_n-sweep_1-2-4-8-16-32-50,V0,,50,D-voto,,,delegate,,,,0x5c19a95c,,48347,1,,0xd0da4d004b36ebb022f1b178255cff262f0f75fc2d5a7fda434ccc846c4f7499,79
2026-09-23T23-05-23-489Z_n-sweep_1-2-4-8-16-32-50,V0,,50,D-voto,,,delegate,,,,0x5c19a95c,,48347,1,,0xaae5636599004f1ba254fea80dbb33335f44a116db4d94090e99b80481406327,79
2026-09-23T23-05-23-489Z_n-sweep_1-2-4-8-16-32-50,V0,,50,D-voto,,,delegate,,,,0x5c19a95c,,48347,1,,0xfcd4c1dd668d5148e045ce4771c59bdb6f602ef49d2404bbfeb296fc6ce93753,79
2026-09-23T23-05-23-489Z_n-sweep_1-2-4-8-16-32-50,V0,,50,D-voto,,,delegate,,,,0x5c19a95c,,48335,1,,0x4ebfe89be7e94686ecfb217057d8b4fa5161bcce6d50adcc044a0aff6d4282af,79
2026-09-23T23-05-23-489Z_n-sweep_1-2-4-8-16-32-50,V0,,50,D-voto,,,delegate,,,,0x5c19a95c,,48347,1,,0xb3d77ed4f7a6d94080b6c775433f6c6f21a916c783059136f4572f52dc3a8874,79
2026-09-23T23-05-23-489Z_n-sweep_1-2-4-8-16-32-50,V0,,50,D-voto,,,delegate,,,,0x5c19a95c,,48347,1,,0x127f4971e3e590d8328bd74ed6096c37b20e6836b27cf90514b9a87cd503f413,79
2026-09-23T23-05-23-489Z_n-sweep_1-2-4-8-16-32-50,V0,,50,D-voto,,,delegate,,,,0x5c19a95c,,48347,1,,0xb67155a13ea706a326342e60462ed0ed7c4a680e0112e43260248751f2fe896b,79
2026-09-23T23-05-23-489Z_n-sweep_1-2-4-8-16-32-50,V0,,50,D-voto,,,delegate,,,,0x5c19a95c,,48347,1,,0xe2be7e7d00839d4fa7d3020666aa9dcf9efcdc40f9fa77a35592a87459c52b90,79
2026-09-23T23-05-23-489Z_n-sweep_1-2-4-8-16-32-50,V0,,50,D-voto,,,delegate,,,,0x5c19a95c,,48347,1,,0xb535243780f9c28da64ec7309760125fe2487568589114d83acf79e30a47d760,79
2026-09-23T23-05-23-489Z_n-sweep_1-2-4-8-16-32-50,V0,,50,D-voto,,,delegate,,,,0x5c19a95c,,48347,1,,0x293dda08d12cb640488f1dad6a8ab9d2c5b59be364ffe60275d52382b886183e,79
2026-09-23T23-05-23-489Z_n-sweep_1-2-4-8-16-32-50,V0,,50,D-voto,,,delegate,,,,0x5c19a95c,,48347,1,,0xacef40fd99317b96d80072941137339058a20720c237b0b3cc16b1e2fa83b630,79
2026-09-23T23-05-23-489Z_n-sweep_1-2-4-8-16-32-50,V0,,50,D-voto,,,delegate,,,,0x5c19a95c,,48347,1,,0x874e3bdbbb382b33fc802e762b8afaeb74890371f9e90e42b654398963d5450a,79
2026-09-23T23-05-23-489Z_n-sweep_1-2-4-8-16-32-50,V0,,50,D-voto,,,delegate,,,,0x5c19a95c,,48347,1,,0xc4ce881a3229757ef0916b5b38f56fd71ea37dc4ce0c25657fe825333b1390a9,79
2026-09-23T23-05-23-489Z_n-sweep_1-2-4-8-16-32-50,V0,,50,D-voto,,,delegate,,,,0x5c19a95c,,48347,1,,0x948aa1237a772b9ae7ceaf6a877c58a9eaee86be4b1632334a83eb32fc9c970e,79
2026-09-23T23-05-23-489Z_n-sweep_1-2-4-8-16-32-50,V0,,50,D-voto,,,delegate,,,,0x5c19a95c,,48347,1,,0x724a0f6b2002a9186c36b165e7ecbbc7a40a76030969b40a2e2577eb54a1820f,79
2026-09-23T23-05-23-489Z_n-sweep_1-2-4-8-16-32-50,V0,,50,D-voto,,,delegate,,,,0x5c19a95c,,48347,1,,0xe6bf6e8535c492cbc219ebcb66906e13fe0e8aba65db27b0ee807a9ce50159a6,79
2026-09-23T23-05-23-489Z_n-sweep_1-2-4-8-16-32-50,V0,,50,D-voto,,,delegate,,,,0x5c19a95c,,48347,1,,0x99934c52da999bd333bf0bcb8dcb9052eb729ff6de129a19e7858a1114758b5f,79
2026-09-23T23-05-23-489Z_n-sweep_1-2-4-8-16-32-50,V0,,50,D-voto,,,delegate,,,,0x5c19a95c,,48347,1,,0xae5a74f4a15509d401b33a9d2e0d0b103c7368bbda3092183fd7afec21fe1b38,79
2026-09-23T23-05-23-489Z_n-sweep_1-2-4-8-16-32-50,V0,,50,D-voto,,,delegate,,,,0x5c19a95c,,48347,1,,0x4e03c40365e3f08445610173d8a5aab17c1a9985617b23002e99146989bde67b,79
2026-09-23T23-05-23-489Z_n-sweep_1-2-4-8-16-32-50,V0,,50,D-voto,,,delegate,,,,0x5c19a95c,,48347,1,,0xbd7c7e71b663e95a1ebb4df4d571f63f55405d7c2a5a3b82f3bfd4bd2f4a4f3c,79
2026-09-23T23-05-23-489Z_n-sweep_1-2-4-8-16-32-50,V0,,50,D-voto,,,delegate,,,,0x5c19a95c,,48347,1,,0x5710d169af4337148348bf7e90435b7ad2643c5cb5e68be237c055acf992bb1d,79
2026-09-23T23-05-23-489Z_n-sweep_1-2-4-8-16-32-50,V0,,50,D-voto,,,delegate,,,,0x5c19a95c,,48347,1,,0x26ac86c5b4e952fd269d281f8f584bac9de144147fc74ac458b0892301875b65,79
2026-09-23T23-05-23-489Z_n-sweep_1-2-4-8-16-32-50,V0,,50,D-voto,,,delegate,,,,0x5c19a95c,,48347,1,,0xdd18dda4f7d2f9d5017a5099fc65f2bde9900c2b7f7cd9142c85bc45302d997d,79
2026-09-23T23-05-23-489Z_n-sweep_1-2-4-8-16-32-50,V0,,50,D-voto,,,delegate,,,,0x5c19a95c,,48347,1,,0x2526a88e7a9bc23abf7e291112eed1cf1dc580bc6f130dac24bd7d5944d87477,79
2026-09-23T23-05-23-489Z_n-sweep_1-2-4-8-16-32-50,V0,,50,D-voto,,,delegate,,,,0x5c19a95c,,48347,1,,0x3075040da32eb21282662e62054f3e200a8446f2d4f403eef3fa94bb1635ff76,79
2026-09-23T23-05-23-489Z_n-sweep_1-2-4-8-16-32-50,V0,,50,D-voto,,,delegate,,,,0x5c19a95c,,48347,1,,0x066952594f6e38e25be3e8a6a7f209366afa55abc166c93a8e224bb511c8494d,79
2026-09-23T23-05-23-489Z_n-sweep_1-2-4-8-16-32-50,V0,,50,D-voto,,,delegate,,,,0x5c19a95c,,48335,1,,0x8bb8a33bff13c7144c1f418543083d6f94567244d79ea8f619a0c75a2f27fa4a,79
2026-09-23T23-05-23-489Z_n-sweep_1-2-4-8-16-32-50,V0,,50,D-voto,,,delegate,,,,0x5c19a95c,,48347,1,,0x6c54c809c4f9534d5cba051c534c1e8766baef0a8a908131461d33d9128bbfcc,79
2026-09-23T23-05-23-489Z_n-sweep_1-2-4-8-16-32-50,V0,,50,D-voto,,,delegate,,,,0x5c19a95c,,48347,1,,0x8adf4db6c4d4616dc2f62bf4dd64239a4831bcda025ec23ae708a17092102b68,79
2026-09-23T23-05-23-489Z_n-sweep_1-2-4-8-16-32-50,V0,,50,D-voto,,,transfer,,,,0xa9059cbb,,135960,1,,0x4738f12ddbf16b15af30490182badd2176f325bdbab0b6478398bbec79b7dc28,79
2026-09-23T23-05-23-489Z_n-sweep_1-2-4-8-16-32-50,V0,,50,D-voto,,,transfer,,,,0xa9059cbb,,135948,1,,0xdb5365bb2be3b7b8cc112f0213d633ade3c7e7bc7ad9aaecf62e64ed9e1a7caf,79
2026-09-23T23-05-23-489Z_n-sweep_1-2-4-8-16-32-50,V0,,50,D-voto,,,transfer,,,,0xa9059cbb,,135960,1,,0xf98f425e5752485b25ef0ccd95a4c78376b83c881983a0bac773be47febfb65f,79
2026-09-23T23-05-23-489Z_n-sweep_1-2-4-8-16-32-50,V0,,50,D-voto,,,transfer,,,,0xa9059cbb,,135960,1,,0x282473fb0ccbf3e1c08e1e9108475757ea33bdb7a1ec0fd7e9972935b8147ff9,79
2026-09-23T23-05-23-489Z_n-sweep_1-2-4-8-16-32-50,V0,,50,D-voto,,,transfer,,,,0xa9059cbb,,135960,1,,0x3be689c6bafe86b1298a5cdf8208350cc4ed03f598caecb4ba939120ca95cbdc,79
2026-09-23T23-05-23-489Z_n-sweep_1-2-4-8-16-32-50,V0,,50,D-voto,,,transfer,,,,0xa9059cbb,,135960,1,,0x9de6714ab89d8a5fd3f2597570bc143f3a1af9127378ed9af281e65fc3ec9fe3,79
2026-09-23T23-05-23-489Z_n-sweep_1-2-4-8-16-32-50,V0,,50,D-voto,,,transfer,,,,0xa9059cbb,,135960,1,,0x7e80f334a1dee70982fdab945ebab57269fa1beb2d43e65f710360b0a2cd982e,79
2026-09-23T23-05-23-489Z_n-sweep_1-2-4-8-16-32-50,V0,,50,D-voto,,,transfer,,,,0xa9059cbb,,135960,1,,0x27b1ae83c293848bd4c7ef8e83394180fe459102a982bdb0e0ae72172b47c354,79
2026-09-23T23-05-23-489Z_n-sweep_1-2-4-8-16-32-50,V0,,50,D-voto,,,transfer,,,,0xa9059cbb,,135960,1,,0x96b0fdfd4af3aa894f947917a36b55e1ad07a60d97edb7750d413e9dee2381db,79
2026-09-23T23-05-23-489Z_n-sweep_1-2-4-8-16-32-50,V0,,50,D-voto,,,transfer,,,,0xa9059cbb,,135948,1,,0x7453cb68c65eced2c1a8c0edc7d2e6fa2a15d17379d1524cccbce7273eb710e2,79
2026-09-23T23-05-23-489Z_n-sweep_1-2-4-8-16-32-50,V0,,50,D-voto,,,transfer,,,,0xa9059cbb,,135960,1,,0xcfdfd9f8e74005133c4ec2fd8a45d7fa3c34b933659d0d018b7373909c364a3e,79
2026-09-23T23-05-23-489Z_n-sweep_1-2-4-8-16-32-50,V0,,50,D-voto,,,transfer,,,,0xa9059cbb,,135960,1,,0x2e2a45a060e33ad6eba15323c3a182a7702afc84c27cee14937941973cb7195b,79
2026-09-23T23-05-23-489Z_n-sweep_1-2-4-8-16-32-50,V0,,50,D-voto,,,transfer,,,,0xa9059cbb,,135960,1,,0x722861688ab8b9316c7799d53a4d244274fa5496db0445e9c2d2dfebf40d2897,79
2026-09-23T23-05-23-489Z_n-sweep_1-2-4-8-16-32-50,V0,,50,D-voto,,,transfer,,,,0xa9059cbb,,135960,1,,0xf2376b0b632ee2352a46ae959e025cffa360b8a0b80fe50067621a998c1c43ad,79
2026-09-23T23-05-23-489Z_n-sweep_1-2-4-8-16-32-50,V0,,50,D-voto,,,transfer,,,,0xa9059cbb,,135960,1,,0x156ccb35128f8673eab3be2c7c688727058a7508fbe508737eafc52903bd8a6c,79
2026-09-23T23-05-23-489Z_n-sweep_1-2-4-8-16-32-50,V0,,50,D-voto,,,transfer,,,,0xa9059cbb,,135960,1,,0x434ff5731b4fe7cad4d5fae127a37979539dd00a9c81ff44d7f9952eaec35981,79
2026-09-23T23-05-23-489Z_n-sweep_1-2-4-8-16-32-50,V0,,50,D-voto,,,transfer,,,,0xa9059cbb,,135960,1,,0xff53509b7ffa83e91a8d9f7308739cadef5de861d1ac9b010f8563630ddbb9e8,79
2026-09-23T23-05-23-489Z_n-sweep_1-2-4-8-16-32-50,V0,,50,D-voto,,,transfer,,,,0xa9059cbb,,135960,1,,0x1481a6fac12abbfb5ae438615ae4c4890ac6c3f37e8bafd47abaebebb776710e,79
2026-09-23T23-05-23-489Z_n-sweep_1-2-4-8-16-32-50,V0,,50,D-voto,,,transfer,,,,0xa9059cbb,,135960,1,,0x40d31992dad738e7161a566a97470f4f23d6224713e3a3a21f23a99f256113ad,79
2026-09-23T23-05-23-489Z_n-sweep_1-2-4-8-16-32-50,V0,,50,D-voto,,,transfer,,,,0xa9059cbb,,135960,1,,0xd431457b152a5fbcd99e6a68f5e09c4ea8ddcc9957b99171d54a0ec35f2e2d5a,79
2026-09-23T23-05-23-489Z_n-sweep_1-2-4-8-16-32-50,V0,,50,D-voto,,,transfer,,,,0xa9059cbb,,135960,1,,0xdaeea444fedb436c0f47827c738f564c1f0cd769f13db84099d2267a182c9da4,79
2026-09-23T23-05-23-489Z_n-sweep_1-2-4-8-16-32-50,V0,,50,D-voto,,,transfer,,,,0xa9059cbb,,135960,1,,0xb6aac0f166fa785c1143df1ecc212bd14ea1f84c2b60f02bb9852740c6bd0b1f,79
2026-09-23T23-05-23-489Z_n-sweep_1-2-4-8-16-32-50,V0,,50,D-voto,,,transfer,,,,0xa9059cbb,,135960,1,,0x789df9d95ad058b19bb121d61079bb7415b425edf0e895abea736359d155b086,79
2026-09-23T23-05-23-489Z_n-sweep_1-2-4-8-16-32-50,V0,,50,D-voto,,,transfer,,,,0xa9059cbb,,135960,1,,0x01501a0527d8caa8394991f46f946df92ecc192ee6850c384c5525558f7eb592,79
2026-09-23T23-05-23-489Z_n-sweep_1-2-4-8-16-32-50,V0,,50,D-voto,,,transfer,,,,0xa9059cbb,,135948,1,,0x3b06d60815284c0ce920efdf41b4432d07213c3928da5626c700316a2c40c2c0,79
2026-09-23T23-05-23-489Z_n-sweep_1-2-4-8-16-32-50,V0,,50,D-voto,,,transfer,,,,0xa9059cbb,,135960,1,,0x6bb98515438640ac2e7fa535c7796ef27283be00a404038eba97c552161e6001,79
2026-09-23T23-05-23-489Z_n-sweep_1-2-4-8-16-32-50,V0,,50,D-voto,,,transfer,,,,0xa9059cbb,,135960,1,,0x84de23390c0a8dcca680eb39469b10b60dbb26548279fad2329dd60c75502d0b,79
2026-09-23T23-05-23-489Z_n-sweep_1-2-4-8-16-32-50,V0,,50,D-voto,,,transfer,,,,0xa9059cbb,,135960,1,,0x33f8412c15d4105b6d336a8b07bbfb7d530e5b10ef6319f32d920ebb838648ec,79
2026-09-23T23-05-23-489Z_n-sweep_1-2-4-8-16-32-50,V0,,50,D-voto,,,transfer,,,,0xa9059cbb,,135960,1,,0xb0333deee0af7b78d7b4b5b86633676bdae519326d484603675db0f26c88b9df,79
2026-09-23T23-05-23-489Z_n-sweep_1-2-4-8-16-32-50,V0,,50,D-voto,,,transfer,,,,0xa9059cbb,,135960,1,,0x91a6b5a93ddd89ffbf66ac0296cdf3b1d313cd0b2890835c17ba5adcaced8ec8,79
2026-09-23T23-05-23-489Z_n-sweep_1-2-4-8-16-32-50,V0,,50,D-voto,,,transfer,,,,0xa9059cbb,,135960,1,,0x42ed8d1330be1065c1cc3e101c7a5a7e20cb148393a8d14d461f9b76c541d4e7,79
2026-09-23T23-05-23-489Z_n-sweep_1-2-4-8-16-32-50,V0,,50,D-voto,,,transfer,,,,0xa9059cbb,,135960,1,,0xb87afa69226d6b02977149ca6957bfad332e6a77c1ad200e790fad912b0a8b1c,79
2026-09-23T23-05-23-489Z_n-sweep_1-2-4-8-16-32-50,V0,,50,D-voto,,,transfer,,,,0xa9059cbb,,135960,1,,0xd31a5f77ec78cf0dcc46abd6824fc36e0343c70ec7558c5b8b8680a5179c3cee,79
2026-09-23T23-05-23-489Z_n-sweep_1-2-4-8-16-32-50,V0,,50,D-voto,,,transfer,,,,0xa9059cbb,,135960,1,,0x3a1cd3ff214ca838bb1f0a7b8e05b8066c941dae934ff8ef5f7d24e51e218d9f,79
2026-09-23T23-05-23-489Z_n-sweep_1-2-4-8-16-32-50,V0,,50,D-voto,,,transfer,,,,0xa9059cbb,,135960,1,,0x800f8dd0a0df31e55c4e4712a5972e0d1497dbb92fd85a7ee8c309306ae69f3e,79
2026-09-23T23-05-23-489Z_n-sweep_1-2-4-8-16-32-50,V0,,50,D-voto,,,transfer,,,,0xa9059cbb,,135960,1,,0x9c84268ba43fd38465cfd4cbb6628f9f3f9664cc537e635196844f423439df36,79
2026-09-23T23-05-23-489Z_n-sweep_1-2-4-8-16-32-50,V0,,50,D-voto,,,transfer,,,,0xa9059cbb,,135960,1,,0x5b82226f4b3968c0c11ff4245b77ddb5c737ac3d9384e7f0f5dacf91ae505b7c,79
2026-09-23T23-05-23-489Z_n-sweep_1-2-4-8-16-32-50,V0,,50,D-voto,,,transfer,,,,0xa9059cbb,,135960,1,,0x6b5817c5a2f3233a1f4755f91eec5b61a72e50556aeb151d1df361f8dcacafea,79
2026-09-23T23-05-23-489Z_n-sweep_1-2-4-8-16-32-50,V0,,50,D-voto,,,transfer,,,,0xa9059cbb,,135960,1,,0x00442dfd61843442f2f62e78bcf59b803dd8498b1bad260878d59e06f48aaf95,79
2026-09-23T23-05-23-489Z_n-sweep_1-2-4-8-16-32-50,V0,,50,D-voto,,,transfer,,,,0xa9059cbb,,135960,1,,0xf5d2b3eeffb65a663d93b8d3c809b6e5121b8784e868e51af3bdba2deee35a8b,79
2026-09-23T23-05-23-489Z_n-sweep_1-2-4-8-16-32-50,V0,,50,D-voto,,,transfer,,,,0xa9059cbb,,135960,1,,0xf3df28ed5d40b48f8919791b5b9ed50c0de598885569cd4cda2c88678140358b,79
2026-09-23T23-05-23-489Z_n-sweep_1-2-4-8-16-32-50,V0,,50,D-voto,,,transfer,,,,0xa9059cbb,,135960,1,,0xae8265c953b3c6c844fd5e7f9c7464dcd5160d081bd3f12119dae553d5383d46,79
2026-09-23T23-05-23-489Z_n-sweep_1-2-4-8-16-32-50,V0,,50,D-voto,,,transfer,,,,0xa9059cbb,,135960,1,,0x2bedec0ecd73ac805d76d0b0f124d689002219a8553658ae536e50df35c6d9db,79
2026-09-23T23-05-23-489Z_n-sweep_1-2-4-8-16-32-50,V0,,50,D-voto,,,transfer,,,,0xa9059cbb,,135960,1,,0x7911352af92914fc012e9271fef77802aaf80cb03b085ac5b36a82617ef3d87f,79
2026-09-23T23-05-23-489Z_n-sweep_1-2-4-8-16-32-50,V0,,50,D-voto,,,transfer,,,,0xa9059cbb,,135960,1,,0x527083c9aa09a186a9dfde1d6e11e56a88c23af4ff1df829641f565d467e9eb3,79
2026-09-23T23-05-23-489Z_n-sweep_1-2-4-8-16-32-50,V0,,50,D-voto,,,transfer,,,,0xa9059cbb,,135960,1,,0x4fcb61575570970b077a3f0175ad61e8f9b670d214f189be9284c9e38d23ea97,79
2026-09-23T23-05-23-489Z_n-sweep_1-2-4-8-16-32-50,V0,,50,D-voto,,,transfer,,,,0xa9059cbb,,135960,1,,0x4e542c0f00edf948e31ae0044ddc651c40f57f37ff7015611a62d6daf389f5c0,79
2026-09-23T23-05-23-489Z_n-sweep_1-2-4-8-16-32-50,V0,,50,D-voto,,,transfer,,,,0xa9059cbb,,135948,1,,0x678ff5ad84e5f134b40dad86f148a340f9fbc604f5ec27a98b7c60856ee1e375,79
2026-09-23T23-05-23-489Z_n-sweep_1-2-4-8-16-32-50,V0,,50,D-voto,,,transfer,,,,0xa9059cbb,,135960,1,,0x8c9fe884dc095bd2cb142ad2f4c3a32815bf358db82984445b1bebe0c495a13f,79
2026-09-23T23-05-23-489Z_n-sweep_1-2-4-8-16-32-50,V0,,50,D-voto,,,transfer,,,,0xa9059cbb,,135960,1,,0xcae168b52d2afa75f1568ef6aadf2694b4b83c844b2cc07cfa891dbd891f714c,79
2026-09-23T23-05-23-489Z_n-sweep_1-2-4-8-16-32-50,V0,,50,D-voto,,,propose,,,propose,0x7d5e81e2,WasteCategoryRegistry.updateCredits,63315,1,,0xe248b8b87151323a4976effe699b992fcda77720bda01f3cccf77581003b6533,79
2026-09-23T23-05-23-489Z_n-sweep_1-2-4-8-16-32-50,V0,,50,D-voto,,,vote,1,for,,0x56781388,,81899,1,,0x36a2755b0d20aef1c7a35dfd58b24a0d1afdf14eefa168aeea460c53f83c83a3,79
2026-09-23T23-05-23-489Z_n-sweep_1-2-4-8-16-32-50,V0,,50,D-voto,,,vote,2,for,,0x56781388,,64799,1,,0x86d114ad244bb649b54d763ea198782317c380e682f90cf2c8d49975a0d3a17a,79
2026-09-23T23-05-23-489Z_n-sweep_1-2-4-8-16-32-50,V0,,50,D-voto,,,vote,3,for,,0x56781388,,64799,1,,0x9c652ec3d212f280a44509bedee64991d7048675be4a8565851d532333e47fe6,79
2026-09-23T23-05-23-489Z_n-sweep_1-2-4-8-16-32-50,V0,,50,D-voto,,,vote,4,for,,0x56781388,,64799,1,,0xfa70dd25430b0695c6f52906604e7f2c0ff4b10e2a9db98ac41de56d71c5dfa6,79
2026-09-23T23-05-23-489Z_n-sweep_1-2-4-8-16-32-50,V0,,50,D-voto,,,vote,5,for,,0x56781388,,64799,1,,0x8c103286753c9920a7ed8e24825e7517fefdc1266707e26ca2b7685ebc13eb8f,79
2026-09-23T23-05-23-489Z_n-sweep_1-2-4-8-16-32-50,V0,,50,D-voto,,,vote,6,for,,0x56781388,,64799,1,,0x01d6515e9f72e6c6e92f9183f0d9cd3c6937b7dd1455eaa1b231aa8e49d69240,79
2026-09-23T23-05-23-489Z_n-sweep_1-2-4-8-16-32-50,V0,,50,D-voto,,,vote,7,for,,0x56781388,,64799,1,,0x1403dd49b285d2242b5475d3f3f86966dc00aa1e7a8a8b3863b570cddfe29392,79
2026-09-23T23-05-23-489Z_n-sweep_1-2-4-8-16-32-50,V0,,50,D-voto,,,vote,8,for,,0x56781388,,64799,1,,0xf71d9af472f26f79dd9e4d8cf88af2f014989ab383fb89d1160105ab3ff0f413,79
2026-09-23T23-05-23-489Z_n-sweep_1-2-4-8-16-32-50,V0,,50,D-voto,,,vote,9,for,,0x56781388,,64799,1,,0x9c86df29ceda2dc4a32a89fe89d4c5198e093a87f2cc719dfe6a8d6ad5912987,79
2026-09-23T23-05-23-489Z_n-sweep_1-2-4-8-16-32-50,V0,,50,D-voto,,,vote,10,for,,0x56781388,,64799,1,,0xaac6faa7d8378d104f24e6ef51701675f418d34751395512ecb39e3059671863,79
2026-09-23T23-05-23-489Z_n-sweep_1-2-4-8-16-32-50,V0,,50,D-voto,,,vote,11,for,,0x56781388,,64799,1,,0xfa14e5a1ad0bc5c88472938db638c70aa46b3c5aee86a9ac940edcc641cc28ba,79
2026-09-23T23-05-23-489Z_n-sweep_1-2-4-8-16-32-50,V0,,50,D-voto,,,vote,12,for,,0x56781388,,64799,1,,0x2b8c7eaf3f0529330f28922bad44e9143174b90585196f91ed6aef6385b35994,79
2026-09-23T23-05-23-489Z_n-sweep_1-2-4-8-16-32-50,V0,,50,D-voto,,,vote,13,for,,0x56781388,,64799,1,,0xbda4dfcec2146a2b483bd206f7015f1774f29f1040c01642cb79cddbdc2635c5,79
2026-09-23T23-05-23-489Z_n-sweep_1-2-4-8-16-32-50,V0,,50,D-voto,,,vote,14,for,,0x56781388,,64799,1,,0x83bf6cd96407fa7e627848566a515811eb6b651dd6de8bb8ef440e4f5d2e3931,79
2026-09-23T23-05-23-489Z_n-sweep_1-2-4-8-16-32-50,V0,,50,D-voto,,,vote,15,for,,0x56781388,,64799,1,,0xf84615d3a73bfcb09f97bbef0e9104d82e329a182e8489df5bd87056c1e18920,79
2026-09-23T23-05-23-489Z_n-sweep_1-2-4-8-16-32-50,V0,,50,D-voto,,,vote,16,for,,0x56781388,,64799,1,,0x93b858982f59a85c4f10d2d29eeb6e30071d0d33eef7107f0171448e78544d56,79
2026-09-23T23-05-23-489Z_n-sweep_1-2-4-8-16-32-50,V0,,50,D-voto,,,vote,17,for,,0x56781388,,64799,1,,0xb6f4c36f71e8ae3855615dc016f7dbe7294a606af08ff03c3c162fb80b9cac79,79
2026-09-23T23-05-23-489Z_n-sweep_1-2-4-8-16-32-50,V0,,50,D-voto,,,vote,18,for,,0x56781388,,64799,1,,0x3dcb5923b4fe8b7f844fa005a7eb56012eff6343670b0174f76a54ac3f0f7e72,79
2026-09-23T23-05-23-489Z_n-sweep_1-2-4-8-16-32-50,V0,,50,D-voto,,,vote,19,for,,0x56781388,,64799,1,,0x67ef42b799088dc551a7efb1869dbc44210cde81b9604e406e29e09965e05faa,79
2026-09-23T23-05-23-489Z_n-sweep_1-2-4-8-16-32-50,V0,,50,D-voto,,,vote,20,for,,0x56781388,,64799,1,,0x5e755412848ce4d81ec8203247113005d4fa24b0b1677fe03248727612eeab67,79
2026-09-23T23-05-23-489Z_n-sweep_1-2-4-8-16-32-50,V0,,50,D-voto,,,vote,21,for,,0x56781388,,64799,1,,0x4746ff5f025e8755f79b53f4381e470dab87bc03c218f5dbd971320581811b14,79
2026-09-23T23-05-23-489Z_n-sweep_1-2-4-8-16-32-50,V0,,50,D-voto,,,vote,22,for,,0x56781388,,64799,1,,0x39d5f2c08f3c24242aeea53fb1a33eaebe535ee0f440fda7ab5f7ff4ef5e7155,79
2026-09-23T23-05-23-489Z_n-sweep_1-2-4-8-16-32-50,V0,,50,D-voto,,,vote,23,for,,0x56781388,,64799,1,,0xef2d3758ce5979552eca3eeaf60863dce0258bfd08da472ee8fbd4c69b9013d7,79
2026-09-23T23-05-23-489Z_n-sweep_1-2-4-8-16-32-50,V0,,50,D-voto,,,vote,24,for,,0x56781388,,64799,1,,0x04df3a37d39ec4f34394bc4a9eae297a70a5fd9a57c5dcddbfbcfcbe69aa9a14,79
2026-09-23T23-05-23-489Z_n-sweep_1-2-4-8-16-32-50,V0,,50,D-voto,,,vote,1,against,,0x56781388,,81847,1,,0xd204ffd58c9b707ba0f378153c5b51ef5d0b3cfc724dcc492e2eb5e91260cb2b,79
2026-09-23T23-05-23-489Z_n-sweep_1-2-4-8-16-32-50,V0,,50,D-voto,,,vote,2,against,,0x56781388,,64747,1,,0x4068af4014b6d835b4833cccd6c500ef54835caf70ee16f1c9f585a5e8cbc554,79
2026-09-23T23-05-23-489Z_n-sweep_1-2-4-8-16-32-50,V0,,50,D-voto,,,vote,3,against,,0x56781388,,64747,1,,0x11ad3d155140a3abfacf137f289bd9c7fc6746fe5e507db5f877fd64a3ffa854,79
2026-09-23T23-05-23-489Z_n-sweep_1-2-4-8-16-32-50,V0,,50,D-voto,,,vote,4,against,,0x56781388,,64747,1,,0x2209d5445d37cd80d80ed3faaf35b035216d30a7887e7ecb4c285fd7957a7adc,79
2026-09-23T23-05-23-489Z_n-sweep_1-2-4-8-16-32-50,V0,,50,D-voto,,,vote,5,against,,0x56781388,,64747,1,,0xd83da1661b8520bc1f735015b3ace3fa047db2cd7ae6c01ec7905dd915da5fae,79
2026-09-23T23-05-23-489Z_n-sweep_1-2-4-8-16-32-50,V0,,50,D-voto,,,vote,6,against,,0x56781388,,64747,1,,0xa0c2066bd1b3671f64cf4169f5164f6d933093d87e3c2a5162024d26789b6a0a,79
2026-09-23T23-05-23-489Z_n-sweep_1-2-4-8-16-32-50,V0,,50,D-voto,,,vote,7,against,,0x56781388,,64747,1,,0x032619f562bc5f6e73b95765dcbd64060d6cd37181283ddfb4136296799bc794,79
2026-09-23T23-05-23-489Z_n-sweep_1-2-4-8-16-32-50,V0,,50,D-voto,,,vote,8,against,,0x56781388,,64747,1,,0xfdc314bc9835eb6dffe9b7669f8c8512c706690c7bc5cdc1e0243a597c5b68ce,79
2026-09-23T23-05-23-489Z_n-sweep_1-2-4-8-16-32-50,V0,,50,D-voto,,,vote,9,against,,0x56781388,,64747,1,,0x451b77eb2c60f85bbc1cd5d821fbff59292c594a0b7a5b28e3d6ad250dd3c964,79
2026-09-23T23-05-23-489Z_n-sweep_1-2-4-8-16-32-50,V0,,50,D-voto,,,vote,10,against,,0x56781388,,64747,1,,0x50163bca41d86fd1f5916432d180c13d0674e3ec47e4ab745c5b7895baba4445,79
2026-09-23T23-05-23-489Z_n-sweep_1-2-4-8-16-32-50,V0,,50,D-voto,,,vote,11,against,,0x56781388,,64747,1,,0xdd499f1a784c4ef3b25ebe16c034e380c0fdd8dbc5f310a058ffc6e46abce10d,79
2026-09-23T23-05-23-489Z_n-sweep_1-2-4-8-16-32-50,V0,,50,D-voto,,,vote,12,against,,0x56781388,,64747,1,,0x466d0ea4bb9fb8bf1e4dbf83fdb411a0a8d208ab27fbe523553140a3a1090e6a,79
2026-09-23T23-05-23-489Z_n-sweep_1-2-4-8-16-32-50,V0,,50,D-voto,,,vote,13,against,,0x56781388,,64747,1,,0x979d45eaafcede59aea9c00e156d4c06e492a3628a964402e98de6df7229f140,79
2026-09-23T23-05-23-489Z_n-sweep_1-2-4-8-16-32-50,V0,,50,D-voto,,,vote,14,against,,0x56781388,,64747,1,,0xc385ad230c0e8eaaad39621423e93f825f4d33738322a86a7646e14c519ae6bb,79
2026-09-23T23-05-23-489Z_n-sweep_1-2-4-8-16-32-50,V0,,50,D-voto,,,vote,15,against,,0x56781388,,64747,1,,0x13a5631cd1f6c40fe042762fe3105721d60589d1978211b07cb919935e43c91f,79
2026-09-23T23-05-23-489Z_n-sweep_1-2-4-8-16-32-50,V0,,50,D-voto,,,vote,16,against,,0x56781388,,64747,1,,0x983f0d9bd53023636a60b9ea57def7985ec3443cff9352e9a62b6765ae3de0ec,79
2026-09-23T23-05-23-489Z_n-sweep_1-2-4-8-16-32-50,V0,,50,D-voto,,,vote,17,against,,0x56781388,,64747,1,,0x5b735b58efef80ee9cc15281e4324fc29bf732f38618940ff93b1832a0b32a0e,79
2026-09-23T23-05-23-489Z_n-sweep_1-2-4-8-16-32-50,V0,,50,D-voto,,,vote,18,against,,0x56781388,,64747,1,,0x1f0ef963ae2d0457bc91d6b0279d90bf2c2dfa2333ea74f8c3822360a41e4a4e,79
2026-09-23T23-05-23-489Z_n-sweep_1-2-4-8-16-32-50,V0,,50,D-voto,,,vote,19,against,,0x56781388,,64747,1,,0xd57216bbc94d1fe541b37ed274c712d4814b07878af007408a7191992451a16d,79
2026-09-23T23-05-23-489Z_n-sweep_1-2-4-8-16-32-50,V0,,50,D-voto,,,vote,20,against,,0x56781388,,64747,1,,0xc5f7e5614c45e0ca3cadaed875e30e8a27a4a2cce96feee3655857d1b35ae758,79
2026-09-23T23-05-23-489Z_n-sweep_1-2-4-8-16-32-50,V0,,50,D-voto,,,vote,21,against,,0x56781388,,64747,1,,0xa02b0aa8152484081ab03ddab92f6f790fb51975451010b38e314d8e47b75bb2,79
2026-09-23T23-05-23-489Z_n-sweep_1-2-4-8-16-32-50,V0,,50,D-voto,,,vote,22,against,,0x56781388,,64747,1,,0x340d50aeb2931843a8daa5cf171d1ab597f9e4fd91d04464642b2ecc6361ed89,79
2026-09-23T23-05-23-489Z_n-sweep_1-2-4-8-16-32-50,V0,,50,D-voto,,,vote,23,against,,0x56781388,,64747,1,,0x4b30460bd495d505f7c4b11b953e02cdfc7fba10f29c08d8154194dc945aaf6b,79
2026-09-23T23-05-23-489Z_n-sweep_1-2-4-8-16-32-50,V0,,50,D-voto,,,vote,24,against,,0x56781388,,64747,1,,0xc8dd07827364e9936f93c50225d55585b4380ca10884205c93e5bf27e47fd3a5,79
2026-09-23T23-05-23-489Z_n-sweep_1-2-4-8-16-32-50,V0,,50,D-voto,,,vote,25,against,,0x56781388,,64747,1,,0x15eab44bfec630fee4e02377270f8cf521c73828c149deec7f788881d866984e,79
2026-09-23T23-05-23-489Z_n-sweep_1-2-4-8-16-32-50,V0,,50,D-voto,,,vote,26,against,,0x56781388,,64747,1,,0x8f39ecd7362dc0ec2b0829d18e1ec699db0a51202c8429b4dff2e850f236b71f,79
2026-09-23T23-05-23-489Z_n-sweep_1-2-4-8-16-32-50,V0,,50,D-voto,,,execute_attempt,,,execute,0x2656227d,WasteCategoryRegistry.updateCredits,40382,0,"VM Exception while processing transaction: reverted with custom error 'GovernorUnexpectedProposalState(76534845162029606128121050385111464420890911772804987752175990050991942563930, 3, '0x0000000000000000000000000000000000000000000000000000000000000030')'",0x3330f36f1bb0ee2546945f4f33b9948ddf120a05e153d9aefb2b9d5cd28422d2,79
2026-09-23T23-05-23-489Z_n-sweep_1-2-4-8-16-32-50,V1,T1,,,,,deploy_token_T1,,,constructor,0x61016060,,1621017,1,,0xece28f063ba256e8fc65152daf61fe745a7823e8ba387b1b661409f18f6dc4cc,80
2026-09-23T23-05-23-489Z_n-sweep_1-2-4-8-16-32-50,V1,,,,,,deploy_registry,,,constructor,0x60806040,,4590964,1,,0x9005486642112873086c0faf3a06ce7199e3377186a80eb6eea4235f5e1c6f56,80
2026-09-23T23-05-23-489Z_n-sweep_1-2-4-8-16-32-50,V1,,,,,,deploy_governor_V1,,,constructor,0x6101c080,,2141155,1,,0xcbf032b87647649d09648621f7d61fb312aee4174486ee6f404819243ac59ca9,80
2026-09-23T23-05-23-489Z_n-sweep_1-2-4-8-16-32-50,V1,,,,,,grant_admin_role,,,grantRole,0x2f2ff15d,,50799,1,,0xfdc9a3875129e16eb4a0e6527cfb2e5662449c13660398cf3b7c723db6d0e009,80
2026-09-23T23-05-23-489Z_n-sweep_1-2-4-8-16-32-50,V1,,,,,,revoke_deployer_admin_role,,,revokeRole,0xd547741f,,27116,1,,0xc189311656167d1c4c211ee1c4f5143a8df64ff72cb449ebf7ec77ff2fd0bcbb,80
2026-09-23T23-05-23-489Z_n-sweep_1-2-4-8-16-32-50,V1,,50,D-voto,,,delegate_admin,,,,0x5c19a95c,,95559,1,,0xd4695df7ceba86e36d8d32ccf756640823a0c1b729cf20e3a0b632c08e38ee6a,80
2026-09-23T23-05-23-489Z_n-sweep_1-2-4-8-16-32-50,V1,,50,D-voto,,,delegate,,,,0x5c19a95c,,48347,1,,0x81d5bf8e96fad9ce8b5230dc73abbeb313b25fcb2932728690f357e6b4e905b9,80
2026-09-23T23-05-23-489Z_n-sweep_1-2-4-8-16-32-50,V1,,50,D-voto,,,delegate,,,,0x5c19a95c,,48335,1,,0x92147b8c796bc2b0f21acc979799bbf4c5b5033d9d67806a8ad6842fe03d41df,80
2026-09-23T23-05-23-489Z_n-sweep_1-2-4-8-16-32-50,V1,,50,D-voto,,,delegate,,,,0x5c19a95c,,48347,1,,0xfff43b85310b182c6fdaa6a0b82056393aba2572b23e543b42f064dc4690e2fc,80
2026-09-23T23-05-23-489Z_n-sweep_1-2-4-8-16-32-50,V1,,50,D-voto,,,delegate,,,,0x5c19a95c,,48347,1,,0xd65054394087a126f7201b8caf565d34e4b8e2c37299a2eb2e8e1e169e8753b2,80
2026-09-23T23-05-23-489Z_n-sweep_1-2-4-8-16-32-50,V1,,50,D-voto,,,delegate,,,,0x5c19a95c,,48347,1,,0x0c6ee11e6f4f09c9119d3c03df89d743f104be74b800d0b47cbfa2e1629e917b,80
2026-09-23T23-05-23-489Z_n-sweep_1-2-4-8-16-32-50,V1,,50,D-voto,,,delegate,,,,0x5c19a95c,,48347,1,,0x9e4c58d93f5292a4566258e1c10f556eb9dc4074e322b7c357bf5ad65da50cae,80
2026-09-23T23-05-23-489Z_n-sweep_1-2-4-8-16-32-50,V1,,50,D-voto,,,delegate,,,,0x5c19a95c,,48347,1,,0x6ebf0fe5777b4feb07a84b604e7094e789e104c0aa39284dccf1b9da9c17904e,80
2026-09-23T23-05-23-489Z_n-sweep_1-2-4-8-16-32-50,V1,,50,D-voto,,,delegate,,,,0x5c19a95c,,48347,1,,0xfe42119cc5b68fbfd433dffe547dcf50b55480a011d31795da0f08ec660c70b3,80
2026-09-23T23-05-23-489Z_n-sweep_1-2-4-8-16-32-50,V1,,50,D-voto,,,delegate,,,,0x5c19a95c,,48347,1,,0x1cd5ec1a28c590b58fdf7467e7fffeb349eed4d261a6e6dd6bbe64d73d17bd59,80
2026-09-23T23-05-23-489Z_n-sweep_1-2-4-8-16-32-50,V1,,50,D-voto,,,delegate,,,,0x5c19a95c,,48335,1,,0x44f126ec5cf68cfd276b82e1245a8bb78ca6d635813f085d1a125f483e4d5924,80
2026-09-23T23-05-23-489Z_n-sweep_1-2-4-8-16-32-50,V1,,50,D-voto,,,delegate,,,,0x5c19a95c,,48347,1,,0xe3c56247fde6ff45e5ce391eac68170bdc36be578302a953ddcf8384ecd07aa8,80
2026-09-23T23-05-23-489Z_n-sweep_1-2-4-8-16-32-50,V1,,50,D-voto,,,delegate,,,,0x5c19a95c,,48347,1,,0x97563cc4398d7b02943ad3e3ef1bdae06351c02ad3fb2d2b948579fc1d32295f,80
2026-09-23T23-05-23-489Z_n-sweep_1-2-4-8-16-32-50,V1,,50,D-voto,,,delegate,,,,0x5c19a95c,,48347,1,,0x2254c00b60e2f0581478274e6123b6295b391cc3698f1951fb660335b3cd6c33,80
2026-09-23T23-05-23-489Z_n-sweep_1-2-4-8-16-32-50,V1,,50,D-voto,,,delegate,,,,0x5c19a95c,,48347,1,,0xc3e2689cb93afecc73f02fe2fc704ca424bfebf2840b02e15e94e2eacaca6d1c,80
2026-09-23T23-05-23-489Z_n-sweep_1-2-4-8-16-32-50,V1,,50,D-voto,,,delegate,,,,0x5c19a95c,,48347,1,,0xf481a9d9df12d0c5f7b29cc5bd284c8ca3e14873afc209155e790bf19f68d897,80
2026-09-23T23-05-23-489Z_n-sweep_1-2-4-8-16-32-50,V1,,50,D-voto,,,delegate,,,,0x5c19a95c,,48347,1,,0x8975637550f485546f85f8e6d9a6ed6447c7e76fff1ec5f6c9e76fb534393987,80
2026-09-23T23-05-23-489Z_n-sweep_1-2-4-8-16-32-50,V1,,50,D-voto,,,delegate,,,,0x5c19a95c,,48347,1,,0x923ae1f8d3d22d25940fc9eb75f6f6f16c191c6a236895f77670dcca6996d312,80
2026-09-23T23-05-23-489Z_n-sweep_1-2-4-8-16-32-50,V1,,50,D-voto,,,delegate,,,,0x5c19a95c,,48347,1,,0xfa31a6684a33a12042a314e8f53f866c316bd76cf3829f1b1bdf9c6709375faf,80
2026-09-23T23-05-23-489Z_n-sweep_1-2-4-8-16-32-50,V1,,50,D-voto,,,delegate,,,,0x5c19a95c,,48347,1,,0x85a35cc5c2fd484741123514532c6d193414e920845266674d577133f95aeb61,80
2026-09-23T23-05-23-489Z_n-sweep_1-2-4-8-16-32-50,V1,,50,D-voto,,,delegate,,,,0x5c19a95c,,48347,1,,0x2c0c0e3cf1f17f2dbd21478c48f6a01b7c3f80cdc9a8337eb22078304610831f,80
2026-09-23T23-05-23-489Z_n-sweep_1-2-4-8-16-32-50,V1,,50,D-voto,,,delegate,,,,0x5c19a95c,,48347,1,,0xa3ed7a1ccf1c20c61c0c5d590ac689d2c051d45201c4389538358e9b8bb285bc,80
2026-09-23T23-05-23-489Z_n-sweep_1-2-4-8-16-32-50,V1,,50,D-voto,,,delegate,,,,0x5c19a95c,,48347,1,,0x661c282cd9e0e8ae9af420543abc3bdc613c6cb387574718fba247544e2af8e9,80
2026-09-23T23-05-23-489Z_n-sweep_1-2-4-8-16-32-50,V1,,50,D-voto,,,delegate,,,,0x5c19a95c,,48347,1,,0xa25eec8de30d8f33b67249979cc372deee4340970acf515ed11237297c254db8,80
2026-09-23T23-05-23-489Z_n-sweep_1-2-4-8-16-32-50,V1,,50,D-voto,,,delegate,,,,0x5c19a95c,,48347,1,,0x4531944da7228710c401fe613cc835a5a2ab8911500c323b7a89206096a62c5e,80
2026-09-23T23-05-23-489Z_n-sweep_1-2-4-8-16-32-50,V1,,50,D-voto,,,delegate,,,,0x5c19a95c,,48335,1,,0x34fd858bbdd79805fe9ac14ac3496bc1581b8cd1fca415dd388ac92a1031b1a5,80
2026-09-23T23-05-23-489Z_n-sweep_1-2-4-8-16-32-50,V1,,50,D-voto,,,delegate,,,,0x5c19a95c,,48347,1,,0x3873a22f0d3bd864cb6adf03e490138f7a8c74e0367b46c72eb32ab59606fc50,80
2026-09-23T23-05-23-489Z_n-sweep_1-2-4-8-16-32-50,V1,,50,D-voto,,,delegate,,,,0x5c19a95c,,48347,1,,0x015c8107c64083620d33bd63ee4539fae6a634cbff1a7060ce0d9d7635a92667,80
2026-09-23T23-05-23-489Z_n-sweep_1-2-4-8-16-32-50,V1,,50,D-voto,,,delegate,,,,0x5c19a95c,,48347,1,,0x4d690799cd4e7de3c25a6216085b0327439b44872c331c8bdeed03412851c496,80
2026-09-23T23-05-23-489Z_n-sweep_1-2-4-8-16-32-50,V1,,50,D-voto,,,delegate,,,,0x5c19a95c,,48347,1,,0x4e2b6075a69f1a5defbf56244ed346d13180f658d70986f145e7afacf2a1769c,80
2026-09-23T23-05-23-489Z_n-sweep_1-2-4-8-16-32-50,V1,,50,D-voto,,,delegate,,,,0x5c19a95c,,48347,1,,0xdb953c4d33d8186e4e68b823485663114eed9632b4e6afebc927746da2cc5444,80
2026-09-23T23-05-23-489Z_n-sweep_1-2-4-8-16-32-50,V1,,50,D-voto,,,delegate,,,,0x5c19a95c,,48347,1,,0x6e11fc1a1f465bb514b7050fb921834e4af6a4c1f01678025fabce44812892fb,80
2026-09-23T23-05-23-489Z_n-sweep_1-2-4-8-16-32-50,V1,,50,D-voto,,,delegate,,,,0x5c19a95c,,48347,1,,0x02ed69ad44539ce394fe9de851cfc82976eaf863ce9b6bb6dbf7356c766b4e34,80
2026-09-23T23-05-23-489Z_n-sweep_1-2-4-8-16-32-50,V1,,50,D-voto,,,delegate,,,,0x5c19a95c,,48347,1,,0x48831c39e8134756256883bee94ef57bd56548f150361c090cf8316d47c484f4,80
2026-09-23T23-05-23-489Z_n-sweep_1-2-4-8-16-32-50,V1,,50,D-voto,,,delegate,,,,0x5c19a95c,,48347,1,,0x139bf1c2a5a53f598dabf2c70734fbdea006e57fa2d61abde0ab2327b4959d67,80
2026-09-23T23-05-23-489Z_n-sweep_1-2-4-8-16-32-50,V1,,50,D-voto,,,delegate,,,,0x5c19a95c,,48347,1,,0x7253e5fec49078160a40e8379add1524941ccadba4e7d9f3bdd746f905340463,80
2026-09-23T23-05-23-489Z_n-sweep_1-2-4-8-16-32-50,V1,,50,D-voto,,,delegate,,,,0x5c19a95c,,48347,1,,0xbe8fd855f7dddc740b71fa203b837e57dd20191f5e26b708460138a203b96a4a,80
2026-09-23T23-05-23-489Z_n-sweep_1-2-4-8-16-32-50,V1,,50,D-voto,,,delegate,,,,0x5c19a95c,,48347,1,,0x47aa1c6067f58c4a2e373e2e5df4995a73794f26a82c080785ce7307c874522d,80
2026-09-23T23-05-23-489Z_n-sweep_1-2-4-8-16-32-50,V1,,50,D-voto,,,delegate,,,,0x5c19a95c,,48347,1,,0x77d7f6ed87242997677781ffb97cb1d0c1b2765cd18aa0d3a3e6621f04ed4c16,80
2026-09-23T23-05-23-489Z_n-sweep_1-2-4-8-16-32-50,V1,,50,D-voto,,,delegate,,,,0x5c19a95c,,48347,1,,0xac77a1d245d1b05d38b52b313cdb3a913ef073b1ff0163a70dab969fe9fef091,80
2026-09-23T23-05-23-489Z_n-sweep_1-2-4-8-16-32-50,V1,,50,D-voto,,,delegate,,,,0x5c19a95c,,48347,1,,0x019cc6999109037f5dea40cb65f4f258ac059c4ce180427ba5c5d0fe7fa02e69,80
2026-09-23T23-05-23-489Z_n-sweep_1-2-4-8-16-32-50,V1,,50,D-voto,,,delegate,,,,0x5c19a95c,,48347,1,,0x33abf7f586ca024ba5681842a58519c700557723a21452412946bc259f413dff,80
2026-09-23T23-05-23-489Z_n-sweep_1-2-4-8-16-32-50,V1,,50,D-voto,,,delegate,,,,0x5c19a95c,,48347,1,,0x1207fe8601271fe0b5487a279faf12949bdc0ad4495c39b2109c87d7fdadc47d,80
2026-09-23T23-05-23-489Z_n-sweep_1-2-4-8-16-32-50,V1,,50,D-voto,,,delegate,,,,0x5c19a95c,,48347,1,,0x2a4aed2f06d11367c8b0a4aec5f690179e6e8a7a0852a3be3363c356d2b96e3a,80
2026-09-23T23-05-23-489Z_n-sweep_1-2-4-8-16-32-50,V1,,50,D-voto,,,delegate,,,,0x5c19a95c,,48347,1,,0xed996c904c444a34e69bb80148d6a10828392f76a63169cc7c34ef9123712ba1,80
2026-09-23T23-05-23-489Z_n-sweep_1-2-4-8-16-32-50,V1,,50,D-voto,,,delegate,,,,0x5c19a95c,,48347,1,,0x38149aa90c24c90e209f966e0f1bff77efedbcfe38d261cd552873d1bdc3ebc5,80
2026-09-23T23-05-23-489Z_n-sweep_1-2-4-8-16-32-50,V1,,50,D-voto,,,delegate,,,,0x5c19a95c,,48347,1,,0x80b55601ca774d4abcef268e52e9d6af337cf3103223b2406555e48c3d762bab,80
2026-09-23T23-05-23-489Z_n-sweep_1-2-4-8-16-32-50,V1,,50,D-voto,,,delegate,,,,0x5c19a95c,,48347,1,,0x2fcb4545efd255b27911ce44fb2a5c94515c54dc02bab25b5081b878632986d7,80
2026-09-23T23-05-23-489Z_n-sweep_1-2-4-8-16-32-50,V1,,50,D-voto,,,delegate,,,,0x5c19a95c,,48335,1,,0x54598c19dc2d95d70dff7fa9539e3e33d9cd81f20144e43273092a2002873303,80
2026-09-23T23-05-23-489Z_n-sweep_1-2-4-8-16-32-50,V1,,50,D-voto,,,delegate,,,,0x5c19a95c,,48347,1,,0xedd545ad255ae281a86176d750d3775a786065a315d01e27f2878e52519b253e,80
2026-09-23T23-05-23-489Z_n-sweep_1-2-4-8-16-32-50,V1,,50,D-voto,,,delegate,,,,0x5c19a95c,,48347,1,,0xa1d0b3e7b24a00685baccd412a4bcc1ce87addd4525c82c8e62cdd3daa7e291a,80
2026-09-23T23-05-23-489Z_n-sweep_1-2-4-8-16-32-50,V1,,50,D-voto,,,transfer,,,,0xa9059cbb,,135960,1,,0x246ae9dbb3705bcf8caab599ddb094f9d36a71a6fddbd32e09cf25058ff79423,80
2026-09-23T23-05-23-489Z_n-sweep_1-2-4-8-16-32-50,V1,,50,D-voto,,,transfer,,,,0xa9059cbb,,135948,1,,0xb8fcaeeed203b7eed0543991907d429bdccd4066201666ff9c480634d01c006c,80
2026-09-23T23-05-23-489Z_n-sweep_1-2-4-8-16-32-50,V1,,50,D-voto,,,transfer,,,,0xa9059cbb,,135960,1,,0x8f68ceb5cb5672f7b11dda7fcf0b825cffe3ccf92d5ff6d6f4dd4ee4dd9a7112,80
2026-09-23T23-05-23-489Z_n-sweep_1-2-4-8-16-32-50,V1,,50,D-voto,,,transfer,,,,0xa9059cbb,,135960,1,,0x6d7dd52faccd9ba960eecfaa0d18731aa9ff52a43c54ca983428173fba0a1542,80
2026-09-23T23-05-23-489Z_n-sweep_1-2-4-8-16-32-50,V1,,50,D-voto,,,transfer,,,,0xa9059cbb,,135960,1,,0xa121f25519bfd6019aecce8af680afcb706219b91e74e2c91912af8f363879f0,80
2026-09-23T23-05-23-489Z_n-sweep_1-2-4-8-16-32-50,V1,,50,D-voto,,,transfer,,,,0xa9059cbb,,135960,1,,0x76f1062e88ca6706dcea182cc70a3cb51b4c8d16c379956d1c5dbce0a5cc0e99,80
2026-09-23T23-05-23-489Z_n-sweep_1-2-4-8-16-32-50,V1,,50,D-voto,,,transfer,,,,0xa9059cbb,,135960,1,,0xacbbec95fc7f64a7b6a9544ee78753f3ec9194dd4f3c9ca38e1268ceb53acb90,80
2026-09-23T23-05-23-489Z_n-sweep_1-2-4-8-16-32-50,V1,,50,D-voto,,,transfer,,,,0xa9059cbb,,135960,1,,0x84b0653b2f42104427fe541d5713f2151ede783b5570d40855e4bf1d8522c087,80
2026-09-23T23-05-23-489Z_n-sweep_1-2-4-8-16-32-50,V1,,50,D-voto,,,transfer,,,,0xa9059cbb,,135960,1,,0xdfcf57d46ed39b3ededc6eee7405605ee6834e3815162fc171e8851c03541ae0,80
2026-09-23T23-05-23-489Z_n-sweep_1-2-4-8-16-32-50,V1,,50,D-voto,,,transfer,,,,0xa9059cbb,,135948,1,,0x8d64a76127e81848a5fe1ebeb2469570ae57a08cf798942f72ad26d0313cd40a,80
2026-09-23T23-05-23-489Z_n-sweep_1-2-4-8-16-32-50,V1,,50,D-voto,,,transfer,,,,0xa9059cbb,,135960,1,,0x0d7e03138b4a28e969fa37eb7746cb5ffbed4c8e322ffa756a8980e1da7af365,80
2026-09-23T23-05-23-489Z_n-sweep_1-2-4-8-16-32-50,V1,,50,D-voto,,,transfer,,,,0xa9059cbb,,135960,1,,0xb3cd0e36bf8a23a7268c69ad5613412b618c0d97eaf2e84e4ed2a2358616241c,80
2026-09-23T23-05-23-489Z_n-sweep_1-2-4-8-16-32-50,V1,,50,D-voto,,,transfer,,,,0xa9059cbb,,135960,1,,0x2c3be7462a120f6f7d3ddb903f791ba5f8a8dff70b3d2fce412bc3d9c96090f2,80
2026-09-23T23-05-23-489Z_n-sweep_1-2-4-8-16-32-50,V1,,50,D-voto,,,transfer,,,,0xa9059cbb,,135960,1,,0xa91896e75ebe291a14149c97e6ec3cd3878b7a57ae5efc49d7437ff775cc6d6f,80
2026-09-23T23-05-23-489Z_n-sweep_1-2-4-8-16-32-50,V1,,50,D-voto,,,transfer,,,,0xa9059cbb,,135960,1,,0x97ddbf62fa645b51d887aef0923131c606f936331a08b4d180573aedf905cbd1,80
2026-09-23T23-05-23-489Z_n-sweep_1-2-4-8-16-32-50,V1,,50,D-voto,,,transfer,,,,0xa9059cbb,,135960,1,,0xbbc7e588c74f5408c5294f754815ee8c2d05196aeb266a95ba79193cf1a3cd4e,80
2026-09-23T23-05-23-489Z_n-sweep_1-2-4-8-16-32-50,V1,,50,D-voto,,,transfer,,,,0xa9059cbb,,135960,1,,0xc93f0fe78d0f253b48f6546ce6912425341be3fe3abb7b8d6c8b890afc280746,80
2026-09-23T23-05-23-489Z_n-sweep_1-2-4-8-16-32-50,V1,,50,D-voto,,,transfer,,,,0xa9059cbb,,135960,1,,0x095274f7efd5fd91e0259f5aaa0d5d3f3d345e02896f172caf9af482ca0ecd6b,80
2026-09-23T23-05-23-489Z_n-sweep_1-2-4-8-16-32-50,V1,,50,D-voto,,,transfer,,,,0xa9059cbb,,135960,1,,0x2f71f3337cfdd7bfe5adb89da0349bbc93812095f8706796bc6e25e0461574de,80
2026-09-23T23-05-23-489Z_n-sweep_1-2-4-8-16-32-50,V1,,50,D-voto,,,transfer,,,,0xa9059cbb,,135960,1,,0xbb173ce2f0e08821737486bfce4a8891ea6bc16c53eef5183f23c35fa912acda,80
2026-09-23T23-05-23-489Z_n-sweep_1-2-4-8-16-32-50,V1,,50,D-voto,,,transfer,,,,0xa9059cbb,,135960,1,,0x7179fb1c1b852a31eebf015ac4e0db4f8891784970a82e1275e2b2c95797dd8d,80
2026-09-23T23-05-23-489Z_n-sweep_1-2-4-8-16-32-50,V1,,50,D-voto,,,transfer,,,,0xa9059cbb,,135960,1,,0x618508a1fffda4dd4799c8f4937ca7db27dc3c1a0a352dbb24eb2e717d7794fa,80
2026-09-23T23-05-23-489Z_n-sweep_1-2-4-8-16-32-50,V1,,50,D-voto,,,transfer,,,,0xa9059cbb,,135960,1,,0x80e85afeeecc7ded093b4fca1ee04481c72308140308e350e712a637edf79a77,80
2026-09-23T23-05-23-489Z_n-sweep_1-2-4-8-16-32-50,V1,,50,D-voto,,,transfer,,,,0xa9059cbb,,135960,1,,0xde2f59aa8da4ad0c12bad7c83e52b65661db007ebd8ed1e5ab2dd6b10bdbf7fe,80
2026-09-23T23-05-23-489Z_n-sweep_1-2-4-8-16-32-50,V1,,50,D-voto,,,transfer,,,,0xa9059cbb,,135948,1,,0x251582621de6281280756db8cf9473cfeae525a492e1d7062a6d6fed1ad7dff9,80
2026-09-23T23-05-23-489Z_n-sweep_1-2-4-8-16-32-50,V1,,50,D-voto,,,transfer,,,,0xa9059cbb,,135960,1,,0x7ea700d5019ed1d30c8096d4fef24f6555db72bfe8adf1e7c3e495ce67ed809f,80
2026-09-23T23-05-23-489Z_n-sweep_1-2-4-8-16-32-50,V1,,50,D-voto,,,transfer,,,,0xa9059cbb,,135960,1,,0xd099cccecf6f1158f5ba243ca6088f8874d9146baec93a09aef1c985e823d634,80
2026-09-23T23-05-23-489Z_n-sweep_1-2-4-8-16-32-50,V1,,50,D-voto,,,transfer,,,,0xa9059cbb,,135960,1,,0xd34db709f4f49d3311a9b6c928a74662fb0bde851655aa6fb02b0ad79e454733,80
2026-09-23T23-05-23-489Z_n-sweep_1-2-4-8-16-32-50,V1,,50,D-voto,,,transfer,,,,0xa9059cbb,,135960,1,,0xb0333deee0af7b78d7b4b5b86633676bdae519326d484603675db0f26c88b9df,80
2026-09-23T23-05-23-489Z_n-sweep_1-2-4-8-16-32-50,V1,,50,D-voto,,,transfer,,,,0xa9059cbb,,135960,1,,0x91a6b5a93ddd89ffbf66ac0296cdf3b1d313cd0b2890835c17ba5adcaced8ec8,80
2026-09-23T23-05-23-489Z_n-sweep_1-2-4-8-16-32-50,V1,,50,D-voto,,,transfer,,,,0xa9059cbb,,135960,1,,0x42ed8d1330be1065c1cc3e101c7a5a7e20cb148393a8d14d461f9b76c541d4e7,80
2026-09-23T23-05-23-489Z_n-sweep_1-2-4-8-16-32-50,V1,,50,D-voto,,,transfer,,,,0xa9059cbb,,135960,1,,0xb87afa69226d6b02977149ca6957bfad332e6a77c1ad200e790fad912b0a8b1c,80
2026-09-23T23-05-23-489Z_n-sweep_1-2-4-8-16-32-50,V1,,50,D-voto,,,transfer,,,,0xa9059cbb,,135960,1,,0xd31a5f77ec78cf0dcc46abd6824fc36e0343c70ec7558c5b8b8680a5179c3cee,80
2026-09-23T23-05-23-489Z_n-sweep_1-2-4-8-16-32-50,V1,,50,D-voto,,,transfer,,,,0xa9059cbb,,135960,1,,0x3a1cd3ff214ca838bb1f0a7b8e05b8066c941dae934ff8ef5f7d24e51e218d9f,80
2026-09-23T23-05-23-489Z_n-sweep_1-2-4-8-16-32-50,V1,,50,D-voto,,,transfer,,,,0xa9059cbb,,135960,1,,0x800f8dd0a0df31e55c4e4712a5972e0d1497dbb92fd85a7ee8c309306ae69f3e,80
2026-09-23T23-05-23-489Z_n-sweep_1-2-4-8-16-32-50,V1,,50,D-voto,,,transfer,,,,0xa9059cbb,,135960,1,,0x9c84268ba43fd38465cfd4cbb6628f9f3f9664cc537e635196844f423439df36,80
2026-09-23T23-05-23-489Z_n-sweep_1-2-4-8-16-32-50,V1,,50,D-voto,,,transfer,,,,0xa9059cbb,,135960,1,,0x5b82226f4b3968c0c11ff4245b77ddb5c737ac3d9384e7f0f5dacf91ae505b7c,80
2026-09-23T23-05-23-489Z_n-sweep_1-2-4-8-16-32-50,V1,,50,D-voto,,,transfer,,,,0xa9059cbb,,135960,1,,0x6b5817c5a2f3233a1f4755f91eec5b61a72e50556aeb151d1df361f8dcacafea,80
2026-09-23T23-05-23-489Z_n-sweep_1-2-4-8-16-32-50,V1,,50,D-voto,,,transfer,,,,0xa9059cbb,,135960,1,,0x00442dfd61843442f2f62e78bcf59b803dd8498b1bad260878d59e06f48aaf95,80
2026-09-23T23-05-23-489Z_n-sweep_1-2-4-8-16-32-50,V1,,50,D-voto,,,transfer,,,,0xa9059cbb,,135960,1,,0xf5d2b3eeffb65a663d93b8d3c809b6e5121b8784e868e51af3bdba2deee35a8b,80
2026-09-23T23-05-23-489Z_n-sweep_1-2-4-8-16-32-50,V1,,50,D-voto,,,transfer,,,,0xa9059cbb,,135960,1,,0xf3df28ed5d40b48f8919791b5b9ed50c0de598885569cd4cda2c88678140358b,80
2026-09-23T23-05-23-489Z_n-sweep_1-2-4-8-16-32-50,V1,,50,D-voto,,,transfer,,,,0xa9059cbb,,135960,1,,0xae8265c953b3c6c844fd5e7f9c7464dcd5160d081bd3f12119dae553d5383d46,80
2026-09-23T23-05-23-489Z_n-sweep_1-2-4-8-16-32-50,V1,,50,D-voto,,,transfer,,,,0xa9059cbb,,135960,1,,0x2bedec0ecd73ac805d76d0b0f124d689002219a8553658ae536e50df35c6d9db,80
2026-09-23T23-05-23-489Z_n-sweep_1-2-4-8-16-32-50,V1,,50,D-voto,,,transfer,,,,0xa9059cbb,,135960,1,,0x7911352af92914fc012e9271fef77802aaf80cb03b085ac5b36a82617ef3d87f,80
2026-09-23T23-05-23-489Z_n-sweep_1-2-4-8-16-32-50,V1,,50,D-voto,,,transfer,,,,0xa9059cbb,,135960,1,,0x527083c9aa09a186a9dfde1d6e11e56a88c23af4ff1df829641f565d467e9eb3,80
2026-09-23T23-05-23-489Z_n-sweep_1-2-4-8-16-32-50,V1,,50,D-voto,,,transfer,,,,0xa9059cbb,,135960,1,,0x4fcb61575570970b077a3f0175ad61e8f9b670d214f189be9284c9e38d23ea97,80
2026-09-23T23-05-23-489Z_n-sweep_1-2-4-8-16-32-50,V1,,50,D-voto,,,transfer,,,,0xa9059cbb,,135960,1,,0x4e542c0f00edf948e31ae0044ddc651c40f57f37ff7015611a62d6daf389f5c0,80
2026-09-23T23-05-23-489Z_n-sweep_1-2-4-8-16-32-50,V1,,50,D-voto,,,transfer,,,,0xa9059cbb,,135948,1,,0x678ff5ad84e5f134b40dad86f148a340f9fbc604f5ec27a98b7c60856ee1e375,80
2026-09-23T23-05-23-489Z_n-sweep_1-2-4-8-16-32-50,V1,,50,D-voto,,,transfer,,,,0xa9059cbb,,135960,1,,0x8c9fe884dc095bd2cb142ad2f4c3a32815bf358db82984445b1bebe0c495a13f,80
2026-09-23T23-05-23-489Z_n-sweep_1-2-4-8-16-32-50,V1,,50,D-voto,,,transfer,,,,0xa9059cbb,,135960,1,,0xcae168b52d2afa75f1568ef6aadf2694b4b83c844b2cc07cfa891dbd891f714c,80
2026-09-23T23-05-23-489Z_n-sweep_1-2-4-8-16-32-50,V1,,50,D-voto,,,propose,,,propose,0x7d5e81e2,WasteCategoryRegistry.updateCredits,63315,1,,0xe248b8b87151323a4976effe699b992fcda77720bda01f3cccf77581003b6533,80
2026-09-23T23-05-23-489Z_n-sweep_1-2-4-8-16-32-50,V1,,50,D-voto,,,vote,1,for,,0x56781388,,82468,1,,0x36a2755b0d20aef1c7a35dfd58b24a0d1afdf14eefa168aeea460c53f83c83a3,80
2026-09-23T23-05-23-489Z_n-sweep_1-2-4-8-16-32-50,V1,,50,D-voto,,,vote,2,for,,0x56781388,,65368,1,,0x86d114ad244bb649b54d763ea198782317c380e682f90cf2c8d49975a0d3a17a,80
2026-09-23T23-05-23-489Z_n-sweep_1-2-4-8-16-32-50,V1,,50,D-voto,,,vote,3,for,,0x56781388,,65368,1,,0x9c652ec3d212f280a44509bedee64991d7048675be4a8565851d532333e47fe6,80
2026-09-23T23-05-23-489Z_n-sweep_1-2-4-8-16-32-50,V1,,50,D-voto,,,vote,4,for,,0x56781388,,65368,1,,0xfa70dd25430b0695c6f52906604e7f2c0ff4b10e2a9db98ac41de56d71c5dfa6,80
2026-09-23T23-05-23-489Z_n-sweep_1-2-4-8-16-32-50,V1,,50,D-voto,,,vote,5,for,,0x56781388,,65368,1,,0x8c103286753c9920a7ed8e24825e7517fefdc1266707e26ca2b7685ebc13eb8f,80
2026-09-23T23-05-23-489Z_n-sweep_1-2-4-8-16-32-50,V1,,50,D-voto,,,vote,6,for,,0x56781388,,65368,1,,0x01d6515e9f72e6c6e92f9183f0d9cd3c6937b7dd1455eaa1b231aa8e49d69240,80
2026-09-23T23-05-23-489Z_n-sweep_1-2-4-8-16-32-50,V1,,50,D-voto,,,vote,7,for,,0x56781388,,65368,1,,0x1403dd49b285d2242b5475d3f3f86966dc00aa1e7a8a8b3863b570cddfe29392,80
2026-09-23T23-05-23-489Z_n-sweep_1-2-4-8-16-32-50,V1,,50,D-voto,,,vote,8,for,,0x56781388,,65368,1,,0xf71d9af472f26f79dd9e4d8cf88af2f014989ab383fb89d1160105ab3ff0f413,80
2026-09-23T23-05-23-489Z_n-sweep_1-2-4-8-16-32-50,V1,,50,D-voto,,,vote,9,for,,0x56781388,,65368,1,,0x9c86df29ceda2dc4a32a89fe89d4c5198e093a87f2cc719dfe6a8d6ad5912987,80
2026-09-23T23-05-23-489Z_n-sweep_1-2-4-8-16-32-50,V1,,50,D-voto,,,vote,10,for,,0x56781388,,65368,1,,0xaac6faa7d8378d104f24e6ef51701675f418d34751395512ecb39e3059671863,80
2026-09-23T23-05-23-489Z_n-sweep_1-2-4-8-16-32-50,V1,,50,D-voto,,,vote,11,for,,0x56781388,,65368,1,,0xfa14e5a1ad0bc5c88472938db638c70aa46b3c5aee86a9ac940edcc641cc28ba,80
2026-09-23T23-05-23-489Z_n-sweep_1-2-4-8-16-32-50,V1,,50,D-voto,,,vote,12,for,,0x56781388,,65368,1,,0x2b8c7eaf3f0529330f28922bad44e9143174b90585196f91ed6aef6385b35994,80
2026-09-23T23-05-23-489Z_n-sweep_1-2-4-8-16-32-50,V1,,50,D-voto,,,vote,13,for,,0x56781388,,65368,1,,0xbda4dfcec2146a2b483bd206f7015f1774f29f1040c01642cb79cddbdc2635c5,80
2026-09-23T23-05-23-489Z_n-sweep_1-2-4-8-16-32-50,V1,,50,D-voto,,,vote,14,for,,0x56781388,,65368,1,,0x83bf6cd96407fa7e627848566a515811eb6b651dd6de8bb8ef440e4f5d2e3931,80
2026-09-23T23-05-23-489Z_n-sweep_1-2-4-8-16-32-50,V1,,50,D-voto,,,vote,15,for,,0x56781388,,65368,1,,0xf84615d3a73bfcb09f97bbef0e9104d82e329a182e8489df5bd87056c1e18920,80
2026-09-23T23-05-23-489Z_n-sweep_1-2-4-8-16-32-50,V1,,50,D-voto,,,vote,16,for,,0x56781388,,65368,1,,0x93b858982f59a85c4f10d2d29eeb6e30071d0d33eef7107f0171448e78544d56,80
2026-09-23T23-05-23-489Z_n-sweep_1-2-4-8-16-32-50,V1,,50,D-voto,,,vote,17,for,,0x56781388,,65368,1,,0xb6f4c36f71e8ae3855615dc016f7dbe7294a606af08ff03c3c162fb80b9cac79,80
2026-09-23T23-05-23-489Z_n-sweep_1-2-4-8-16-32-50,V1,,50,D-voto,,,vote,18,for,,0x56781388,,65368,1,,0x3dcb5923b4fe8b7f844fa005a7eb56012eff6343670b0174f76a54ac3f0f7e72,80
2026-09-23T23-05-23-489Z_n-sweep_1-2-4-8-16-32-50,V1,,50,D-voto,,,vote,19,for,,0x56781388,,65368,1,,0x67ef42b799088dc551a7efb1869dbc44210cde81b9604e406e29e09965e05faa,80
2026-09-23T23-05-23-489Z_n-sweep_1-2-4-8-16-32-50,V1,,50,D-voto,,,vote,20,for,,0x56781388,,65368,1,,0x5e755412848ce4d81ec8203247113005d4fa24b0b1677fe03248727612eeab67,80
2026-09-23T23-05-23-489Z_n-sweep_1-2-4-8-16-32-50,V1,,50,D-voto,,,vote,21,for,,0x56781388,,65368,1,,0x4746ff5f025e8755f79b53f4381e470dab87bc03c218f5dbd971320581811b14,80
2026-09-23T23-05-23-489Z_n-sweep_1-2-4-8-16-32-50,V1,,50,D-voto,,,vote,22,for,,0x56781388,,65368,1,,0x39d5f2c08f3c24242aeea53fb1a33eaebe535ee0f440fda7ab5f7ff4ef5e7155,80
2026-09-23T23-05-23-489Z_n-sweep_1-2-4-8-16-32-50,V1,,50,D-voto,,,vote,23,for,,0x56781388,,65368,1,,0xef2d3758ce5979552eca3eeaf60863dce0258bfd08da472ee8fbd4c69b9013d7,80
2026-09-23T23-05-23-489Z_n-sweep_1-2-4-8-16-32-50,V1,,50,D-voto,,,vote,24,for,,0x56781388,,65368,1,,0x04df3a37d39ec4f34394bc4a9eae297a70a5fd9a57c5dcddbfbcfcbe69aa9a14,80
2026-09-23T23-05-23-489Z_n-sweep_1-2-4-8-16-32-50,V1,,50,D-voto,,,vote,1,against,,0x56781388,,82416,1,,0xd204ffd58c9b707ba0f378153c5b51ef5d0b3cfc724dcc492e2eb5e91260cb2b,80
2026-09-23T23-05-23-489Z_n-sweep_1-2-4-8-16-32-50,V1,,50,D-voto,,,vote,2,against,,0x56781388,,65316,1,,0x4068af4014b6d835b4833cccd6c500ef54835caf70ee16f1c9f585a5e8cbc554,80
2026-09-23T23-05-23-489Z_n-sweep_1-2-4-8-16-32-50,V1,,50,D-voto,,,vote,3,against,,0x56781388,,65316,1,,0x11ad3d155140a3abfacf137f289bd9c7fc6746fe5e507db5f877fd64a3ffa854,80
2026-09-23T23-05-23-489Z_n-sweep_1-2-4-8-16-32-50,V1,,50,D-voto,,,vote,4,against,,0x56781388,,65316,1,,0x2209d5445d37cd80d80ed3faaf35b035216d30a7887e7ecb4c285fd7957a7adc,80
2026-09-23T23-05-23-489Z_n-sweep_1-2-4-8-16-32-50,V1,,50,D-voto,,,vote,5,against,,0x56781388,,65316,1,,0xd83da1661b8520bc1f735015b3ace3fa047db2cd7ae6c01ec7905dd915da5fae,80
2026-09-23T23-05-23-489Z_n-sweep_1-2-4-8-16-32-50,V1,,50,D-voto,,,vote,6,against,,0x56781388,,65316,1,,0xa0c2066bd1b3671f64cf4169f5164f6d933093d87e3c2a5162024d26789b6a0a,80
2026-09-23T23-05-23-489Z_n-sweep_1-2-4-8-16-32-50,V1,,50,D-voto,,,vote,7,against,,0x56781388,,65316,1,,0x032619f562bc5f6e73b95765dcbd64060d6cd37181283ddfb4136296799bc794,80
2026-09-23T23-05-23-489Z_n-sweep_1-2-4-8-16-32-50,V1,,50,D-voto,,,vote,8,against,,0x56781388,,65316,1,,0xfdc314bc9835eb6dffe9b7669f8c8512c706690c7bc5cdc1e0243a597c5b68ce,80
2026-09-23T23-05-23-489Z_n-sweep_1-2-4-8-16-32-50,V1,,50,D-voto,,,vote,9,against,,0x56781388,,65316,1,,0x451b77eb2c60f85bbc1cd5d821fbff59292c594a0b7a5b28e3d6ad250dd3c964,80
2026-09-23T23-05-23-489Z_n-sweep_1-2-4-8-16-32-50,V1,,50,D-voto,,,vote,10,against,,0x56781388,,65316,1,,0x50163bca41d86fd1f5916432d180c13d0674e3ec47e4ab745c5b7895baba4445,80
2026-09-23T23-05-23-489Z_n-sweep_1-2-4-8-16-32-50,V1,,50,D-voto,,,vote,11,against,,0x56781388,,65316,1,,0xdd499f1a784c4ef3b25ebe16c034e380c0fdd8dbc5f310a058ffc6e46abce10d,80
2026-09-23T23-05-23-489Z_n-sweep_1-2-4-8-16-32-50,V1,,50,D-voto,,,vote,12,against,,0x56781388,,65316,1,,0x466d0ea4bb9fb8bf1e4dbf83fdb411a0a8d208ab27fbe523553140a3a1090e6a,80
2026-09-23T23-05-23-489Z_n-sweep_1-2-4-8-16-32-50,V1,,50,D-voto,,,vote,13,against,,0x56781388,,65316,1,,0x979d45eaafcede59aea9c00e156d4c06e492a3628a964402e98de6df7229f140,80
2026-09-23T23-05-23-489Z_n-sweep_1-2-4-8-16-32-50,V1,,50,D-voto,,,vote,14,against,,0x56781388,,65316,1,,0xc385ad230c0e8eaaad39621423e93f825f4d33738322a86a7646e14c519ae6bb,80
2026-09-23T23-05-23-489Z_n-sweep_1-2-4-8-16-32-50,V1,,50,D-voto,,,vote,15,against,,0x56781388,,65316,1,,0x13a5631cd1f6c40fe042762fe3105721d60589d1978211b07cb919935e43c91f,80
2026-09-23T23-05-23-489Z_n-sweep_1-2-4-8-16-32-50,V1,,50,D-voto,,,vote,16,against,,0x56781388,,65316,1,,0x983f0d9bd53023636a60b9ea57def7985ec3443cff9352e9a62b6765ae3de0ec,80
2026-09-23T23-05-23-489Z_n-sweep_1-2-4-8-16-32-50,V1,,50,D-voto,,,vote,17,against,,0x56781388,,65316,1,,0x5b735b58efef80ee9cc15281e4324fc29bf732f38618940ff93b1832a0b32a0e,80
2026-09-23T23-05-23-489Z_n-sweep_1-2-4-8-16-32-50,V1,,50,D-voto,,,vote,18,against,,0x56781388,,65316,1,,0x1f0ef963ae2d0457bc91d6b0279d90bf2c2dfa2333ea74f8c3822360a41e4a4e,80
2026-09-23T23-05-23-489Z_n-sweep_1-2-4-8-16-32-50,V1,,50,D-voto,,,vote,19,against,,0x56781388,,65316,1,,0xd57216bbc94d1fe541b37ed274c712d4814b07878af007408a7191992451a16d,80
2026-09-23T23-05-23-489Z_n-sweep_1-2-4-8-16-32-50,V1,,50,D-voto,,,vote,20,against,,0x56781388,,65316,1,,0xc5f7e5614c45e0ca3cadaed875e30e8a27a4a2cce96feee3655857d1b35ae758,80
2026-09-23T23-05-23-489Z_n-sweep_1-2-4-8-16-32-50,V1,,50,D-voto,,,vote,21,against,,0x56781388,,65316,1,,0xa02b0aa8152484081ab03ddab92f6f790fb51975451010b38e314d8e47b75bb2,80
2026-09-23T23-05-23-489Z_n-sweep_1-2-4-8-16-32-50,V1,,50,D-voto,,,vote,22,against,,0x56781388,,65316,1,,0x340d50aeb2931843a8daa5cf171d1ab597f9e4fd91d04464642b2ecc6361ed89,80
2026-09-23T23-05-23-489Z_n-sweep_1-2-4-8-16-32-50,V1,,50,D-voto,,,vote,23,against,,0x56781388,,65316,1,,0x4b30460bd495d505f7c4b11b953e02cdfc7fba10f29c08d8154194dc945aaf6b,80
2026-09-23T23-05-23-489Z_n-sweep_1-2-4-8-16-32-50,V1,,50,D-voto,,,vote,24,against,,0x56781388,,65316,1,,0xc8dd07827364e9936f93c50225d55585b4380ca10884205c93e5bf27e47fd3a5,80
2026-09-23T23-05-23-489Z_n-sweep_1-2-4-8-16-32-50,V1,,50,D-voto,,,vote,25,against,,0x56781388,,65316,1,,0x15eab44bfec630fee4e02377270f8cf521c73828c149deec7f788881d866984e,80
2026-09-23T23-05-23-489Z_n-sweep_1-2-4-8-16-32-50,V1,,50,D-voto,,,vote,26,against,,0x56781388,,65316,1,,0x8f39ecd7362dc0ec2b0829d18e1ec699db0a51202c8429b4dff2e850f236b71f,80
2026-09-23T23-05-23-489Z_n-sweep_1-2-4-8-16-32-50,V1,,50,D-voto,,,execute_attempt,,,execute,0x2656227d,WasteCategoryRegistry.updateCredits,40382,0,"VM Exception while processing transaction: reverted with custom error 'GovernorUnexpectedProposalState(76534845162029606128121050385111464420890911772804987752175990050991942563930, 3, '0x0000000000000000000000000000000000000000000000000000000000000030')'",0x3330f36f1bb0ee2546945f4f33b9948ddf120a05e153d9aefb2b9d5cd28422d2,80
2026-09-23T23-05-23-489Z_n-sweep_1-2-4-8-16-32-50,V2,T1,,,,,deploy_token_T1,,,constructor,0x61016060,,1621017,1,,0xece28f063ba256e8fc65152daf61fe745a7823e8ba387b1b661409f18f6dc4cc,81
2026-09-23T23-05-23-489Z_n-sweep_1-2-4-8-16-32-50,V2,,,,,,deploy_registry,,,constructor,0x60806040,,4590964,1,,0x9005486642112873086c0faf3a06ce7199e3377186a80eb6eea4235f5e1c6f56,81
2026-09-23T23-05-23-489Z_n-sweep_1-2-4-8-16-32-50,V2,,,,,,deploy_governor_V2,,,constructor,0x6101e080,,2178840,1,,0xa32c9f3d540c0ae9eee563ea02a53e3c1648afde51e09209202bc2912d9a8532,81
2026-09-23T23-05-23-489Z_n-sweep_1-2-4-8-16-32-50,V2,,,,,,grant_admin_role,,,grantRole,0x2f2ff15d,,50799,1,,0x0482dd737ad13e5cf9f342f77b7f4c8d4a60575e6613b501a7a433855227e65d,81
2026-09-23T23-05-23-489Z_n-sweep_1-2-4-8-16-32-50,V2,,,,,,revoke_deployer_admin_role,,,revokeRole,0xd547741f,,27116,1,,0xbf6c6756b6e885a31717a4b56f3c4fc35da4780ca84e075711ea97189f58ea3d,81
2026-09-23T23-05-23-489Z_n-sweep_1-2-4-8-16-32-50,V2,,50,D-voto,,,delegate_admin,,,,0x5c19a95c,,95559,1,,0xe4ed125ff7fcf34a784094393e69d7b32184f90f45a88cf0e398ac5fe2329d50,81
2026-09-23T23-05-23-489Z_n-sweep_1-2-4-8-16-32-50,V2,,50,D-voto,,,delegate,,,,0x5c19a95c,,48347,1,,0x8e5cf2e817455991c3f88244f29b95e3c5703efb253d16587c3e019ace8ed4aa,81
2026-09-23T23-05-23-489Z_n-sweep_1-2-4-8-16-32-50,V2,,50,D-voto,,,delegate,,,,0x5c19a95c,,48335,1,,0x3a4d0b938991cc6665fddf48aab742d27a2480134e4cb1cf5b844b9724575405,81
2026-09-23T23-05-23-489Z_n-sweep_1-2-4-8-16-32-50,V2,,50,D-voto,,,delegate,,,,0x5c19a95c,,48347,1,,0x8df16e2387da0d9fa03469e487a72815c7ad0f22d2e3631bfcd3e8532e84566f,81
2026-09-23T23-05-23-489Z_n-sweep_1-2-4-8-16-32-50,V2,,50,D-voto,,,delegate,,,,0x5c19a95c,,48347,1,,0x95612e3ccf4e98f664cb62c90a18fd3142e8f5668db18fb82a400652a6b96b06,81
2026-09-23T23-05-23-489Z_n-sweep_1-2-4-8-16-32-50,V2,,50,D-voto,,,delegate,,,,0x5c19a95c,,48347,1,,0x8cfbd9c8afd095297879c4ea5a6d41c276c3b770abd2f751b06ec63384df15d6,81
2026-09-23T23-05-23-489Z_n-sweep_1-2-4-8-16-32-50,V2,,50,D-voto,,,delegate,,,,0x5c19a95c,,48347,1,,0x96ff47bd12ed3260165a9b3c82bacf4a9f1cfd47a5f8548491ee35c1066f2e38,81
2026-09-23T23-05-23-489Z_n-sweep_1-2-4-8-16-32-50,V2,,50,D-voto,,,delegate,,,,0x5c19a95c,,48347,1,,0x3c7464a5135ef0630048da3b891f6f95d941c4b44dfb27d1230d6c7015af52d6,81
2026-09-23T23-05-23-489Z_n-sweep_1-2-4-8-16-32-50,V2,,50,D-voto,,,delegate,,,,0x5c19a95c,,48347,1,,0xcef7f0dbdf22e7ddd7612e11e8e4d04d07ff7ed50742fa593a04379c3fb4c79a,81
2026-09-23T23-05-23-489Z_n-sweep_1-2-4-8-16-32-50,V2,,50,D-voto,,,delegate,,,,0x5c19a95c,,48347,1,,0x2a05bf2175c5ddc1c903f568e1aef2d66314124f75bcf8379ba8adf2782fee08,81
2026-09-23T23-05-23-489Z_n-sweep_1-2-4-8-16-32-50,V2,,50,D-voto,,,delegate,,,,0x5c19a95c,,48335,1,,0xed076a3bb603efd5d8a71a2cc98ed4047b12d152a544a7d1d7a341433c9a4602,81
2026-09-23T23-05-23-489Z_n-sweep_1-2-4-8-16-32-50,V2,,50,D-voto,,,delegate,,,,0x5c19a95c,,48347,1,,0x10be283a8ec30b680dc3aca50b759e0cf9c8afc082d9e83402cea754eca72a1f,81
2026-09-23T23-05-23-489Z_n-sweep_1-2-4-8-16-32-50,V2,,50,D-voto,,,delegate,,,,0x5c19a95c,,48347,1,,0x2a30f5270f05f3f17e6177f9b77f58b934718ec7c2e872415fd5bb3af3d1a729,81
2026-09-23T23-05-23-489Z_n-sweep_1-2-4-8-16-32-50,V2,,50,D-voto,,,delegate,,,,0x5c19a95c,,48347,1,,0x8627a7ad29f66cec2d29399f287974e7802b96ce1c1094b9f03f71ebb4aee554,81
2026-09-23T23-05-23-489Z_n-sweep_1-2-4-8-16-32-50,V2,,50,D-voto,,,delegate,,,,0x5c19a95c,,48347,1,,0x09935171751aaaad6b28f8c0a6e1389d805ea4048b73d32206a0f9fb56fe6526,81
2026-09-23T23-05-23-489Z_n-sweep_1-2-4-8-16-32-50,V2,,50,D-voto,,,delegate,,,,0x5c19a95c,,48347,1,,0xcc0bb7cbd2d0f3f8fa2b739bbaa5db203755fbd70b3eefc00d112f1bb589ceaf,81
2026-09-23T23-05-23-489Z_n-sweep_1-2-4-8-16-32-50,V2,,50,D-voto,,,delegate,,,,0x5c19a95c,,48347,1,,0xc76339288f99a2e44a4485a1794ebb0cad6215adbb061dde8b472b5783d68437,81
2026-09-23T23-05-23-489Z_n-sweep_1-2-4-8-16-32-50,V2,,50,D-voto,,,delegate,,,,0x5c19a95c,,48347,1,,0x4eff498246ceed5814c564e65aad18449d9d8819517ba51d588d9cfdae3d4d2a,81
2026-09-23T23-05-23-489Z_n-sweep_1-2-4-8-16-32-50,V2,,50,D-voto,,,delegate,,,,0x5c19a95c,,48347,1,,0xa6ae49a326f302b9e71391f9415c0d930458ea03039ee9086f5687369d739f43,81
2026-09-23T23-05-23-489Z_n-sweep_1-2-4-8-16-32-50,V2,,50,D-voto,,,delegate,,,,0x5c19a95c,,48347,1,,0xf13688c59dca87eeaaf2b3d3ae625f01224e2d5b4954af7ddb9eacd7e8fca21e,81
2026-09-23T23-05-23-489Z_n-sweep_1-2-4-8-16-32-50,V2,,50,D-voto,,,delegate,,,,0x5c19a95c,,48347,1,,0xed760b7612d9a02f7ab38dcca54d7d989dd819b4bb98906db1dbcca059ac084f,81
2026-09-23T23-05-23-489Z_n-sweep_1-2-4-8-16-32-50,V2,,50,D-voto,,,delegate,,,,0x5c19a95c,,48347,1,,0x408a7ccbb0d6637960a2093204a5084a7c3370084f7061b277e04d5d1523ae58,81
2026-09-23T23-05-23-489Z_n-sweep_1-2-4-8-16-32-50,V2,,50,D-voto,,,delegate,,,,0x5c19a95c,,48347,1,,0x3152e0d13e4c1339d74b6b187ca12500a969817e0120fc16874758b89451705c,81
2026-09-23T23-05-23-489Z_n-sweep_1-2-4-8-16-32-50,V2,,50,D-voto,,,delegate,,,,0x5c19a95c,,48347,1,,0xa643950d224ced9bbf99ea95cbb9cecb86c028ad6a357741d9eed43fd1418124,81
2026-09-23T23-05-23-489Z_n-sweep_1-2-4-8-16-32-50,V2,,50,D-voto,,,delegate,,,,0x5c19a95c,,48347,1,,0x055e399c3cbfa6644dce91a7f3b36ea2bc185d80c647c0f1d04321e14c4b1361,81
2026-09-23T23-05-23-489Z_n-sweep_1-2-4-8-16-32-50,V2,,50,D-voto,,,delegate,,,,0x5c19a95c,,48335,1,,0xdbafa2287cf62155690c72d09b21b76ada56306bf24799e90a6ebd1fd470abc6,81
2026-09-23T23-05-23-489Z_n-sweep_1-2-4-8-16-32-50,V2,,50,D-voto,,,delegate,,,,0x5c19a95c,,48347,1,,0x5f3e39c0a04665565fe3ba089f22454588d4f688c9a7aef067e7ad9e116a759a,81
2026-09-23T23-05-23-489Z_n-sweep_1-2-4-8-16-32-50,V2,,50,D-voto,,,delegate,,,,0x5c19a95c,,48347,1,,0x7f968e30943d915d45decb0caea3281b5a4ce30a34416fbe354786d67369fd83,81
2026-09-23T23-05-23-489Z_n-sweep_1-2-4-8-16-32-50,V2,,50,D-voto,,,delegate,,,,0x5c19a95c,,48347,1,,0xacced85e76fc346ac6aeec9a7ad6b61324fa6705450ea8d9c6b571e609652ec6,81
2026-09-23T23-05-23-489Z_n-sweep_1-2-4-8-16-32-50,V2,,50,D-voto,,,delegate,,,,0x5c19a95c,,48347,1,,0xc354d6d794f1199566d0378cd1a05e9a5ef44036fa08971363ffdb3f0a83ac1f,81
2026-09-23T23-05-23-489Z_n-sweep_1-2-4-8-16-32-50,V2,,50,D-voto,,,delegate,,,,0x5c19a95c,,48347,1,,0x41430b21e85fff00baa6651f5e9419f14411e203e9c65cf045d70399e1f94f10,81
2026-09-23T23-05-23-489Z_n-sweep_1-2-4-8-16-32-50,V2,,50,D-voto,,,delegate,,,,0x5c19a95c,,48347,1,,0x0bedefd31dfd1911f1b821af9af59b2add8145ffa98e5dbae489249c34ba12b9,81
2026-09-23T23-05-23-489Z_n-sweep_1-2-4-8-16-32-50,V2,,50,D-voto,,,delegate,,,,0x5c19a95c,,48347,1,,0x56ad8c486cf180aa0b39b839e9aa8457bb432ce913afb5054ca9bcce3effbb92,81
2026-09-23T23-05-23-489Z_n-sweep_1-2-4-8-16-32-50,V2,,50,D-voto,,,delegate,,,,0x5c19a95c,,48347,1,,0x889ffacd513472f47703d03e4eb91f2565e857d0c007bd0d90101601ecbd4461,81
2026-09-23T23-05-23-489Z_n-sweep_1-2-4-8-16-32-50,V2,,50,D-voto,,,delegate,,,,0x5c19a95c,,48347,1,,0x300cffcbe8eda0567de301008cf1f50514fdf7ef82e382d9507bbf31fffcabc4,81
2026-09-23T23-05-23-489Z_n-sweep_1-2-4-8-16-32-50,V2,,50,D-voto,,,delegate,,,,0x5c19a95c,,48347,1,,0xb26cc341ef34517b33cf6cd048c8a54704753c40e4e38bdf9dc80c483ec06148,81
2026-09-23T23-05-23-489Z_n-sweep_1-2-4-8-16-32-50,V2,,50,D-voto,,,delegate,,,,0x5c19a95c,,48347,1,,0x58d7882e8df8d9a84dda04828e62e55811e2fc55bbdf72e420a219528a50c760,81
2026-09-23T23-05-23-489Z_n-sweep_1-2-4-8-16-32-50,V2,,50,D-voto,,,delegate,,,,0x5c19a95c,,48347,1,,0xa165579965f85981a3065c1e2b2a0995c5caac5df658402f7efd8b0d0b1c2bce,81
2026-09-23T23-05-23-489Z_n-sweep_1-2-4-8-16-32-50,V2,,50,D-voto,,,delegate,,,,0x5c19a95c,,48347,1,,0xf0592e48b13df8d29c4f13d4da023052f542ca40ddd14d6babaf7ef698f07dbb,81
2026-09-23T23-05-23-489Z_n-sweep_1-2-4-8-16-32-50,V2,,50,D-voto,,,delegate,,,,0x5c19a95c,,48347,1,,0x03d0dbabc01e5d0af5eca4495d4c548d2c41bb5b473d7d98c49d5385061260b8,81
2026-09-23T23-05-23-489Z_n-sweep_1-2-4-8-16-32-50,V2,,50,D-voto,,,delegate,,,,0x5c19a95c,,48347,1,,0x9c249c81d873ecf8e9768db83eb14821c2c218d032b11cd7fe5d12088d668fda,81
2026-09-23T23-05-23-489Z_n-sweep_1-2-4-8-16-32-50,V2,,50,D-voto,,,delegate,,,,0x5c19a95c,,48347,1,,0xcd63dbf8f1f09a2f6a5ff14decca32fb72ad0f1cae7e574b2fc586f13d025bb2,81
2026-09-23T23-05-23-489Z_n-sweep_1-2-4-8-16-32-50,V2,,50,D-voto,,,delegate,,,,0x5c19a95c,,48347,1,,0x046e21685e512200b52e31db93043af7459b5a989dc0808269126d53721ac8f8,81
2026-09-23T23-05-23-489Z_n-sweep_1-2-4-8-16-32-50,V2,,50,D-voto,,,delegate,,,,0x5c19a95c,,48347,1,,0x335f1c45ad548204528f7cadd4671e561c20c9c4fe29b91189feade09701c5a9,81
2026-09-23T23-05-23-489Z_n-sweep_1-2-4-8-16-32-50,V2,,50,D-voto,,,delegate,,,,0x5c19a95c,,48347,1,,0x9f8ade3454be88805b03b02375f2774d72e2d3169cc94a4166c39604e063955f,81
2026-09-23T23-05-23-489Z_n-sweep_1-2-4-8-16-32-50,V2,,50,D-voto,,,delegate,,,,0x5c19a95c,,48347,1,,0xbc2920c9ad77b324c8f64daabfc2a1431c80f30edb3c65e0a07700b98891b56c,81
2026-09-23T23-05-23-489Z_n-sweep_1-2-4-8-16-32-50,V2,,50,D-voto,,,delegate,,,,0x5c19a95c,,48347,1,,0x1ff3b9a6966187a5cd8d575d153f2487b31b83e6d2c103a885d102e6de760040,81
2026-09-23T23-05-23-489Z_n-sweep_1-2-4-8-16-32-50,V2,,50,D-voto,,,delegate,,,,0x5c19a95c,,48347,1,,0x3007abbd2ca5d8a8c5f340a2614ce189759242bb494aab56e592970fe25a61c4,81
2026-09-23T23-05-23-489Z_n-sweep_1-2-4-8-16-32-50,V2,,50,D-voto,,,delegate,,,,0x5c19a95c,,48335,1,,0x1ef3932edbce7e10293b79c0f2bdd68ba9963feeb60783550b8048fadd7093b1,81
2026-09-23T23-05-23-489Z_n-sweep_1-2-4-8-16-32-50,V2,,50,D-voto,,,delegate,,,,0x5c19a95c,,48347,1,,0xc1ed614da0f39e829d43e2c73649b3d798068befc640a8a27a6dfe3b86205651,81
2026-09-23T23-05-23-489Z_n-sweep_1-2-4-8-16-32-50,V2,,50,D-voto,,,delegate,,,,0x5c19a95c,,48347,1,,0x644c69711f4cf1c5519b2b689791a02de2c659aa2334fad7b76f3e0b8ddc92c8,81
2026-09-23T23-05-23-489Z_n-sweep_1-2-4-8-16-32-50,V2,,50,D-voto,,,transfer,,,,0xa9059cbb,,135960,1,,0x988aab2b52dd044a179325bd4967d9ae7237c72920f39685c1b68a865d8bc061,81
2026-09-23T23-05-23-489Z_n-sweep_1-2-4-8-16-32-50,V2,,50,D-voto,,,transfer,,,,0xa9059cbb,,135948,1,,0x1740ec9063dfd663705ab00d6d861409d180c9ad70adc6d28480537016214f76,81
2026-09-23T23-05-23-489Z_n-sweep_1-2-4-8-16-32-50,V2,,50,D-voto,,,transfer,,,,0xa9059cbb,,135960,1,,0xf56fcef6e6bf4bee12e48c2b9df7dbc660058df2a1fb870619e66bc918f52484,81
2026-09-23T23-05-23-489Z_n-sweep_1-2-4-8-16-32-50,V2,,50,D-voto,,,transfer,,,,0xa9059cbb,,135960,1,,0x233ed19ebf1226e5fc37f5fd473c8962d4660a56079a5d6c60cad7337c5b7af9,81
2026-09-23T23-05-23-489Z_n-sweep_1-2-4-8-16-32-50,V2,,50,D-voto,,,transfer,,,,0xa9059cbb,,135960,1,,0xcc782b233f1590adef175cd9036af19be976f253c0218163c06331281c553efe,81
2026-09-23T23-05-23-489Z_n-sweep_1-2-4-8-16-32-50,V2,,50,D-voto,,,transfer,,,,0xa9059cbb,,135960,1,,0xbea6e584f326824c66cd6b2c4015b7b890bfe3cd9eab172363c69ca2e07fc6c2,81
2026-09-23T23-05-23-489Z_n-sweep_1-2-4-8-16-32-50,V2,,50,D-voto,,,transfer,,,,0xa9059cbb,,135960,1,,0x465ed0f194e88c72adeb55b13c9b38160cb85e4cc722e7a5af85df8387d76996,81
2026-09-23T23-05-23-489Z_n-sweep_1-2-4-8-16-32-50,V2,,50,D-voto,,,transfer,,,,0xa9059cbb,,135960,1,,0xd1689b874f589c86d72d375fae0451c938fd231cd4095f970e1dd1b81f8676b7,81
2026-09-23T23-05-23-489Z_n-sweep_1-2-4-8-16-32-50,V2,,50,D-voto,,,transfer,,,,0xa9059cbb,,135960,1,,0xcf893e779208ade49ba3073a23cde3543874fa081e203c8b7d248491c6588cd6,81
2026-09-23T23-05-23-489Z_n-sweep_1-2-4-8-16-32-50,V2,,50,D-voto,,,transfer,,,,0xa9059cbb,,135948,1,,0x55f9f4c5cbe216e8c28f62779d8fa7e3844908ecfb57361604a2d8e371d49fca,81
2026-09-23T23-05-23-489Z_n-sweep_1-2-4-8-16-32-50,V2,,50,D-voto,,,transfer,,,,0xa9059cbb,,135960,1,,0x8dbb2d08f54ac53f17e18a86d078179bdcf4aecc630828e698d239a5cb1f6f8e,81
2026-09-23T23-05-23-489Z_n-sweep_1-2-4-8-16-32-50,V2,,50,D-voto,,,transfer,,,,0xa9059cbb,,135960,1,,0xed649c0db846b2bff19da4f11088b84071c73ddd4ce7d3749ae53eea75ac41db,81
2026-09-23T23-05-23-489Z_n-sweep_1-2-4-8-16-32-50,V2,,50,D-voto,,,transfer,,,,0xa9059cbb,,135960,1,,0xdf2cf31e73eb13bd09dd1afb5bb13ebc7ce5e2763b7e9b9cf73e62e8ef5d4e22,81
2026-09-23T23-05-23-489Z_n-sweep_1-2-4-8-16-32-50,V2,,50,D-voto,,,transfer,,,,0xa9059cbb,,135960,1,,0x3c1627a4e1cac6bb0416fd3e398372366c09d1a68ecfeb6747b79ec38aedf91c,81
2026-09-23T23-05-23-489Z_n-sweep_1-2-4-8-16-32-50,V2,,50,D-voto,,,transfer,,,,0xa9059cbb,,135960,1,,0xc56ae9e1eaa29c1b61ad02ffd529d88ca71dc67f8df801cf2e6338e0c93601c0,81
2026-09-23T23-05-23-489Z_n-sweep_1-2-4-8-16-32-50,V2,,50,D-voto,,,transfer,,,,0xa9059cbb,,135960,1,,0x0d0753aecd5c03f9a033b2f46b7f5cd0425998608ec65fe4e251758640f116cc,81
2026-09-23T23-05-23-489Z_n-sweep_1-2-4-8-16-32-50,V2,,50,D-voto,,,transfer,,,,0xa9059cbb,,135960,1,,0xefbd39c3f9ebfa93ac80f360ffd8980bec4b7e10908c53b00b1e61e174e14477,81
2026-09-23T23-05-23-489Z_n-sweep_1-2-4-8-16-32-50,V2,,50,D-voto,,,transfer,,,,0xa9059cbb,,135960,1,,0x3a2f642f292c833077cfed053ba476469661e3d952ab0f9708e81024e8a131f0,81
2026-09-23T23-05-23-489Z_n-sweep_1-2-4-8-16-32-50,V2,,50,D-voto,,,transfer,,,,0xa9059cbb,,135960,1,,0x92f057c6ea61052e657e17ca72c92f5b41686fa9098dc43c6670fd435baeb520,81
2026-09-23T23-05-23-489Z_n-sweep_1-2-4-8-16-32-50,V2,,50,D-voto,,,transfer,,,,0xa9059cbb,,135960,1,,0x401daf28f880e62370c01be106e283ab587a6a396d0ac9a4c1790b877d11cee7,81
2026-09-23T23-05-23-489Z_n-sweep_1-2-4-8-16-32-50,V2,,50,D-voto,,,transfer,,,,0xa9059cbb,,135960,1,,0x9fcb64d9dee02b77c33a03d55d294baa22cebf6f3fc60761a8ce82a27b27c4ac,81
2026-09-23T23-05-23-489Z_n-sweep_1-2-4-8-16-32-50,V2,,50,D-voto,,,transfer,,,,0xa9059cbb,,135960,1,,0xb12735ad54fd91cf7224ef0aead270b7e5bf6415a1835ea5a76292fff1415cfb,81
2026-09-23T23-05-23-489Z_n-sweep_1-2-4-8-16-32-50,V2,,50,D-voto,,,transfer,,,,0xa9059cbb,,135960,1,,0xfe37646fb15fa8302c991c97cf1f7c1a4a0f2b6acd720ebca26aca50888cda23,81
2026-09-23T23-05-23-489Z_n-sweep_1-2-4-8-16-32-50,V2,,50,D-voto,,,transfer,,,,0xa9059cbb,,135960,1,,0xd60240538b26e59a2163ed3a22c43b9ab1484704bd0b0f3cdefabb88cb5b257e,81
2026-09-23T23-05-23-489Z_n-sweep_1-2-4-8-16-32-50,V2,,50,D-voto,,,transfer,,,,0xa9059cbb,,135948,1,,0xb22c513b7fe482f54292a9bfeef77c21aacef9c17483d515bdfda6c1cf1f42bb,81
2026-09-23T23-05-23-489Z_n-sweep_1-2-4-8-16-32-50,V2,,50,D-voto,,,transfer,,,,0xa9059cbb,,135960,1,,0x88644017f1f3ae21daa385d29aee8d731cf7ba0c9b61e24399db19697919acb2,81
2026-09-23T23-05-23-489Z_n-sweep_1-2-4-8-16-32-50,V2,,50,D-voto,,,transfer,,,,0xa9059cbb,,135960,1,,0xad4486b295fc1a15477c5d8ebe8706f1ed097c809410e10005b1685953c2a2bb,81
2026-09-23T23-05-23-489Z_n-sweep_1-2-4-8-16-32-50,V2,,50,D-voto,,,transfer,,,,0xa9059cbb,,135960,1,,0xc857927978b7fca420d8dfdcf1a08458352c71bd35216ca7bdaabdcf6a420eab,81
2026-09-23T23-05-23-489Z_n-sweep_1-2-4-8-16-32-50,V2,,50,D-voto,,,transfer,,,,0xa9059cbb,,135960,1,,0x19da029d75fd0d87dc7a4f9beb9559a212c97f4650b20bec708183e96523aaba,81
2026-09-23T23-05-23-489Z_n-sweep_1-2-4-8-16-32-50,V2,,50,D-voto,,,transfer,,,,0xa9059cbb,,135960,1,,0xe39ed1dd6a0f306a57d3c39746352501a07bde119ca084d195183aa8257d544c,81
2026-09-23T23-05-23-489Z_n-sweep_1-2-4-8-16-32-50,V2,,50,D-voto,,,transfer,,,,0xa9059cbb,,135960,1,,0x686f042e46d0bb971f2dc7311a4b70e71aa32e852ea51402ab89ee3a2117a475,81
2026-09-23T23-05-23-489Z_n-sweep_1-2-4-8-16-32-50,V2,,50,D-voto,,,transfer,,,,0xa9059cbb,,135960,1,,0xf9e0d46378d7c47514f285080aa1c0ba30ccb144fd11142fd8a0965281717e14,81
2026-09-23T23-05-23-489Z_n-sweep_1-2-4-8-16-32-50,V2,,50,D-voto,,,transfer,,,,0xa9059cbb,,135960,1,,0x403d5ee904eb62cf03710c0775795d94da962bdd3fc2a81d2c0ef4752ac1fe71,81
2026-09-23T23-05-23-489Z_n-sweep_1-2-4-8-16-32-50,V2,,50,D-voto,,,transfer,,,,0xa9059cbb,,135960,1,,0xfdde6c45dcc56940d6e78753c17a5c3fb5be608e7dbf8994340a63db872a194f,81
2026-09-23T23-05-23-489Z_n-sweep_1-2-4-8-16-32-50,V2,,50,D-voto,,,transfer,,,,0xa9059cbb,,135960,1,,0x0ab3489848781558a75a336d69aeae715379240b5a6bd11ad38ea8bd2a829107,81
2026-09-23T23-05-23-489Z_n-sweep_1-2-4-8-16-32-50,V2,,50,D-voto,,,transfer,,,,0xa9059cbb,,135960,1,,0x1682e6d0d561bf9f64b682c350f3b78d5c3a2bd231295f8d74b4c92182f6cc07,81
2026-09-23T23-05-23-489Z_n-sweep_1-2-4-8-16-32-50,V2,,50,D-voto,,,transfer,,,,0xa9059cbb,,135960,1,,0x5b82226f4b3968c0c11ff4245b77ddb5c737ac3d9384e7f0f5dacf91ae505b7c,81
2026-09-23T23-05-23-489Z_n-sweep_1-2-4-8-16-32-50,V2,,50,D-voto,,,transfer,,,,0xa9059cbb,,135960,1,,0x6b5817c5a2f3233a1f4755f91eec5b61a72e50556aeb151d1df361f8dcacafea,81
2026-09-23T23-05-23-489Z_n-sweep_1-2-4-8-16-32-50,V2,,50,D-voto,,,transfer,,,,0xa9059cbb,,135960,1,,0x00442dfd61843442f2f62e78bcf59b803dd8498b1bad260878d59e06f48aaf95,81
2026-09-23T23-05-23-489Z_n-sweep_1-2-4-8-16-32-50,V2,,50,D-voto,,,transfer,,,,0xa9059cbb,,135960,1,,0xf5d2b3eeffb65a663d93b8d3c809b6e5121b8784e868e51af3bdba2deee35a8b,81
2026-09-23T23-05-23-489Z_n-sweep_1-2-4-8-16-32-50,V2,,50,D-voto,,,transfer,,,,0xa9059cbb,,135960,1,,0xf3df28ed5d40b48f8919791b5b9ed50c0de598885569cd4cda2c88678140358b,81
2026-09-23T23-05-23-489Z_n-sweep_1-2-4-8-16-32-50,V2,,50,D-voto,,,transfer,,,,0xa9059cbb,,135960,1,,0xae8265c953b3c6c844fd5e7f9c7464dcd5160d081bd3f12119dae553d5383d46,81
2026-09-23T23-05-23-489Z_n-sweep_1-2-4-8-16-32-50,V2,,50,D-voto,,,transfer,,,,0xa9059cbb,,135960,1,,0x2bedec0ecd73ac805d76d0b0f124d689002219a8553658ae536e50df35c6d9db,81
2026-09-23T23-05-23-489Z_n-sweep_1-2-4-8-16-32-50,V2,,50,D-voto,,,transfer,,,,0xa9059cbb,,135960,1,,0x7911352af92914fc012e9271fef77802aaf80cb03b085ac5b36a82617ef3d87f,81
2026-09-23T23-05-23-489Z_n-sweep_1-2-4-8-16-32-50,V2,,50,D-voto,,,transfer,,,,0xa9059cbb,,135960,1,,0x527083c9aa09a186a9dfde1d6e11e56a88c23af4ff1df829641f565d467e9eb3,81
2026-09-23T23-05-23-489Z_n-sweep_1-2-4-8-16-32-50,V2,,50,D-voto,,,transfer,,,,0xa9059cbb,,135960,1,,0x4fcb61575570970b077a3f0175ad61e8f9b670d214f189be9284c9e38d23ea97,81
2026-09-23T23-05-23-489Z_n-sweep_1-2-4-8-16-32-50,V2,,50,D-voto,,,transfer,,,,0xa9059cbb,,135960,1,,0x4e542c0f00edf948e31ae0044ddc651c40f57f37ff7015611a62d6daf389f5c0,81
2026-09-23T23-05-23-489Z_n-sweep_1-2-4-8-16-32-50,V2,,50,D-voto,,,transfer,,,,0xa9059cbb,,135948,1,,0x678ff5ad84e5f134b40dad86f148a340f9fbc604f5ec27a98b7c60856ee1e375,81
2026-09-23T23-05-23-489Z_n-sweep_1-2-4-8-16-32-50,V2,,50,D-voto,,,transfer,,,,0xa9059cbb,,135960,1,,0x8c9fe884dc095bd2cb142ad2f4c3a32815bf358db82984445b1bebe0c495a13f,81
2026-09-23T23-05-23-489Z_n-sweep_1-2-4-8-16-32-50,V2,,50,D-voto,,,transfer,,,,0xa9059cbb,,135960,1,,0xcae168b52d2afa75f1568ef6aadf2694b4b83c844b2cc07cfa891dbd891f714c,81
2026-09-23T23-05-23-489Z_n-sweep_1-2-4-8-16-32-50,V2,,50,D-voto,,,propose,,,propose,0x7d5e81e2,WasteCategoryRegistry.updateCredits,63315,1,,0xe248b8b87151323a4976effe699b992fcda77720bda01f3cccf77581003b6533,81
2026-09-23T23-05-23-489Z_n-sweep_1-2-4-8-16-32-50,V2,,50,D-voto,,,vote,1,for,,0x56781388,,82468,1,,0x36a2755b0d20aef1c7a35dfd58b24a0d1afdf14eefa168aeea460c53f83c83a3,81
2026-09-23T23-05-23-489Z_n-sweep_1-2-4-8-16-32-50,V2,,50,D-voto,,,vote,2,for,,0x56781388,,65368,1,,0x86d114ad244bb649b54d763ea198782317c380e682f90cf2c8d49975a0d3a17a,81
2026-09-23T23-05-23-489Z_n-sweep_1-2-4-8-16-32-50,V2,,50,D-voto,,,vote,3,for,,0x56781388,,65368,1,,0x9c652ec3d212f280a44509bedee64991d7048675be4a8565851d532333e47fe6,81
2026-09-23T23-05-23-489Z_n-sweep_1-2-4-8-16-32-50,V2,,50,D-voto,,,vote,4,for,,0x56781388,,65368,1,,0xfa70dd25430b0695c6f52906604e7f2c0ff4b10e2a9db98ac41de56d71c5dfa6,81
2026-09-23T23-05-23-489Z_n-sweep_1-2-4-8-16-32-50,V2,,50,D-voto,,,vote,5,for,,0x56781388,,65368,1,,0x8c103286753c9920a7ed8e24825e7517fefdc1266707e26ca2b7685ebc13eb8f,81
2026-09-23T23-05-23-489Z_n-sweep_1-2-4-8-16-32-50,V2,,50,D-voto,,,vote,6,for,,0x56781388,,65368,1,,0x01d6515e9f72e6c6e92f9183f0d9cd3c6937b7dd1455eaa1b231aa8e49d69240,81
2026-09-23T23-05-23-489Z_n-sweep_1-2-4-8-16-32-50,V2,,50,D-voto,,,vote,7,for,,0x56781388,,65368,1,,0x1403dd49b285d2242b5475d3f3f86966dc00aa1e7a8a8b3863b570cddfe29392,81
2026-09-23T23-05-23-489Z_n-sweep_1-2-4-8-16-32-50,V2,,50,D-voto,,,vote,8,for,,0x56781388,,65368,1,,0xf71d9af472f26f79dd9e4d8cf88af2f014989ab383fb89d1160105ab3ff0f413,81
2026-09-23T23-05-23-489Z_n-sweep_1-2-4-8-16-32-50,V2,,50,D-voto,,,vote,9,for,,0x56781388,,65368,1,,0x9c86df29ceda2dc4a32a89fe89d4c5198e093a87f2cc719dfe6a8d6ad5912987,81
2026-09-23T23-05-23-489Z_n-sweep_1-2-4-8-16-32-50,V2,,50,D-voto,,,vote,10,for,,0x56781388,,65368,1,,0xaac6faa7d8378d104f24e6ef51701675f418d34751395512ecb39e3059671863,81
2026-09-23T23-05-23-489Z_n-sweep_1-2-4-8-16-32-50,V2,,50,D-voto,,,vote,11,for,,0x56781388,,65368,1,,0xfa14e5a1ad0bc5c88472938db638c70aa46b3c5aee86a9ac940edcc641cc28ba,81
2026-09-23T23-05-23-489Z_n-sweep_1-2-4-8-16-32-50,V2,,50,D-voto,,,vote,12,for,,0x56781388,,65368,1,,0x2b8c7eaf3f0529330f28922bad44e9143174b90585196f91ed6aef6385b35994,81
2026-09-23T23-05-23-489Z_n-sweep_1-2-4-8-16-32-50,V2,,50,D-voto,,,vote,13,for,,0x56781388,,65368,1,,0xbda4dfcec2146a2b483bd206f7015f1774f29f1040c01642cb79cddbdc2635c5,81
2026-09-23T23-05-23-489Z_n-sweep_1-2-4-8-16-32-50,V2,,50,D-voto,,,vote,14,for,,0x56781388,,65368,1,,0x83bf6cd96407fa7e627848566a515811eb6b651dd6de8bb8ef440e4f5d2e3931,81
2026-09-23T23-05-23-489Z_n-sweep_1-2-4-8-16-32-50,V2,,50,D-voto,,,vote,15,for,,0x56781388,,65368,1,,0xf84615d3a73bfcb09f97bbef0e9104d82e329a182e8489df5bd87056c1e18920,81
2026-09-23T23-05-23-489Z_n-sweep_1-2-4-8-16-32-50,V2,,50,D-voto,,,vote,16,for,,0x56781388,,65368,1,,0x93b858982f59a85c4f10d2d29eeb6e30071d0d33eef7107f0171448e78544d56,81
2026-09-23T23-05-23-489Z_n-sweep_1-2-4-8-16-32-50,V2,,50,D-voto,,,vote,17,for,,0x56781388,,65368,1,,0xb6f4c36f71e8ae3855615dc016f7dbe7294a606af08ff03c3c162fb80b9cac79,81
2026-09-23T23-05-23-489Z_n-sweep_1-2-4-8-16-32-50,V2,,50,D-voto,,,vote,18,for,,0x56781388,,65368,1,,0x3dcb5923b4fe8b7f844fa005a7eb56012eff6343670b0174f76a54ac3f0f7e72,81
2026-09-23T23-05-23-489Z_n-sweep_1-2-4-8-16-32-50,V2,,50,D-voto,,,vote,19,for,,0x56781388,,65368,1,,0x67ef42b799088dc551a7efb1869dbc44210cde81b9604e406e29e09965e05faa,81
2026-09-23T23-05-23-489Z_n-sweep_1-2-4-8-16-32-50,V2,,50,D-voto,,,vote,20,for,,0x56781388,,65368,1,,0x5e755412848ce4d81ec8203247113005d4fa24b0b1677fe03248727612eeab67,81
2026-09-23T23-05-23-489Z_n-sweep_1-2-4-8-16-32-50,V2,,50,D-voto,,,vote,21,for,,0x56781388,,65368,1,,0x4746ff5f025e8755f79b53f4381e470dab87bc03c218f5dbd971320581811b14,81
2026-09-23T23-05-23-489Z_n-sweep_1-2-4-8-16-32-50,V2,,50,D-voto,,,vote,22,for,,0x56781388,,65368,1,,0x39d5f2c08f3c24242aeea53fb1a33eaebe535ee0f440fda7ab5f7ff4ef5e7155,81
2026-09-23T23-05-23-489Z_n-sweep_1-2-4-8-16-32-50,V2,,50,D-voto,,,vote,23,for,,0x56781388,,65368,1,,0xef2d3758ce5979552eca3eeaf60863dce0258bfd08da472ee8fbd4c69b9013d7,81
2026-09-23T23-05-23-489Z_n-sweep_1-2-4-8-16-32-50,V2,,50,D-voto,,,vote,24,for,,0x56781388,,65368,1,,0x04df3a37d39ec4f34394bc4a9eae297a70a5fd9a57c5dcddbfbcfcbe69aa9a14,81
2026-09-23T23-05-23-489Z_n-sweep_1-2-4-8-16-32-50,V2,,50,D-voto,,,vote,1,against,,0x56781388,,82416,1,,0xd204ffd58c9b707ba0f378153c5b51ef5d0b3cfc724dcc492e2eb5e91260cb2b,81
2026-09-23T23-05-23-489Z_n-sweep_1-2-4-8-16-32-50,V2,,50,D-voto,,,vote,2,against,,0x56781388,,65316,1,,0x4068af4014b6d835b4833cccd6c500ef54835caf70ee16f1c9f585a5e8cbc554,81
2026-09-23T23-05-23-489Z_n-sweep_1-2-4-8-16-32-50,V2,,50,D-voto,,,vote,3,against,,0x56781388,,65316,1,,0x11ad3d155140a3abfacf137f289bd9c7fc6746fe5e507db5f877fd64a3ffa854,81
2026-09-23T23-05-23-489Z_n-sweep_1-2-4-8-16-32-50,V2,,50,D-voto,,,vote,4,against,,0x56781388,,65316,1,,0x2209d5445d37cd80d80ed3faaf35b035216d30a7887e7ecb4c285fd7957a7adc,81
2026-09-23T23-05-23-489Z_n-sweep_1-2-4-8-16-32-50,V2,,50,D-voto,,,vote,5,against,,0x56781388,,65316,1,,0xd83da1661b8520bc1f735015b3ace3fa047db2cd7ae6c01ec7905dd915da5fae,81
2026-09-23T23-05-23-489Z_n-sweep_1-2-4-8-16-32-50,V2,,50,D-voto,,,vote,6,against,,0x56781388,,65316,1,,0xa0c2066bd1b3671f64cf4169f5164f6d933093d87e3c2a5162024d26789b6a0a,81
2026-09-23T23-05-23-489Z_n-sweep_1-2-4-8-16-32-50,V2,,50,D-voto,,,vote,7,against,,0x56781388,,65316,1,,0x032619f562bc5f6e73b95765dcbd64060d6cd37181283ddfb4136296799bc794,81
2026-09-23T23-05-23-489Z_n-sweep_1-2-4-8-16-32-50,V2,,50,D-voto,,,vote,8,against,,0x56781388,,65316,1,,0xfdc314bc9835eb6dffe9b7669f8c8512c706690c7bc5cdc1e0243a597c5b68ce,81
2026-09-23T23-05-23-489Z_n-sweep_1-2-4-8-16-32-50,V2,,50,D-voto,,,vote,9,against,,0x56781388,,65316,1,,0x451b77eb2c60f85bbc1cd5d821fbff59292c594a0b7a5b28e3d6ad250dd3c964,81
2026-09-23T23-05-23-489Z_n-sweep_1-2-4-8-16-32-50,V2,,50,D-voto,,,vote,10,against,,0x56781388,,65316,1,,0x50163bca41d86fd1f5916432d180c13d0674e3ec47e4ab745c5b7895baba4445,81
2026-09-23T23-05-23-489Z_n-sweep_1-2-4-8-16-32-50,V2,,50,D-voto,,,vote,11,against,,0x56781388,,65316,1,,0xdd499f1a784c4ef3b25ebe16c034e380c0fdd8dbc5f310a058ffc6e46abce10d,81
2026-09-23T23-05-23-489Z_n-sweep_1-2-4-8-16-32-50,V2,,50,D-voto,,,vote,12,against,,0x56781388,,65316,1,,0x466d0ea4bb9fb8bf1e4dbf83fdb411a0a8d208ab27fbe523553140a3a1090e6a,81
2026-09-23T23-05-23-489Z_n-sweep_1-2-4-8-16-32-50,V2,,50,D-voto,,,vote,13,against,,0x56781388,,65316,1,,0x979d45eaafcede59aea9c00e156d4c06e492a3628a964402e98de6df7229f140,81
2026-09-23T23-05-23-489Z_n-sweep_1-2-4-8-16-32-50,V2,,50,D-voto,,,vote,14,against,,0x56781388,,65316,1,,0xc385ad230c0e8eaaad39621423e93f825f4d33738322a86a7646e14c519ae6bb,81
2026-09-23T23-05-23-489Z_n-sweep_1-2-4-8-16-32-50,V2,,50,D-voto,,,vote,15,against,,0x56781388,,65316,1,,0x13a5631cd1f6c40fe042762fe3105721d60589d1978211b07cb919935e43c91f,81
2026-09-23T23-05-23-489Z_n-sweep_1-2-4-8-16-32-50,V2,,50,D-voto,,,vote,16,against,,0x56781388,,65316,1,,0x983f0d9bd53023636a60b9ea57def7985ec3443cff9352e9a62b6765ae3de0ec,81
2026-09-23T23-05-23-489Z_n-sweep_1-2-4-8-16-32-50,V2,,50,D-voto,,,vote,17,against,,0x56781388,,65316,1,,0x5b735b58efef80ee9cc15281e4324fc29bf732f38618940ff93b1832a0b32a0e,81
2026-09-23T23-05-23-489Z_n-sweep_1-2-4-8-16-32-50,V2,,50,D-voto,,,vote,18,against,,0x56781388,,65316,1,,0x1f0ef963ae2d0457bc91d6b0279d90bf2c2dfa2333ea74f8c3822360a41e4a4e,81
2026-09-23T23-05-23-489Z_n-sweep_1-2-4-8-16-32-50,V2,,50,D-voto,,,vote,19,against,,0x56781388,,65316,1,,0xd57216bbc94d1fe541b37ed274c712d4814b07878af007408a7191992451a16d,81
2026-09-23T23-05-23-489Z_n-sweep_1-2-4-8-16-32-50,V2,,50,D-voto,,,vote,20,against,,0x56781388,,65316,1,,0xc5f7e5614c45e0ca3cadaed875e30e8a27a4a2cce96feee3655857d1b35ae758,81
2026-09-23T23-05-23-489Z_n-sweep_1-2-4-8-16-32-50,V2,,50,D-voto,,,vote,21,against,,0x56781388,,65316,1,,0xa02b0aa8152484081ab03ddab92f6f790fb51975451010b38e314d8e47b75bb2,81
2026-09-23T23-05-23-489Z_n-sweep_1-2-4-8-16-32-50,V2,,50,D-voto,,,vote,22,against,,0x56781388,,65316,1,,0x340d50aeb2931843a8daa5cf171d1ab597f9e4fd91d04464642b2ecc6361ed89,81
2026-09-23T23-05-23-489Z_n-sweep_1-2-4-8-16-32-50,V2,,50,D-voto,,,vote,23,against,,0x56781388,,65316,1,,0x4b30460bd495d505f7c4b11b953e02cdfc7fba10f29c08d8154194dc945aaf6b,81
2026-09-23T23-05-23-489Z_n-sweep_1-2-4-8-16-32-50,V2,,50,D-voto,,,vote,24,against,,0x56781388,,65316,1,,0xc8dd07827364e9936f93c50225d55585b4380ca10884205c93e5bf27e47fd3a5,81
2026-09-23T23-05-23-489Z_n-sweep_1-2-4-8-16-32-50,V2,,50,D-voto,,,vote,25,against,,0x56781388,,65316,1,,0x15eab44bfec630fee4e02377270f8cf521c73828c149deec7f788881d866984e,81
2026-09-23T23-05-23-489Z_n-sweep_1-2-4-8-16-32-50,V2,,50,D-voto,,,vote,26,against,,0x56781388,,65316,1,,0x8f39ecd7362dc0ec2b0829d18e1ec699db0a51202c8429b4dff2e850f236b71f,81
2026-09-23T23-05-23-489Z_n-sweep_1-2-4-8-16-32-50,V2,,50,D-voto,,,execute_attempt,,,execute,0x2656227d,WasteCategoryRegistry.updateCredits,40422,0,"VM Exception while processing transaction: reverted with custom error 'GovernorUnexpectedProposalState(76534845162029606128121050385111464420890911772804987752175990050991942563930, 3, '0x0000000000000000000000000000000000000000000000000000000000000030')'",0x3330f36f1bb0ee2546945f4f33b9948ddf120a05e153d9aefb2b9d5cd28422d2,81
2026-09-23T23-05-23-489Z_n-sweep_1-2-4-8-16-32-50,V0,T1,,,,,deploy_token_T1,,,constructor,0x61016060,,1621017,1,,0xece28f063ba256e8fc65152daf61fe745a7823e8ba387b1b661409f18f6dc4cc,82
2026-09-23T23-05-23-489Z_n-sweep_1-2-4-8-16-32-50,V0,,,,,,deploy_registry,,,constructor,0x60806040,,4590964,1,,0x9005486642112873086c0faf3a06ce7199e3377186a80eb6eea4235f5e1c6f56,82
2026-09-23T23-05-23-489Z_n-sweep_1-2-4-8-16-32-50,V0,,,,,,deploy_governor_V0,,,constructor,0x6101c080,,2133394,1,,0x8b33a795df9df0e5a3cb812430955580d1fb4f654a6028dd161238e13d560524,82
2026-09-23T23-05-23-489Z_n-sweep_1-2-4-8-16-32-50,V0,,,,,,grant_admin_role,,,grantRole,0x2f2ff15d,,50799,1,,0xb518a3911be32f0a59dcaec3e43c7ec54010f07f3e473d550516b1aab1a18d6b,82
2026-09-23T23-05-23-489Z_n-sweep_1-2-4-8-16-32-50,V0,,,,,,revoke_deployer_admin_role,,,revokeRole,0xd547741f,,27116,1,,0x8cb08b8b6ca45600b76a431b4cd18aee2095374e00c890903bfaa28d83b5f82b,82
2026-09-23T23-05-23-489Z_n-sweep_1-2-4-8-16-32-50,V0,,50,E-empate,,,delegate_admin,,,,0x5c19a95c,,95559,1,,0xfa43c1f7a1a1658c8aeac58119b26e806face10fc63ae3e18099942309f4d395,82
2026-09-23T23-05-23-489Z_n-sweep_1-2-4-8-16-32-50,V0,,50,E-empate,,,delegate,,,,0x5c19a95c,,48347,1,,0xf96ae171d39b1290c248e3ee88c92c43e24751ff4aacf46bad404cad29a33e37,82
2026-09-23T23-05-23-489Z_n-sweep_1-2-4-8-16-32-50,V0,,50,E-empate,,,delegate,,,,0x5c19a95c,,48335,1,,0x65ff74d2610d5c80f16dc62aa4e01b339a9ecd8c95911ae092d678a9792cdcb8,82
2026-09-23T23-05-23-489Z_n-sweep_1-2-4-8-16-32-50,V0,,50,E-empate,,,delegate,,,,0x5c19a95c,,48347,1,,0xb06e4e18b389cc3c69848b844c44927f26087a909c0e4532a1ba892e8d7bac4c,82
2026-09-23T23-05-23-489Z_n-sweep_1-2-4-8-16-32-50,V0,,50,E-empate,,,delegate,,,,0x5c19a95c,,48347,1,,0xfdc5c4ae6e458adbd0780d18d4ef20dca6b7a02f3efff2f7c0eec7590e340a41,82
2026-09-23T23-05-23-489Z_n-sweep_1-2-4-8-16-32-50,V0,,50,E-empate,,,delegate,,,,0x5c19a95c,,48347,1,,0x5c4d4bc02e09949d860a2c409a26209335f7c4e4eca7ac13d0e60a5cf0d0f233,82
2026-09-23T23-05-23-489Z_n-sweep_1-2-4-8-16-32-50,V0,,50,E-empate,,,delegate,,,,0x5c19a95c,,48347,1,,0x8eb2597a239d7d5a9d780141fa850308f21a221b62b2f0b2cd01922a25b294b2,82
2026-09-23T23-05-23-489Z_n-sweep_1-2-4-8-16-32-50,V0,,50,E-empate,,,delegate,,,,0x5c19a95c,,48347,1,,0x61b0a2cbceae6ab3b47dbad41fbaa57485b4b4545814b177fb76f5e80989f4b6,82
2026-09-23T23-05-23-489Z_n-sweep_1-2-4-8-16-32-50,V0,,50,E-empate,,,delegate,,,,0x5c19a95c,,48347,1,,0x8e8293e79ce57e8b2bd6c914c167b0ec5858ded7d332cc962607075acbcc0b43,82
2026-09-23T23-05-23-489Z_n-sweep_1-2-4-8-16-32-50,V0,,50,E-empate,,,delegate,,,,0x5c19a95c,,48347,1,,0x700d26ece381a9328c0c0607c8015a890a8cc373fc0ec5e3e5957a9b1720c821,82
2026-09-23T23-05-23-489Z_n-sweep_1-2-4-8-16-32-50,V0,,50,E-empate,,,delegate,,,,0x5c19a95c,,48335,1,,0x827f347ed9162ee5aa31942cb2cd15f5b7940183deaee5d4a11b6efe87452173,82
2026-09-23T23-05-23-489Z_n-sweep_1-2-4-8-16-32-50,V0,,50,E-empate,,,delegate,,,,0x5c19a95c,,48347,1,,0x05e0616bb804c3cd4df19f7b0cf511dbcb6e9524c52bcfbf8b39223490cc0846,82
2026-09-23T23-05-23-489Z_n-sweep_1-2-4-8-16-32-50,V0,,50,E-empate,,,delegate,,,,0x5c19a95c,,48347,1,,0x7409a97667b08d9b70b0d678843340d442fad8337ae46944499977e000325f92,82
2026-09-23T23-05-23-489Z_n-sweep_1-2-4-8-16-32-50,V0,,50,E-empate,,,delegate,,,,0x5c19a95c,,48347,1,,0x06bc39c687cf89ca2626bc142b16cf4a83fd68b90155fd6344acd5c17148d8a6,82
2026-09-23T23-05-23-489Z_n-sweep_1-2-4-8-16-32-50,V0,,50,E-empate,,,delegate,,,,0x5c19a95c,,48347,1,,0xe5d3691fe9ffad366e158fc098b74dd6635f083c235a6588c23e1d5313889cc9,82
2026-09-23T23-05-23-489Z_n-sweep_1-2-4-8-16-32-50,V0,,50,E-empate,,,delegate,,,,0x5c19a95c,,48347,1,,0x75300fe9f7d70fbe306b3cefadf0423a64334a4470eee34e958b76b4418900c0,82
2026-09-23T23-05-23-489Z_n-sweep_1-2-4-8-16-32-50,V0,,50,E-empate,,,delegate,,,,0x5c19a95c,,48347,1,,0xef2cf8fae96fa4c95b9eb5fc78e668af4f5126a23f921c90e15afdcffccd9bf9,82
2026-09-23T23-05-23-489Z_n-sweep_1-2-4-8-16-32-50,V0,,50,E-empate,,,delegate,,,,0x5c19a95c,,48347,1,,0x75636b14aa58b1ee084fe99cfffb238b737ed57732e5f8ae341a0948974569ff,82
2026-09-23T23-05-23-489Z_n-sweep_1-2-4-8-16-32-50,V0,,50,E-empate,,,delegate,,,,0x5c19a95c,,48347,1,,0x65f4191d52cde8745142fbad7dab453ac77b84433334a064c65edeec324649be,82
2026-09-23T23-05-23-489Z_n-sweep_1-2-4-8-16-32-50,V0,,50,E-empate,,,delegate,,,,0x5c19a95c,,48347,1,,0x0015672d62ab0be7ad971272757786d6751bd437c259b6f784a5abb0f9f433e0,82
2026-09-23T23-05-23-489Z_n-sweep_1-2-4-8-16-32-50,V0,,50,E-empate,,,delegate,,,,0x5c19a95c,,48347,1,,0xf061e3370e552636294057b3e13f8e38e49eb9ccd954add59da578817c58a14b,82
2026-09-23T23-05-23-489Z_n-sweep_1-2-4-8-16-32-50,V0,,50,E-empate,,,delegate,,,,0x5c19a95c,,48347,1,,0x68475bd925d88da79400657a3df0347cc6be2f887e9fd5fcbf64f6c37d69bf4c,82
2026-09-23T23-05-23-489Z_n-sweep_1-2-4-8-16-32-50,V0,,50,E-empate,,,delegate,,,,0x5c19a95c,,48347,1,,0xd0da4d004b36ebb022f1b178255cff262f0f75fc2d5a7fda434ccc846c4f7499,82
2026-09-23T23-05-23-489Z_n-sweep_1-2-4-8-16-32-50,V0,,50,E-empate,,,delegate,,,,0x5c19a95c,,48347,1,,0xaae5636599004f1ba254fea80dbb33335f44a116db4d94090e99b80481406327,82
2026-09-23T23-05-23-489Z_n-sweep_1-2-4-8-16-32-50,V0,,50,E-empate,,,delegate,,,,0x5c19a95c,,48347,1,,0xfcd4c1dd668d5148e045ce4771c59bdb6f602ef49d2404bbfeb296fc6ce93753,82
2026-09-23T23-05-23-489Z_n-sweep_1-2-4-8-16-32-50,V0,,50,E-empate,,,delegate,,,,0x5c19a95c,,48335,1,,0x4ebfe89be7e94686ecfb217057d8b4fa5161bcce6d50adcc044a0aff6d4282af,82
2026-09-23T23-05-23-489Z_n-sweep_1-2-4-8-16-32-50,V0,,50,E-empate,,,delegate,,,,0x5c19a95c,,48347,1,,0xb3d77ed4f7a6d94080b6c775433f6c6f21a916c783059136f4572f52dc3a8874,82
2026-09-23T23-05-23-489Z_n-sweep_1-2-4-8-16-32-50,V0,,50,E-empate,,,delegate,,,,0x5c19a95c,,48347,1,,0x127f4971e3e590d8328bd74ed6096c37b20e6836b27cf90514b9a87cd503f413,82
2026-09-23T23-05-23-489Z_n-sweep_1-2-4-8-16-32-50,V0,,50,E-empate,,,delegate,,,,0x5c19a95c,,48347,1,,0xb67155a13ea706a326342e60462ed0ed7c4a680e0112e43260248751f2fe896b,82
2026-09-23T23-05-23-489Z_n-sweep_1-2-4-8-16-32-50,V0,,50,E-empate,,,delegate,,,,0x5c19a95c,,48347,1,,0xe2be7e7d00839d4fa7d3020666aa9dcf9efcdc40f9fa77a35592a87459c52b90,82
2026-09-23T23-05-23-489Z_n-sweep_1-2-4-8-16-32-50,V0,,50,E-empate,,,delegate,,,,0x5c19a95c,,48347,1,,0xb535243780f9c28da64ec7309760125fe2487568589114d83acf79e30a47d760,82
2026-09-23T23-05-23-489Z_n-sweep_1-2-4-8-16-32-50,V0,,50,E-empate,,,delegate,,,,0x5c19a95c,,48347,1,,0x293dda08d12cb640488f1dad6a8ab9d2c5b59be364ffe60275d52382b886183e,82
2026-09-23T23-05-23-489Z_n-sweep_1-2-4-8-16-32-50,V0,,50,E-empate,,,delegate,,,,0x5c19a95c,,48347,1,,0xacef40fd99317b96d80072941137339058a20720c237b0b3cc16b1e2fa83b630,82
2026-09-23T23-05-23-489Z_n-sweep_1-2-4-8-16-32-50,V0,,50,E-empate,,,delegate,,,,0x5c19a95c,,48347,1,,0x874e3bdbbb382b33fc802e762b8afaeb74890371f9e90e42b654398963d5450a,82
2026-09-23T23-05-23-489Z_n-sweep_1-2-4-8-16-32-50,V0,,50,E-empate,,,delegate,,,,0x5c19a95c,,48347,1,,0xc4ce881a3229757ef0916b5b38f56fd71ea37dc4ce0c25657fe825333b1390a9,82
2026-09-23T23-05-23-489Z_n-sweep_1-2-4-8-16-32-50,V0,,50,E-empate,,,delegate,,,,0x5c19a95c,,48347,1,,0x948aa1237a772b9ae7ceaf6a877c58a9eaee86be4b1632334a83eb32fc9c970e,82
2026-09-23T23-05-23-489Z_n-sweep_1-2-4-8-16-32-50,V0,,50,E-empate,,,delegate,,,,0x5c19a95c,,48347,1,,0x724a0f6b2002a9186c36b165e7ecbbc7a40a76030969b40a2e2577eb54a1820f,82
2026-09-23T23-05-23-489Z_n-sweep_1-2-4-8-16-32-50,V0,,50,E-empate,,,delegate,,,,0x5c19a95c,,48347,1,,0xe6bf6e8535c492cbc219ebcb66906e13fe0e8aba65db27b0ee807a9ce50159a6,82
2026-09-23T23-05-23-489Z_n-sweep_1-2-4-8-16-32-50,V0,,50,E-empate,,,delegate,,,,0x5c19a95c,,48347,1,,0x99934c52da999bd333bf0bcb8dcb9052eb729ff6de129a19e7858a1114758b5f,82
2026-09-23T23-05-23-489Z_n-sweep_1-2-4-8-16-32-50,V0,,50,E-empate,,,delegate,,,,0x5c19a95c,,48347,1,,0xae5a74f4a15509d401b33a9d2e0d0b103c7368bbda3092183fd7afec21fe1b38,82
2026-09-23T23-05-23-489Z_n-sweep_1-2-4-8-16-32-50,V0,,50,E-empate,,,delegate,,,,0x5c19a95c,,48347,1,,0x4e03c40365e3f08445610173d8a5aab17c1a9985617b23002e99146989bde67b,82
2026-09-23T23-05-23-489Z_n-sweep_1-2-4-8-16-32-50,V0,,50,E-empate,,,delegate,,,,0x5c19a95c,,48347,1,,0xbd7c7e71b663e95a1ebb4df4d571f63f55405d7c2a5a3b82f3bfd4bd2f4a4f3c,82
2026-09-23T23-05-23-489Z_n-sweep_1-2-4-8-16-32-50,V0,,50,E-empate,,,delegate,,,,0x5c19a95c,,48347,1,,0x5710d169af4337148348bf7e90435b7ad2643c5cb5e68be237c055acf992bb1d,82
2026-09-23T23-05-23-489Z_n-sweep_1-2-4-8-16-32-50,V0,,50,E-empate,,,delegate,,,,0x5c19a95c,,48347,1,,0x26ac86c5b4e952fd269d281f8f584bac9de144147fc74ac458b0892301875b65,82
2026-09-23T23-05-23-489Z_n-sweep_1-2-4-8-16-32-50,V0,,50,E-empate,,,delegate,,,,0x5c19a95c,,48347,1,,0xdd18dda4f7d2f9d5017a5099fc65f2bde9900c2b7f7cd9142c85bc45302d997d,82
2026-09-23T23-05-23-489Z_n-sweep_1-2-4-8-16-32-50,V0,,50,E-empate,,,delegate,,,,0x5c19a95c,,48347,1,,0x2526a88e7a9bc23abf7e291112eed1cf1dc580bc6f130dac24bd7d5944d87477,82
2026-09-23T23-05-23-489Z_n-sweep_1-2-4-8-16-32-50,V0,,50,E-empate,,,delegate,,,,0x5c19a95c,,48347,1,,0x3075040da32eb21282662e62054f3e200a8446f2d4f403eef3fa94bb1635ff76,82
2026-09-23T23-05-23-489Z_n-sweep_1-2-4-8-16-32-50,V0,,50,E-empate,,,delegate,,,,0x5c19a95c,,48347,1,,0x066952594f6e38e25be3e8a6a7f209366afa55abc166c93a8e224bb511c8494d,82
2026-09-23T23-05-23-489Z_n-sweep_1-2-4-8-16-32-50,V0,,50,E-empate,,,delegate,,,,0x5c19a95c,,48335,1,,0x8bb8a33bff13c7144c1f418543083d6f94567244d79ea8f619a0c75a2f27fa4a,82
2026-09-23T23-05-23-489Z_n-sweep_1-2-4-8-16-32-50,V0,,50,E-empate,,,delegate,,,,0x5c19a95c,,48347,1,,0x6c54c809c4f9534d5cba051c534c1e8766baef0a8a908131461d33d9128bbfcc,82
2026-09-23T23-05-23-489Z_n-sweep_1-2-4-8-16-32-50,V0,,50,E-empate,,,delegate,,,,0x5c19a95c,,48347,1,,0x8adf4db6c4d4616dc2f62bf4dd64239a4831bcda025ec23ae708a17092102b68,82
2026-09-23T23-05-23-489Z_n-sweep_1-2-4-8-16-32-50,V0,,50,E-empate,,,transfer,,,,0xa9059cbb,,135960,1,,0x4738f12ddbf16b15af30490182badd2176f325bdbab0b6478398bbec79b7dc28,82
2026-09-23T23-05-23-489Z_n-sweep_1-2-4-8-16-32-50,V0,,50,E-empate,,,transfer,,,,0xa9059cbb,,135948,1,,0xdb5365bb2be3b7b8cc112f0213d633ade3c7e7bc7ad9aaecf62e64ed9e1a7caf,82
2026-09-23T23-05-23-489Z_n-sweep_1-2-4-8-16-32-50,V0,,50,E-empate,,,transfer,,,,0xa9059cbb,,135960,1,,0xf98f425e5752485b25ef0ccd95a4c78376b83c881983a0bac773be47febfb65f,82
2026-09-23T23-05-23-489Z_n-sweep_1-2-4-8-16-32-50,V0,,50,E-empate,,,transfer,,,,0xa9059cbb,,135960,1,,0x282473fb0ccbf3e1c08e1e9108475757ea33bdb7a1ec0fd7e9972935b8147ff9,82
2026-09-23T23-05-23-489Z_n-sweep_1-2-4-8-16-32-50,V0,,50,E-empate,,,transfer,,,,0xa9059cbb,,135960,1,,0x3be689c6bafe86b1298a5cdf8208350cc4ed03f598caecb4ba939120ca95cbdc,82
2026-09-23T23-05-23-489Z_n-sweep_1-2-4-8-16-32-50,V0,,50,E-empate,,,transfer,,,,0xa9059cbb,,135960,1,,0x9de6714ab89d8a5fd3f2597570bc143f3a1af9127378ed9af281e65fc3ec9fe3,82
2026-09-23T23-05-23-489Z_n-sweep_1-2-4-8-16-32-50,V0,,50,E-empate,,,transfer,,,,0xa9059cbb,,135960,1,,0x7e80f334a1dee70982fdab945ebab57269fa1beb2d43e65f710360b0a2cd982e,82
2026-09-23T23-05-23-489Z_n-sweep_1-2-4-8-16-32-50,V0,,50,E-empate,,,transfer,,,,0xa9059cbb,,135960,1,,0x27b1ae83c293848bd4c7ef8e83394180fe459102a982bdb0e0ae72172b47c354,82
2026-09-23T23-05-23-489Z_n-sweep_1-2-4-8-16-32-50,V0,,50,E-empate,,,transfer,,,,0xa9059cbb,,135960,1,,0x96b0fdfd4af3aa894f947917a36b55e1ad07a60d97edb7750d413e9dee2381db,82
2026-09-23T23-05-23-489Z_n-sweep_1-2-4-8-16-32-50,V0,,50,E-empate,,,transfer,,,,0xa9059cbb,,135948,1,,0x7453cb68c65eced2c1a8c0edc7d2e6fa2a15d17379d1524cccbce7273eb710e2,82
2026-09-23T23-05-23-489Z_n-sweep_1-2-4-8-16-32-50,V0,,50,E-empate,,,transfer,,,,0xa9059cbb,,135960,1,,0xcfdfd9f8e74005133c4ec2fd8a45d7fa3c34b933659d0d018b7373909c364a3e,82
2026-09-23T23-05-23-489Z_n-sweep_1-2-4-8-16-32-50,V0,,50,E-empate,,,transfer,,,,0xa9059cbb,,135960,1,,0x2e2a45a060e33ad6eba15323c3a182a7702afc84c27cee14937941973cb7195b,82
2026-09-23T23-05-23-489Z_n-sweep_1-2-4-8-16-32-50,V0,,50,E-empate,,,transfer,,,,0xa9059cbb,,135960,1,,0x722861688ab8b9316c7799d53a4d244274fa5496db0445e9c2d2dfebf40d2897,82
2026-09-23T23-05-23-489Z_n-sweep_1-2-4-8-16-32-50,V0,,50,E-empate,,,transfer,,,,0xa9059cbb,,135960,1,,0xf2376b0b632ee2352a46ae959e025cffa360b8a0b80fe50067621a998c1c43ad,82
2026-09-23T23-05-23-489Z_n-sweep_1-2-4-8-16-32-50,V0,,50,E-empate,,,transfer,,,,0xa9059cbb,,135960,1,,0x156ccb35128f8673eab3be2c7c688727058a7508fbe508737eafc52903bd8a6c,82
2026-09-23T23-05-23-489Z_n-sweep_1-2-4-8-16-32-50,V0,,50,E-empate,,,transfer,,,,0xa9059cbb,,135960,1,,0x434ff5731b4fe7cad4d5fae127a37979539dd00a9c81ff44d7f9952eaec35981,82
2026-09-23T23-05-23-489Z_n-sweep_1-2-4-8-16-32-50,V0,,50,E-empate,,,transfer,,,,0xa9059cbb,,135960,1,,0xff53509b7ffa83e91a8d9f7308739cadef5de861d1ac9b010f8563630ddbb9e8,82
2026-09-23T23-05-23-489Z_n-sweep_1-2-4-8-16-32-50,V0,,50,E-empate,,,transfer,,,,0xa9059cbb,,135960,1,,0x1481a6fac12abbfb5ae438615ae4c4890ac6c3f37e8bafd47abaebebb776710e,82
2026-09-23T23-05-23-489Z_n-sweep_1-2-4-8-16-32-50,V0,,50,E-empate,,,transfer,,,,0xa9059cbb,,135960,1,,0x40d31992dad738e7161a566a97470f4f23d6224713e3a3a21f23a99f256113ad,82
2026-09-23T23-05-23-489Z_n-sweep_1-2-4-8-16-32-50,V0,,50,E-empate,,,transfer,,,,0xa9059cbb,,135960,1,,0xd431457b152a5fbcd99e6a68f5e09c4ea8ddcc9957b99171d54a0ec35f2e2d5a,82
2026-09-23T23-05-23-489Z_n-sweep_1-2-4-8-16-32-50,V0,,50,E-empate,,,transfer,,,,0xa9059cbb,,135960,1,,0xdaeea444fedb436c0f47827c738f564c1f0cd769f13db84099d2267a182c9da4,82
2026-09-23T23-05-23-489Z_n-sweep_1-2-4-8-16-32-50,V0,,50,E-empate,,,transfer,,,,0xa9059cbb,,135960,1,,0xb6aac0f166fa785c1143df1ecc212bd14ea1f84c2b60f02bb9852740c6bd0b1f,82
2026-09-23T23-05-23-489Z_n-sweep_1-2-4-8-16-32-50,V0,,50,E-empate,,,transfer,,,,0xa9059cbb,,135960,1,,0x789df9d95ad058b19bb121d61079bb7415b425edf0e895abea736359d155b086,82
2026-09-23T23-05-23-489Z_n-sweep_1-2-4-8-16-32-50,V0,,50,E-empate,,,transfer,,,,0xa9059cbb,,135960,1,,0x01501a0527d8caa8394991f46f946df92ecc192ee6850c384c5525558f7eb592,82
2026-09-23T23-05-23-489Z_n-sweep_1-2-4-8-16-32-50,V0,,50,E-empate,,,transfer,,,,0xa9059cbb,,135948,1,,0x3b06d60815284c0ce920efdf41b4432d07213c3928da5626c700316a2c40c2c0,82
2026-09-23T23-05-23-489Z_n-sweep_1-2-4-8-16-32-50,V0,,50,E-empate,,,transfer,,,,0xa9059cbb,,135960,1,,0x6bb98515438640ac2e7fa535c7796ef27283be00a404038eba97c552161e6001,82
2026-09-23T23-05-23-489Z_n-sweep_1-2-4-8-16-32-50,V0,,50,E-empate,,,transfer,,,,0xa9059cbb,,135960,1,,0x84de23390c0a8dcca680eb39469b10b60dbb26548279fad2329dd60c75502d0b,82
2026-09-23T23-05-23-489Z_n-sweep_1-2-4-8-16-32-50,V0,,50,E-empate,,,transfer,,,,0xa9059cbb,,135960,1,,0x33f8412c15d4105b6d336a8b07bbfb7d530e5b10ef6319f32d920ebb838648ec,82
2026-09-23T23-05-23-489Z_n-sweep_1-2-4-8-16-32-50,V0,,50,E-empate,,,transfer,,,,0xa9059cbb,,135960,1,,0xb0333deee0af7b78d7b4b5b86633676bdae519326d484603675db0f26c88b9df,82
2026-09-23T23-05-23-489Z_n-sweep_1-2-4-8-16-32-50,V0,,50,E-empate,,,transfer,,,,0xa9059cbb,,135960,1,,0x91a6b5a93ddd89ffbf66ac0296cdf3b1d313cd0b2890835c17ba5adcaced8ec8,82
2026-09-23T23-05-23-489Z_n-sweep_1-2-4-8-16-32-50,V0,,50,E-empate,,,transfer,,,,0xa9059cbb,,135960,1,,0x42ed8d1330be1065c1cc3e101c7a5a7e20cb148393a8d14d461f9b76c541d4e7,82
2026-09-23T23-05-23-489Z_n-sweep_1-2-4-8-16-32-50,V0,,50,E-empate,,,transfer,,,,0xa9059cbb,,135960,1,,0xb87afa69226d6b02977149ca6957bfad332e6a77c1ad200e790fad912b0a8b1c,82
2026-09-23T23-05-23-489Z_n-sweep_1-2-4-8-16-32-50,V0,,50,E-empate,,,transfer,,,,0xa9059cbb,,135960,1,,0xd31a5f77ec78cf0dcc46abd6824fc36e0343c70ec7558c5b8b8680a5179c3cee,82
2026-09-23T23-05-23-489Z_n-sweep_1-2-4-8-16-32-50,V0,,50,E-empate,,,transfer,,,,0xa9059cbb,,135960,1,,0x3a1cd3ff214ca838bb1f0a7b8e05b8066c941dae934ff8ef5f7d24e51e218d9f,82
2026-09-23T23-05-23-489Z_n-sweep_1-2-4-8-16-32-50,V0,,50,E-empate,,,transfer,,,,0xa9059cbb,,135960,1,,0x800f8dd0a0df31e55c4e4712a5972e0d1497dbb92fd85a7ee8c309306ae69f3e,82
2026-09-23T23-05-23-489Z_n-sweep_1-2-4-8-16-32-50,V0,,50,E-empate,,,transfer,,,,0xa9059cbb,,135960,1,,0x9c84268ba43fd38465cfd4cbb6628f9f3f9664cc537e635196844f423439df36,82
2026-09-23T23-05-23-489Z_n-sweep_1-2-4-8-16-32-50,V0,,50,E-empate,,,transfer,,,,0xa9059cbb,,135960,1,,0x5b82226f4b3968c0c11ff4245b77ddb5c737ac3d9384e7f0f5dacf91ae505b7c,82
2026-09-23T23-05-23-489Z_n-sweep_1-2-4-8-16-32-50,V0,,50,E-empate,,,transfer,,,,0xa9059cbb,,135960,1,,0x6b5817c5a2f3233a1f4755f91eec5b61a72e50556aeb151d1df361f8dcacafea,82
2026-09-23T23-05-23-489Z_n-sweep_1-2-4-8-16-32-50,V0,,50,E-empate,,,transfer,,,,0xa9059cbb,,135960,1,,0x00442dfd61843442f2f62e78bcf59b803dd8498b1bad260878d59e06f48aaf95,82
2026-09-23T23-05-23-489Z_n-sweep_1-2-4-8-16-32-50,V0,,50,E-empate,,,transfer,,,,0xa9059cbb,,135960,1,,0xf5d2b3eeffb65a663d93b8d3c809b6e5121b8784e868e51af3bdba2deee35a8b,82
2026-09-23T23-05-23-489Z_n-sweep_1-2-4-8-16-32-50,V0,,50,E-empate,,,transfer,,,,0xa9059cbb,,135960,1,,0xf3df28ed5d40b48f8919791b5b9ed50c0de598885569cd4cda2c88678140358b,82
2026-09-23T23-05-23-489Z_n-sweep_1-2-4-8-16-32-50,V0,,50,E-empate,,,transfer,,,,0xa9059cbb,,135960,1,,0xae8265c953b3c6c844fd5e7f9c7464dcd5160d081bd3f12119dae553d5383d46,82
2026-09-23T23-05-23-489Z_n-sweep_1-2-4-8-16-32-50,V0,,50,E-empate,,,transfer,,,,0xa9059cbb,,135960,1,,0x2bedec0ecd73ac805d76d0b0f124d689002219a8553658ae536e50df35c6d9db,82
2026-09-23T23-05-23-489Z_n-sweep_1-2-4-8-16-32-50,V0,,50,E-empate,,,transfer,,,,0xa9059cbb,,135960,1,,0x7911352af92914fc012e9271fef77802aaf80cb03b085ac5b36a82617ef3d87f,82
2026-09-23T23-05-23-489Z_n-sweep_1-2-4-8-16-32-50,V0,,50,E-empate,,,transfer,,,,0xa9059cbb,,135960,1,,0x527083c9aa09a186a9dfde1d6e11e56a88c23af4ff1df829641f565d467e9eb3,82
2026-09-23T23-05-23-489Z_n-sweep_1-2-4-8-16-32-50,V0,,50,E-empate,,,transfer,,,,0xa9059cbb,,135960,1,,0x4fcb61575570970b077a3f0175ad61e8f9b670d214f189be9284c9e38d23ea97,82
2026-09-23T23-05-23-489Z_n-sweep_1-2-4-8-16-32-50,V0,,50,E-empate,,,transfer,,,,0xa9059cbb,,135960,1,,0x4e542c0f00edf948e31ae0044ddc651c40f57f37ff7015611a62d6daf389f5c0,82
2026-09-23T23-05-23-489Z_n-sweep_1-2-4-8-16-32-50,V0,,50,E-empate,,,transfer,,,,0xa9059cbb,,135948,1,,0x678ff5ad84e5f134b40dad86f148a340f9fbc604f5ec27a98b7c60856ee1e375,82
2026-09-23T23-05-23-489Z_n-sweep_1-2-4-8-16-32-50,V0,,50,E-empate,,,transfer,,,,0xa9059cbb,,135960,1,,0x8c9fe884dc095bd2cb142ad2f4c3a32815bf358db82984445b1bebe0c495a13f,82
2026-09-23T23-05-23-489Z_n-sweep_1-2-4-8-16-32-50,V0,,50,E-empate,,,transfer,,,,0xa9059cbb,,135960,1,,0xcae168b52d2afa75f1568ef6aadf2694b4b83c844b2cc07cfa891dbd891f714c,82
2026-09-23T23-05-23-489Z_n-sweep_1-2-4-8-16-32-50,V0,,50,E-empate,,,propose,,,propose,0x7d5e81e2,WasteCategoryRegistry.updateCredits,63339,1,,0x000dcf4207aac6850146dc418263f64bc52e811e56e229f852d3b95b57d0811b,82
2026-09-23T23-05-23-489Z_n-sweep_1-2-4-8-16-32-50,V0,,50,E-empate,,,vote,1,for,,0x56781388,,81899,1,,0x39b23a692cfd06caef976cab7187e05abad86e15d92584b799dba4b8f449efa6,82
2026-09-23T23-05-23-489Z_n-sweep_1-2-4-8-16-32-50,V0,,50,E-empate,,,vote,2,for,,0x56781388,,64799,1,,0x2cb030656d5993baade76a988f990739af40940eea2c1929045addbeb06087e8,82
2026-09-23T23-05-23-489Z_n-sweep_1-2-4-8-16-32-50,V0,,50,E-empate,,,vote,3,for,,0x56781388,,64799,1,,0x28f14444562b0d09d732bea45938880bc95c23c1fb6c8a997f11d4683f52ef43,82
2026-09-23T23-05-23-489Z_n-sweep_1-2-4-8-16-32-50,V0,,50,E-empate,,,vote,4,for,,0x56781388,,64799,1,,0x81cea57d62910f539a51dfba65c2e1d929ddd1ad2d2a0d9c4c2cd3aec083872e,82
2026-09-23T23-05-23-489Z_n-sweep_1-2-4-8-16-32-50,V0,,50,E-empate,,,vote,5,for,,0x56781388,,64799,1,,0xc392795d44e01aedea3e2447dcdcd85ca70191a128c070fb96373380708dc369,82
2026-09-23T23-05-23-489Z_n-sweep_1-2-4-8-16-32-50,V0,,50,E-empate,,,vote,6,for,,0x56781388,,64799,1,,0xb866b6fbe110c00a9dbdff142da8bc66186df8bd1947725f6f30a4b39a44e3a3,82
2026-09-23T23-05-23-489Z_n-sweep_1-2-4-8-16-32-50,V0,,50,E-empate,,,vote,7,for,,0x56781388,,64799,1,,0xc78362fd50b5929d09d341909c37d8790c9e193fff06cfa2fcff18060ba2ec1b,82
2026-09-23T23-05-23-489Z_n-sweep_1-2-4-8-16-32-50,V0,,50,E-empate,,,vote,8,for,,0x56781388,,64799,1,,0x801a25791ea02e83e020d59a0e85fe7650bee132873708c2cb663acb579a6d6f,82
2026-09-23T23-05-23-489Z_n-sweep_1-2-4-8-16-32-50,V0,,50,E-empate,,,vote,9,for,,0x56781388,,64799,1,,0x0b90914091e62f7c4ab3b7d931750468a2efaa5809db69b5e451c684ec75453b,82
2026-09-23T23-05-23-489Z_n-sweep_1-2-4-8-16-32-50,V0,,50,E-empate,,,vote,10,for,,0x56781388,,64799,1,,0xcfa4aa672def2b53e2aaaf3ef54a15d5a04b4334437cbdea7d4c0e0868b412b1,82
2026-09-23T23-05-23-489Z_n-sweep_1-2-4-8-16-32-50,V0,,50,E-empate,,,vote,11,for,,0x56781388,,64799,1,,0xc0db99a06c5e33aa530d1bac2aa7015c44eef5cedb90d23888b9da0e6e154dfc,82
2026-09-23T23-05-23-489Z_n-sweep_1-2-4-8-16-32-50,V0,,50,E-empate,,,vote,12,for,,0x56781388,,64799,1,,0x46a9a7657ebe4f838244a609fcac0f957dc86d1c38a73778999f29d1f6554fb2,82
2026-09-23T23-05-23-489Z_n-sweep_1-2-4-8-16-32-50,V0,,50,E-empate,,,vote,13,for,,0x56781388,,64799,1,,0x791e5df6f2a07d8d75065bd6fe8d39e5ad8273abb3dd50bad65d5c9fb230598d,82
2026-09-23T23-05-23-489Z_n-sweep_1-2-4-8-16-32-50,V0,,50,E-empate,,,vote,14,for,,0x56781388,,64799,1,,0x4a0e1e6f1e4643dd2537d341077527754c81012e2b799ef4a5ec394a0eb407f9,82
2026-09-23T23-05-23-489Z_n-sweep_1-2-4-8-16-32-50,V0,,50,E-empate,,,vote,15,for,,0x56781388,,64799,1,,0x4a6ece8025432664bdfe8a27a449b67115d02935fcbd715a871ae38e86ff49ae,82
2026-09-23T23-05-23-489Z_n-sweep_1-2-4-8-16-32-50,V0,,50,E-empate,,,vote,16,for,,0x56781388,,64799,1,,0x4030fee3300c003605222f4e488b12f049ce2a88cdccecbbb4c4d5033184d1da,82
2026-09-23T23-05-23-489Z_n-sweep_1-2-4-8-16-32-50,V0,,50,E-empate,,,vote,17,for,,0x56781388,,64799,1,,0x65a83d6442880a33d2f68f8d9640872f1c3e76af53ae98e7d0641e28a229827f,82
2026-09-23T23-05-23-489Z_n-sweep_1-2-4-8-16-32-50,V0,,50,E-empate,,,vote,18,for,,0x56781388,,64799,1,,0xcfdb0abf08d0b873fbed506394d2ec96e0fcd8e7d5c89a140ae5c0f6ceb140f6,82
2026-09-23T23-05-23-489Z_n-sweep_1-2-4-8-16-32-50,V0,,50,E-empate,,,vote,19,for,,0x56781388,,64799,1,,0xc0c3550e3a9010b639fc70fcd022a7a92033b0f8b43dd31c59996a06d58a0a45,82
2026-09-23T23-05-23-489Z_n-sweep_1-2-4-8-16-32-50,V0,,50,E-empate,,,vote,20,for,,0x56781388,,64799,1,,0xe70d4ccf1759b002ab77dafaa9867c8d30f310bd36696647473b6b0edd4dd79f,82
2026-09-23T23-05-23-489Z_n-sweep_1-2-4-8-16-32-50,V0,,50,E-empate,,,vote,21,for,,0x56781388,,64799,1,,0x81d4e25958e9ea333681ab1f260a08b0cac2583c67ef72d3a5daa57daf89cafe,82
2026-09-23T23-05-23-489Z_n-sweep_1-2-4-8-16-32-50,V0,,50,E-empate,,,vote,22,for,,0x56781388,,64799,1,,0xe36df70f3af900641b0ee1ded775b980d9ef3e2eef32c81ee3189b05de23468c,82
2026-09-23T23-05-23-489Z_n-sweep_1-2-4-8-16-32-50,V0,,50,E-empate,,,vote,23,for,,0x56781388,,64799,1,,0xfe335031e2534d4435e77b6f733deb16426bc6635aa1f3f2e5a7f025a30eed4b,82
2026-09-23T23-05-23-489Z_n-sweep_1-2-4-8-16-32-50,V0,,50,E-empate,,,vote,24,for,,0x56781388,,64799,1,,0x0fd2fa0dd6260b784db3c071491f943fa0521a64001302b1ecb3488c974d5844,82
2026-09-23T23-05-23-489Z_n-sweep_1-2-4-8-16-32-50,V0,,50,E-empate,,,vote,25,for,,0x56781388,,64799,1,,0xeaeae44b49784e489fdee9fe4eed780d13db745a4cadcc44dfa613663878661d,82
2026-09-23T23-05-23-489Z_n-sweep_1-2-4-8-16-32-50,V0,,50,E-empate,,,vote,1,against,,0x56781388,,81847,1,,0x486c8b6615316c3c78cfab5dd731692ed15a47e6ca51c232e165c412d2f269c4,82
2026-09-23T23-05-23-489Z_n-sweep_1-2-4-8-16-32-50,V0,,50,E-empate,,,vote,2,against,,0x56781388,,64747,1,,0xa2f5cda121332c82634310dafd609166356fd5cbd231d3d093866bb3150de513,82
2026-09-23T23-05-23-489Z_n-sweep_1-2-4-8-16-32-50,V0,,50,E-empate,,,vote,3,against,,0x56781388,,64747,1,,0x7a059ad57bd2f0f81e552b1e727a5656897ec2d130003757d979d7f2928cd21e,82
2026-09-23T23-05-23-489Z_n-sweep_1-2-4-8-16-32-50,V0,,50,E-empate,,,vote,4,against,,0x56781388,,64747,1,,0x0b05a694d6e5728779dc504e8e1ea1fe39326251c1f8b6bf821335037ac03d2c,82
2026-09-23T23-05-23-489Z_n-sweep_1-2-4-8-16-32-50,V0,,50,E-empate,,,vote,5,against,,0x56781388,,64747,1,,0x4a9f35df10cd2e747ee6e3d7afdfbc4fd3a543284b84c54eae8e4ab44d5ff5f7,82
2026-09-23T23-05-23-489Z_n-sweep_1-2-4-8-16-32-50,V0,,50,E-empate,,,vote,6,against,,0x56781388,,64747,1,,0x5f4253c6bf1f2a12805b66f55d2eb1a4bae6f1a0e35b27a4cd271b4892f2ff6d,82
2026-09-23T23-05-23-489Z_n-sweep_1-2-4-8-16-32-50,V0,,50,E-empate,,,vote,7,against,,0x56781388,,64747,1,,0x5b026db97297e51c5126d9d3d71952f212572a8bf5db1f046ea7f1ad157c4dae,82
2026-09-23T23-05-23-489Z_n-sweep_1-2-4-8-16-32-50,V0,,50,E-empate,,,vote,8,against,,0x56781388,,64747,1,,0xb54f13f5463a49a88faafb5bbcbd02dad2c61dcef60cd82e87ef9816d59aa8b2,82
2026-09-23T23-05-23-489Z_n-sweep_1-2-4-8-16-32-50,V0,,50,E-empate,,,vote,9,against,,0x56781388,,64747,1,,0x257ac8de4e9e08d3086f8deb9e1dee378111b1cb1579d9994dec0ea4de090ab0,82
2026-09-23T23-05-23-489Z_n-sweep_1-2-4-8-16-32-50,V0,,50,E-empate,,,vote,10,against,,0x56781388,,64747,1,,0xfb98f7ddc5a436973e11a1d5d4b353c06a2db9f5f285414c85bfcd96c3e62e76,82
2026-09-23T23-05-23-489Z_n-sweep_1-2-4-8-16-32-50,V0,,50,E-empate,,,vote,11,against,,0x56781388,,64747,1,,0x4968a578f3418f372f431615adea7756324f4ff86e5cbbfa938fad8d39126045,82
2026-09-23T23-05-23-489Z_n-sweep_1-2-4-8-16-32-50,V0,,50,E-empate,,,vote,12,against,,0x56781388,,64747,1,,0x73068917aa36cb2f93d1454b90cd2b7b9836e5c28d9f78d7b28dfa14726aaa51,82
2026-09-23T23-05-23-489Z_n-sweep_1-2-4-8-16-32-50,V0,,50,E-empate,,,vote,13,against,,0x56781388,,64747,1,,0xa9e0a3e5e2ed2344d7fcee6528a22c1fe9ad41739cf66923e70f90adb3ee7e01,82
2026-09-23T23-05-23-489Z_n-sweep_1-2-4-8-16-32-50,V0,,50,E-empate,,,vote,14,against,,0x56781388,,64747,1,,0x0e996f0d5633d823a4403c955863e22a09d818de723f3960bd6e5b0bd38b4af2,82
2026-09-23T23-05-23-489Z_n-sweep_1-2-4-8-16-32-50,V0,,50,E-empate,,,vote,15,against,,0x56781388,,64747,1,,0x52125f9f751021ab393bd371b1a438654929f0b90b5ee4d1ab7ea2634652f804,82
2026-09-23T23-05-23-489Z_n-sweep_1-2-4-8-16-32-50,V0,,50,E-empate,,,vote,16,against,,0x56781388,,64747,1,,0xdcdae2cbc502ec5b960e30c323daefe5c8d20914c5ef09ccaf0784b825325c00,82
2026-09-23T23-05-23-489Z_n-sweep_1-2-4-8-16-32-50,V0,,50,E-empate,,,vote,17,against,,0x56781388,,64747,1,,0xc65d342c941e9e48c6ea63b03650d5e8a1805f92be80160da86eedf1584d064e,82
2026-09-23T23-05-23-489Z_n-sweep_1-2-4-8-16-32-50,V0,,50,E-empate,,,vote,18,against,,0x56781388,,64747,1,,0xd8c6bf6547c8b29e1d6589140fd08a83f062dfe7fedd85e32688c0203a474521,82
2026-09-23T23-05-23-489Z_n-sweep_1-2-4-8-16-32-50,V0,,50,E-empate,,,vote,19,against,,0x56781388,,64747,1,,0xa45f64e0092869fca69f154901187ece779a00f57b10906715e3b2ba87fed8e3,82
2026-09-23T23-05-23-489Z_n-sweep_1-2-4-8-16-32-50,V0,,50,E-empate,,,vote,20,against,,0x56781388,,64747,1,,0x9cea745149335ea665010094807cfab7278d31b6e40921474f631dab8b37bf4a,82
2026-09-23T23-05-23-489Z_n-sweep_1-2-4-8-16-32-50,V0,,50,E-empate,,,vote,21,against,,0x56781388,,64747,1,,0xd8d92a25bf56cd1b02c0308a599d939dabb0e9278d204f15e08b49e5184b2486,82
2026-09-23T23-05-23-489Z_n-sweep_1-2-4-8-16-32-50,V0,,50,E-empate,,,vote,22,against,,0x56781388,,64747,1,,0x0885732cf773f3b22979ba25ac3e906c3fa7e851baa7a96b073482cd70eeed1b,82
2026-09-23T23-05-23-489Z_n-sweep_1-2-4-8-16-32-50,V0,,50,E-empate,,,vote,23,against,,0x56781388,,64747,1,,0xd5c6d001a24fa8a381a4d3e0e31e35e8696e374531e6369861be6a390f39b0ac,82
2026-09-23T23-05-23-489Z_n-sweep_1-2-4-8-16-32-50,V0,,50,E-empate,,,vote,24,against,,0x56781388,,64747,1,,0xaccd7e975279741ccc390a9410e4a00d5bf19a828c98763e724ebc964cdc4ae6,82
2026-09-23T23-05-23-489Z_n-sweep_1-2-4-8-16-32-50,V0,,50,E-empate,,,vote,25,against,,0x56781388,,64747,1,,0x70dba6b24cd27bb708de41d7accd82255264c718641aa89dbc657e48e38acd78,82
2026-09-23T23-05-23-489Z_n-sweep_1-2-4-8-16-32-50,V0,,50,E-empate,,,execute_attempt,,,execute,0x2656227d,WasteCategoryRegistry.updateCredits,40382,0,"VM Exception while processing transaction: reverted with custom error 'GovernorUnexpectedProposalState(110879804754278014030490366608842561184996339269546418377755816445540446279535, 3, '0x0000000000000000000000000000000000000000000000000000000000000030')'",0xf2f93660b92bc63bed313109a20a50f263bfadbcedb00de3c255d41fcaeb0dbd,82
2026-09-23T23-05-23-489Z_n-sweep_1-2-4-8-16-32-50,V1,T1,,,,,deploy_token_T1,,,constructor,0x61016060,,1621017,1,,0xece28f063ba256e8fc65152daf61fe745a7823e8ba387b1b661409f18f6dc4cc,83
2026-09-23T23-05-23-489Z_n-sweep_1-2-4-8-16-32-50,V1,,,,,,deploy_registry,,,constructor,0x60806040,,4590964,1,,0x9005486642112873086c0faf3a06ce7199e3377186a80eb6eea4235f5e1c6f56,83
2026-09-23T23-05-23-489Z_n-sweep_1-2-4-8-16-32-50,V1,,,,,,deploy_governor_V1,,,constructor,0x6101c080,,2141155,1,,0xcbf032b87647649d09648621f7d61fb312aee4174486ee6f404819243ac59ca9,83
2026-09-23T23-05-23-489Z_n-sweep_1-2-4-8-16-32-50,V1,,,,,,grant_admin_role,,,grantRole,0x2f2ff15d,,50799,1,,0xfdc9a3875129e16eb4a0e6527cfb2e5662449c13660398cf3b7c723db6d0e009,83
2026-09-23T23-05-23-489Z_n-sweep_1-2-4-8-16-32-50,V1,,,,,,revoke_deployer_admin_role,,,revokeRole,0xd547741f,,27116,1,,0xc189311656167d1c4c211ee1c4f5143a8df64ff72cb449ebf7ec77ff2fd0bcbb,83
2026-09-23T23-05-23-489Z_n-sweep_1-2-4-8-16-32-50,V1,,50,E-empate,,,delegate_admin,,,,0x5c19a95c,,95559,1,,0xd4695df7ceba86e36d8d32ccf756640823a0c1b729cf20e3a0b632c08e38ee6a,83
2026-09-23T23-05-23-489Z_n-sweep_1-2-4-8-16-32-50,V1,,50,E-empate,,,delegate,,,,0x5c19a95c,,48347,1,,0x81d5bf8e96fad9ce8b5230dc73abbeb313b25fcb2932728690f357e6b4e905b9,83
2026-09-23T23-05-23-489Z_n-sweep_1-2-4-8-16-32-50,V1,,50,E-empate,,,delegate,,,,0x5c19a95c,,48335,1,,0x92147b8c796bc2b0f21acc979799bbf4c5b5033d9d67806a8ad6842fe03d41df,83
2026-09-23T23-05-23-489Z_n-sweep_1-2-4-8-16-32-50,V1,,50,E-empate,,,delegate,,,,0x5c19a95c,,48347,1,,0xfff43b85310b182c6fdaa6a0b82056393aba2572b23e543b42f064dc4690e2fc,83
2026-09-23T23-05-23-489Z_n-sweep_1-2-4-8-16-32-50,V1,,50,E-empate,,,delegate,,,,0x5c19a95c,,48347,1,,0xd65054394087a126f7201b8caf565d34e4b8e2c37299a2eb2e8e1e169e8753b2,83
2026-09-23T23-05-23-489Z_n-sweep_1-2-4-8-16-32-50,V1,,50,E-empate,,,delegate,,,,0x5c19a95c,,48347,1,,0x0c6ee11e6f4f09c9119d3c03df89d743f104be74b800d0b47cbfa2e1629e917b,83
2026-09-23T23-05-23-489Z_n-sweep_1-2-4-8-16-32-50,V1,,50,E-empate,,,delegate,,,,0x5c19a95c,,48347,1,,0x9e4c58d93f5292a4566258e1c10f556eb9dc4074e322b7c357bf5ad65da50cae,83
2026-09-23T23-05-23-489Z_n-sweep_1-2-4-8-16-32-50,V1,,50,E-empate,,,delegate,,,,0x5c19a95c,,48347,1,,0x6ebf0fe5777b4feb07a84b604e7094e789e104c0aa39284dccf1b9da9c17904e,83
2026-09-23T23-05-23-489Z_n-sweep_1-2-4-8-16-32-50,V1,,50,E-empate,,,delegate,,,,0x5c19a95c,,48347,1,,0xfe42119cc5b68fbfd433dffe547dcf50b55480a011d31795da0f08ec660c70b3,83
2026-09-23T23-05-23-489Z_n-sweep_1-2-4-8-16-32-50,V1,,50,E-empate,,,delegate,,,,0x5c19a95c,,48347,1,,0x1cd5ec1a28c590b58fdf7467e7fffeb349eed4d261a6e6dd6bbe64d73d17bd59,83
2026-09-23T23-05-23-489Z_n-sweep_1-2-4-8-16-32-50,V1,,50,E-empate,,,delegate,,,,0x5c19a95c,,48335,1,,0x44f126ec5cf68cfd276b82e1245a8bb78ca6d635813f085d1a125f483e4d5924,83
2026-09-23T23-05-23-489Z_n-sweep_1-2-4-8-16-32-50,V1,,50,E-empate,,,delegate,,,,0x5c19a95c,,48347,1,,0xe3c56247fde6ff45e5ce391eac68170bdc36be578302a953ddcf8384ecd07aa8,83
2026-09-23T23-05-23-489Z_n-sweep_1-2-4-8-16-32-50,V1,,50,E-empate,,,delegate,,,,0x5c19a95c,,48347,1,,0x97563cc4398d7b02943ad3e3ef1bdae06351c02ad3fb2d2b948579fc1d32295f,83
2026-09-23T23-05-23-489Z_n-sweep_1-2-4-8-16-32-50,V1,,50,E-empate,,,delegate,,,,0x5c19a95c,,48347,1,,0x2254c00b60e2f0581478274e6123b6295b391cc3698f1951fb660335b3cd6c33,83
2026-09-23T23-05-23-489Z_n-sweep_1-2-4-8-16-32-50,V1,,50,E-empate,,,delegate,,,,0x5c19a95c,,48347,1,,0xc3e2689cb93afecc73f02fe2fc704ca424bfebf2840b02e15e94e2eacaca6d1c,83
2026-09-23T23-05-23-489Z_n-sweep_1-2-4-8-16-32-50,V1,,50,E-empate,,,delegate,,,,0x5c19a95c,,48347,1,,0xf481a9d9df12d0c5f7b29cc5bd284c8ca3e14873afc209155e790bf19f68d897,83
2026-09-23T23-05-23-489Z_n-sweep_1-2-4-8-16-32-50,V1,,50,E-empate,,,delegate,,,,0x5c19a95c,,48347,1,,0x8975637550f485546f85f8e6d9a6ed6447c7e76fff1ec5f6c9e76fb534393987,83
2026-09-23T23-05-23-489Z_n-sweep_1-2-4-8-16-32-50,V1,,50,E-empate,,,delegate,,,,0x5c19a95c,,48347,1,,0x923ae1f8d3d22d25940fc9eb75f6f6f16c191c6a236895f77670dcca6996d312,83
2026-09-23T23-05-23-489Z_n-sweep_1-2-4-8-16-32-50,V1,,50,E-empate,,,delegate,,,,0x5c19a95c,,48347,1,,0xfa31a6684a33a12042a314e8f53f866c316bd76cf3829f1b1bdf9c6709375faf,83
2026-09-23T23-05-23-489Z_n-sweep_1-2-4-8-16-32-50,V1,,50,E-empate,,,delegate,,,,0x5c19a95c,,48347,1,,0x85a35cc5c2fd484741123514532c6d193414e920845266674d577133f95aeb61,83
2026-09-23T23-05-23-489Z_n-sweep_1-2-4-8-16-32-50,V1,,50,E-empate,,,delegate,,,,0x5c19a95c,,48347,1,,0x2c0c0e3cf1f17f2dbd21478c48f6a01b7c3f80cdc9a8337eb22078304610831f,83
2026-09-23T23-05-23-489Z_n-sweep_1-2-4-8-16-32-50,V1,,50,E-empate,,,delegate,,,,0x5c19a95c,,48347,1,,0xa3ed7a1ccf1c20c61c0c5d590ac689d2c051d45201c4389538358e9b8bb285bc,83
2026-09-23T23-05-23-489Z_n-sweep_1-2-4-8-16-32-50,V1,,50,E-empate,,,delegate,,,,0x5c19a95c,,48347,1,,0x661c282cd9e0e8ae9af420543abc3bdc613c6cb387574718fba247544e2af8e9,83
2026-09-23T23-05-23-489Z_n-sweep_1-2-4-8-16-32-50,V1,,50,E-empate,,,delegate,,,,0x5c19a95c,,48347,1,,0xa25eec8de30d8f33b67249979cc372deee4340970acf515ed11237297c254db8,83
2026-09-23T23-05-23-489Z_n-sweep_1-2-4-8-16-32-50,V1,,50,E-empate,,,delegate,,,,0x5c19a95c,,48347,1,,0x4531944da7228710c401fe613cc835a5a2ab8911500c323b7a89206096a62c5e,83
2026-09-23T23-05-23-489Z_n-sweep_1-2-4-8-16-32-50,V1,,50,E-empate,,,delegate,,,,0x5c19a95c,,48335,1,,0x34fd858bbdd79805fe9ac14ac3496bc1581b8cd1fca415dd388ac92a1031b1a5,83
2026-09-23T23-05-23-489Z_n-sweep_1-2-4-8-16-32-50,V1,,50,E-empate,,,delegate,,,,0x5c19a95c,,48347,1,,0x3873a22f0d3bd864cb6adf03e490138f7a8c74e0367b46c72eb32ab59606fc50,83
2026-09-23T23-05-23-489Z_n-sweep_1-2-4-8-16-32-50,V1,,50,E-empate,,,delegate,,,,0x5c19a95c,,48347,1,,0x015c8107c64083620d33bd63ee4539fae6a634cbff1a7060ce0d9d7635a92667,83
2026-09-23T23-05-23-489Z_n-sweep_1-2-4-8-16-32-50,V1,,50,E-empate,,,delegate,,,,0x5c19a95c,,48347,1,,0x4d690799cd4e7de3c25a6216085b0327439b44872c331c8bdeed03412851c496,83
2026-09-23T23-05-23-489Z_n-sweep_1-2-4-8-16-32-50,V1,,50,E-empate,,,delegate,,,,0x5c19a95c,,48347,1,,0x4e2b6075a69f1a5defbf56244ed346d13180f658d70986f145e7afacf2a1769c,83
2026-09-23T23-05-23-489Z_n-sweep_1-2-4-8-16-32-50,V1,,50,E-empate,,,delegate,,,,0x5c19a95c,,48347,1,,0xdb953c4d33d8186e4e68b823485663114eed9632b4e6afebc927746da2cc5444,83
2026-09-23T23-05-23-489Z_n-sweep_1-2-4-8-16-32-50,V1,,50,E-empate,,,delegate,,,,0x5c19a95c,,48347,1,,0x6e11fc1a1f465bb514b7050fb921834e4af6a4c1f01678025fabce44812892fb,83
2026-09-23T23-05-23-489Z_n-sweep_1-2-4-8-16-32-50,V1,,50,E-empate,,,delegate,,,,0x5c19a95c,,48347,1,,0x02ed69ad44539ce394fe9de851cfc82976eaf863ce9b6bb6dbf7356c766b4e34,83
2026-09-23T23-05-23-489Z_n-sweep_1-2-4-8-16-32-50,V1,,50,E-empate,,,delegate,,,,0x5c19a95c,,48347,1,,0x48831c39e8134756256883bee94ef57bd56548f150361c090cf8316d47c484f4,83
2026-09-23T23-05-23-489Z_n-sweep_1-2-4-8-16-32-50,V1,,50,E-empate,,,delegate,,,,0x5c19a95c,,48347,1,,0x139bf1c2a5a53f598dabf2c70734fbdea006e57fa2d61abde0ab2327b4959d67,83
2026-09-23T23-05-23-489Z_n-sweep_1-2-4-8-16-32-50,V1,,50,E-empate,,,delegate,,,,0x5c19a95c,,48347,1,,0x7253e5fec49078160a40e8379add1524941ccadba4e7d9f3bdd746f905340463,83
2026-09-23T23-05-23-489Z_n-sweep_1-2-4-8-16-32-50,V1,,50,E-empate,,,delegate,,,,0x5c19a95c,,48347,1,,0xbe8fd855f7dddc740b71fa203b837e57dd20191f5e26b708460138a203b96a4a,83
2026-09-23T23-05-23-489Z_n-sweep_1-2-4-8-16-32-50,V1,,50,E-empate,,,delegate,,,,0x5c19a95c,,48347,1,,0x47aa1c6067f58c4a2e373e2e5df4995a73794f26a82c080785ce7307c874522d,83
2026-09-23T23-05-23-489Z_n-sweep_1-2-4-8-16-32-50,V1,,50,E-empate,,,delegate,,,,0x5c19a95c,,48347,1,,0x77d7f6ed87242997677781ffb97cb1d0c1b2765cd18aa0d3a3e6621f04ed4c16,83
2026-09-23T23-05-23-489Z_n-sweep_1-2-4-8-16-32-50,V1,,50,E-empate,,,delegate,,,,0x5c19a95c,,48347,1,,0xac77a1d245d1b05d38b52b313cdb3a913ef073b1ff0163a70dab969fe9fef091,83
2026-09-23T23-05-23-489Z_n-sweep_1-2-4-8-16-32-50,V1,,50,E-empate,,,delegate,,,,0x5c19a95c,,48347,1,,0x019cc6999109037f5dea40cb65f4f258ac059c4ce180427ba5c5d0fe7fa02e69,83
2026-09-23T23-05-23-489Z_n-sweep_1-2-4-8-16-32-50,V1,,50,E-empate,,,delegate,,,,0x5c19a95c,,48347,1,,0x33abf7f586ca024ba5681842a58519c700557723a21452412946bc259f413dff,83
2026-09-23T23-05-23-489Z_n-sweep_1-2-4-8-16-32-50,V1,,50,E-empate,,,delegate,,,,0x5c19a95c,,48347,1,,0x1207fe8601271fe0b5487a279faf12949bdc0ad4495c39b2109c87d7fdadc47d,83
2026-09-23T23-05-23-489Z_n-sweep_1-2-4-8-16-32-50,V1,,50,E-empate,,,delegate,,,,0x5c19a95c,,48347,1,,0x2a4aed2f06d11367c8b0a4aec5f690179e6e8a7a0852a3be3363c356d2b96e3a,83
2026-09-23T23-05-23-489Z_n-sweep_1-2-4-8-16-32-50,V1,,50,E-empate,,,delegate,,,,0x5c19a95c,,48347,1,,0xed996c904c444a34e69bb80148d6a10828392f76a63169cc7c34ef9123712ba1,83
2026-09-23T23-05-23-489Z_n-sweep_1-2-4-8-16-32-50,V1,,50,E-empate,,,delegate,,,,0x5c19a95c,,48347,1,,0x38149aa90c24c90e209f966e0f1bff77efedbcfe38d261cd552873d1bdc3ebc5,83
2026-09-23T23-05-23-489Z_n-sweep_1-2-4-8-16-32-50,V1,,50,E-empate,,,delegate,,,,0x5c19a95c,,48347,1,,0x80b55601ca774d4abcef268e52e9d6af337cf3103223b2406555e48c3d762bab,83
2026-09-23T23-05-23-489Z_n-sweep_1-2-4-8-16-32-50,V1,,50,E-empate,,,delegate,,,,0x5c19a95c,,48347,1,,0x2fcb4545efd255b27911ce44fb2a5c94515c54dc02bab25b5081b878632986d7,83
2026-09-23T23-05-23-489Z_n-sweep_1-2-4-8-16-32-50,V1,,50,E-empate,,,delegate,,,,0x5c19a95c,,48335,1,,0x54598c19dc2d95d70dff7fa9539e3e33d9cd81f20144e43273092a2002873303,83
2026-09-23T23-05-23-489Z_n-sweep_1-2-4-8-16-32-50,V1,,50,E-empate,,,delegate,,,,0x5c19a95c,,48347,1,,0xedd545ad255ae281a86176d750d3775a786065a315d01e27f2878e52519b253e,83
2026-09-23T23-05-23-489Z_n-sweep_1-2-4-8-16-32-50,V1,,50,E-empate,,,delegate,,,,0x5c19a95c,,48347,1,,0xa1d0b3e7b24a00685baccd412a4bcc1ce87addd4525c82c8e62cdd3daa7e291a,83
2026-09-23T23-05-23-489Z_n-sweep_1-2-4-8-16-32-50,V1,,50,E-empate,,,transfer,,,,0xa9059cbb,,135960,1,,0x246ae9dbb3705bcf8caab599ddb094f9d36a71a6fddbd32e09cf25058ff79423,83
2026-09-23T23-05-23-489Z_n-sweep_1-2-4-8-16-32-50,V1,,50,E-empate,,,transfer,,,,0xa9059cbb,,135948,1,,0xb8fcaeeed203b7eed0543991907d429bdccd4066201666ff9c480634d01c006c,83
2026-09-23T23-05-23-489Z_n-sweep_1-2-4-8-16-32-50,V1,,50,E-empate,,,transfer,,,,0xa9059cbb,,135960,1,,0x8f68ceb5cb5672f7b11dda7fcf0b825cffe3ccf92d5ff6d6f4dd4ee4dd9a7112,83
2026-09-23T23-05-23-489Z_n-sweep_1-2-4-8-16-32-50,V1,,50,E-empate,,,transfer,,,,0xa9059cbb,,135960,1,,0x6d7dd52faccd9ba960eecfaa0d18731aa9ff52a43c54ca983428173fba0a1542,83
2026-09-23T23-05-23-489Z_n-sweep_1-2-4-8-16-32-50,V1,,50,E-empate,,,transfer,,,,0xa9059cbb,,135960,1,,0xa121f25519bfd6019aecce8af680afcb706219b91e74e2c91912af8f363879f0,83
2026-09-23T23-05-23-489Z_n-sweep_1-2-4-8-16-32-50,V1,,50,E-empate,,,transfer,,,,0xa9059cbb,,135960,1,,0x76f1062e88ca6706dcea182cc70a3cb51b4c8d16c379956d1c5dbce0a5cc0e99,83
2026-09-23T23-05-23-489Z_n-sweep_1-2-4-8-16-32-50,V1,,50,E-empate,,,transfer,,,,0xa9059cbb,,135960,1,,0xacbbec95fc7f64a7b6a9544ee78753f3ec9194dd4f3c9ca38e1268ceb53acb90,83
2026-09-23T23-05-23-489Z_n-sweep_1-2-4-8-16-32-50,V1,,50,E-empate,,,transfer,,,,0xa9059cbb,,135960,1,,0x84b0653b2f42104427fe541d5713f2151ede783b5570d40855e4bf1d8522c087,83
2026-09-23T23-05-23-489Z_n-sweep_1-2-4-8-16-32-50,V1,,50,E-empate,,,transfer,,,,0xa9059cbb,,135960,1,,0xdfcf57d46ed39b3ededc6eee7405605ee6834e3815162fc171e8851c03541ae0,83
2026-09-23T23-05-23-489Z_n-sweep_1-2-4-8-16-32-50,V1,,50,E-empate,,,transfer,,,,0xa9059cbb,,135948,1,,0x8d64a76127e81848a5fe1ebeb2469570ae57a08cf798942f72ad26d0313cd40a,83
2026-09-23T23-05-23-489Z_n-sweep_1-2-4-8-16-32-50,V1,,50,E-empate,,,transfer,,,,0xa9059cbb,,135960,1,,0x0d7e03138b4a28e969fa37eb7746cb5ffbed4c8e322ffa756a8980e1da7af365,83
2026-09-23T23-05-23-489Z_n-sweep_1-2-4-8-16-32-50,V1,,50,E-empate,,,transfer,,,,0xa9059cbb,,135960,1,,0xb3cd0e36bf8a23a7268c69ad5613412b618c0d97eaf2e84e4ed2a2358616241c,83
2026-09-23T23-05-23-489Z_n-sweep_1-2-4-8-16-32-50,V1,,50,E-empate,,,transfer,,,,0xa9059cbb,,135960,1,,0x2c3be7462a120f6f7d3ddb903f791ba5f8a8dff70b3d2fce412bc3d9c96090f2,83
2026-09-23T23-05-23-489Z_n-sweep_1-2-4-8-16-32-50,V1,,50,E-empate,,,transfer,,,,0xa9059cbb,,135960,1,,0xa91896e75ebe291a14149c97e6ec3cd3878b7a57ae5efc49d7437ff775cc6d6f,83
2026-09-23T23-05-23-489Z_n-sweep_1-2-4-8-16-32-50,V1,,50,E-empate,,,transfer,,,,0xa9059cbb,,135960,1,,0x97ddbf62fa645b51d887aef0923131c606f936331a08b4d180573aedf905cbd1,83
2026-09-23T23-05-23-489Z_n-sweep_1-2-4-8-16-32-50,V1,,50,E-empate,,,transfer,,,,0xa9059cbb,,135960,1,,0xbbc7e588c74f5408c5294f754815ee8c2d05196aeb266a95ba79193cf1a3cd4e,83
2026-09-23T23-05-23-489Z_n-sweep_1-2-4-8-16-32-50,V1,,50,E-empate,,,transfer,,,,0xa9059cbb,,135960,1,,0xc93f0fe78d0f253b48f6546ce6912425341be3fe3abb7b8d6c8b890afc280746,83
2026-09-23T23-05-23-489Z_n-sweep_1-2-4-8-16-32-50,V1,,50,E-empate,,,transfer,,,,0xa9059cbb,,135960,1,,0x095274f7efd5fd91e0259f5aaa0d5d3f3d345e02896f172caf9af482ca0ecd6b,83
2026-09-23T23-05-23-489Z_n-sweep_1-2-4-8-16-32-50,V1,,50,E-empate,,,transfer,,,,0xa9059cbb,,135960,1,,0x2f71f3337cfdd7bfe5adb89da0349bbc93812095f8706796bc6e25e0461574de,83
2026-09-23T23-05-23-489Z_n-sweep_1-2-4-8-16-32-50,V1,,50,E-empate,,,transfer,,,,0xa9059cbb,,135960,1,,0xbb173ce2f0e08821737486bfce4a8891ea6bc16c53eef5183f23c35fa912acda,83
2026-09-23T23-05-23-489Z_n-sweep_1-2-4-8-16-32-50,V1,,50,E-empate,,,transfer,,,,0xa9059cbb,,135960,1,,0x7179fb1c1b852a31eebf015ac4e0db4f8891784970a82e1275e2b2c95797dd8d,83
2026-09-23T23-05-23-489Z_n-sweep_1-2-4-8-16-32-50,V1,,50,E-empate,,,transfer,,,,0xa9059cbb,,135960,1,,0x618508a1fffda4dd4799c8f4937ca7db27dc3c1a0a352dbb24eb2e717d7794fa,83
2026-09-23T23-05-23-489Z_n-sweep_1-2-4-8-16-32-50,V1,,50,E-empate,,,transfer,,,,0xa9059cbb,,135960,1,,0x80e85afeeecc7ded093b4fca1ee04481c72308140308e350e712a637edf79a77,83
2026-09-23T23-05-23-489Z_n-sweep_1-2-4-8-16-32-50,V1,,50,E-empate,,,transfer,,,,0xa9059cbb,,135960,1,,0xde2f59aa8da4ad0c12bad7c83e52b65661db007ebd8ed1e5ab2dd6b10bdbf7fe,83
2026-09-23T23-05-23-489Z_n-sweep_1-2-4-8-16-32-50,V1,,50,E-empate,,,transfer,,,,0xa9059cbb,,135948,1,,0x251582621de6281280756db8cf9473cfeae525a492e1d7062a6d6fed1ad7dff9,83
2026-09-23T23-05-23-489Z_n-sweep_1-2-4-8-16-32-50,V1,,50,E-empate,,,transfer,,,,0xa9059cbb,,135960,1,,0x7ea700d5019ed1d30c8096d4fef24f6555db72bfe8adf1e7c3e495ce67ed809f,83
2026-09-23T23-05-23-489Z_n-sweep_1-2-4-8-16-32-50,V1,,50,E-empate,,,transfer,,,,0xa9059cbb,,135960,1,,0xd099cccecf6f1158f5ba243ca6088f8874d9146baec93a09aef1c985e823d634,83
2026-09-23T23-05-23-489Z_n-sweep_1-2-4-8-16-32-50,V1,,50,E-empate,,,transfer,,,,0xa9059cbb,,135960,1,,0xd34db709f4f49d3311a9b6c928a74662fb0bde851655aa6fb02b0ad79e454733,83
2026-09-23T23-05-23-489Z_n-sweep_1-2-4-8-16-32-50,V1,,50,E-empate,,,transfer,,,,0xa9059cbb,,135960,1,,0xb0333deee0af7b78d7b4b5b86633676bdae519326d484603675db0f26c88b9df,83
2026-09-23T23-05-23-489Z_n-sweep_1-2-4-8-16-32-50,V1,,50,E-empate,,,transfer,,,,0xa9059cbb,,135960,1,,0x91a6b5a93ddd89ffbf66ac0296cdf3b1d313cd0b2890835c17ba5adcaced8ec8,83
2026-09-23T23-05-23-489Z_n-sweep_1-2-4-8-16-32-50,V1,,50,E-empate,,,transfer,,,,0xa9059cbb,,135960,1,,0x42ed8d1330be1065c1cc3e101c7a5a7e20cb148393a8d14d461f9b76c541d4e7,83
2026-09-23T23-05-23-489Z_n-sweep_1-2-4-8-16-32-50,V1,,50,E-empate,,,transfer,,,,0xa9059cbb,,135960,1,,0xb87afa69226d6b02977149ca6957bfad332e6a77c1ad200e790fad912b0a8b1c,83
2026-09-23T23-05-23-489Z_n-sweep_1-2-4-8-16-32-50,V1,,50,E-empate,,,transfer,,,,0xa9059cbb,,135960,1,,0xd31a5f77ec78cf0dcc46abd6824fc36e0343c70ec7558c5b8b8680a5179c3cee,83
2026-09-23T23-05-23-489Z_n-sweep_1-2-4-8-16-32-50,V1,,50,E-empate,,,transfer,,,,0xa9059cbb,,135960,1,,0x3a1cd3ff214ca838bb1f0a7b8e05b8066c941dae934ff8ef5f7d24e51e218d9f,83
2026-09-23T23-05-23-489Z_n-sweep_1-2-4-8-16-32-50,V1,,50,E-empate,,,transfer,,,,0xa9059cbb,,135960,1,,0x800f8dd0a0df31e55c4e4712a5972e0d1497dbb92fd85a7ee8c309306ae69f3e,83
2026-09-23T23-05-23-489Z_n-sweep_1-2-4-8-16-32-50,V1,,50,E-empate,,,transfer,,,,0xa9059cbb,,135960,1,,0x9c84268ba43fd38465cfd4cbb6628f9f3f9664cc537e635196844f423439df36,83
2026-09-23T23-05-23-489Z_n-sweep_1-2-4-8-16-32-50,V1,,50,E-empate,,,transfer,,,,0xa9059cbb,,135960,1,,0x5b82226f4b3968c0c11ff4245b77ddb5c737ac3d9384e7f0f5dacf91ae505b7c,83
2026-09-23T23-05-23-489Z_n-sweep_1-2-4-8-16-32-50,V1,,50,E-empate,,,transfer,,,,0xa9059cbb,,135960,1,,0x6b5817c5a2f3233a1f4755f91eec5b61a72e50556aeb151d1df361f8dcacafea,83
2026-09-23T23-05-23-489Z_n-sweep_1-2-4-8-16-32-50,V1,,50,E-empate,,,transfer,,,,0xa9059cbb,,135960,1,,0x00442dfd61843442f2f62e78bcf59b803dd8498b1bad260878d59e06f48aaf95,83
2026-09-23T23-05-23-489Z_n-sweep_1-2-4-8-16-32-50,V1,,50,E-empate,,,transfer,,,,0xa9059cbb,,135960,1,,0xf5d2b3eeffb65a663d93b8d3c809b6e5121b8784e868e51af3bdba2deee35a8b,83
2026-09-23T23-05-23-489Z_n-sweep_1-2-4-8-16-32-50,V1,,50,E-empate,,,transfer,,,,0xa9059cbb,,135960,1,,0xf3df28ed5d40b48f8919791b5b9ed50c0de598885569cd4cda2c88678140358b,83
2026-09-23T23-05-23-489Z_n-sweep_1-2-4-8-16-32-50,V1,,50,E-empate,,,transfer,,,,0xa9059cbb,,135960,1,,0xae8265c953b3c6c844fd5e7f9c7464dcd5160d081bd3f12119dae553d5383d46,83
2026-09-23T23-05-23-489Z_n-sweep_1-2-4-8-16-32-50,V1,,50,E-empate,,,transfer,,,,0xa9059cbb,,135960,1,,0x2bedec0ecd73ac805d76d0b0f124d689002219a8553658ae536e50df35c6d9db,83
2026-09-23T23-05-23-489Z_n-sweep_1-2-4-8-16-32-50,V1,,50,E-empate,,,transfer,,,,0xa9059cbb,,135960,1,,0x7911352af92914fc012e9271fef77802aaf80cb03b085ac5b36a82617ef3d87f,83
2026-09-23T23-05-23-489Z_n-sweep_1-2-4-8-16-32-50,V1,,50,E-empate,,,transfer,,,,0xa9059cbb,,135960,1,,0x527083c9aa09a186a9dfde1d6e11e56a88c23af4ff1df829641f565d467e9eb3,83
2026-09-23T23-05-23-489Z_n-sweep_1-2-4-8-16-32-50,V1,,50,E-empate,,,transfer,,,,0xa9059cbb,,135960,1,,0x4fcb61575570970b077a3f0175ad61e8f9b670d214f189be9284c9e38d23ea97,83
2026-09-23T23-05-23-489Z_n-sweep_1-2-4-8-16-32-50,V1,,50,E-empate,,,transfer,,,,0xa9059cbb,,135960,1,,0x4e542c0f00edf948e31ae0044ddc651c40f57f37ff7015611a62d6daf389f5c0,83
2026-09-23T23-05-23-489Z_n-sweep_1-2-4-8-16-32-50,V1,,50,E-empate,,,transfer,,,,0xa9059cbb,,135948,1,,0x678ff5ad84e5f134b40dad86f148a340f9fbc604f5ec27a98b7c60856ee1e375,83
2026-09-23T23-05-23-489Z_n-sweep_1-2-4-8-16-32-50,V1,,50,E-empate,,,transfer,,,,0xa9059cbb,,135960,1,,0x8c9fe884dc095bd2cb142ad2f4c3a32815bf358db82984445b1bebe0c495a13f,83
2026-09-23T23-05-23-489Z_n-sweep_1-2-4-8-16-32-50,V1,,50,E-empate,,,transfer,,,,0xa9059cbb,,135960,1,,0xcae168b52d2afa75f1568ef6aadf2694b4b83c844b2cc07cfa891dbd891f714c,83
2026-09-23T23-05-23-489Z_n-sweep_1-2-4-8-16-32-50,V1,,50,E-empate,,,propose,,,propose,0x7d5e81e2,WasteCategoryRegistry.updateCredits,63339,1,,0x000dcf4207aac6850146dc418263f64bc52e811e56e229f852d3b95b57d0811b,83
2026-09-23T23-05-23-489Z_n-sweep_1-2-4-8-16-32-50,V1,,50,E-empate,,,vote,1,for,,0x56781388,,82468,1,,0x39b23a692cfd06caef976cab7187e05abad86e15d92584b799dba4b8f449efa6,83
2026-09-23T23-05-23-489Z_n-sweep_1-2-4-8-16-32-50,V1,,50,E-empate,,,vote,2,for,,0x56781388,,65368,1,,0x2cb030656d5993baade76a988f990739af40940eea2c1929045addbeb06087e8,83
2026-09-23T23-05-23-489Z_n-sweep_1-2-4-8-16-32-50,V1,,50,E-empate,,,vote,3,for,,0x56781388,,65368,1,,0x28f14444562b0d09d732bea45938880bc95c23c1fb6c8a997f11d4683f52ef43,83
2026-09-23T23-05-23-489Z_n-sweep_1-2-4-8-16-32-50,V1,,50,E-empate,,,vote,4,for,,0x56781388,,65368,1,,0x81cea57d62910f539a51dfba65c2e1d929ddd1ad2d2a0d9c4c2cd3aec083872e,83
2026-09-23T23-05-23-489Z_n-sweep_1-2-4-8-16-32-50,V1,,50,E-empate,,,vote,5,for,,0x56781388,,65368,1,,0xc392795d44e01aedea3e2447dcdcd85ca70191a128c070fb96373380708dc369,83
2026-09-23T23-05-23-489Z_n-sweep_1-2-4-8-16-32-50,V1,,50,E-empate,,,vote,6,for,,0x56781388,,65368,1,,0xb866b6fbe110c00a9dbdff142da8bc66186df8bd1947725f6f30a4b39a44e3a3,83
2026-09-23T23-05-23-489Z_n-sweep_1-2-4-8-16-32-50,V1,,50,E-empate,,,vote,7,for,,0x56781388,,65368,1,,0xc78362fd50b5929d09d341909c37d8790c9e193fff06cfa2fcff18060ba2ec1b,83
2026-09-23T23-05-23-489Z_n-sweep_1-2-4-8-16-32-50,V1,,50,E-empate,,,vote,8,for,,0x56781388,,65368,1,,0x801a25791ea02e83e020d59a0e85fe7650bee132873708c2cb663acb579a6d6f,83
2026-09-23T23-05-23-489Z_n-sweep_1-2-4-8-16-32-50,V1,,50,E-empate,,,vote,9,for,,0x56781388,,65368,1,,0x0b90914091e62f7c4ab3b7d931750468a2efaa5809db69b5e451c684ec75453b,83
2026-09-23T23-05-23-489Z_n-sweep_1-2-4-8-16-32-50,V1,,50,E-empate,,,vote,10,for,,0x56781388,,65368,1,,0xcfa4aa672def2b53e2aaaf3ef54a15d5a04b4334437cbdea7d4c0e0868b412b1,83
2026-09-23T23-05-23-489Z_n-sweep_1-2-4-8-16-32-50,V1,,50,E-empate,,,vote,11,for,,0x56781388,,65368,1,,0xc0db99a06c5e33aa530d1bac2aa7015c44eef5cedb90d23888b9da0e6e154dfc,83
2026-09-23T23-05-23-489Z_n-sweep_1-2-4-8-16-32-50,V1,,50,E-empate,,,vote,12,for,,0x56781388,,65368,1,,0x46a9a7657ebe4f838244a609fcac0f957dc86d1c38a73778999f29d1f6554fb2,83
2026-09-23T23-05-23-489Z_n-sweep_1-2-4-8-16-32-50,V1,,50,E-empate,,,vote,13,for,,0x56781388,,65368,1,,0x791e5df6f2a07d8d75065bd6fe8d39e5ad8273abb3dd50bad65d5c9fb230598d,83
2026-09-23T23-05-23-489Z_n-sweep_1-2-4-8-16-32-50,V1,,50,E-empate,,,vote,14,for,,0x56781388,,65368,1,,0x4a0e1e6f1e4643dd2537d341077527754c81012e2b799ef4a5ec394a0eb407f9,83
2026-09-23T23-05-23-489Z_n-sweep_1-2-4-8-16-32-50,V1,,50,E-empate,,,vote,15,for,,0x56781388,,65368,1,,0x4a6ece8025432664bdfe8a27a449b67115d02935fcbd715a871ae38e86ff49ae,83
2026-09-23T23-05-23-489Z_n-sweep_1-2-4-8-16-32-50,V1,,50,E-empate,,,vote,16,for,,0x56781388,,65368,1,,0x4030fee3300c003605222f4e488b12f049ce2a88cdccecbbb4c4d5033184d1da,83
2026-09-23T23-05-23-489Z_n-sweep_1-2-4-8-16-32-50,V1,,50,E-empate,,,vote,17,for,,0x56781388,,65368,1,,0x65a83d6442880a33d2f68f8d9640872f1c3e76af53ae98e7d0641e28a229827f,83
2026-09-23T23-05-23-489Z_n-sweep_1-2-4-8-16-32-50,V1,,50,E-empate,,,vote,18,for,,0x56781388,,65368,1,,0xcfdb0abf08d0b873fbed506394d2ec96e0fcd8e7d5c89a140ae5c0f6ceb140f6,83
2026-09-23T23-05-23-489Z_n-sweep_1-2-4-8-16-32-50,V1,,50,E-empate,,,vote,19,for,,0x56781388,,65368,1,,0xc0c3550e3a9010b639fc70fcd022a7a92033b0f8b43dd31c59996a06d58a0a45,83
2026-09-23T23-05-23-489Z_n-sweep_1-2-4-8-16-32-50,V1,,50,E-empate,,,vote,20,for,,0x56781388,,65368,1,,0xe70d4ccf1759b002ab77dafaa9867c8d30f310bd36696647473b6b0edd4dd79f,83
2026-09-23T23-05-23-489Z_n-sweep_1-2-4-8-16-32-50,V1,,50,E-empate,,,vote,21,for,,0x56781388,,65368,1,,0x81d4e25958e9ea333681ab1f260a08b0cac2583c67ef72d3a5daa57daf89cafe,83
2026-09-23T23-05-23-489Z_n-sweep_1-2-4-8-16-32-50,V1,,50,E-empate,,,vote,22,for,,0x56781388,,65368,1,,0xe36df70f3af900641b0ee1ded775b980d9ef3e2eef32c81ee3189b05de23468c,83
2026-09-23T23-05-23-489Z_n-sweep_1-2-4-8-16-32-50,V1,,50,E-empate,,,vote,23,for,,0x56781388,,65368,1,,0xfe335031e2534d4435e77b6f733deb16426bc6635aa1f3f2e5a7f025a30eed4b,83
2026-09-23T23-05-23-489Z_n-sweep_1-2-4-8-16-32-50,V1,,50,E-empate,,,vote,24,for,,0x56781388,,65368,1,,0x0fd2fa0dd6260b784db3c071491f943fa0521a64001302b1ecb3488c974d5844,83
2026-09-23T23-05-23-489Z_n-sweep_1-2-4-8-16-32-50,V1,,50,E-empate,,,vote,25,for,,0x56781388,,65368,1,,0xeaeae44b49784e489fdee9fe4eed780d13db745a4cadcc44dfa613663878661d,83
2026-09-23T23-05-23-489Z_n-sweep_1-2-4-8-16-32-50,V1,,50,E-empate,,,vote,1,against,,0x56781388,,82416,1,,0x486c8b6615316c3c78cfab5dd731692ed15a47e6ca51c232e165c412d2f269c4,83
2026-09-23T23-05-23-489Z_n-sweep_1-2-4-8-16-32-50,V1,,50,E-empate,,,vote,2,against,,0x56781388,,65316,1,,0xa2f5cda121332c82634310dafd609166356fd5cbd231d3d093866bb3150de513,83
2026-09-23T23-05-23-489Z_n-sweep_1-2-4-8-16-32-50,V1,,50,E-empate,,,vote,3,against,,0x56781388,,65316,1,,0x7a059ad57bd2f0f81e552b1e727a5656897ec2d130003757d979d7f2928cd21e,83
2026-09-23T23-05-23-489Z_n-sweep_1-2-4-8-16-32-50,V1,,50,E-empate,,,vote,4,against,,0x56781388,,65316,1,,0x0b05a694d6e5728779dc504e8e1ea1fe39326251c1f8b6bf821335037ac03d2c,83
2026-09-23T23-05-23-489Z_n-sweep_1-2-4-8-16-32-50,V1,,50,E-empate,,,vote,5,against,,0x56781388,,65316,1,,0x4a9f35df10cd2e747ee6e3d7afdfbc4fd3a543284b84c54eae8e4ab44d5ff5f7,83
2026-09-23T23-05-23-489Z_n-sweep_1-2-4-8-16-32-50,V1,,50,E-empate,,,vote,6,against,,0x56781388,,65316,1,,0x5f4253c6bf1f2a12805b66f55d2eb1a4bae6f1a0e35b27a4cd271b4892f2ff6d,83
2026-09-23T23-05-23-489Z_n-sweep_1-2-4-8-16-32-50,V1,,50,E-empate,,,vote,7,against,,0x56781388,,65316,1,,0x5b026db97297e51c5126d9d3d71952f212572a8bf5db1f046ea7f1ad157c4dae,83
2026-09-23T23-05-23-489Z_n-sweep_1-2-4-8-16-32-50,V1,,50,E-empate,,,vote,8,against,,0x56781388,,65316,1,,0xb54f13f5463a49a88faafb5bbcbd02dad2c61dcef60cd82e87ef9816d59aa8b2,83
2026-09-23T23-05-23-489Z_n-sweep_1-2-4-8-16-32-50,V1,,50,E-empate,,,vote,9,against,,0x56781388,,65316,1,,0x257ac8de4e9e08d3086f8deb9e1dee378111b1cb1579d9994dec0ea4de090ab0,83
2026-09-23T23-05-23-489Z_n-sweep_1-2-4-8-16-32-50,V1,,50,E-empate,,,vote,10,against,,0x56781388,,65316,1,,0xfb98f7ddc5a436973e11a1d5d4b353c06a2db9f5f285414c85bfcd96c3e62e76,83
2026-09-23T23-05-23-489Z_n-sweep_1-2-4-8-16-32-50,V1,,50,E-empate,,,vote,11,against,,0x56781388,,65316,1,,0x4968a578f3418f372f431615adea7756324f4ff86e5cbbfa938fad8d39126045,83
2026-09-23T23-05-23-489Z_n-sweep_1-2-4-8-16-32-50,V1,,50,E-empate,,,vote,12,against,,0x56781388,,65316,1,,0x73068917aa36cb2f93d1454b90cd2b7b9836e5c28d9f78d7b28dfa14726aaa51,83
2026-09-23T23-05-23-489Z_n-sweep_1-2-4-8-16-32-50,V1,,50,E-empate,,,vote,13,against,,0x56781388,,65316,1,,0xa9e0a3e5e2ed2344d7fcee6528a22c1fe9ad41739cf66923e70f90adb3ee7e01,83
2026-09-23T23-05-23-489Z_n-sweep_1-2-4-8-16-32-50,V1,,50,E-empate,,,vote,14,against,,0x56781388,,65316,1,,0x0e996f0d5633d823a4403c955863e22a09d818de723f3960bd6e5b0bd38b4af2,83
2026-09-23T23-05-23-489Z_n-sweep_1-2-4-8-16-32-50,V1,,50,E-empate,,,vote,15,against,,0x56781388,,65316,1,,0x52125f9f751021ab393bd371b1a438654929f0b90b5ee4d1ab7ea2634652f804,83
2026-09-23T23-05-23-489Z_n-sweep_1-2-4-8-16-32-50,V1,,50,E-empate,,,vote,16,against,,0x56781388,,65316,1,,0xdcdae2cbc502ec5b960e30c323daefe5c8d20914c5ef09ccaf0784b825325c00,83
2026-09-23T23-05-23-489Z_n-sweep_1-2-4-8-16-32-50,V1,,50,E-empate,,,vote,17,against,,0x56781388,,65316,1,,0xc65d342c941e9e48c6ea63b03650d5e8a1805f92be80160da86eedf1584d064e,83
2026-09-23T23-05-23-489Z_n-sweep_1-2-4-8-16-32-50,V1,,50,E-empate,,,vote,18,against,,0x56781388,,65316,1,,0xd8c6bf6547c8b29e1d6589140fd08a83f062dfe7fedd85e32688c0203a474521,83
2026-09-23T23-05-23-489Z_n-sweep_1-2-4-8-16-32-50,V1,,50,E-empate,,,vote,19,against,,0x56781388,,65316,1,,0xa45f64e0092869fca69f154901187ece779a00f57b10906715e3b2ba87fed8e3,83
2026-09-23T23-05-23-489Z_n-sweep_1-2-4-8-16-32-50,V1,,50,E-empate,,,vote,20,against,,0x56781388,,65316,1,,0x9cea745149335ea665010094807cfab7278d31b6e40921474f631dab8b37bf4a,83
2026-09-23T23-05-23-489Z_n-sweep_1-2-4-8-16-32-50,V1,,50,E-empate,,,vote,21,against,,0x56781388,,65316,1,,0xd8d92a25bf56cd1b02c0308a599d939dabb0e9278d204f15e08b49e5184b2486,83
2026-09-23T23-05-23-489Z_n-sweep_1-2-4-8-16-32-50,V1,,50,E-empate,,,vote,22,against,,0x56781388,,65316,1,,0x0885732cf773f3b22979ba25ac3e906c3fa7e851baa7a96b073482cd70eeed1b,83
2026-09-23T23-05-23-489Z_n-sweep_1-2-4-8-16-32-50,V1,,50,E-empate,,,vote,23,against,,0x56781388,,65316,1,,0xd5c6d001a24fa8a381a4d3e0e31e35e8696e374531e6369861be6a390f39b0ac,83
2026-09-23T23-05-23-489Z_n-sweep_1-2-4-8-16-32-50,V1,,50,E-empate,,,vote,24,against,,0x56781388,,65316,1,,0xaccd7e975279741ccc390a9410e4a00d5bf19a828c98763e724ebc964cdc4ae6,83
2026-09-23T23-05-23-489Z_n-sweep_1-2-4-8-16-32-50,V1,,50,E-empate,,,vote,25,against,,0x56781388,,65316,1,,0x70dba6b24cd27bb708de41d7accd82255264c718641aa89dbc657e48e38acd78,83
2026-09-23T23-05-23-489Z_n-sweep_1-2-4-8-16-32-50,V1,,50,E-empate,,,execute_attempt,,,execute,0x2656227d,WasteCategoryRegistry.updateCredits,40382,0,"VM Exception while processing transaction: reverted with custom error 'GovernorUnexpectedProposalState(110879804754278014030490366608842561184996339269546418377755816445540446279535, 3, '0x0000000000000000000000000000000000000000000000000000000000000030')'",0xf2f93660b92bc63bed313109a20a50f263bfadbcedb00de3c255d41fcaeb0dbd,83
2026-09-23T23-05-23-489Z_n-sweep_1-2-4-8-16-32-50,V2,T1,,,,,deploy_token_T1,,,constructor,0x61016060,,1621017,1,,0xece28f063ba256e8fc65152daf61fe745a7823e8ba387b1b661409f18f6dc4cc,84
2026-09-23T23-05-23-489Z_n-sweep_1-2-4-8-16-32-50,V2,,,,,,deploy_registry,,,constructor,0x60806040,,4590964,1,,0x9005486642112873086c0faf3a06ce7199e3377186a80eb6eea4235f5e1c6f56,84
2026-09-23T23-05-23-489Z_n-sweep_1-2-4-8-16-32-50,V2,,,,,,deploy_governor_V2,,,constructor,0x6101e080,,2178840,1,,0xa32c9f3d540c0ae9eee563ea02a53e3c1648afde51e09209202bc2912d9a8532,84
2026-09-23T23-05-23-489Z_n-sweep_1-2-4-8-16-32-50,V2,,,,,,grant_admin_role,,,grantRole,0x2f2ff15d,,50799,1,,0x0482dd737ad13e5cf9f342f77b7f4c8d4a60575e6613b501a7a433855227e65d,84
2026-09-23T23-05-23-489Z_n-sweep_1-2-4-8-16-32-50,V2,,,,,,revoke_deployer_admin_role,,,revokeRole,0xd547741f,,27116,1,,0xbf6c6756b6e885a31717a4b56f3c4fc35da4780ca84e075711ea97189f58ea3d,84
2026-09-23T23-05-23-489Z_n-sweep_1-2-4-8-16-32-50,V2,,50,E-empate,,,delegate_admin,,,,0x5c19a95c,,95559,1,,0xe4ed125ff7fcf34a784094393e69d7b32184f90f45a88cf0e398ac5fe2329d50,84
2026-09-23T23-05-23-489Z_n-sweep_1-2-4-8-16-32-50,V2,,50,E-empate,,,delegate,,,,0x5c19a95c,,48347,1,,0x8e5cf2e817455991c3f88244f29b95e3c5703efb253d16587c3e019ace8ed4aa,84
2026-09-23T23-05-23-489Z_n-sweep_1-2-4-8-16-32-50,V2,,50,E-empate,,,delegate,,,,0x5c19a95c,,48335,1,,0x3a4d0b938991cc6665fddf48aab742d27a2480134e4cb1cf5b844b9724575405,84
2026-09-23T23-05-23-489Z_n-sweep_1-2-4-8-16-32-50,V2,,50,E-empate,,,delegate,,,,0x5c19a95c,,48347,1,,0x8df16e2387da0d9fa03469e487a72815c7ad0f22d2e3631bfcd3e8532e84566f,84
2026-09-23T23-05-23-489Z_n-sweep_1-2-4-8-16-32-50,V2,,50,E-empate,,,delegate,,,,0x5c19a95c,,48347,1,,0x95612e3ccf4e98f664cb62c90a18fd3142e8f5668db18fb82a400652a6b96b06,84
2026-09-23T23-05-23-489Z_n-sweep_1-2-4-8-16-32-50,V2,,50,E-empate,,,delegate,,,,0x5c19a95c,,48347,1,,0x8cfbd9c8afd095297879c4ea5a6d41c276c3b770abd2f751b06ec63384df15d6,84
2026-09-23T23-05-23-489Z_n-sweep_1-2-4-8-16-32-50,V2,,50,E-empate,,,delegate,,,,0x5c19a95c,,48347,1,,0x96ff47bd12ed3260165a9b3c82bacf4a9f1cfd47a5f8548491ee35c1066f2e38,84
2026-09-23T23-05-23-489Z_n-sweep_1-2-4-8-16-32-50,V2,,50,E-empate,,,delegate,,,,0x5c19a95c,,48347,1,,0x3c7464a5135ef0630048da3b891f6f95d941c4b44dfb27d1230d6c7015af52d6,84
2026-09-23T23-05-23-489Z_n-sweep_1-2-4-8-16-32-50,V2,,50,E-empate,,,delegate,,,,0x5c19a95c,,48347,1,,0xcef7f0dbdf22e7ddd7612e11e8e4d04d07ff7ed50742fa593a04379c3fb4c79a,84
2026-09-23T23-05-23-489Z_n-sweep_1-2-4-8-16-32-50,V2,,50,E-empate,,,delegate,,,,0x5c19a95c,,48347,1,,0x2a05bf2175c5ddc1c903f568e1aef2d66314124f75bcf8379ba8adf2782fee08,84
2026-09-23T23-05-23-489Z_n-sweep_1-2-4-8-16-32-50,V2,,50,E-empate,,,delegate,,,,0x5c19a95c,,48335,1,,0xed076a3bb603efd5d8a71a2cc98ed4047b12d152a544a7d1d7a341433c9a4602,84
2026-09-23T23-05-23-489Z_n-sweep_1-2-4-8-16-32-50,V2,,50,E-empate,,,delegate,,,,0x5c19a95c,,48347,1,,0x10be283a8ec30b680dc3aca50b759e0cf9c8afc082d9e83402cea754eca72a1f,84
2026-09-23T23-05-23-489Z_n-sweep_1-2-4-8-16-32-50,V2,,50,E-empate,,,delegate,,,,0x5c19a95c,,48347,1,,0x2a30f5270f05f3f17e6177f9b77f58b934718ec7c2e872415fd5bb3af3d1a729,84
2026-09-23T23-05-23-489Z_n-sweep_1-2-4-8-16-32-50,V2,,50,E-empate,,,delegate,,,,0x5c19a95c,,48347,1,,0x8627a7ad29f66cec2d29399f287974e7802b96ce1c1094b9f03f71ebb4aee554,84
2026-09-23T23-05-23-489Z_n-sweep_1-2-4-8-16-32-50,V2,,50,E-empate,,,delegate,,,,0x5c19a95c,,48347,1,,0x09935171751aaaad6b28f8c0a6e1389d805ea4048b73d32206a0f9fb56fe6526,84
2026-09-23T23-05-23-489Z_n-sweep_1-2-4-8-16-32-50,V2,,50,E-empate,,,delegate,,,,0x5c19a95c,,48347,1,,0xcc0bb7cbd2d0f3f8fa2b739bbaa5db203755fbd70b3eefc00d112f1bb589ceaf,84
2026-09-23T23-05-23-489Z_n-sweep_1-2-4-8-16-32-50,V2,,50,E-empate,,,delegate,,,,0x5c19a95c,,48347,1,,0xc76339288f99a2e44a4485a1794ebb0cad6215adbb061dde8b472b5783d68437,84
2026-09-23T23-05-23-489Z_n-sweep_1-2-4-8-16-32-50,V2,,50,E-empate,,,delegate,,,,0x5c19a95c,,48347,1,,0x4eff498246ceed5814c564e65aad18449d9d8819517ba51d588d9cfdae3d4d2a,84
2026-09-23T23-05-23-489Z_n-sweep_1-2-4-8-16-32-50,V2,,50,E-empate,,,delegate,,,,0x5c19a95c,,48347,1,,0xa6ae49a326f302b9e71391f9415c0d930458ea03039ee9086f5687369d739f43,84
2026-09-23T23-05-23-489Z_n-sweep_1-2-4-8-16-32-50,V2,,50,E-empate,,,delegate,,,,0x5c19a95c,,48347,1,,0xf13688c59dca87eeaaf2b3d3ae625f01224e2d5b4954af7ddb9eacd7e8fca21e,84
2026-09-23T23-05-23-489Z_n-sweep_1-2-4-8-16-32-50,V2,,50,E-empate,,,delegate,,,,0x5c19a95c,,48347,1,,0xed760b7612d9a02f7ab38dcca54d7d989dd819b4bb98906db1dbcca059ac084f,84
2026-09-23T23-05-23-489Z_n-sweep_1-2-4-8-16-32-50,V2,,50,E-empate,,,delegate,,,,0x5c19a95c,,48347,1,,0x408a7ccbb0d6637960a2093204a5084a7c3370084f7061b277e04d5d1523ae58,84
2026-09-23T23-05-23-489Z_n-sweep_1-2-4-8-16-32-50,V2,,50,E-empate,,,delegate,,,,0x5c19a95c,,48347,1,,0x3152e0d13e4c1339d74b6b187ca12500a969817e0120fc16874758b89451705c,84
2026-09-23T23-05-23-489Z_n-sweep_1-2-4-8-16-32-50,V2,,50,E-empate,,,delegate,,,,0x5c19a95c,,48347,1,,0xa643950d224ced9bbf99ea95cbb9cecb86c028ad6a357741d9eed43fd1418124,84
2026-09-23T23-05-23-489Z_n-sweep_1-2-4-8-16-32-50,V2,,50,E-empate,,,delegate,,,,0x5c19a95c,,48347,1,,0x055e399c3cbfa6644dce91a7f3b36ea2bc185d80c647c0f1d04321e14c4b1361,84
2026-09-23T23-05-23-489Z_n-sweep_1-2-4-8-16-32-50,V2,,50,E-empate,,,delegate,,,,0x5c19a95c,,48335,1,,0xdbafa2287cf62155690c72d09b21b76ada56306bf24799e90a6ebd1fd470abc6,84
2026-09-23T23-05-23-489Z_n-sweep_1-2-4-8-16-32-50,V2,,50,E-empate,,,delegate,,,,0x5c19a95c,,48347,1,,0x5f3e39c0a04665565fe3ba089f22454588d4f688c9a7aef067e7ad9e116a759a,84
2026-09-23T23-05-23-489Z_n-sweep_1-2-4-8-16-32-50,V2,,50,E-empate,,,delegate,,,,0x5c19a95c,,48347,1,,0x7f968e30943d915d45decb0caea3281b5a4ce30a34416fbe354786d67369fd83,84
2026-09-23T23-05-23-489Z_n-sweep_1-2-4-8-16-32-50,V2,,50,E-empate,,,delegate,,,,0x5c19a95c,,48347,1,,0xacced85e76fc346ac6aeec9a7ad6b61324fa6705450ea8d9c6b571e609652ec6,84
2026-09-23T23-05-23-489Z_n-sweep_1-2-4-8-16-32-50,V2,,50,E-empate,,,delegate,,,,0x5c19a95c,,48347,1,,0xc354d6d794f1199566d0378cd1a05e9a5ef44036fa08971363ffdb3f0a83ac1f,84
2026-09-23T23-05-23-489Z_n-sweep_1-2-4-8-16-32-50,V2,,50,E-empate,,,delegate,,,,0x5c19a95c,,48347,1,,0x41430b21e85fff00baa6651f5e9419f14411e203e9c65cf045d70399e1f94f10,84
2026-09-23T23-05-23-489Z_n-sweep_1-2-4-8-16-32-50,V2,,50,E-empate,,,delegate,,,,0x5c19a95c,,48347,1,,0x0bedefd31dfd1911f1b821af9af59b2add8145ffa98e5dbae489249c34ba12b9,84
2026-09-23T23-05-23-489Z_n-sweep_1-2-4-8-16-32-50,V2,,50,E-empate,,,delegate,,,,0x5c19a95c,,48347,1,,0x56ad8c486cf180aa0b39b839e9aa8457bb432ce913afb5054ca9bcce3effbb92,84
2026-09-23T23-05-23-489Z_n-sweep_1-2-4-8-16-32-50,V2,,50,E-empate,,,delegate,,,,0x5c19a95c,,48347,1,,0x889ffacd513472f47703d03e4eb91f2565e857d0c007bd0d90101601ecbd4461,84
2026-09-23T23-05-23-489Z_n-sweep_1-2-4-8-16-32-50,V2,,50,E-empate,,,delegate,,,,0x5c19a95c,,48347,1,,0x300cffcbe8eda0567de301008cf1f50514fdf7ef82e382d9507bbf31fffcabc4,84
2026-09-23T23-05-23-489Z_n-sweep_1-2-4-8-16-32-50,V2,,50,E-empate,,,delegate,,,,0x5c19a95c,,48347,1,,0xb26cc341ef34517b33cf6cd048c8a54704753c40e4e38bdf9dc80c483ec06148,84
2026-09-23T23-05-23-489Z_n-sweep_1-2-4-8-16-32-50,V2,,50,E-empate,,,delegate,,,,0x5c19a95c,,48347,1,,0x58d7882e8df8d9a84dda04828e62e55811e2fc55bbdf72e420a219528a50c760,84
2026-09-23T23-05-23-489Z_n-sweep_1-2-4-8-16-32-50,V2,,50,E-empate,,,delegate,,,,0x5c19a95c,,48347,1,,0xa165579965f85981a3065c1e2b2a0995c5caac5df658402f7efd8b0d0b1c2bce,84
2026-09-23T23-05-23-489Z_n-sweep_1-2-4-8-16-32-50,V2,,50,E-empate,,,delegate,,,,0x5c19a95c,,48347,1,,0xf0592e48b13df8d29c4f13d4da023052f542ca40ddd14d6babaf7ef698f07dbb,84
2026-09-23T23-05-23-489Z_n-sweep_1-2-4-8-16-32-50,V2,,50,E-empate,,,delegate,,,,0x5c19a95c,,48347,1,,0x03d0dbabc01e5d0af5eca4495d4c548d2c41bb5b473d7d98c49d5385061260b8,84
2026-09-23T23-05-23-489Z_n-sweep_1-2-4-8-16-32-50,V2,,50,E-empate,,,delegate,,,,0x5c19a95c,,48347,1,,0x9c249c81d873ecf8e9768db83eb14821c2c218d032b11cd7fe5d12088d668fda,84
2026-09-23T23-05-23-489Z_n-sweep_1-2-4-8-16-32-50,V2,,50,E-empate,,,delegate,,,,0x5c19a95c,,48347,1,,0xcd63dbf8f1f09a2f6a5ff14decca32fb72ad0f1cae7e574b2fc586f13d025bb2,84
2026-09-23T23-05-23-489Z_n-sweep_1-2-4-8-16-32-50,V2,,50,E-empate,,,delegate,,,,0x5c19a95c,,48347,1,,0x046e21685e512200b52e31db93043af7459b5a989dc0808269126d53721ac8f8,84
2026-09-23T23-05-23-489Z_n-sweep_1-2-4-8-16-32-50,V2,,50,E-empate,,,delegate,,,,0x5c19a95c,,48347,1,,0x335f1c45ad548204528f7cadd4671e561c20c9c4fe29b91189feade09701c5a9,84
2026-09-23T23-05-23-489Z_n-sweep_1-2-4-8-16-32-50,V2,,50,E-empate,,,delegate,,,,0x5c19a95c,,48347,1,,0x9f8ade3454be88805b03b02375f2774d72e2d3169cc94a4166c39604e063955f,84
2026-09-23T23-05-23-489Z_n-sweep_1-2-4-8-16-32-50,V2,,50,E-empate,,,delegate,,,,0x5c19a95c,,48347,1,,0xbc2920c9ad77b324c8f64daabfc2a1431c80f30edb3c65e0a07700b98891b56c,84
2026-09-23T23-05-23-489Z_n-sweep_1-2-4-8-16-32-50,V2,,50,E-empate,,,delegate,,,,0x5c19a95c,,48347,1,,0x1ff3b9a6966187a5cd8d575d153f2487b31b83e6d2c103a885d102e6de760040,84
2026-09-23T23-05-23-489Z_n-sweep_1-2-4-8-16-32-50,V2,,50,E-empate,,,delegate,,,,0x5c19a95c,,48347,1,,0x3007abbd2ca5d8a8c5f340a2614ce189759242bb494aab56e592970fe25a61c4,84
2026-09-23T23-05-23-489Z_n-sweep_1-2-4-8-16-32-50,V2,,50,E-empate,,,delegate,,,,0x5c19a95c,,48335,1,,0x1ef3932edbce7e10293b79c0f2bdd68ba9963feeb60783550b8048fadd7093b1,84
2026-09-23T23-05-23-489Z_n-sweep_1-2-4-8-16-32-50,V2,,50,E-empate,,,delegate,,,,0x5c19a95c,,48347,1,,0xc1ed614da0f39e829d43e2c73649b3d798068befc640a8a27a6dfe3b86205651,84
2026-09-23T23-05-23-489Z_n-sweep_1-2-4-8-16-32-50,V2,,50,E-empate,,,delegate,,,,0x5c19a95c,,48347,1,,0x644c69711f4cf1c5519b2b689791a02de2c659aa2334fad7b76f3e0b8ddc92c8,84
2026-09-23T23-05-23-489Z_n-sweep_1-2-4-8-16-32-50,V2,,50,E-empate,,,transfer,,,,0xa9059cbb,,135960,1,,0x988aab2b52dd044a179325bd4967d9ae7237c72920f39685c1b68a865d8bc061,84
2026-09-23T23-05-23-489Z_n-sweep_1-2-4-8-16-32-50,V2,,50,E-empate,,,transfer,,,,0xa9059cbb,,135948,1,,0x1740ec9063dfd663705ab00d6d861409d180c9ad70adc6d28480537016214f76,84
2026-09-23T23-05-23-489Z_n-sweep_1-2-4-8-16-32-50,V2,,50,E-empate,,,transfer,,,,0xa9059cbb,,135960,1,,0xf56fcef6e6bf4bee12e48c2b9df7dbc660058df2a1fb870619e66bc918f52484,84
2026-09-23T23-05-23-489Z_n-sweep_1-2-4-8-16-32-50,V2,,50,E-empate,,,transfer,,,,0xa9059cbb,,135960,1,,0x233ed19ebf1226e5fc37f5fd473c8962d4660a56079a5d6c60cad7337c5b7af9,84
2026-09-23T23-05-23-489Z_n-sweep_1-2-4-8-16-32-50,V2,,50,E-empate,,,transfer,,,,0xa9059cbb,,135960,1,,0xcc782b233f1590adef175cd9036af19be976f253c0218163c06331281c553efe,84
2026-09-23T23-05-23-489Z_n-sweep_1-2-4-8-16-32-50,V2,,50,E-empate,,,transfer,,,,0xa9059cbb,,135960,1,,0xbea6e584f326824c66cd6b2c4015b7b890bfe3cd9eab172363c69ca2e07fc6c2,84
2026-09-23T23-05-23-489Z_n-sweep_1-2-4-8-16-32-50,V2,,50,E-empate,,,transfer,,,,0xa9059cbb,,135960,1,,0x465ed0f194e88c72adeb55b13c9b38160cb85e4cc722e7a5af85df8387d76996,84
2026-09-23T23-05-23-489Z_n-sweep_1-2-4-8-16-32-50,V2,,50,E-empate,,,transfer,,,,0xa9059cbb,,135960,1,,0xd1689b874f589c86d72d375fae0451c938fd231cd4095f970e1dd1b81f8676b7,84
2026-09-23T23-05-23-489Z_n-sweep_1-2-4-8-16-32-50,V2,,50,E-empate,,,transfer,,,,0xa9059cbb,,135960,1,,0xcf893e779208ade49ba3073a23cde3543874fa081e203c8b7d248491c6588cd6,84
2026-09-23T23-05-23-489Z_n-sweep_1-2-4-8-16-32-50,V2,,50,E-empate,,,transfer,,,,0xa9059cbb,,135948,1,,0x55f9f4c5cbe216e8c28f62779d8fa7e3844908ecfb57361604a2d8e371d49fca,84
2026-09-23T23-05-23-489Z_n-sweep_1-2-4-8-16-32-50,V2,,50,E-empate,,,transfer,,,,0xa9059cbb,,135960,1,,0x8dbb2d08f54ac53f17e18a86d078179bdcf4aecc630828e698d239a5cb1f6f8e,84
2026-09-23T23-05-23-489Z_n-sweep_1-2-4-8-16-32-50,V2,,50,E-empate,,,transfer,,,,0xa9059cbb,,135960,1,,0xed649c0db846b2bff19da4f11088b84071c73ddd4ce7d3749ae53eea75ac41db,84
2026-09-23T23-05-23-489Z_n-sweep_1-2-4-8-16-32-50,V2,,50,E-empate,,,transfer,,,,0xa9059cbb,,135960,1,,0xdf2cf31e73eb13bd09dd1afb5bb13ebc7ce5e2763b7e9b9cf73e62e8ef5d4e22,84
2026-09-23T23-05-23-489Z_n-sweep_1-2-4-8-16-32-50,V2,,50,E-empate,,,transfer,,,,0xa9059cbb,,135960,1,,0x3c1627a4e1cac6bb0416fd3e398372366c09d1a68ecfeb6747b79ec38aedf91c,84
2026-09-23T23-05-23-489Z_n-sweep_1-2-4-8-16-32-50,V2,,50,E-empate,,,transfer,,,,0xa9059cbb,,135960,1,,0xc56ae9e1eaa29c1b61ad02ffd529d88ca71dc67f8df801cf2e6338e0c93601c0,84
2026-09-23T23-05-23-489Z_n-sweep_1-2-4-8-16-32-50,V2,,50,E-empate,,,transfer,,,,0xa9059cbb,,135960,1,,0x0d0753aecd5c03f9a033b2f46b7f5cd0425998608ec65fe4e251758640f116cc,84
2026-09-23T23-05-23-489Z_n-sweep_1-2-4-8-16-32-50,V2,,50,E-empate,,,transfer,,,,0xa9059cbb,,135960,1,,0xefbd39c3f9ebfa93ac80f360ffd8980bec4b7e10908c53b00b1e61e174e14477,84
2026-09-23T23-05-23-489Z_n-sweep_1-2-4-8-16-32-50,V2,,50,E-empate,,,transfer,,,,0xa9059cbb,,135960,1,,0x3a2f642f292c833077cfed053ba476469661e3d952ab0f9708e81024e8a131f0,84
2026-09-23T23-05-23-489Z_n-sweep_1-2-4-8-16-32-50,V2,,50,E-empate,,,transfer,,,,0xa9059cbb,,135960,1,,0x92f057c6ea61052e657e17ca72c92f5b41686fa9098dc43c6670fd435baeb520,84
2026-09-23T23-05-23-489Z_n-sweep_1-2-4-8-16-32-50,V2,,50,E-empate,,,transfer,,,,0xa9059cbb,,135960,1,,0x401daf28f880e62370c01be106e283ab587a6a396d0ac9a4c1790b877d11cee7,84
2026-09-23T23-05-23-489Z_n-sweep_1-2-4-8-16-32-50,V2,,50,E-empate,,,transfer,,,,0xa9059cbb,,135960,1,,0x9fcb64d9dee02b77c33a03d55d294baa22cebf6f3fc60761a8ce82a27b27c4ac,84
2026-09-23T23-05-23-489Z_n-sweep_1-2-4-8-16-32-50,V2,,50,E-empate,,,transfer,,,,0xa9059cbb,,135960,1,,0xb12735ad54fd91cf7224ef0aead270b7e5bf6415a1835ea5a76292fff1415cfb,84
2026-09-23T23-05-23-489Z_n-sweep_1-2-4-8-16-32-50,V2,,50,E-empate,,,transfer,,,,0xa9059cbb,,135960,1,,0xfe37646fb15fa8302c991c97cf1f7c1a4a0f2b6acd720ebca26aca50888cda23,84
2026-09-23T23-05-23-489Z_n-sweep_1-2-4-8-16-32-50,V2,,50,E-empate,,,transfer,,,,0xa9059cbb,,135960,1,,0xd60240538b26e59a2163ed3a22c43b9ab1484704bd0b0f3cdefabb88cb5b257e,84
2026-09-23T23-05-23-489Z_n-sweep_1-2-4-8-16-32-50,V2,,50,E-empate,,,transfer,,,,0xa9059cbb,,135948,1,,0xb22c513b7fe482f54292a9bfeef77c21aacef9c17483d515bdfda6c1cf1f42bb,84
2026-09-23T23-05-23-489Z_n-sweep_1-2-4-8-16-32-50,V2,,50,E-empate,,,transfer,,,,0xa9059cbb,,135960,1,,0x88644017f1f3ae21daa385d29aee8d731cf7ba0c9b61e24399db19697919acb2,84
2026-09-23T23-05-23-489Z_n-sweep_1-2-4-8-16-32-50,V2,,50,E-empate,,,transfer,,,,0xa9059cbb,,135960,1,,0xad4486b295fc1a15477c5d8ebe8706f1ed097c809410e10005b1685953c2a2bb,84
2026-09-23T23-05-23-489Z_n-sweep_1-2-4-8-16-32-50,V2,,50,E-empate,,,transfer,,,,0xa9059cbb,,135960,1,,0xc857927978b7fca420d8dfdcf1a08458352c71bd35216ca7bdaabdcf6a420eab,84
2026-09-23T23-05-23-489Z_n-sweep_1-2-4-8-16-32-50,V2,,50,E-empate,,,transfer,,,,0xa9059cbb,,135960,1,,0x19da029d75fd0d87dc7a4f9beb9559a212c97f4650b20bec708183e96523aaba,84
2026-09-23T23-05-23-489Z_n-sweep_1-2-4-8-16-32-50,V2,,50,E-empate,,,transfer,,,,0xa9059cbb,,135960,1,,0xe39ed1dd6a0f306a57d3c39746352501a07bde119ca084d195183aa8257d544c,84
2026-09-23T23-05-23-489Z_n-sweep_1-2-4-8-16-32-50,V2,,50,E-empate,,,transfer,,,,0xa9059cbb,,135960,1,,0x686f042e46d0bb971f2dc7311a4b70e71aa32e852ea51402ab89ee3a2117a475,84
2026-09-23T23-05-23-489Z_n-sweep_1-2-4-8-16-32-50,V2,,50,E-empate,,,transfer,,,,0xa9059cbb,,135960,1,,0xf9e0d46378d7c47514f285080aa1c0ba30ccb144fd11142fd8a0965281717e14,84
2026-09-23T23-05-23-489Z_n-sweep_1-2-4-8-16-32-50,V2,,50,E-empate,,,transfer,,,,0xa9059cbb,,135960,1,,0x403d5ee904eb62cf03710c0775795d94da962bdd3fc2a81d2c0ef4752ac1fe71,84
2026-09-23T23-05-23-489Z_n-sweep_1-2-4-8-16-32-50,V2,,50,E-empate,,,transfer,,,,0xa9059cbb,,135960,1,,0xfdde6c45dcc56940d6e78753c17a5c3fb5be608e7dbf8994340a63db872a194f,84
2026-09-23T23-05-23-489Z_n-sweep_1-2-4-8-16-32-50,V2,,50,E-empate,,,transfer,,,,0xa9059cbb,,135960,1,,0x0ab3489848781558a75a336d69aeae715379240b5a6bd11ad38ea8bd2a829107,84
2026-09-23T23-05-23-489Z_n-sweep_1-2-4-8-16-32-50,V2,,50,E-empate,,,transfer,,,,0xa9059cbb,,135960,1,,0x1682e6d0d561bf9f64b682c350f3b78d5c3a2bd231295f8d74b4c92182f6cc07,84
2026-09-23T23-05-23-489Z_n-sweep_1-2-4-8-16-32-50,V2,,50,E-empate,,,transfer,,,,0xa9059cbb,,135960,1,,0x5b82226f4b3968c0c11ff4245b77ddb5c737ac3d9384e7f0f5dacf91ae505b7c,84
2026-09-23T23-05-23-489Z_n-sweep_1-2-4-8-16-32-50,V2,,50,E-empate,,,transfer,,,,0xa9059cbb,,135960,1,,0x6b5817c5a2f3233a1f4755f91eec5b61a72e50556aeb151d1df361f8dcacafea,84
2026-09-23T23-05-23-489Z_n-sweep_1-2-4-8-16-32-50,V2,,50,E-empate,,,transfer,,,,0xa9059cbb,,135960,1,,0x00442dfd61843442f2f62e78bcf59b803dd8498b1bad260878d59e06f48aaf95,84
2026-09-23T23-05-23-489Z_n-sweep_1-2-4-8-16-32-50,V2,,50,E-empate,,,transfer,,,,0xa9059cbb,,135960,1,,0xf5d2b3eeffb65a663d93b8d3c809b6e5121b8784e868e51af3bdba2deee35a8b,84
2026-09-23T23-05-23-489Z_n-sweep_1-2-4-8-16-32-50,V2,,50,E-empate,,,transfer,,,,0xa9059cbb,,135960,1,,0xf3df28ed5d40b48f8919791b5b9ed50c0de598885569cd4cda2c88678140358b,84
2026-09-23T23-05-23-489Z_n-sweep_1-2-4-8-16-32-50,V2,,50,E-empate,,,transfer,,,,0xa9059cbb,,135960,1,,0xae8265c953b3c6c844fd5e7f9c7464dcd5160d081bd3f12119dae553d5383d46,84
2026-09-23T23-05-23-489Z_n-sweep_1-2-4-8-16-32-50,V2,,50,E-empate,,,transfer,,,,0xa9059cbb,,135960,1,,0x2bedec0ecd73ac805d76d0b0f124d689002219a8553658ae536e50df35c6d9db,84
2026-09-23T23-05-23-489Z_n-sweep_1-2-4-8-16-32-50,V2,,50,E-empate,,,transfer,,,,0xa9059cbb,,135960,1,,0x7911352af92914fc012e9271fef77802aaf80cb03b085ac5b36a82617ef3d87f,84
2026-09-23T23-05-23-489Z_n-sweep_1-2-4-8-16-32-50,V2,,50,E-empate,,,transfer,,,,0xa9059cbb,,135960,1,,0x527083c9aa09a186a9dfde1d6e11e56a88c23af4ff1df829641f565d467e9eb3,84
2026-09-23T23-05-23-489Z_n-sweep_1-2-4-8-16-32-50,V2,,50,E-empate,,,transfer,,,,0xa9059cbb,,135960,1,,0x4fcb61575570970b077a3f0175ad61e8f9b670d214f189be9284c9e38d23ea97,84
2026-09-23T23-05-23-489Z_n-sweep_1-2-4-8-16-32-50,V2,,50,E-empate,,,transfer,,,,0xa9059cbb,,135960,1,,0x4e542c0f00edf948e31ae0044ddc651c40f57f37ff7015611a62d6daf389f5c0,84
2026-09-23T23-05-23-489Z_n-sweep_1-2-4-8-16-32-50,V2,,50,E-empate,,,transfer,,,,0xa9059cbb,,135948,1,,0x678ff5ad84e5f134b40dad86f148a340f9fbc604f5ec27a98b7c60856ee1e375,84
2026-09-23T23-05-23-489Z_n-sweep_1-2-4-8-16-32-50,V2,,50,E-empate,,,transfer,,,,0xa9059cbb,,135960,1,,0x8c9fe884dc095bd2cb142ad2f4c3a32815bf358db82984445b1bebe0c495a13f,84
2026-09-23T23-05-23-489Z_n-sweep_1-2-4-8-16-32-50,V2,,50,E-empate,,,transfer,,,,0xa9059cbb,,135960,1,,0xcae168b52d2afa75f1568ef6aadf2694b4b83c844b2cc07cfa891dbd891f714c,84
2026-09-23T23-05-23-489Z_n-sweep_1-2-4-8-16-32-50,V2,,50,E-empate,,,propose,,,propose,0x7d5e81e2,WasteCategoryRegistry.updateCredits,63339,1,,0x000dcf4207aac6850146dc418263f64bc52e811e56e229f852d3b95b57d0811b,84
2026-09-23T23-05-23-489Z_n-sweep_1-2-4-8-16-32-50,V2,,50,E-empate,,,vote,1,for,,0x56781388,,82468,1,,0x39b23a692cfd06caef976cab7187e05abad86e15d92584b799dba4b8f449efa6,84
2026-09-23T23-05-23-489Z_n-sweep_1-2-4-8-16-32-50,V2,,50,E-empate,,,vote,2,for,,0x56781388,,65368,1,,0x2cb030656d5993baade76a988f990739af40940eea2c1929045addbeb06087e8,84
2026-09-23T23-05-23-489Z_n-sweep_1-2-4-8-16-32-50,V2,,50,E-empate,,,vote,3,for,,0x56781388,,65368,1,,0x28f14444562b0d09d732bea45938880bc95c23c1fb6c8a997f11d4683f52ef43,84
2026-09-23T23-05-23-489Z_n-sweep_1-2-4-8-16-32-50,V2,,50,E-empate,,,vote,4,for,,0x56781388,,65368,1,,0x81cea57d62910f539a51dfba65c2e1d929ddd1ad2d2a0d9c4c2cd3aec083872e,84
2026-09-23T23-05-23-489Z_n-sweep_1-2-4-8-16-32-50,V2,,50,E-empate,,,vote,5,for,,0x56781388,,65368,1,,0xc392795d44e01aedea3e2447dcdcd85ca70191a128c070fb96373380708dc369,84
2026-09-23T23-05-23-489Z_n-sweep_1-2-4-8-16-32-50,V2,,50,E-empate,,,vote,6,for,,0x56781388,,65368,1,,0xb866b6fbe110c00a9dbdff142da8bc66186df8bd1947725f6f30a4b39a44e3a3,84
2026-09-23T23-05-23-489Z_n-sweep_1-2-4-8-16-32-50,V2,,50,E-empate,,,vote,7,for,,0x56781388,,65368,1,,0xc78362fd50b5929d09d341909c37d8790c9e193fff06cfa2fcff18060ba2ec1b,84
2026-09-23T23-05-23-489Z_n-sweep_1-2-4-8-16-32-50,V2,,50,E-empate,,,vote,8,for,,0x56781388,,65368,1,,0x801a25791ea02e83e020d59a0e85fe7650bee132873708c2cb663acb579a6d6f,84
2026-09-23T23-05-23-489Z_n-sweep_1-2-4-8-16-32-50,V2,,50,E-empate,,,vote,9,for,,0x56781388,,65368,1,,0x0b90914091e62f7c4ab3b7d931750468a2efaa5809db69b5e451c684ec75453b,84
2026-09-23T23-05-23-489Z_n-sweep_1-2-4-8-16-32-50,V2,,50,E-empate,,,vote,10,for,,0x56781388,,65368,1,,0xcfa4aa672def2b53e2aaaf3ef54a15d5a04b4334437cbdea7d4c0e0868b412b1,84
2026-09-23T23-05-23-489Z_n-sweep_1-2-4-8-16-32-50,V2,,50,E-empate,,,vote,11,for,,0x56781388,,65368,1,,0xc0db99a06c5e33aa530d1bac2aa7015c44eef5cedb90d23888b9da0e6e154dfc,84
2026-09-23T23-05-23-489Z_n-sweep_1-2-4-8-16-32-50,V2,,50,E-empate,,,vote,12,for,,0x56781388,,65368,1,,0x46a9a7657ebe4f838244a609fcac0f957dc86d1c38a73778999f29d1f6554fb2,84
2026-09-23T23-05-23-489Z_n-sweep_1-2-4-8-16-32-50,V2,,50,E-empate,,,vote,13,for,,0x56781388,,65368,1,,0x791e5df6f2a07d8d75065bd6fe8d39e5ad8273abb3dd50bad65d5c9fb230598d,84
2026-09-23T23-05-23-489Z_n-sweep_1-2-4-8-16-32-50,V2,,50,E-empate,,,vote,14,for,,0x56781388,,65368,1,,0x4a0e1e6f1e4643dd2537d341077527754c81012e2b799ef4a5ec394a0eb407f9,84
2026-09-23T23-05-23-489Z_n-sweep_1-2-4-8-16-32-50,V2,,50,E-empate,,,vote,15,for,,0x56781388,,65368,1,,0x4a6ece8025432664bdfe8a27a449b67115d02935fcbd715a871ae38e86ff49ae,84
2026-09-23T23-05-23-489Z_n-sweep_1-2-4-8-16-32-50,V2,,50,E-empate,,,vote,16,for,,0x56781388,,65368,1,,0x4030fee3300c003605222f4e488b12f049ce2a88cdccecbbb4c4d5033184d1da,84
2026-09-23T23-05-23-489Z_n-sweep_1-2-4-8-16-32-50,V2,,50,E-empate,,,vote,17,for,,0x56781388,,65368,1,,0x65a83d6442880a33d2f68f8d9640872f1c3e76af53ae98e7d0641e28a229827f,84
2026-09-23T23-05-23-489Z_n-sweep_1-2-4-8-16-32-50,V2,,50,E-empate,,,vote,18,for,,0x56781388,,65368,1,,0xcfdb0abf08d0b873fbed506394d2ec96e0fcd8e7d5c89a140ae5c0f6ceb140f6,84
2026-09-23T23-05-23-489Z_n-sweep_1-2-4-8-16-32-50,V2,,50,E-empate,,,vote,19,for,,0x56781388,,65368,1,,0xc0c3550e3a9010b639fc70fcd022a7a92033b0f8b43dd31c59996a06d58a0a45,84
2026-09-23T23-05-23-489Z_n-sweep_1-2-4-8-16-32-50,V2,,50,E-empate,,,vote,20,for,,0x56781388,,65368,1,,0xe70d4ccf1759b002ab77dafaa9867c8d30f310bd36696647473b6b0edd4dd79f,84
2026-09-23T23-05-23-489Z_n-sweep_1-2-4-8-16-32-50,V2,,50,E-empate,,,vote,21,for,,0x56781388,,65368,1,,0x81d4e25958e9ea333681ab1f260a08b0cac2583c67ef72d3a5daa57daf89cafe,84
2026-09-23T23-05-23-489Z_n-sweep_1-2-4-8-16-32-50,V2,,50,E-empate,,,vote,22,for,,0x56781388,,65368,1,,0xe36df70f3af900641b0ee1ded775b980d9ef3e2eef32c81ee3189b05de23468c,84
2026-09-23T23-05-23-489Z_n-sweep_1-2-4-8-16-32-50,V2,,50,E-empate,,,vote,23,for,,0x56781388,,65368,1,,0xfe335031e2534d4435e77b6f733deb16426bc6635aa1f3f2e5a7f025a30eed4b,84
2026-09-23T23-05-23-489Z_n-sweep_1-2-4-8-16-32-50,V2,,50,E-empate,,,vote,24,for,,0x56781388,,65368,1,,0x0fd2fa0dd6260b784db3c071491f943fa0521a64001302b1ecb3488c974d5844,84
2026-09-23T23-05-23-489Z_n-sweep_1-2-4-8-16-32-50,V2,,50,E-empate,,,vote,25,for,,0x56781388,,65368,1,,0xeaeae44b49784e489fdee9fe4eed780d13db745a4cadcc44dfa613663878661d,84
2026-09-23T23-05-23-489Z_n-sweep_1-2-4-8-16-32-50,V2,,50,E-empate,,,vote,1,against,,0x56781388,,82416,1,,0x486c8b6615316c3c78cfab5dd731692ed15a47e6ca51c232e165c412d2f269c4,84
2026-09-23T23-05-23-489Z_n-sweep_1-2-4-8-16-32-50,V2,,50,E-empate,,,vote,2,against,,0x56781388,,65316,1,,0xa2f5cda121332c82634310dafd609166356fd5cbd231d3d093866bb3150de513,84
2026-09-23T23-05-23-489Z_n-sweep_1-2-4-8-16-32-50,V2,,50,E-empate,,,vote,3,against,,0x56781388,,65316,1,,0x7a059ad57bd2f0f81e552b1e727a5656897ec2d130003757d979d7f2928cd21e,84
2026-09-23T23-05-23-489Z_n-sweep_1-2-4-8-16-32-50,V2,,50,E-empate,,,vote,4,against,,0x56781388,,65316,1,,0x0b05a694d6e5728779dc504e8e1ea1fe39326251c1f8b6bf821335037ac03d2c,84
2026-09-23T23-05-23-489Z_n-sweep_1-2-4-8-16-32-50,V2,,50,E-empate,,,vote,5,against,,0x56781388,,65316,1,,0x4a9f35df10cd2e747ee6e3d7afdfbc4fd3a543284b84c54eae8e4ab44d5ff5f7,84
2026-09-23T23-05-23-489Z_n-sweep_1-2-4-8-16-32-50,V2,,50,E-empate,,,vote,6,against,,0x56781388,,65316,1,,0x5f4253c6bf1f2a12805b66f55d2eb1a4bae6f1a0e35b27a4cd271b4892f2ff6d,84
2026-09-23T23-05-23-489Z_n-sweep_1-2-4-8-16-32-50,V2,,50,E-empate,,,vote,7,against,,0x56781388,,65316,1,,0x5b026db97297e51c5126d9d3d71952f212572a8bf5db1f046ea7f1ad157c4dae,84
2026-09-23T23-05-23-489Z_n-sweep_1-2-4-8-16-32-50,V2,,50,E-empate,,,vote,8,against,,0x56781388,,65316,1,,0xb54f13f5463a49a88faafb5bbcbd02dad2c61dcef60cd82e87ef9816d59aa8b2,84
2026-09-23T23-05-23-489Z_n-sweep_1-2-4-8-16-32-50,V2,,50,E-empate,,,vote,9,against,,0x56781388,,65316,1,,0x257ac8de4e9e08d3086f8deb9e1dee378111b1cb1579d9994dec0ea4de090ab0,84
2026-09-23T23-05-23-489Z_n-sweep_1-2-4-8-16-32-50,V2,,50,E-empate,,,vote,10,against,,0x56781388,,65316,1,,0xfb98f7ddc5a436973e11a1d5d4b353c06a2db9f5f285414c85bfcd96c3e62e76,84
2026-09-23T23-05-23-489Z_n-sweep_1-2-4-8-16-32-50,V2,,50,E-empate,,,vote,11,against,,0x56781388,,65316,1,,0x4968a578f3418f372f431615adea7756324f4ff86e5cbbfa938fad8d39126045,84
2026-09-23T23-05-23-489Z_n-sweep_1-2-4-8-16-32-50,V2,,50,E-empate,,,vote,12,against,,0x56781388,,65316,1,,0x73068917aa36cb2f93d1454b90cd2b7b9836e5c28d9f78d7b28dfa14726aaa51,84
2026-09-23T23-05-23-489Z_n-sweep_1-2-4-8-16-32-50,V2,,50,E-empate,,,vote,13,against,,0x56781388,,65316,1,,0xa9e0a3e5e2ed2344d7fcee6528a22c1fe9ad41739cf66923e70f90adb3ee7e01,84
2026-09-23T23-05-23-489Z_n-sweep_1-2-4-8-16-32-50,V2,,50,E-empate,,,vote,14,against,,0x56781388,,65316,1,,0x0e996f0d5633d823a4403c955863e22a09d818de723f3960bd6e5b0bd38b4af2,84
2026-09-23T23-05-23-489Z_n-sweep_1-2-4-8-16-32-50,V2,,50,E-empate,,,vote,15,against,,0x56781388,,65316,1,,0x52125f9f751021ab393bd371b1a438654929f0b90b5ee4d1ab7ea2634652f804,84
2026-09-23T23-05-23-489Z_n-sweep_1-2-4-8-16-32-50,V2,,50,E-empate,,,vote,16,against,,0x56781388,,65316,1,,0xdcdae2cbc502ec5b960e30c323daefe5c8d20914c5ef09ccaf0784b825325c00,84
2026-09-23T23-05-23-489Z_n-sweep_1-2-4-8-16-32-50,V2,,50,E-empate,,,vote,17,against,,0x56781388,,65316,1,,0xc65d342c941e9e48c6ea63b03650d5e8a1805f92be80160da86eedf1584d064e,84
2026-09-23T23-05-23-489Z_n-sweep_1-2-4-8-16-32-50,V2,,50,E-empate,,,vote,18,against,,0x56781388,,65316,1,,0xd8c6bf6547c8b29e1d6589140fd08a83f062dfe7fedd85e32688c0203a474521,84
2026-09-23T23-05-23-489Z_n-sweep_1-2-4-8-16-32-50,V2,,50,E-empate,,,vote,19,against,,0x56781388,,65316,1,,0xa45f64e0092869fca69f154901187ece779a00f57b10906715e3b2ba87fed8e3,84
2026-09-23T23-05-23-489Z_n-sweep_1-2-4-8-16-32-50,V2,,50,E-empate,,,vote,20,against,,0x56781388,,65316,1,,0x9cea745149335ea665010094807cfab7278d31b6e40921474f631dab8b37bf4a,84
2026-09-23T23-05-23-489Z_n-sweep_1-2-4-8-16-32-50,V2,,50,E-empate,,,vote,21,against,,0x56781388,,65316,1,,0xd8d92a25bf56cd1b02c0308a599d939dabb0e9278d204f15e08b49e5184b2486,84
2026-09-23T23-05-23-489Z_n-sweep_1-2-4-8-16-32-50,V2,,50,E-empate,,,vote,22,against,,0x56781388,,65316,1,,0x0885732cf773f3b22979ba25ac3e906c3fa7e851baa7a96b073482cd70eeed1b,84
2026-09-23T23-05-23-489Z_n-sweep_1-2-4-8-16-32-50,V2,,50,E-empate,,,vote,23,against,,0x56781388,,65316,1,,0xd5c6d001a24fa8a381a4d3e0e31e35e8696e374531e6369861be6a390f39b0ac,84
2026-09-23T23-05-23-489Z_n-sweep_1-2-4-8-16-32-50,V2,,50,E-empate,,,vote,24,against,,0x56781388,,65316,1,,0xaccd7e975279741ccc390a9410e4a00d5bf19a828c98763e724ebc964cdc4ae6,84
2026-09-23T23-05-23-489Z_n-sweep_1-2-4-8-16-32-50,V2,,50,E-empate,,,vote,25,against,,0x56781388,,65316,1,,0x70dba6b24cd27bb708de41d7accd82255264c718641aa89dbc657e48e38acd78,84
2026-09-23T23-05-23-489Z_n-sweep_1-2-4-8-16-32-50,V2,,50,E-empate,,,execute_attempt,,,execute,0x2656227d,WasteCategoryRegistry.updateCredits,40422,0,"VM Exception while processing transaction: reverted with custom error 'GovernorUnexpectedProposalState(110879804754278014030490366608842561184996339269546418377755816445540446279535, 3, '0x0000000000000000000000000000000000000000000000000000000000000030')'",0xf2f93660b92bc63bed313109a20a50f263bfadbcedb00de3c255d41fcaeb0dbd,84